<gpx xmlns:ns3="http://www.garmin.com/xmlschemas/TrackPointExtension/v1" xmlns="http://www.topografix.com/GPX/1/1" xmlns:xsi="http://www.w3.org/2001/XMLSchema-instance" xmlns:ns2="http://www.garmin.com/xmlschemas/GpxExtensions/v3" creator="Garmin Connect" version="1.1" xsi:schemaLocation="http://www.topografix.com/GPX/1/1 http://www.topografix.com/GPX/11.xsd">
  <extensions>
<distance>5849.05</distance>
<average_hr>130.0</average_hr>
<average_speed>3.193000078201294</average_speed>
<start_time>2026-09-11T23:01:10+00:00</start_time>
<end_time>2026-09-11T23:31:41.813000+00:00</end_time>
<moving_time>1828.989</moving_time>
<elapsed_time>1978.617</elapsed_time>
</extensions>
<metadata>
    <link href="connect.garmin.com">
      <text>Garmin Connect</text>
    </link>
    <time>2026-09-11T23:01:10.000Z</time>
  </metadata>
  <trk>
    <name>昆明市 跑步</name>
    <type>running</type>
    <trkseg>
      <trkpt lat="25.0811334885656833648681640625" lon="102.72545191459357738494873046875">
        <ele>1897.199951171875</ele>
        <time>2026-09-11T23:01:10.000Z</time>
        <extensions>
          <ns3:TrackPointExtension>
            <ns3:hr>75</ns3:hr>
            <ns3:cad>59</ns3:cad>
          </ns3:TrackPointExtension>
        </extensions>
      </trkpt>
      <trkpt lat="25.0816261768341064453125" lon="102.72529182024300098419189453125">
        <ele>1897.199951171875</ele>
        <time>2026-09-11T23:01:11.000Z</time>
        <extensions>
          <ns3:TrackPointExtension>
            <ns3:hr>76</ns3:hr>
            <ns3:cad>59</ns3:cad>
          </ns3:TrackPointExtension>
        </extensions>
      </trkpt>
      <trkpt lat="25.0816176272928714752197265625" lon="102.72528444416821002960205078125">
        <ele>1897.199951171875</ele>
        <time>2026-09-11T23:01:12.000Z</time>
        <extensions>
          <ns3:TrackPointExtension>
            <ns3:hr>78</ns3:hr>
            <ns3:cad>59</ns3:cad>
          </ns3:TrackPointExtension>
        </extensions>
      </trkpt>
      <trkpt lat="25.08160647936165332794189453125" lon="102.72526659071445465087890625">
        <ele>1897</ele>
        <time>2026-09-11T23:01:13.000Z</time>
        <extensions>
          <ns3:TrackPointExtension>
            <ns3:hr>79</ns3:hr>
            <ns3:cad>59</ns3:cad>
          </ns3:TrackPointExtension>
        </extensions>
      </trkpt>
      <trkpt lat="25.08159407414495944976806640625" lon="102.7252955920994281768798828125">
        <ele>1897</ele>
        <time>2026-09-11T23:01:14.000Z</time>
        <extensions>
          <ns3:TrackPointExtension>
            <ns3:hr>81</ns3:hr>
            <ns3:cad>59</ns3:cad>
          </ns3:TrackPointExtension>
        </extensions>
      </trkpt>
      <trkpt lat="25.08156976662576198577880859375" lon="102.72528813220560550689697265625">
        <ele>1897</ele>
        <time>2026-09-11T23:01:15.000Z</time>
        <extensions>
          <ns3:TrackPointExtension>
            <ns3:hr>82</ns3:hr>
            <ns3:cad>91</ns3:cad>
          </ns3:TrackPointExtension>
        </extensions>
      </trkpt>
      <trkpt lat="25.0815532542765140533447265625" lon="102.72528645582497119903564453125">
        <ele>1896.800048828125</ele>
        <time>2026-09-11T23:01:16.000Z</time>
        <extensions>
          <ns3:TrackPointExtension>
            <ns3:hr>83</ns3:hr>
            <ns3:cad>92</ns3:cad>
          </ns3:TrackPointExtension>
        </extensions>
      </trkpt>
      <trkpt lat="25.08153003640472888946533203125" lon="102.7252617292106151580810546875">
        <ele>1896.800048828125</ele>
        <time>2026-09-11T23:01:17.000Z</time>
        <extensions>
          <ns3:TrackPointExtension>
            <ns3:hr>84</ns3:hr>
            <ns3:cad>92</ns3:cad>
          </ns3:TrackPointExtension>
        </extensions>
      </trkpt>
      <trkpt lat="25.081515200436115264892578125" lon="102.7252553589642047882080078125">
        <ele>1896.800048828125</ele>
        <time>2026-09-11T23:01:18.000Z</time>
        <extensions>
          <ns3:TrackPointExtension>
            <ns3:hr>85</ns3:hr>
            <ns3:cad>92</ns3:cad>
          </ns3:TrackPointExtension>
        </extensions>
      </trkpt>
      <trkpt lat="25.08149919100105762481689453125" lon="102.72524169646203517913818359375">
        <ele>1896.800048828125</ele>
        <time>2026-09-11T23:01:19.000Z</time>
        <extensions>
          <ns3:TrackPointExtension>
            <ns3:hr>85</ns3:hr>
            <ns3:cad>92</ns3:cad>
          </ns3:TrackPointExtension>
        </extensions>
      </trkpt>
      <trkpt lat="25.0814898870885372161865234375" lon="102.72525611333549022674560546875">
        <ele>1896.800048828125</ele>
        <time>2026-09-11T23:01:20.000Z</time>
        <extensions>
          <ns3:TrackPointExtension>
            <ns3:hr>86</ns3:hr>
            <ns3:cad>91</ns3:cad>
          </ns3:TrackPointExtension>
        </extensions>
      </trkpt>
      <trkpt lat="25.081464909017086029052734375" lon="102.72524823434650897979736328125">
        <ele>1896.800048828125</ele>
        <time>2026-09-11T23:01:21.000Z</time>
        <extensions>
          <ns3:TrackPointExtension>
            <ns3:hr>86</ns3:hr>
            <ns3:cad>91</ns3:cad>
          </ns3:TrackPointExtension>
        </extensions>
      </trkpt>
      <trkpt lat="25.08144772611558437347412109375" lon="102.7252298779785633087158203125">
        <ele>1897</ele>
        <time>2026-09-11T23:01:22.000Z</time>
        <extensions>
          <ns3:TrackPointExtension>
            <ns3:hr>86</ns3:hr>
            <ns3:cad>91</ns3:cad>
          </ns3:TrackPointExtension>
        </extensions>
      </trkpt>
      <trkpt lat="25.08141218684613704681396484375" lon="102.72523096762597560882568359375">
        <ele>1896.800048828125</ele>
        <time>2026-09-11T23:01:23.000Z</time>
        <extensions>
          <ns3:TrackPointExtension>
            <ns3:hr>83</ns3:hr>
            <ns3:cad>92</ns3:cad>
          </ns3:TrackPointExtension>
        </extensions>
      </trkpt>
      <trkpt lat="25.08138678967952728271484375" lon="102.72523029707372188568115234375">
        <ele>1896.800048828125</ele>
        <time>2026-09-11T23:01:24.000Z</time>
        <extensions>
          <ns3:TrackPointExtension>
            <ns3:hr>81</ns3:hr>
            <ns3:cad>92</ns3:cad>
          </ns3:TrackPointExtension>
        </extensions>
      </trkpt>
      <trkpt lat="25.081366002559661865234375" lon="102.72522258572280406951904296875">
        <ele>1896.800048828125</ele>
        <time>2026-09-11T23:01:25.000Z</time>
        <extensions>
          <ns3:TrackPointExtension>
            <ns3:hr>83</ns3:hr>
            <ns3:cad>93</ns3:cad>
          </ns3:TrackPointExtension>
        </extensions>
      </trkpt>
      <trkpt lat="25.08135862648487091064453125" lon="102.72519140504300594329833984375">
        <ele>1896.5999755859375</ele>
        <time>2026-09-11T23:01:26.000Z</time>
        <extensions>
          <ns3:TrackPointExtension>
            <ns3:hr>85</ns3:hr>
            <ns3:cad>93</ns3:cad>
          </ns3:TrackPointExtension>
        </extensions>
      </trkpt>
      <trkpt lat="25.08134731091558933258056640625" lon="102.72516458295285701751708984375">
        <ele>1896.5999755859375</ele>
        <time>2026-09-11T23:01:27.000Z</time>
        <extensions>
          <ns3:TrackPointExtension>
            <ns3:hr>86</ns3:hr>
            <ns3:cad>93</ns3:cad>
          </ns3:TrackPointExtension>
        </extensions>
      </trkpt>
      <trkpt lat="25.08134563453495502471923828125" lon="102.72512904368340969085693359375">
        <ele>1896.5999755859375</ele>
        <time>2026-09-11T23:01:28.000Z</time>
        <extensions>
          <ns3:TrackPointExtension>
            <ns3:hr>87</ns3:hr>
            <ns3:cad>91</ns3:cad>
          </ns3:TrackPointExtension>
        </extensions>
      </trkpt>
      <trkpt lat="25.0813405215740203857421875" lon="102.7251031436026096343994140625">
        <ele>1896.5999755859375</ele>
        <time>2026-09-11T23:01:29.000Z</time>
        <extensions>
          <ns3:TrackPointExtension>
            <ns3:hr>87</ns3:hr>
            <ns3:cad>91</ns3:cad>
          </ns3:TrackPointExtension>
        </extensions>
      </trkpt>
      <trkpt lat="25.08134077303111553192138671875" lon="102.7250699512660503387451171875">
        <ele>1896.5999755859375</ele>
        <time>2026-09-11T23:01:30.000Z</time>
        <extensions>
          <ns3:TrackPointExtension>
            <ns3:hr>88</ns3:hr>
            <ns3:cad>91</ns3:cad>
          </ns3:TrackPointExtension>
        </extensions>
      </trkpt>
      <trkpt lat="25.0813336484134197235107421875" lon="102.72504304535686969757080078125">
        <ele>1896.5999755859375</ele>
        <time>2026-09-11T23:01:31.000Z</time>
        <extensions>
          <ns3:TrackPointExtension>
            <ns3:hr>89</ns3:hr>
            <ns3:cad>91</ns3:cad>
          </ns3:TrackPointExtension>
        </extensions>
      </trkpt>
      <trkpt lat="25.081336162984371185302734375" lon="102.725012786686420440673828125">
        <ele>1896.5999755859375</ele>
        <time>2026-09-11T23:01:32.000Z</time>
        <extensions>
          <ns3:TrackPointExtension>
            <ns3:hr>90</ns3:hr>
            <ns3:cad>91</ns3:cad>
          </ns3:TrackPointExtension>
        </extensions>
      </trkpt>
      <trkpt lat="25.08132870309054851531982421875" lon="102.72498537786304950714111328125">
        <ele>1896.5999755859375</ele>
        <time>2026-09-11T23:01:33.000Z</time>
        <extensions>
          <ns3:TrackPointExtension>
            <ns3:hr>91</ns3:hr>
            <ns3:cad>93</ns3:cad>
          </ns3:TrackPointExtension>
        </extensions>
      </trkpt>
      <trkpt lat="25.0813249312341213226318359375" lon="102.724944390356540679931640625">
        <ele>1896.5999755859375</ele>
        <time>2026-09-11T23:01:34.000Z</time>
        <extensions>
          <ns3:TrackPointExtension>
            <ns3:hr>92</ns3:hr>
            <ns3:cad>93</ns3:cad>
          </ns3:TrackPointExtension>
        </extensions>
      </trkpt>
      <trkpt lat="25.08130506612360477447509765625" lon="102.7249060012400150299072265625">
        <ele>1896.5999755859375</ele>
        <time>2026-09-11T23:01:35.000Z</time>
        <extensions>
          <ns3:TrackPointExtension>
            <ns3:hr>93</ns3:hr>
            <ns3:cad>92</ns3:cad>
          </ns3:TrackPointExtension>
        </extensions>
      </trkpt>
      <trkpt lat="25.08130137808620929718017578125" lon="102.72486031986773014068603515625">
        <ele>1896.4000244140625</ele>
        <time>2026-09-11T23:01:36.000Z</time>
        <extensions>
          <ns3:TrackPointExtension>
            <ns3:hr>95</ns3:hr>
            <ns3:cad>92</ns3:cad>
          </ns3:TrackPointExtension>
        </extensions>
      </trkpt>
      <trkpt lat="25.08128888905048370361328125" lon="102.72481891326606273651123046875">
        <ele>1896.4000244140625</ele>
        <time>2026-09-11T23:01:37.000Z</time>
        <extensions>
          <ns3:TrackPointExtension>
            <ns3:hr>97</ns3:hr>
            <ns3:cad>92</ns3:cad>
          </ns3:TrackPointExtension>
        </extensions>
      </trkpt>
      <trkpt lat="25.08128981105983257293701171875" lon="102.72477365098893642425537109375">
        <ele>1896.4000244140625</ele>
        <time>2026-09-11T23:01:38.000Z</time>
        <extensions>
          <ns3:TrackPointExtension>
            <ns3:hr>98</ns3:hr>
            <ns3:cad>92</ns3:cad>
          </ns3:TrackPointExtension>
        </extensions>
      </trkpt>
      <trkpt lat="25.08128880523145198822021484375" lon="102.7247336693108081817626953125">
        <ele>1896.4000244140625</ele>
        <time>2026-09-11T23:01:39.000Z</time>
        <extensions>
          <ns3:TrackPointExtension>
            <ns3:hr>99</ns3:hr>
            <ns3:cad>93</ns3:cad>
          </ns3:TrackPointExtension>
        </extensions>
      </trkpt>
      <trkpt lat="25.0812860392034053802490234375" lon="102.7246967889368534088134765625">
        <ele>1896.4000244140625</ele>
        <time>2026-09-11T23:01:40.000Z</time>
        <extensions>
          <ns3:TrackPointExtension>
            <ns3:hr>100</ns3:hr>
            <ns3:cad>93</ns3:cad>
          </ns3:TrackPointExtension>
        </extensions>
      </trkpt>
      <trkpt lat="25.08128427900373935699462890625" lon="102.7246609143912792205810546875">
        <ele>1896.4000244140625</ele>
        <time>2026-09-11T23:01:41.000Z</time>
        <extensions>
          <ns3:TrackPointExtension>
            <ns3:hr>100</ns3:hr>
            <ns3:cad>93</ns3:cad>
          </ns3:TrackPointExtension>
        </extensions>
      </trkpt>
      <trkpt lat="25.08127589710056781768798828125" lon="102.72463384084403514862060546875">
        <ele>1896.4000244140625</ele>
        <time>2026-09-11T23:01:42.000Z</time>
        <extensions>
          <ns3:TrackPointExtension>
            <ns3:hr>100</ns3:hr>
            <ns3:cad>92</ns3:cad>
          </ns3:TrackPointExtension>
        </extensions>
      </trkpt>
      <trkpt lat="25.08127455599606037139892578125" lon="102.724602408707141876220703125">
        <ele>1896.4000244140625</ele>
        <time>2026-09-11T23:01:43.000Z</time>
        <extensions>
          <ns3:TrackPointExtension>
            <ns3:hr>100</ns3:hr>
            <ns3:cad>91</ns3:cad>
          </ns3:TrackPointExtension>
        </extensions>
      </trkpt>
      <trkpt lat="25.08127002976834774017333984375" lon="102.72458220832049846649169921875">
        <ele>1896.4000244140625</ele>
        <time>2026-09-11T23:01:44.000Z</time>
        <extensions>
          <ns3:TrackPointExtension>
            <ns3:hr>101</ns3:hr>
            <ns3:cad>91</ns3:cad>
          </ns3:TrackPointExtension>
        </extensions>
      </trkpt>
      <trkpt lat="25.08127070032060146331787109375" lon="102.72454884834587574005126953125">
        <ele>1896.4000244140625</ele>
        <time>2026-09-11T23:01:45.000Z</time>
        <extensions>
          <ns3:TrackPointExtension>
            <ns3:hr>102</ns3:hr>
            <ns3:cad>94</ns3:cad>
          </ns3:TrackPointExtension>
        </extensions>
      </trkpt>
      <trkpt lat="25.08126399479806423187255859375" lon="102.72452387027442455291748046875">
        <ele>1896.4000244140625</ele>
        <time>2026-09-11T23:01:46.000Z</time>
        <extensions>
          <ns3:TrackPointExtension>
            <ns3:hr>104</ns3:hr>
            <ns3:cad>94</ns3:cad>
          </ns3:TrackPointExtension>
        </extensions>
      </trkpt>
      <trkpt lat="25.08125930093228816986083984375" lon="102.7244889177381992340087890625">
        <ele>1896.4000244140625</ele>
        <time>2026-09-11T23:01:47.000Z</time>
        <extensions>
          <ns3:TrackPointExtension>
            <ns3:hr>105</ns3:hr>
            <ns3:cad>93</ns3:cad>
          </ns3:TrackPointExtension>
        </extensions>
      </trkpt>
      <trkpt lat="25.0812439620494842529296875" lon="102.7244560606777667999267578125">
        <ele>1896.4000244140625</ele>
        <time>2026-09-11T23:01:48.000Z</time>
        <extensions>
          <ns3:TrackPointExtension>
            <ns3:hr>106</ns3:hr>
            <ns3:cad>92</ns3:cad>
          </ns3:TrackPointExtension>
        </extensions>
      </trkpt>
      <trkpt lat="25.08122124709188938140869140625" lon="102.724409960210323333740234375">
        <ele>1896.199951171875</ele>
        <time>2026-09-11T23:01:49.000Z</time>
        <extensions>
          <ns3:TrackPointExtension>
            <ns3:hr>108</ns3:hr>
            <ns3:cad>92</ns3:cad>
          </ns3:TrackPointExtension>
        </extensions>
      </trkpt>
      <trkpt lat="25.08120900951325893402099609375" lon="102.72436327300965785980224609375">
        <ele>1896.199951171875</ele>
        <time>2026-09-11T23:01:50.000Z</time>
        <extensions>
          <ns3:TrackPointExtension>
            <ns3:hr>109</ns3:hr>
            <ns3:cad>92</ns3:cad>
          </ns3:TrackPointExtension>
        </extensions>
      </trkpt>
      <trkpt lat="25.081176571547985076904296875" lon="102.72432806901633739471435546875">
        <ele>1896.199951171875</ele>
        <time>2026-09-11T23:01:51.000Z</time>
        <extensions>
          <ns3:TrackPointExtension>
            <ns3:hr>109</ns3:hr>
            <ns3:cad>93</ns3:cad>
          </ns3:TrackPointExtension>
        </extensions>
      </trkpt>
      <trkpt lat="25.0811626575887203216552734375" lon="102.72427777759730815887451171875">
        <ele>1896.199951171875</ele>
        <time>2026-09-11T23:01:52.000Z</time>
        <extensions>
          <ns3:TrackPointExtension>
            <ns3:hr>111</ns3:hr>
            <ns3:cad>93</ns3:cad>
          </ns3:TrackPointExtension>
        </extensions>
      </trkpt>
      <trkpt lat="25.08113994263112545013427734375" lon="102.7242408134043216705322265625">
        <ele>1896.199951171875</ele>
        <time>2026-09-11T23:01:53.000Z</time>
        <extensions>
          <ns3:TrackPointExtension>
            <ns3:hr>112</ns3:hr>
            <ns3:cad>94</ns3:cad>
          </ns3:TrackPointExtension>
        </extensions>
      </trkpt>
      <trkpt lat="25.0811314769089221954345703125" lon="102.72419999353587627410888671875">
        <ele>1896.199951171875</ele>
        <time>2026-09-11T23:01:54.000Z</time>
        <extensions>
          <ns3:TrackPointExtension>
            <ns3:hr>111</ns3:hr>
            <ns3:cad>94</ns3:cad>
          </ns3:TrackPointExtension>
        </extensions>
      </trkpt>
      <trkpt lat="25.08112032897770404815673828125" lon="102.7241660468280315399169921875">
        <ele>1896.199951171875</ele>
        <time>2026-09-11T23:01:55.000Z</time>
        <extensions>
          <ns3:TrackPointExtension>
            <ns3:hr>112</ns3:hr>
            <ns3:cad>94</ns3:cad>
          </ns3:TrackPointExtension>
        </extensions>
      </trkpt>
      <trkpt lat="25.08110423572361469268798828125" lon="102.72412656806409358978271484375">
        <ele>1896.199951171875</ele>
        <time>2026-09-11T23:01:56.000Z</time>
        <extensions>
          <ns3:TrackPointExtension>
            <ns3:hr>112</ns3:hr>
            <ns3:cad>92</ns3:cad>
          </ns3:TrackPointExtension>
        </extensions>
      </trkpt>
      <trkpt lat="25.08108428679406642913818359375" lon="102.724072672426700592041015625">
        <ele>1896.199951171875</ele>
        <time>2026-09-11T23:01:57.000Z</time>
        <extensions>
          <ns3:TrackPointExtension>
            <ns3:hr>112</ns3:hr>
            <ns3:cad>92</ns3:cad>
          </ns3:TrackPointExtension>
        </extensions>
      </trkpt>
      <trkpt lat="25.08107959292829036712646484375" lon="102.72403436712920665740966796875">
        <ele>1896.199951171875</ele>
        <time>2026-09-11T23:01:58.000Z</time>
        <extensions>
          <ns3:TrackPointExtension>
            <ns3:hr>113</ns3:hr>
            <ns3:cad>92</ns3:cad>
          </ns3:TrackPointExtension>
        </extensions>
      </trkpt>
      <trkpt lat="25.08107431232929229736328125" lon="102.72400754503905773162841796875">
        <ele>1896.199951171875</ele>
        <time>2026-09-11T23:01:59.000Z</time>
        <extensions>
          <ns3:TrackPointExtension>
            <ns3:hr>114</ns3:hr>
            <ns3:cad>92</ns3:cad>
          </ns3:TrackPointExtension>
        </extensions>
      </trkpt>
      <trkpt lat="25.08107137866318225860595703125" lon="102.72398105822503566741943359375">
        <ele>1896.199951171875</ele>
        <time>2026-09-11T23:02:00.000Z</time>
        <extensions>
          <ns3:TrackPointExtension>
            <ns3:hr>115</ns3:hr>
            <ns3:cad>92</ns3:cad>
          </ns3:TrackPointExtension>
        </extensions>
      </trkpt>
      <trkpt lat="25.08106132037937641143798828125" lon="102.7239367179572582244873046875">
        <ele>1896.199951171875</ele>
        <time>2026-09-11T23:02:01.000Z</time>
        <extensions>
          <ns3:TrackPointExtension>
            <ns3:hr>116</ns3:hr>
            <ns3:cad>92</ns3:cad>
          </ns3:TrackPointExtension>
        </extensions>
      </trkpt>
      <trkpt lat="25.08105930872261524200439453125" lon="102.72390092723071575164794921875">
        <ele>1896.199951171875</ele>
        <time>2026-09-11T23:02:02.000Z</time>
        <extensions>
          <ns3:TrackPointExtension>
            <ns3:hr>117</ns3:hr>
            <ns3:cad>92</ns3:cad>
          </ns3:TrackPointExtension>
        </extensions>
      </trkpt>
      <trkpt lat="25.081056542694568634033203125" lon="102.723865471780300140380859375">
        <ele>1896.199951171875</ele>
        <time>2026-09-11T23:02:03.000Z</time>
        <extensions>
          <ns3:TrackPointExtension>
            <ns3:hr>117</ns3:hr>
            <ns3:cad>91</ns3:cad>
          </ns3:TrackPointExtension>
        </extensions>
      </trkpt>
      <trkpt lat="25.081059224903583526611328125" lon="102.72383538074791431427001953125">
        <ele>1896</ele>
        <time>2026-09-11T23:02:04.000Z</time>
        <extensions>
          <ns3:TrackPointExtension>
            <ns3:hr>118</ns3:hr>
            <ns3:cad>91</ns3:cad>
          </ns3:TrackPointExtension>
        </extensions>
      </trkpt>
      <trkpt lat="25.08105997927486896514892578125" lon="102.72380235604941844940185546875">
        <ele>1896</ele>
        <time>2026-09-11T23:02:05.000Z</time>
        <extensions>
          <ns3:TrackPointExtension>
            <ns3:hr>119</ns3:hr>
            <ns3:cad>92</ns3:cad>
          </ns3:TrackPointExtension>
        </extensions>
      </trkpt>
      <trkpt lat="25.08106282912194728851318359375" lon="102.7237714268267154693603515625">
        <ele>1896</ele>
        <time>2026-09-11T23:02:06.000Z</time>
        <extensions>
          <ns3:TrackPointExtension>
            <ns3:hr>120</ns3:hr>
            <ns3:cad>93</ns3:cad>
          </ns3:TrackPointExtension>
        </extensions>
      </trkpt>
      <trkpt lat="25.08106651715934276580810546875" lon="102.72373764775693416595458984375">
        <ele>1896</ele>
        <time>2026-09-11T23:02:07.000Z</time>
        <extensions>
          <ns3:TrackPointExtension>
            <ns3:hr>121</ns3:hr>
            <ns3:cad>92</ns3:cad>
          </ns3:TrackPointExtension>
        </extensions>
      </trkpt>
      <trkpt lat="25.0810669362545013427734375" lon="102.7237147651612758636474609375">
        <ele>1896</ele>
        <time>2026-09-11T23:02:08.000Z</time>
        <extensions>
          <ns3:TrackPointExtension>
            <ns3:hr>121</ns3:hr>
            <ns3:cad>92</ns3:cad>
          </ns3:TrackPointExtension>
        </extensions>
      </trkpt>
      <trkpt lat="25.08107104338705539703369140625" lon="102.7236762084066867828369140625">
        <ele>1896</ele>
        <time>2026-09-11T23:02:09.000Z</time>
        <extensions>
          <ns3:TrackPointExtension>
            <ns3:hr>120</ns3:hr>
            <ns3:cad>92</ns3:cad>
          </ns3:TrackPointExtension>
        </extensions>
      </trkpt>
      <trkpt lat="25.08106584660708904266357421875" lon="102.72364863194525241851806640625">
        <ele>1896</ele>
        <time>2026-09-11T23:02:10.000Z</time>
        <extensions>
          <ns3:TrackPointExtension>
            <ns3:hr>120</ns3:hr>
            <ns3:cad>92</ns3:cad>
          </ns3:TrackPointExtension>
        </extensions>
      </trkpt>
      <trkpt lat="25.08107339031994342803955078125" lon="102.72361275739967823028564453125">
        <ele>1896</ele>
        <time>2026-09-11T23:02:11.000Z</time>
        <extensions>
          <ns3:TrackPointExtension>
            <ns3:hr>119</ns3:hr>
            <ns3:cad>92</ns3:cad>
          </ns3:TrackPointExtension>
        </extensions>
      </trkpt>
      <trkpt lat="25.0810731388628482818603515625" lon="102.72358794696629047393798828125">
        <ele>1896</ele>
        <time>2026-09-11T23:02:12.000Z</time>
        <extensions>
          <ns3:TrackPointExtension>
            <ns3:hr>119</ns3:hr>
            <ns3:cad>93</ns3:cad>
          </ns3:TrackPointExtension>
        </extensions>
      </trkpt>
      <trkpt lat="25.08107942529022693634033203125" lon="102.7235531620681285858154296875">
        <ele>1896</ele>
        <time>2026-09-11T23:02:13.000Z</time>
        <extensions>
          <ns3:TrackPointExtension>
            <ns3:hr>119</ns3:hr>
            <ns3:cad>94</ns3:cad>
          </ns3:TrackPointExtension>
        </extensions>
      </trkpt>
      <trkpt lat="25.08107699453830718994140625" lon="102.72352374158799648284912109375">
        <ele>1896</ele>
        <time>2026-09-11T23:02:14.000Z</time>
        <extensions>
          <ns3:TrackPointExtension>
            <ns3:hr>119</ns3:hr>
            <ns3:cad>94</ns3:cad>
          </ns3:TrackPointExtension>
        </extensions>
      </trkpt>
      <trkpt lat="25.0810815207660198211669921875" lon="102.72349096834659576416015625">
        <ele>1896</ele>
        <time>2026-09-11T23:02:15.000Z</time>
        <extensions>
          <ns3:TrackPointExtension>
            <ns3:hr>119</ns3:hr>
            <ns3:cad>92</ns3:cad>
          </ns3:TrackPointExtension>
        </extensions>
      </trkpt>
      <trkpt lat="25.0810835324227809906005859375" lon="102.72346473298966884613037109375">
        <ele>1895.800048828125</ele>
        <time>2026-09-11T23:02:16.000Z</time>
        <extensions>
          <ns3:TrackPointExtension>
            <ns3:hr>119</ns3:hr>
            <ns3:cad>92</ns3:cad>
          </ns3:TrackPointExtension>
        </extensions>
      </trkpt>
      <trkpt lat="25.08108763955533504486083984375" lon="102.7234341390430927276611328125">
        <ele>1895.800048828125</ele>
        <time>2026-09-11T23:02:17.000Z</time>
        <extensions>
          <ns3:TrackPointExtension>
            <ns3:hr>119</ns3:hr>
            <ns3:cad>92</ns3:cad>
          </ns3:TrackPointExtension>
        </extensions>
      </trkpt>
      <trkpt lat="25.08109149523079395294189453125" lon="102.72340723313391208648681640625">
        <ele>1895.800048828125</ele>
        <time>2026-09-11T23:02:18.000Z</time>
        <extensions>
          <ns3:TrackPointExtension>
            <ns3:hr>120</ns3:hr>
            <ns3:cad>92</ns3:cad>
          </ns3:TrackPointExtension>
        </extensions>
      </trkpt>
      <trkpt lat="25.0810956023633480072021484375" lon="102.72337605245411396026611328125">
        <ele>1895.800048828125</ele>
        <time>2026-09-11T23:02:19.000Z</time>
        <extensions>
          <ns3:TrackPointExtension>
            <ns3:hr>120</ns3:hr>
            <ns3:cad>92</ns3:cad>
          </ns3:TrackPointExtension>
        </extensions>
      </trkpt>
      <trkpt lat="25.08110255934298038482666015625" lon="102.72334277629852294921875">
        <ele>1896</ele>
        <time>2026-09-11T23:02:20.000Z</time>
        <extensions>
          <ns3:TrackPointExtension>
            <ns3:hr>121</ns3:hr>
            <ns3:cad>92</ns3:cad>
          </ns3:TrackPointExtension>
        </extensions>
      </trkpt>
      <trkpt lat="25.08111060597002506256103515625" lon="102.72331218235194683074951171875">
        <ele>1895.800048828125</ele>
        <time>2026-09-11T23:02:21.000Z</time>
        <extensions>
          <ns3:TrackPointExtension>
            <ns3:hr>121</ns3:hr>
            <ns3:cad>92</ns3:cad>
          </ns3:TrackPointExtension>
        </extensions>
      </trkpt>
      <trkpt lat="25.0811204127967357635498046875" lon="102.7232772298157215118408203125">
        <ele>1896</ele>
        <time>2026-09-11T23:02:22.000Z</time>
        <extensions>
          <ns3:TrackPointExtension>
            <ns3:hr>121</ns3:hr>
            <ns3:cad>91</ns3:cad>
          </ns3:TrackPointExtension>
        </extensions>
      </trkpt>
      <trkpt lat="25.081124603748321533203125" lon="102.7232514135539531707763671875">
        <ele>1895.800048828125</ele>
        <time>2026-09-11T23:02:23.000Z</time>
        <extensions>
          <ns3:TrackPointExtension>
            <ns3:hr>121</ns3:hr>
            <ns3:cad>91</ns3:cad>
          </ns3:TrackPointExtension>
        </extensions>
      </trkpt>
      <trkpt lat="25.08113340474665164947509765625" lon="102.7232145331799983978271484375">
        <ele>1896</ele>
        <time>2026-09-11T23:02:24.000Z</time>
        <extensions>
          <ns3:TrackPointExtension>
            <ns3:hr>122</ns3:hr>
            <ns3:cad>91</ns3:cad>
          </ns3:TrackPointExtension>
        </extensions>
      </trkpt>
      <trkpt lat="25.08113642223179340362548828125" lon="102.72318813018500804901123046875">
        <ele>1896</ele>
        <time>2026-09-11T23:02:25.000Z</time>
        <extensions>
          <ns3:TrackPointExtension>
            <ns3:hr>122</ns3:hr>
            <ns3:cad>93</ns3:cad>
          </ns3:TrackPointExtension>
        </extensions>
      </trkpt>
      <trkpt lat="25.08114899508655071258544921875" lon="102.7231538482010364532470703125">
        <ele>1896</ele>
        <time>2026-09-11T23:02:26.000Z</time>
        <extensions>
          <ns3:TrackPointExtension>
            <ns3:hr>123</ns3:hr>
            <ns3:cad>93</ns3:cad>
          </ns3:TrackPointExtension>
        </extensions>
      </trkpt>
      <trkpt lat="25.0811542756855487823486328125" lon="102.7231317199766635894775390625">
        <ele>1896</ele>
        <time>2026-09-11T23:02:27.000Z</time>
        <extensions>
          <ns3:TrackPointExtension>
            <ns3:hr>123</ns3:hr>
            <ns3:cad>93</ns3:cad>
          </ns3:TrackPointExtension>
        </extensions>
      </trkpt>
      <trkpt lat="25.0811723805963993072509765625" lon="102.72310498170554637908935546875">
        <ele>1896</ele>
        <time>2026-09-11T23:02:28.000Z</time>
        <extensions>
          <ns3:TrackPointExtension>
            <ns3:hr>123</ns3:hr>
            <ns3:cad>94</ns3:cad>
          </ns3:TrackPointExtension>
        </extensions>
      </trkpt>
      <trkpt lat="25.08118704892694950103759765625" lon="102.72307748906314373016357421875">
        <ele>1896</ele>
        <time>2026-09-11T23:02:29.000Z</time>
        <extensions>
          <ns3:TrackPointExtension>
            <ns3:hr>123</ns3:hr>
            <ns3:cad>94</ns3:cad>
          </ns3:TrackPointExtension>
        </extensions>
      </trkpt>
      <trkpt lat="25.08120280690491199493408203125" lon="102.72304974496364593505859375">
        <ele>1896</ele>
        <time>2026-09-11T23:02:30.000Z</time>
        <extensions>
          <ns3:TrackPointExtension>
            <ns3:hr>123</ns3:hr>
            <ns3:cad>93</ns3:cad>
          </ns3:TrackPointExtension>
        </extensions>
      </trkpt>
      <trkpt lat="25.08122384548187255859375" lon="102.7230204083025455474853515625">
        <ele>1896</ele>
        <time>2026-09-11T23:02:31.000Z</time>
        <extensions>
          <ns3:TrackPointExtension>
            <ns3:hr>123</ns3:hr>
            <ns3:cad>91</ns3:cad>
          </ns3:TrackPointExtension>
        </extensions>
      </trkpt>
      <trkpt lat="25.081247650086879730224609375" lon="102.722997777163982391357421875">
        <ele>1896</ele>
        <time>2026-09-11T23:02:32.000Z</time>
        <extensions>
          <ns3:TrackPointExtension>
            <ns3:hr>124</ns3:hr>
            <ns3:cad>91</ns3:cad>
          </ns3:TrackPointExtension>
        </extensions>
      </trkpt>
      <trkpt lat="25.08128109388053417205810546875" lon="102.72298277355730533599853515625">
        <ele>1896</ele>
        <time>2026-09-11T23:02:33.000Z</time>
        <extensions>
          <ns3:TrackPointExtension>
            <ns3:hr>123</ns3:hr>
            <ns3:cad>92</ns3:cad>
          </ns3:TrackPointExtension>
        </extensions>
      </trkpt>
      <trkpt lat="25.081312358379364013671875" lon="102.722980678081512451171875">
        <ele>1896</ele>
        <time>2026-09-11T23:02:34.000Z</time>
        <extensions>
          <ns3:TrackPointExtension>
            <ns3:hr>123</ns3:hr>
            <ns3:cad>93</ns3:cad>
          </ns3:TrackPointExtension>
        </extensions>
      </trkpt>
      <trkpt lat="25.08134798146784305572509765625" lon="102.72299735806882381439208984375">
        <ele>1896</ele>
        <time>2026-09-11T23:02:35.000Z</time>
        <extensions>
          <ns3:TrackPointExtension>
            <ns3:hr>123</ns3:hr>
            <ns3:cad>93</ns3:cad>
          </ns3:TrackPointExtension>
        </extensions>
      </trkpt>
      <trkpt lat="25.0813768990337848663330078125" lon="102.7230110205709934234619140625">
        <ele>1895.800048828125</ele>
        <time>2026-09-11T23:02:36.000Z</time>
        <extensions>
          <ns3:TrackPointExtension>
            <ns3:hr>124</ns3:hr>
            <ns3:cad>93</ns3:cad>
          </ns3:TrackPointExtension>
        </extensions>
      </trkpt>
      <trkpt lat="25.0814057327806949615478515625" lon="102.7230375073850154876708984375">
        <ele>1895.800048828125</ele>
        <time>2026-09-11T23:02:37.000Z</time>
        <extensions>
          <ns3:TrackPointExtension>
            <ns3:hr>123</ns3:hr>
            <ns3:cad>93</ns3:cad>
          </ns3:TrackPointExtension>
        </extensions>
      </trkpt>
      <trkpt lat="25.08142760954797267913818359375" lon="102.7230582945048809051513671875">
        <ele>1895.800048828125</ele>
        <time>2026-09-11T23:02:38.000Z</time>
        <extensions>
          <ns3:TrackPointExtension>
            <ns3:hr>123</ns3:hr>
            <ns3:cad>92</ns3:cad>
          </ns3:TrackPointExtension>
        </extensions>
      </trkpt>
      <trkpt lat="25.081454850733280181884765625" lon="102.7230810932815074920654296875">
        <ele>1895.800048828125</ele>
        <time>2026-09-11T23:02:39.000Z</time>
        <extensions>
          <ns3:TrackPointExtension>
            <ns3:hr>124</ns3:hr>
            <ns3:cad>92</ns3:cad>
          </ns3:TrackPointExtension>
        </extensions>
      </trkpt>
      <trkpt lat="25.08147538639605045318603515625" lon="102.72309861145913600921630859375">
        <ele>1895.800048828125</ele>
        <time>2026-09-11T23:02:40.000Z</time>
        <extensions>
          <ns3:TrackPointExtension>
            <ns3:hr>124</ns3:hr>
            <ns3:cad>92</ns3:cad>
          </ns3:TrackPointExtension>
        </extensions>
      </trkpt>
      <trkpt lat="25.081503130495548248291015625" lon="102.72311973385512828826904296875">
        <ele>1895.800048828125</ele>
        <time>2026-09-11T23:02:41.000Z</time>
        <extensions>
          <ns3:TrackPointExtension>
            <ns3:hr>124</ns3:hr>
            <ns3:cad>92</ns3:cad>
          </ns3:TrackPointExtension>
        </extensions>
      </trkpt>
      <trkpt lat="25.0815247558057308197021484375" lon="102.72313096560537815093994140625">
        <ele>1895.800048828125</ele>
        <time>2026-09-11T23:02:42.000Z</time>
        <extensions>
          <ns3:TrackPointExtension>
            <ns3:hr>124</ns3:hr>
            <ns3:cad>92</ns3:cad>
          </ns3:TrackPointExtension>
        </extensions>
      </trkpt>
      <trkpt lat="25.08154772222042083740234375" lon="102.7231521718204021453857421875">
        <ele>1895.800048828125</ele>
        <time>2026-09-11T23:02:43.000Z</time>
        <extensions>
          <ns3:TrackPointExtension>
            <ns3:hr>124</ns3:hr>
            <ns3:cad>92</ns3:cad>
          </ns3:TrackPointExtension>
        </extensions>
      </trkpt>
      <trkpt lat="25.08156741969287395477294921875" lon="102.72316700778901576995849609375">
        <ele>1895.800048828125</ele>
        <time>2026-09-11T23:02:44.000Z</time>
        <extensions>
          <ns3:TrackPointExtension>
            <ns3:hr>123</ns3:hr>
            <ns3:cad>92</ns3:cad>
          </ns3:TrackPointExtension>
        </extensions>
      </trkpt>
      <trkpt lat="25.0815911404788494110107421875" lon="102.72318880073726177215576171875">
        <ele>1895.800048828125</ele>
        <time>2026-09-11T23:02:45.000Z</time>
        <extensions>
          <ns3:TrackPointExtension>
            <ns3:hr>124</ns3:hr>
            <ns3:cad>91</ns3:cad>
          </ns3:TrackPointExtension>
        </extensions>
      </trkpt>
      <trkpt lat="25.0816119275987148284912109375" lon="102.723202295601367950439453125">
        <ele>1895.800048828125</ele>
        <time>2026-09-11T23:02:46.000Z</time>
        <extensions>
          <ns3:TrackPointExtension>
            <ns3:hr>123</ns3:hr>
            <ns3:cad>91</ns3:cad>
          </ns3:TrackPointExtension>
        </extensions>
      </trkpt>
      <trkpt lat="25.081635229289531707763671875" lon="102.72321998141705989837646484375">
        <ele>1895.800048828125</ele>
        <time>2026-09-11T23:02:47.000Z</time>
        <extensions>
          <ns3:TrackPointExtension>
            <ns3:hr>123</ns3:hr>
            <ns3:cad>91</ns3:cad>
          </ns3:TrackPointExtension>
        </extensions>
      </trkpt>
      <trkpt lat="25.08165492676198482513427734375" lon="102.7232323028147220611572265625">
        <ele>1895.800048828125</ele>
        <time>2026-09-11T23:02:48.000Z</time>
        <extensions>
          <ns3:TrackPointExtension>
            <ns3:hr>123</ns3:hr>
            <ns3:cad>92</ns3:cad>
          </ns3:TrackPointExtension>
        </extensions>
      </trkpt>
      <trkpt lat="25.08167856372892856597900390625" lon="102.72324780933558940887451171875">
        <ele>1896</ele>
        <time>2026-09-11T23:02:49.000Z</time>
        <extensions>
          <ns3:TrackPointExtension>
            <ns3:hr>123</ns3:hr>
            <ns3:cad>92</ns3:cad>
          </ns3:TrackPointExtension>
        </extensions>
      </trkpt>
      <trkpt lat="25.0817017816007137298583984375" lon="102.7232609689235687255859375">
        <ele>1896</ele>
        <time>2026-09-11T23:02:50.000Z</time>
        <extensions>
          <ns3:TrackPointExtension>
            <ns3:hr>124</ns3:hr>
            <ns3:cad>92</ns3:cad>
          </ns3:TrackPointExtension>
        </extensions>
      </trkpt>
      <trkpt lat="25.08172147907316684722900390625" lon="102.7232779003679752349853515625">
        <ele>1896</ele>
        <time>2026-09-11T23:02:51.000Z</time>
        <extensions>
          <ns3:TrackPointExtension>
            <ns3:hr>124</ns3:hr>
            <ns3:cad>92</ns3:cad>
          </ns3:TrackPointExtension>
        </extensions>
      </trkpt>
      <trkpt lat="25.081741511821746826171875" lon="102.7233010344207286834716796875">
        <ele>1896</ele>
        <time>2026-09-11T23:02:52.000Z</time>
        <extensions>
          <ns3:TrackPointExtension>
            <ns3:hr>124</ns3:hr>
            <ns3:cad>92</ns3:cad>
          </ns3:TrackPointExtension>
        </extensions>
      </trkpt>
      <trkpt lat="25.08175902999937534332275390625" lon="102.7233248390257358551025390625">
        <ele>1896</ele>
        <time>2026-09-11T23:02:53.000Z</time>
        <extensions>
          <ns3:TrackPointExtension>
            <ns3:hr>124</ns3:hr>
            <ns3:cad>92</ns3:cad>
          </ns3:TrackPointExtension>
        </extensions>
      </trkpt>
      <trkpt lat="25.08177830837666988372802734375" lon="102.7233462966978549957275390625">
        <ele>1896</ele>
        <time>2026-09-11T23:02:54.000Z</time>
        <extensions>
          <ns3:TrackPointExtension>
            <ns3:hr>124</ns3:hr>
            <ns3:cad>92</ns3:cad>
          </ns3:TrackPointExtension>
        </extensions>
      </trkpt>
      <trkpt lat="25.08179054595530033111572265625" lon="102.72337152622640132904052734375">
        <ele>1896</ele>
        <time>2026-09-11T23:02:55.000Z</time>
        <extensions>
          <ns3:TrackPointExtension>
            <ns3:hr>124</ns3:hr>
            <ns3:cad>92</ns3:cad>
          </ns3:TrackPointExtension>
        </extensions>
      </trkpt>
      <trkpt lat="25.08181057870388031005859375" lon="102.72339306771755218505859375">
        <ele>1896</ele>
        <time>2026-09-11T23:02:56.000Z</time>
        <extensions>
          <ns3:TrackPointExtension>
            <ns3:hr>124</ns3:hr>
            <ns3:cad>92</ns3:cad>
          </ns3:TrackPointExtension>
        </extensions>
      </trkpt>
      <trkpt lat="25.08182826451957225799560546875" lon="102.72340555675327777862548828125">
        <ele>1896</ele>
        <time>2026-09-11T23:02:57.000Z</time>
        <extensions>
          <ns3:TrackPointExtension>
            <ns3:hr>123</ns3:hr>
            <ns3:cad>91</ns3:cad>
          </ns3:TrackPointExtension>
        </extensions>
      </trkpt>
      <trkpt lat="25.0818476267158985137939453125" lon="102.7234234102070331573486328125">
        <ele>1896</ele>
        <time>2026-09-11T23:02:58.000Z</time>
        <extensions>
          <ns3:TrackPointExtension>
            <ns3:hr>122</ns3:hr>
            <ns3:cad>91</ns3:cad>
          </ns3:TrackPointExtension>
        </extensions>
      </trkpt>
      <trkpt lat="25.08186983875930309295654296875" lon="102.72344109602272510528564453125">
        <ele>1896</ele>
        <time>2026-09-11T23:02:59.000Z</time>
        <extensions>
          <ns3:TrackPointExtension>
            <ns3:hr>121</ns3:hr>
            <ns3:cad>90</ns3:cad>
          </ns3:TrackPointExtension>
        </extensions>
      </trkpt>
      <trkpt lat="25.0818925537168979644775390625" lon="102.7234666608273983001708984375">
        <ele>1896</ele>
        <time>2026-09-11T23:03:00.000Z</time>
        <extensions>
          <ns3:TrackPointExtension>
            <ns3:hr>119</ns3:hr>
            <ns3:cad>91</ns3:cad>
          </ns3:TrackPointExtension>
        </extensions>
      </trkpt>
      <trkpt lat="25.0819064676761627197265625" lon="102.72348962724208831787109375">
        <ele>1896</ele>
        <time>2026-09-11T23:03:01.000Z</time>
        <extensions>
          <ns3:TrackPointExtension>
            <ns3:hr>117</ns3:hr>
            <ns3:cad>91</ns3:cad>
          </ns3:TrackPointExtension>
        </extensions>
      </trkpt>
      <trkpt lat="25.08192532695829868316650390625" lon="102.72351443767547607421875">
        <ele>1896</ele>
        <time>2026-09-11T23:03:02.000Z</time>
        <extensions>
          <ns3:TrackPointExtension>
            <ns3:hr>117</ns3:hr>
            <ns3:cad>92</ns3:cad>
          </ns3:TrackPointExtension>
        </extensions>
      </trkpt>
      <trkpt lat="25.0819386541843414306640625" lon="102.72353128530085086822509765625">
        <ele>1896</ele>
        <time>2026-09-11T23:03:03.000Z</time>
        <extensions>
          <ns3:TrackPointExtension>
            <ns3:hr>117</ns3:hr>
            <ns3:cad>92</ns3:cad>
          </ns3:TrackPointExtension>
        </extensions>
      </trkpt>
      <trkpt lat="25.08196069858968257904052734375" lon="102.72355307824909687042236328125">
        <ele>1896</ele>
        <time>2026-09-11T23:03:04.000Z</time>
        <extensions>
          <ns3:TrackPointExtension>
            <ns3:hr>116</ns3:hr>
            <ns3:cad>92</ns3:cad>
          </ns3:TrackPointExtension>
        </extensions>
      </trkpt>
      <trkpt lat="25.08197511546313762664794921875" lon="102.72356917150318622589111328125">
        <ele>1896</ele>
        <time>2026-09-11T23:03:05.000Z</time>
        <extensions>
          <ns3:TrackPointExtension>
            <ns3:hr>116</ns3:hr>
            <ns3:cad>92</ns3:cad>
          </ns3:TrackPointExtension>
        </extensions>
      </trkpt>
      <trkpt lat="25.08200009353458881378173828125" lon="102.72358618676662445068359375">
        <ele>1896</ele>
        <time>2026-09-11T23:03:06.000Z</time>
        <extensions>
          <ns3:TrackPointExtension>
            <ns3:hr>116</ns3:hr>
            <ns3:cad>92</ns3:cad>
          </ns3:TrackPointExtension>
        </extensions>
      </trkpt>
      <trkpt lat="25.0820196233689785003662109375" lon="102.72359917871654033660888671875">
        <ele>1896</ele>
        <time>2026-09-11T23:03:07.000Z</time>
        <extensions>
          <ns3:TrackPointExtension>
            <ns3:hr>117</ns3:hr>
            <ns3:cad>92</ns3:cad>
          </ns3:TrackPointExtension>
        </extensions>
      </trkpt>
      <trkpt lat="25.08204418234527111053466796875" lon="102.72362214513123035430908203125">
        <ele>1896</ele>
        <time>2026-09-11T23:03:08.000Z</time>
        <extensions>
          <ns3:TrackPointExtension>
            <ns3:hr>116</ns3:hr>
            <ns3:cad>92</ns3:cad>
          </ns3:TrackPointExtension>
        </extensions>
      </trkpt>
      <trkpt lat="25.08206530474126338958740234375" lon="102.7236369810998439788818359375">
        <ele>1896</ele>
        <time>2026-09-11T23:03:09.000Z</time>
        <extensions>
          <ns3:TrackPointExtension>
            <ns3:hr>116</ns3:hr>
            <ns3:cad>92</ns3:cad>
          </ns3:TrackPointExtension>
        </extensions>
      </trkpt>
      <trkpt lat="25.08208575658500194549560546875" lon="102.7236570976674556732177734375">
        <ele>1896</ele>
        <time>2026-09-11T23:03:10.000Z</time>
        <extensions>
          <ns3:TrackPointExtension>
            <ns3:hr>117</ns3:hr>
            <ns3:cad>92</ns3:cad>
          </ns3:TrackPointExtension>
        </extensions>
      </trkpt>
      <trkpt lat="25.0821044482290744781494140625" lon="102.72367696277797222137451171875">
        <ele>1896.199951171875</ele>
        <time>2026-09-11T23:03:11.000Z</time>
        <extensions>
          <ns3:TrackPointExtension>
            <ns3:hr>116</ns3:hr>
            <ns3:cad>92</ns3:cad>
          </ns3:TrackPointExtension>
        </extensions>
      </trkpt>
      <trkpt lat="25.0821245647966861724853515625" lon="102.72369992919266223907470703125">
        <ele>1896.199951171875</ele>
        <time>2026-09-11T23:03:12.000Z</time>
        <extensions>
          <ns3:TrackPointExtension>
            <ns3:hr>117</ns3:hr>
            <ns3:cad>92</ns3:cad>
          </ns3:TrackPointExtension>
        </extensions>
      </trkpt>
      <trkpt lat="25.08214225061237812042236328125" lon="102.7237194590270519256591796875">
        <ele>1896.199951171875</ele>
        <time>2026-09-11T23:03:13.000Z</time>
        <extensions>
          <ns3:TrackPointExtension>
            <ns3:hr>117</ns3:hr>
            <ns3:cad>92</ns3:cad>
          </ns3:TrackPointExtension>
        </extensions>
      </trkpt>
      <trkpt lat="25.0821617804467678070068359375" lon="102.72374133579432964324951171875">
        <ele>1896.199951171875</ele>
        <time>2026-09-11T23:03:14.000Z</time>
        <extensions>
          <ns3:TrackPointExtension>
            <ns3:hr>119</ns3:hr>
            <ns3:cad>92</ns3:cad>
          </ns3:TrackPointExtension>
        </extensions>
      </trkpt>
      <trkpt lat="25.0821798853576183319091796875" lon="102.7237617038190364837646484375">
        <ele>1896.199951171875</ele>
        <time>2026-09-11T23:03:15.000Z</time>
        <extensions>
          <ns3:TrackPointExtension>
            <ns3:hr>120</ns3:hr>
            <ns3:cad>92</ns3:cad>
          </ns3:TrackPointExtension>
        </extensions>
      </trkpt>
      <trkpt lat="25.0821949727833271026611328125" lon="102.7237865142524242401123046875">
        <ele>1896</ele>
        <time>2026-09-11T23:03:16.000Z</time>
        <extensions>
          <ns3:TrackPointExtension>
            <ns3:hr>119</ns3:hr>
            <ns3:cad>92</ns3:cad>
          </ns3:TrackPointExtension>
        </extensions>
      </trkpt>
      <trkpt lat="25.082213915884494781494140625" lon="102.7238093130290508270263671875">
        <ele>1896</ele>
        <time>2026-09-11T23:03:17.000Z</time>
        <extensions>
          <ns3:TrackPointExtension>
            <ns3:hr>119</ns3:hr>
            <ns3:cad>92</ns3:cad>
          </ns3:TrackPointExtension>
        </extensions>
      </trkpt>
      <trkpt lat="25.08223411627113819122314453125" lon="102.7238304354250431060791015625">
        <ele>1896</ele>
        <time>2026-09-11T23:03:18.000Z</time>
        <extensions>
          <ns3:TrackPointExtension>
            <ns3:hr>119</ns3:hr>
            <ns3:cad>92</ns3:cad>
          </ns3:TrackPointExtension>
        </extensions>
      </trkpt>
      <trkpt lat="25.082256831228733062744140625" lon="102.7238552458584308624267578125">
        <ele>1896</ele>
        <time>2026-09-11T23:03:19.000Z</time>
        <extensions>
          <ns3:TrackPointExtension>
            <ns3:hr>121</ns3:hr>
            <ns3:cad>92</ns3:cad>
          </ns3:TrackPointExtension>
        </extensions>
      </trkpt>
      <trkpt lat="25.0822739303112030029296875" lon="102.72387594915926456451416015625">
        <ele>1896.199951171875</ele>
        <time>2026-09-11T23:03:20.000Z</time>
        <extensions>
          <ns3:TrackPointExtension>
            <ns3:hr>121</ns3:hr>
            <ns3:cad>92</ns3:cad>
          </ns3:TrackPointExtension>
        </extensions>
      </trkpt>
      <trkpt lat="25.082293041050434112548828125" lon="102.72389824502170085906982421875">
        <ele>1896.199951171875</ele>
        <time>2026-09-11T23:03:21.000Z</time>
        <extensions>
          <ns3:TrackPointExtension>
            <ns3:hr>122</ns3:hr>
            <ns3:cad>92</ns3:cad>
          </ns3:TrackPointExtension>
        </extensions>
      </trkpt>
      <trkpt lat="25.08231273852288722991943359375" lon="102.72391584701836109161376953125">
        <ele>1896.199951171875</ele>
        <time>2026-09-11T23:03:22.000Z</time>
        <extensions>
          <ns3:TrackPointExtension>
            <ns3:hr>123</ns3:hr>
            <ns3:cad>92</ns3:cad>
          </ns3:TrackPointExtension>
        </extensions>
      </trkpt>
      <trkpt lat="25.0823357887566089630126953125" lon="102.72393194027245044708251953125">
        <ele>1896.199951171875</ele>
        <time>2026-09-11T23:03:23.000Z</time>
        <extensions>
          <ns3:TrackPointExtension>
            <ns3:hr>123</ns3:hr>
            <ns3:cad>92</ns3:cad>
          </ns3:TrackPointExtension>
        </extensions>
      </trkpt>
      <trkpt lat="25.08235280402004718780517578125" lon="102.72394669242203235626220703125">
        <ele>1896.199951171875</ele>
        <time>2026-09-11T23:03:24.000Z</time>
        <extensions>
          <ns3:TrackPointExtension>
            <ns3:hr>123</ns3:hr>
            <ns3:cad>92</ns3:cad>
          </ns3:TrackPointExtension>
        </extensions>
      </trkpt>
      <trkpt lat="25.08237845264375209808349609375" lon="102.72396706044673919677734375">
        <ele>1896.4000244140625</ele>
        <time>2026-09-11T23:03:25.000Z</time>
        <extensions>
          <ns3:TrackPointExtension>
            <ns3:hr>123</ns3:hr>
            <ns3:cad>92</ns3:cad>
          </ns3:TrackPointExtension>
        </extensions>
      </trkpt>
      <trkpt lat="25.08239739574491977691650390625" lon="102.72398306988179683685302734375">
        <ele>1896.4000244140625</ele>
        <time>2026-09-11T23:03:26.000Z</time>
        <extensions>
          <ns3:TrackPointExtension>
            <ns3:hr>124</ns3:hr>
            <ns3:cad>92</ns3:cad>
          </ns3:TrackPointExtension>
        </extensions>
      </trkpt>
      <trkpt lat="25.08242086507380008697509765625" lon="102.72400083951652050018310546875">
        <ele>1896.199951171875</ele>
        <time>2026-09-11T23:03:27.000Z</time>
        <extensions>
          <ns3:TrackPointExtension>
            <ns3:hr>125</ns3:hr>
            <ns3:cad>91</ns3:cad>
          </ns3:TrackPointExtension>
        </extensions>
      </trkpt>
      <trkpt lat="25.08243930526077747344970703125" lon="102.724016010761260986328125">
        <ele>1896.199951171875</ele>
        <time>2026-09-11T23:03:28.000Z</time>
        <extensions>
          <ns3:TrackPointExtension>
            <ns3:hr>125</ns3:hr>
            <ns3:cad>91</ns3:cad>
          </ns3:TrackPointExtension>
        </extensions>
      </trkpt>
      <trkpt lat="25.0824590027332305908203125" lon="102.72403704933822154998779296875">
        <ele>1896.199951171875</ele>
        <time>2026-09-11T23:03:29.000Z</time>
        <extensions>
          <ns3:TrackPointExtension>
            <ns3:hr>126</ns3:hr>
            <ns3:cad>91</ns3:cad>
          </ns3:TrackPointExtension>
        </extensions>
      </trkpt>
      <trkpt lat="25.08247568272054195404052734375" lon="102.72405498661100864410400390625">
        <ele>1896.199951171875</ele>
        <time>2026-09-11T23:03:30.000Z</time>
        <extensions>
          <ns3:TrackPointExtension>
            <ns3:hr>127</ns3:hr>
            <ns3:cad>91</ns3:cad>
          </ns3:TrackPointExtension>
        </extensions>
      </trkpt>
      <trkpt lat="25.0824967212975025177001953125" lon="102.724079377949237823486328125">
        <ele>1896.199951171875</ele>
        <time>2026-09-11T23:03:31.000Z</time>
        <extensions>
          <ns3:TrackPointExtension>
            <ns3:hr>127</ns3:hr>
            <ns3:cad>91</ns3:cad>
          </ns3:TrackPointExtension>
        </extensions>
      </trkpt>
      <trkpt lat="25.0825134851038455963134765625" lon="102.724093459546566009521484375">
        <ele>1896.199951171875</ele>
        <time>2026-09-11T23:03:32.000Z</time>
        <extensions>
          <ns3:TrackPointExtension>
            <ns3:hr>127</ns3:hr>
            <ns3:cad>91</ns3:cad>
          </ns3:TrackPointExtension>
        </extensions>
      </trkpt>
      <trkpt lat="25.0825341045856475830078125" lon="102.72410779260098934173583984375">
        <ele>1896.199951171875</ele>
        <time>2026-09-11T23:03:33.000Z</time>
        <extensions>
          <ns3:TrackPointExtension>
            <ns3:hr>127</ns3:hr>
            <ns3:cad>91</ns3:cad>
          </ns3:TrackPointExtension>
        </extensions>
      </trkpt>
      <trkpt lat="25.0825528800487518310546875" lon="102.724122293293476104736328125">
        <ele>1896.199951171875</ele>
        <time>2026-09-11T23:03:34.000Z</time>
        <extensions>
          <ns3:TrackPointExtension>
            <ns3:hr>127</ns3:hr>
            <ns3:cad>91</ns3:cad>
          </ns3:TrackPointExtension>
        </extensions>
      </trkpt>
      <trkpt lat="25.08257978595793247222900390625" lon="102.724140398204326629638671875">
        <ele>1896.199951171875</ele>
        <time>2026-09-11T23:03:35.000Z</time>
        <extensions>
          <ns3:TrackPointExtension>
            <ns3:hr>127</ns3:hr>
            <ns3:cad>91</ns3:cad>
          </ns3:TrackPointExtension>
        </extensions>
      </trkpt>
      <trkpt lat="25.0826038420200347900390625" lon="102.72415556944906711578369140625">
        <ele>1896.199951171875</ele>
        <time>2026-09-11T23:03:36.000Z</time>
        <extensions>
          <ns3:TrackPointExtension>
            <ns3:hr>127</ns3:hr>
            <ns3:cad>91</ns3:cad>
          </ns3:TrackPointExtension>
        </extensions>
      </trkpt>
      <trkpt lat="25.08262597024440765380859375" lon="102.724176943302154541015625">
        <ele>1896.199951171875</ele>
        <time>2026-09-11T23:03:37.000Z</time>
        <extensions>
          <ns3:TrackPointExtension>
            <ns3:hr>127</ns3:hr>
            <ns3:cad>91</ns3:cad>
          </ns3:TrackPointExtension>
        </extensions>
      </trkpt>
      <trkpt lat="25.08264583535492420196533203125" lon="102.72418993525207042694091796875">
        <ele>1896.199951171875</ele>
        <time>2026-09-11T23:03:38.000Z</time>
        <extensions>
          <ns3:TrackPointExtension>
            <ns3:hr>127</ns3:hr>
            <ns3:cad>92</ns3:cad>
          </ns3:TrackPointExtension>
        </extensions>
      </trkpt>
      <trkpt lat="25.08266913704574108123779296875" lon="102.72421181201934814453125">
        <ele>1896.199951171875</ele>
        <time>2026-09-11T23:03:39.000Z</time>
        <extensions>
          <ns3:TrackPointExtension>
            <ns3:hr>128</ns3:hr>
            <ns3:cad>92</ns3:cad>
          </ns3:TrackPointExtension>
        </extensions>
      </trkpt>
      <trkpt lat="25.0826905108988285064697265625" lon="102.7242327667772769927978515625">
        <ele>1896.199951171875</ele>
        <time>2026-09-11T23:03:40.000Z</time>
        <extensions>
          <ns3:TrackPointExtension>
            <ns3:hr>127</ns3:hr>
            <ns3:cad>92</ns3:cad>
          </ns3:TrackPointExtension>
        </extensions>
      </trkpt>
      <trkpt lat="25.0827069394290447235107421875" lon="102.724260427057743072509765625">
        <ele>1896.199951171875</ele>
        <time>2026-09-11T23:03:41.000Z</time>
        <extensions>
          <ns3:TrackPointExtension>
            <ns3:hr>127</ns3:hr>
            <ns3:cad>92</ns3:cad>
          </ns3:TrackPointExtension>
        </extensions>
      </trkpt>
      <trkpt lat="25.08272789418697357177734375" lon="102.7242904342710971832275390625">
        <ele>1896.4000244140625</ele>
        <time>2026-09-11T23:03:42.000Z</time>
        <extensions>
          <ns3:TrackPointExtension>
            <ns3:hr>126</ns3:hr>
            <ns3:cad>93</ns3:cad>
          </ns3:TrackPointExtension>
        </extensions>
      </trkpt>
      <trkpt lat="25.08274608291685581207275390625" lon="102.72431281395256519317626953125">
        <ele>1896.5999755859375</ele>
        <time>2026-09-11T23:03:43.000Z</time>
        <extensions>
          <ns3:TrackPointExtension>
            <ns3:hr>126</ns3:hr>
            <ns3:cad>93</ns3:cad>
          </ns3:TrackPointExtension>
        </extensions>
      </trkpt>
      <trkpt lat="25.08277089335024356842041015625" lon="102.72434055805206298828125">
        <ele>1896.5999755859375</ele>
        <time>2026-09-11T23:03:44.000Z</time>
        <extensions>
          <ns3:TrackPointExtension>
            <ns3:hr>126</ns3:hr>
            <ns3:cad>93</ns3:cad>
          </ns3:TrackPointExtension>
        </extensions>
      </trkpt>
      <trkpt lat="25.08279067464172840118408203125" lon="102.72435975261032581329345703125">
        <ele>1896.5999755859375</ele>
        <time>2026-09-11T23:03:45.000Z</time>
        <extensions>
          <ns3:TrackPointExtension>
            <ns3:hr>126</ns3:hr>
            <ns3:cad>91</ns3:cad>
          </ns3:TrackPointExtension>
        </extensions>
      </trkpt>
      <trkpt lat="25.0828138925135135650634765625" lon="102.72438473068177700042724609375">
        <ele>1896.5999755859375</ele>
        <time>2026-09-11T23:03:46.000Z</time>
        <extensions>
          <ns3:TrackPointExtension>
            <ns3:hr>126</ns3:hr>
            <ns3:cad>91</ns3:cad>
          </ns3:TrackPointExtension>
        </extensions>
      </trkpt>
      <trkpt lat="25.08283006958663463592529296875" lon="102.7244030870497226715087890625">
        <ele>1896.5999755859375</ele>
        <time>2026-09-11T23:03:47.000Z</time>
        <extensions>
          <ns3:TrackPointExtension>
            <ns3:hr>126</ns3:hr>
            <ns3:cad>91</ns3:cad>
          </ns3:TrackPointExtension>
        </extensions>
      </trkpt>
      <trkpt lat="25.082852952182292938232421875" lon="102.724429406225681304931640625">
        <ele>1896.5999755859375</ele>
        <time>2026-09-11T23:03:48.000Z</time>
        <extensions>
          <ns3:TrackPointExtension>
            <ns3:hr>126</ns3:hr>
            <ns3:cad>91</ns3:cad>
          </ns3:TrackPointExtension>
        </extensions>
      </trkpt>
      <trkpt lat="25.08286694996058940887451171875" lon="102.72444692440330982208251953125">
        <ele>1896.800048828125</ele>
        <time>2026-09-11T23:03:49.000Z</time>
        <extensions>
          <ns3:TrackPointExtension>
            <ns3:hr>126</ns3:hr>
            <ns3:cad>91</ns3:cad>
          </ns3:TrackPointExtension>
        </extensions>
      </trkpt>
      <trkpt lat="25.08288958109915256500244140625" lon="102.7244733273983001708984375">
        <ele>1896.800048828125</ele>
        <time>2026-09-11T23:03:50.000Z</time>
        <extensions>
          <ns3:TrackPointExtension>
            <ns3:hr>126</ns3:hr>
            <ns3:cad>91</ns3:cad>
          </ns3:TrackPointExtension>
        </extensions>
      </trkpt>
      <trkpt lat="25.08290902711451053619384765625" lon="102.7244885824620723724365234375">
        <ele>1896.5999755859375</ele>
        <time>2026-09-11T23:03:51.000Z</time>
        <extensions>
          <ns3:TrackPointExtension>
            <ns3:hr>126</ns3:hr>
            <ns3:cad>91</ns3:cad>
          </ns3:TrackPointExtension>
        </extensions>
      </trkpt>
      <trkpt lat="25.0829335860908031463623046875" lon="102.72451649419963359832763671875">
        <ele>1896.5999755859375</ele>
        <time>2026-09-11T23:03:52.000Z</time>
        <extensions>
          <ns3:TrackPointExtension>
            <ns3:hr>126</ns3:hr>
            <ns3:cad>91</ns3:cad>
          </ns3:TrackPointExtension>
        </extensions>
      </trkpt>
      <trkpt lat="25.08295579813420772552490234375" lon="102.72453443147242069244384765625">
        <ele>1896.5999755859375</ele>
        <time>2026-09-11T23:03:53.000Z</time>
        <extensions>
          <ns3:TrackPointExtension>
            <ns3:hr>126</ns3:hr>
            <ns3:cad>92</ns3:cad>
          </ns3:TrackPointExtension>
        </extensions>
      </trkpt>
      <trkpt lat="25.08297842927277088165283203125" lon="102.7245563082396984100341796875">
        <ele>1896.4000244140625</ele>
        <time>2026-09-11T23:03:54.000Z</time>
        <extensions>
          <ns3:TrackPointExtension>
            <ns3:hr>126</ns3:hr>
            <ns3:cad>92</ns3:cad>
          </ns3:TrackPointExtension>
        </extensions>
      </trkpt>
      <trkpt lat="25.0829986296594142913818359375" lon="102.72457013837993144989013671875">
        <ele>1896.4000244140625</ele>
        <time>2026-09-11T23:03:55.000Z</time>
        <extensions>
          <ns3:TrackPointExtension>
            <ns3:hr>126</ns3:hr>
            <ns3:cad>92</ns3:cad>
          </ns3:TrackPointExtension>
        </extensions>
      </trkpt>
      <trkpt lat="25.08301832713186740875244140625" lon="102.72458874620497226715087890625">
        <ele>1896.4000244140625</ele>
        <time>2026-09-11T23:03:56.000Z</time>
        <extensions>
          <ns3:TrackPointExtension>
            <ns3:hr>126</ns3:hr>
            <ns3:cad>92</ns3:cad>
          </ns3:TrackPointExtension>
        </extensions>
      </trkpt>
      <trkpt lat="25.08304012008011341094970703125" lon="102.72460542619228363037109375">
        <ele>1896.199951171875</ele>
        <time>2026-09-11T23:03:57.000Z</time>
        <extensions>
          <ns3:TrackPointExtension>
            <ns3:hr>126</ns3:hr>
            <ns3:cad>92</ns3:cad>
          </ns3:TrackPointExtension>
        </extensions>
      </trkpt>
      <trkpt lat="25.0830536149442195892333984375" lon="102.72462227381765842437744140625">
        <ele>1896.199951171875</ele>
        <time>2026-09-11T23:03:58.000Z</time>
        <extensions>
          <ns3:TrackPointExtension>
            <ns3:hr>126</ns3:hr>
            <ns3:cad>92</ns3:cad>
          </ns3:TrackPointExtension>
        </extensions>
      </trkpt>
      <trkpt lat="25.08307532407343387603759765625" lon="102.72464272566139698028564453125">
        <ele>1896.199951171875</ele>
        <time>2026-09-11T23:03:59.000Z</time>
        <extensions>
          <ns3:TrackPointExtension>
            <ns3:hr>126</ns3:hr>
            <ns3:cad>92</ns3:cad>
          </ns3:TrackPointExtension>
        </extensions>
      </trkpt>
      <trkpt lat="25.0830904953181743621826171875" lon="102.7246612496674060821533203125">
        <ele>1896.199951171875</ele>
        <time>2026-09-11T23:04:00.000Z</time>
        <extensions>
          <ns3:TrackPointExtension>
            <ns3:hr>126</ns3:hr>
            <ns3:cad>92</ns3:cad>
          </ns3:TrackPointExtension>
        </extensions>
      </trkpt>
      <trkpt lat="25.08311270736157894134521484375" lon="102.7246843837201595306396484375">
        <ele>1896.199951171875</ele>
        <time>2026-09-11T23:04:01.000Z</time>
        <extensions>
          <ns3:TrackPointExtension>
            <ns3:hr>126</ns3:hr>
            <ns3:cad>94</ns3:cad>
          </ns3:TrackPointExtension>
        </extensions>
      </trkpt>
      <trkpt lat="25.083128549158573150634765625" lon="102.72470240481197834014892578125">
        <ele>1896.199951171875</ele>
        <time>2026-09-11T23:04:02.000Z</time>
        <extensions>
          <ns3:TrackPointExtension>
            <ns3:hr>127</ns3:hr>
            <ns3:cad>94</ns3:cad>
          </ns3:TrackPointExtension>
        </extensions>
      </trkpt>
      <trkpt lat="25.0831508450210094451904296875" lon="102.7247269637882709503173828125">
        <ele>1896.199951171875</ele>
        <time>2026-09-11T23:04:03.000Z</time>
        <extensions>
          <ns3:TrackPointExtension>
            <ns3:hr>126</ns3:hr>
            <ns3:cad>94</ns3:cad>
          </ns3:TrackPointExtension>
        </extensions>
      </trkpt>
      <trkpt lat="25.08317020721733570098876953125" lon="102.724740542471408843994140625">
        <ele>1896.199951171875</ele>
        <time>2026-09-11T23:04:04.000Z</time>
        <extensions>
          <ns3:TrackPointExtension>
            <ns3:hr>126</ns3:hr>
            <ns3:cad>93</ns3:cad>
          </ns3:TrackPointExtension>
        </extensions>
      </trkpt>
      <trkpt lat="25.08319049142301082611083984375" lon="102.72476694546639919281005859375">
        <ele>1896.199951171875</ele>
        <time>2026-09-11T23:04:05.000Z</time>
        <extensions>
          <ns3:TrackPointExtension>
            <ns3:hr>126</ns3:hr>
            <ns3:cad>93</ns3:cad>
          </ns3:TrackPointExtension>
        </extensions>
      </trkpt>
      <trkpt lat="25.083209685981273651123046875" lon="102.72478102706372737884521484375">
        <ele>1896.199951171875</ele>
        <time>2026-09-11T23:04:06.000Z</time>
        <extensions>
          <ns3:TrackPointExtension>
            <ns3:hr>126</ns3:hr>
            <ns3:cad>92</ns3:cad>
          </ns3:TrackPointExtension>
        </extensions>
      </trkpt>
      <trkpt lat="25.0832326523959636688232421875" lon="102.724806256592273712158203125">
        <ele>1896.199951171875</ele>
        <time>2026-09-11T23:04:07.000Z</time>
        <extensions>
          <ns3:TrackPointExtension>
            <ns3:hr>126</ns3:hr>
            <ns3:cad>92</ns3:cad>
          </ns3:TrackPointExtension>
        </extensions>
      </trkpt>
      <trkpt lat="25.0832564570009708404541015625" lon="102.72482075728476047515869140625">
        <ele>1896.199951171875</ele>
        <time>2026-09-11T23:04:08.000Z</time>
        <extensions>
          <ns3:TrackPointExtension>
            <ns3:hr>126</ns3:hr>
            <ns3:cad>92</ns3:cad>
          </ns3:TrackPointExtension>
        </extensions>
      </trkpt>
      <trkpt lat="25.08328185416758060455322265625" lon="102.72483986802399158477783203125">
        <ele>1896.199951171875</ele>
        <time>2026-09-11T23:04:09.000Z</time>
        <extensions>
          <ns3:TrackPointExtension>
            <ns3:hr>125</ns3:hr>
            <ns3:cad>92</ns3:cad>
          </ns3:TrackPointExtension>
        </extensions>
      </trkpt>
      <trkpt lat="25.08330683223903179168701171875" lon="102.72485294379293918609619140625">
        <ele>1896.199951171875</ele>
        <time>2026-09-11T23:04:10.000Z</time>
        <extensions>
          <ns3:TrackPointExtension>
            <ns3:hr>125</ns3:hr>
            <ns3:cad>92</ns3:cad>
          </ns3:TrackPointExtension>
        </extensions>
      </trkpt>
      <trkpt lat="25.0833285413682460784912109375" lon="102.72487272508442401885986328125">
        <ele>1896</ele>
        <time>2026-09-11T23:04:11.000Z</time>
        <extensions>
          <ns3:TrackPointExtension>
            <ns3:hr>125</ns3:hr>
            <ns3:cad>92</ns3:cad>
          </ns3:TrackPointExtension>
        </extensions>
      </trkpt>
      <trkpt lat="25.0833521783351898193359375" lon="102.72489233873784542083740234375">
        <ele>1896</ele>
        <time>2026-09-11T23:04:12.000Z</time>
        <extensions>
          <ns3:TrackPointExtension>
            <ns3:hr>125</ns3:hr>
            <ns3:cad>92</ns3:cad>
          </ns3:TrackPointExtension>
        </extensions>
      </trkpt>
      <trkpt lat="25.0833709537982940673828125" lon="102.72491195239126682281494140625">
        <ele>1896</ele>
        <time>2026-09-11T23:04:13.000Z</time>
        <extensions>
          <ns3:TrackPointExtension>
            <ns3:hr>125</ns3:hr>
            <ns3:cad>93</ns3:cad>
          </ns3:TrackPointExtension>
        </extensions>
      </trkpt>
      <trkpt lat="25.0833949260413646697998046875" lon="102.7249400317668914794921875">
        <ele>1896</ele>
        <time>2026-09-11T23:04:14.000Z</time>
        <extensions>
          <ns3:TrackPointExtension>
            <ns3:hr>124</ns3:hr>
            <ns3:cad>93</ns3:cad>
          </ns3:TrackPointExtension>
        </extensions>
      </trkpt>
      <trkpt lat="25.0834153778851032257080078125" lon="102.72495436482131481170654296875">
        <ele>1896</ele>
        <time>2026-09-11T23:04:15.000Z</time>
        <extensions>
          <ns3:TrackPointExtension>
            <ns3:hr>125</ns3:hr>
            <ns3:cad>93</ns3:cad>
          </ns3:TrackPointExtension>
        </extensions>
      </trkpt>
      <trkpt lat="25.0834408588707447052001953125" lon="102.72498236037790775299072265625">
        <ele>1896</ele>
        <time>2026-09-11T23:04:16.000Z</time>
        <extensions>
          <ns3:TrackPointExtension>
            <ns3:hr>125</ns3:hr>
            <ns3:cad>93</ns3:cad>
          </ns3:TrackPointExtension>
        </extensions>
      </trkpt>
      <trkpt lat="25.083463490009307861328125" lon="102.72499728016555309295654296875">
        <ele>1896</ele>
        <time>2026-09-11T23:04:17.000Z</time>
        <extensions>
          <ns3:TrackPointExtension>
            <ns3:hr>124</ns3:hr>
            <ns3:cad>93</ns3:cad>
          </ns3:TrackPointExtension>
        </extensions>
      </trkpt>
      <trkpt lat="25.08348670788109302520751953125" lon="102.725024186074733734130859375">
        <ele>1896.199951171875</ele>
        <time>2026-09-11T23:04:18.000Z</time>
        <extensions>
          <ns3:TrackPointExtension>
            <ns3:hr>124</ns3:hr>
            <ns3:cad>93</ns3:cad>
          </ns3:TrackPointExtension>
        </extensions>
      </trkpt>
      <trkpt lat="25.08350900374352931976318359375" lon="102.72504287771880626678466796875">
        <ele>1896</ele>
        <time>2026-09-11T23:04:19.000Z</time>
        <extensions>
          <ns3:TrackPointExtension>
            <ns3:hr>124</ns3:hr>
            <ns3:cad>93</ns3:cad>
          </ns3:TrackPointExtension>
        </extensions>
      </trkpt>
      <trkpt lat="25.08352912031114101409912109375" lon="102.7250689454376697540283203125">
        <ele>1896</ele>
        <time>2026-09-11T23:04:20.000Z</time>
        <extensions>
          <ns3:TrackPointExtension>
            <ns3:hr>124</ns3:hr>
            <ns3:cad>93</ns3:cad>
          </ns3:TrackPointExtension>
        </extensions>
      </trkpt>
      <trkpt lat="25.08355041034519672393798828125" lon="102.72509115748107433319091796875">
        <ele>1896</ele>
        <time>2026-09-11T23:04:21.000Z</time>
        <extensions>
          <ns3:TrackPointExtension>
            <ns3:hr>124</ns3:hr>
            <ns3:cad>93</ns3:cad>
          </ns3:TrackPointExtension>
        </extensions>
      </trkpt>
      <trkpt lat="25.083563067018985748291015625" lon="102.72510842420160770416259765625">
        <ele>1896</ele>
        <time>2026-09-11T23:04:22.000Z</time>
        <extensions>
          <ns3:TrackPointExtension>
            <ns3:hr>123</ns3:hr>
            <ns3:cad>93</ns3:cad>
          </ns3:TrackPointExtension>
        </extensions>
      </trkpt>
      <trkpt lat="25.08358980529010295867919921875" lon="102.72513248026371002197265625">
        <ele>1896</ele>
        <time>2026-09-11T23:04:23.000Z</time>
        <extensions>
          <ns3:TrackPointExtension>
            <ns3:hr>123</ns3:hr>
            <ns3:cad>93</ns3:cad>
          </ns3:TrackPointExtension>
        </extensions>
      </trkpt>
      <trkpt lat="25.0836081616580486297607421875" lon="102.7251460589468479156494140625">
        <ele>1896</ele>
        <time>2026-09-11T23:04:24.000Z</time>
        <extensions>
          <ns3:TrackPointExtension>
            <ns3:hr>123</ns3:hr>
            <ns3:cad>93</ns3:cad>
          </ns3:TrackPointExtension>
        </extensions>
      </trkpt>
      <trkpt lat="25.083633475005626678466796875" lon="102.72516977973282337188720703125">
        <ele>1896</ele>
        <time>2026-09-11T23:04:25.000Z</time>
        <extensions>
          <ns3:TrackPointExtension>
            <ns3:hr>123</ns3:hr>
            <ns3:cad>93</ns3:cad>
          </ns3:TrackPointExtension>
        </extensions>
      </trkpt>
      <trkpt lat="25.08365116082131862640380859375" lon="102.7251826040446758270263671875">
        <ele>1896</ele>
        <time>2026-09-11T23:04:26.000Z</time>
        <extensions>
          <ns3:TrackPointExtension>
            <ns3:hr>122</ns3:hr>
            <ns3:cad>92</ns3:cad>
          </ns3:TrackPointExtension>
        </extensions>
      </trkpt>
      <trkpt lat="25.08367546834051609039306640625" lon="102.7252100966870784759521484375">
        <ele>1896</ele>
        <time>2026-09-11T23:04:27.000Z</time>
        <extensions>
          <ns3:TrackPointExtension>
            <ns3:hr>122</ns3:hr>
            <ns3:cad>92</ns3:cad>
          </ns3:TrackPointExtension>
        </extensions>
      </trkpt>
      <trkpt lat="25.08369675837457180023193359375" lon="102.72522962652146816253662109375">
        <ele>1896</ele>
        <time>2026-09-11T23:04:28.000Z</time>
        <extensions>
          <ns3:TrackPointExtension>
            <ns3:hr>122</ns3:hr>
            <ns3:cad>94</ns3:cad>
          </ns3:TrackPointExtension>
        </extensions>
      </trkpt>
      <trkpt lat="25.08371737785637378692626953125" lon="102.72525108419358730316162109375">
        <ele>1896</ele>
        <time>2026-09-11T23:04:29.000Z</time>
        <extensions>
          <ns3:TrackPointExtension>
            <ns3:hr>122</ns3:hr>
            <ns3:cad>94</ns3:cad>
          </ns3:TrackPointExtension>
        </extensions>
      </trkpt>
      <trkpt lat="25.0837446190416812896728515625" lon="102.72527069784700870513916015625">
        <ele>1896</ele>
        <time>2026-09-11T23:04:30.000Z</time>
        <extensions>
          <ns3:TrackPointExtension>
            <ns3:hr>122</ns3:hr>
            <ns3:cad>92</ns3:cad>
          </ns3:TrackPointExtension>
        </extensions>
      </trkpt>
      <trkpt lat="25.08376590907573699951171875" lon="102.72528813220560550689697265625">
        <ele>1896</ele>
        <time>2026-09-11T23:04:31.000Z</time>
        <extensions>
          <ns3:TrackPointExtension>
            <ns3:hr>122</ns3:hr>
            <ns3:cad>92</ns3:cad>
          </ns3:TrackPointExtension>
        </extensions>
      </trkpt>
      <trkpt lat="25.0837905518710613250732421875" lon="102.72531344555318355560302734375">
        <ele>1896.199951171875</ele>
        <time>2026-09-11T23:04:32.000Z</time>
        <extensions>
          <ns3:TrackPointExtension>
            <ns3:hr>122</ns3:hr>
            <ns3:cad>92</ns3:cad>
          </ns3:TrackPointExtension>
        </extensions>
      </trkpt>
      <trkpt lat="25.08380337618291378021240234375" lon="102.7253344841301441192626953125">
        <ele>1896.199951171875</ele>
        <time>2026-09-11T23:04:33.000Z</time>
        <extensions>
          <ns3:TrackPointExtension>
            <ns3:hr>122</ns3:hr>
            <ns3:cad>92</ns3:cad>
          </ns3:TrackPointExtension>
        </extensions>
      </trkpt>
      <trkpt lat="25.0838247500360012054443359375" lon="102.72535837255418300628662109375">
        <ele>1896</ele>
        <time>2026-09-11T23:04:34.000Z</time>
        <extensions>
          <ns3:TrackPointExtension>
            <ns3:hr>122</ns3:hr>
            <ns3:cad>92</ns3:cad>
          </ns3:TrackPointExtension>
        </extensions>
      </trkpt>
      <trkpt lat="25.08384377695620059967041015625" lon="102.72537396289408206939697265625">
        <ele>1896</ele>
        <time>2026-09-11T23:04:35.000Z</time>
        <extensions>
          <ns3:TrackPointExtension>
            <ns3:hr>123</ns3:hr>
            <ns3:cad>92</ns3:cad>
          </ns3:TrackPointExtension>
        </extensions>
      </trkpt>
      <trkpt lat="25.083867497742176055908203125" lon="102.72540195845067501068115234375">
        <ele>1896</ele>
        <time>2026-09-11T23:04:36.000Z</time>
        <extensions>
          <ns3:TrackPointExtension>
            <ns3:hr>123</ns3:hr>
            <ns3:cad>92</ns3:cad>
          </ns3:TrackPointExtension>
        </extensions>
      </trkpt>
      <trkpt lat="25.08388233371078968048095703125" lon="102.72541721351444721221923828125">
        <ele>1896</ele>
        <time>2026-09-11T23:04:37.000Z</time>
        <extensions>
          <ns3:TrackPointExtension>
            <ns3:hr>122</ns3:hr>
            <ns3:cad>92</ns3:cad>
          </ns3:TrackPointExtension>
        </extensions>
      </trkpt>
      <trkpt lat="25.08390245027840137481689453125" lon="102.725441269576549530029296875">
        <ele>1896</ele>
        <time>2026-09-11T23:04:38.000Z</time>
        <extensions>
          <ns3:TrackPointExtension>
            <ns3:hr>123</ns3:hr>
            <ns3:cad>92</ns3:cad>
          </ns3:TrackPointExtension>
        </extensions>
      </trkpt>
      <trkpt lat="25.08391837589442729949951171875" lon="102.72545593790709972381591796875">
        <ele>1896</ele>
        <time>2026-09-11T23:04:39.000Z</time>
        <extensions>
          <ns3:TrackPointExtension>
            <ns3:hr>123</ns3:hr>
            <ns3:cad>92</ns3:cad>
          </ns3:TrackPointExtension>
        </extensions>
      </trkpt>
      <trkpt lat="25.08393849246203899383544921875" lon="102.725482173264026641845703125">
        <ele>1896</ele>
        <time>2026-09-11T23:04:40.000Z</time>
        <extensions>
          <ns3:TrackPointExtension>
            <ns3:hr>123</ns3:hr>
            <ns3:cad>92</ns3:cad>
          </ns3:TrackPointExtension>
        </extensions>
      </trkpt>
      <trkpt lat="25.08395777083933353424072265625" lon="102.7254997752606868743896484375">
        <ele>1896</ele>
        <time>2026-09-11T23:04:41.000Z</time>
        <extensions>
          <ns3:TrackPointExtension>
            <ns3:hr>123</ns3:hr>
            <ns3:cad>92</ns3:cad>
          </ns3:TrackPointExtension>
        </extensions>
      </trkpt>
      <trkpt lat="25.08397956378757953643798828125" lon="102.7255255915224552154541015625">
        <ele>1896</ele>
        <time>2026-09-11T23:04:42.000Z</time>
        <extensions>
          <ns3:TrackPointExtension>
            <ns3:hr>123</ns3:hr>
            <ns3:cad>92</ns3:cad>
          </ns3:TrackPointExtension>
        </extensions>
      </trkpt>
      <trkpt lat="25.08399900980293750762939453125" lon="102.72554763592779636383056640625">
        <ele>1896</ele>
        <time>2026-09-11T23:04:43.000Z</time>
        <extensions>
          <ns3:TrackPointExtension>
            <ns3:hr>123</ns3:hr>
            <ns3:cad>92</ns3:cad>
          </ns3:TrackPointExtension>
        </extensions>
      </trkpt>
      <trkpt lat="25.084016025066375732421875" lon="102.72557177580893039703369140625">
        <ele>1896</ele>
        <time>2026-09-11T23:04:44.000Z</time>
        <extensions>
          <ns3:TrackPointExtension>
            <ns3:hr>122</ns3:hr>
            <ns3:cad>91</ns3:cad>
          </ns3:TrackPointExtension>
        </extensions>
      </trkpt>
      <trkpt lat="25.0840363092720508575439453125" lon="102.72559323348104953765869140625">
        <ele>1896</ele>
        <time>2026-09-11T23:04:45.000Z</time>
        <extensions>
          <ns3:TrackPointExtension>
            <ns3:hr>123</ns3:hr>
            <ns3:cad>91</ns3:cad>
          </ns3:TrackPointExtension>
        </extensions>
      </trkpt>
      <trkpt lat="25.0840508937835693359375" lon="102.725610248744487762451171875">
        <ele>1896</ele>
        <time>2026-09-11T23:04:46.000Z</time>
        <extensions>
          <ns3:TrackPointExtension>
            <ns3:hr>123</ns3:hr>
            <ns3:cad>91</ns3:cad>
          </ns3:TrackPointExtension>
        </extensions>
      </trkpt>
      <trkpt lat="25.08407528512179851531982421875" lon="102.7256332151591777801513671875">
        <ele>1896</ele>
        <time>2026-09-11T23:04:47.000Z</time>
        <extensions>
          <ns3:TrackPointExtension>
            <ns3:hr>123</ns3:hr>
            <ns3:cad>94</ns3:cad>
          </ns3:TrackPointExtension>
        </extensions>
      </trkpt>
      <trkpt lat="25.0840943120419979095458984375" lon="102.725647129118442535400390625">
        <ele>1896</ele>
        <time>2026-09-11T23:04:48.000Z</time>
        <extensions>
          <ns3:TrackPointExtension>
            <ns3:hr>123</ns3:hr>
            <ns3:cad>94</ns3:cad>
          </ns3:TrackPointExtension>
        </extensions>
      </trkpt>
      <trkpt lat="25.08411769755184650421142578125" lon="102.72566464729607105255126953125">
        <ele>1896</ele>
        <time>2026-09-11T23:04:49.000Z</time>
        <extensions>
          <ns3:TrackPointExtension>
            <ns3:hr>124</ns3:hr>
            <ns3:cad>91</ns3:cad>
          </ns3:TrackPointExtension>
        </extensions>
      </trkpt>
      <trkpt lat="25.0841399095952510833740234375" lon="102.72568124346435070037841796875">
        <ele>1896</ele>
        <time>2026-09-11T23:04:50.000Z</time>
        <extensions>
          <ns3:TrackPointExtension>
            <ns3:hr>124</ns3:hr>
            <ns3:cad>91</ns3:cad>
          </ns3:TrackPointExtension>
        </extensions>
      </trkpt>
      <trkpt lat="25.08416128344833850860595703125" lon="102.72570110857486724853515625">
        <ele>1896</ele>
        <time>2026-09-11T23:04:51.000Z</time>
        <extensions>
          <ns3:TrackPointExtension>
            <ns3:hr>124</ns3:hr>
            <ns3:cad>91</ns3:cad>
          </ns3:TrackPointExtension>
        </extensions>
      </trkpt>
      <trkpt lat="25.08418508805334568023681640625" lon="102.72571720182895660400390625">
        <ele>1896</ele>
        <time>2026-09-11T23:04:52.000Z</time>
        <extensions>
          <ns3:TrackPointExtension>
            <ns3:hr>124</ns3:hr>
            <ns3:cad>91</ns3:cad>
          </ns3:TrackPointExtension>
        </extensions>
      </trkpt>
      <trkpt lat="25.084198415279388427734375" lon="102.72574025206267833709716796875">
        <ele>1896</ele>
        <time>2026-09-11T23:04:53.000Z</time>
        <extensions>
          <ns3:TrackPointExtension>
            <ns3:hr>124</ns3:hr>
            <ns3:cad>91</ns3:cad>
          </ns3:TrackPointExtension>
        </extensions>
      </trkpt>
      <trkpt lat="25.08421811275184154510498046875" lon="102.725759781897068023681640625">
        <ele>1896</ele>
        <time>2026-09-11T23:04:54.000Z</time>
        <extensions>
          <ns3:TrackPointExtension>
            <ns3:hr>124</ns3:hr>
            <ns3:cad>91</ns3:cad>
          </ns3:TrackPointExtension>
        </extensions>
      </trkpt>
      <trkpt lat="25.08423588238656520843505859375" lon="102.72577780298888683319091796875">
        <ele>1896</ele>
        <time>2026-09-11T23:04:55.000Z</time>
        <extensions>
          <ns3:TrackPointExtension>
            <ns3:hr>124</ns3:hr>
            <ns3:cad>91</ns3:cad>
          </ns3:TrackPointExtension>
        </extensions>
      </trkpt>
      <trkpt lat="25.084254406392574310302734375" lon="102.72580294869840145111083984375">
        <ele>1896</ele>
        <time>2026-09-11T23:04:56.000Z</time>
        <extensions>
          <ns3:TrackPointExtension>
            <ns3:hr>124</ns3:hr>
            <ns3:cad>91</ns3:cad>
          </ns3:TrackPointExtension>
        </extensions>
      </trkpt>
      <trkpt lat="25.08426991291344165802001953125" lon="102.7258213050663471221923828125">
        <ele>1896</ele>
        <time>2026-09-11T23:04:57.000Z</time>
        <extensions>
          <ns3:TrackPointExtension>
            <ns3:hr>124</ns3:hr>
            <ns3:cad>91</ns3:cad>
          </ns3:TrackPointExtension>
        </extensions>
      </trkpt>
      <trkpt lat="25.08429623208940029144287109375" lon="102.72584888152778148651123046875">
        <ele>1896</ele>
        <time>2026-09-11T23:04:58.000Z</time>
        <extensions>
          <ns3:TrackPointExtension>
            <ns3:hr>124</ns3:hr>
            <ns3:cad>91</ns3:cad>
          </ns3:TrackPointExtension>
        </extensions>
      </trkpt>
      <trkpt lat="25.0843204557895660400390625" lon="102.725865058600902557373046875">
        <ele>1896</ele>
        <time>2026-09-11T23:04:59.000Z</time>
        <extensions>
          <ns3:TrackPointExtension>
            <ns3:hr>124</ns3:hr>
            <ns3:cad>91</ns3:cad>
          </ns3:TrackPointExtension>
        </extensions>
      </trkpt>
      <trkpt lat="25.0843499600887298583984375" lon="102.72589154541492462158203125">
        <ele>1896</ele>
        <time>2026-09-11T23:05:00.000Z</time>
        <extensions>
          <ns3:TrackPointExtension>
            <ns3:hr>124</ns3:hr>
            <ns3:cad>91</ns3:cad>
          </ns3:TrackPointExtension>
        </extensions>
      </trkpt>
      <trkpt lat="25.08437233977019786834716796875" lon="102.725906632840633392333984375">
        <ele>1896</ele>
        <time>2026-09-11T23:05:01.000Z</time>
        <extensions>
          <ns3:TrackPointExtension>
            <ns3:hr>124</ns3:hr>
            <ns3:cad>91</ns3:cad>
          </ns3:TrackPointExtension>
        </extensions>
      </trkpt>
      <trkpt lat="25.08440284989774227142333984375" lon="102.7259235642850399017333984375">
        <ele>1896</ele>
        <time>2026-09-11T23:05:02.000Z</time>
        <extensions>
          <ns3:TrackPointExtension>
            <ns3:hr>124</ns3:hr>
            <ns3:cad>91</ns3:cad>
          </ns3:TrackPointExtension>
        </extensions>
      </trkpt>
      <trkpt lat="25.0844248943030834197998046875" lon="102.7259359695017337799072265625">
        <ele>1896</ele>
        <time>2026-09-11T23:05:03.000Z</time>
        <extensions>
          <ns3:TrackPointExtension>
            <ns3:hr>124</ns3:hr>
            <ns3:cad>91</ns3:cad>
          </ns3:TrackPointExtension>
        </extensions>
      </trkpt>
      <trkpt lat="25.08445062674582004547119140625" lon="102.72595181129872798919677734375">
        <ele>1896</ele>
        <time>2026-09-11T23:05:04.000Z</time>
        <extensions>
          <ns3:TrackPointExtension>
            <ns3:hr>124</ns3:hr>
            <ns3:cad>91</ns3:cad>
          </ns3:TrackPointExtension>
        </extensions>
      </trkpt>
      <trkpt lat="25.0844728387892246246337890625" lon="102.725964970886707305908203125">
        <ele>1896</ele>
        <time>2026-09-11T23:05:05.000Z</time>
        <extensions>
          <ns3:TrackPointExtension>
            <ns3:hr>124</ns3:hr>
            <ns3:cad>91</ns3:cad>
          </ns3:TrackPointExtension>
        </extensions>
      </trkpt>
      <trkpt lat="25.084498822689056396484375" lon="102.72598584182560443878173828125">
        <ele>1896</ele>
        <time>2026-09-11T23:05:06.000Z</time>
        <extensions>
          <ns3:TrackPointExtension>
            <ns3:hr>124</ns3:hr>
            <ns3:cad>92</ns3:cad>
          </ns3:TrackPointExtension>
        </extensions>
      </trkpt>
      <trkpt lat="25.084519945085048675537109375" lon="102.72600847296416759490966796875">
        <ele>1895.800048828125</ele>
        <time>2026-09-11T23:05:07.000Z</time>
        <extensions>
          <ns3:TrackPointExtension>
            <ns3:hr>125</ns3:hr>
            <ns3:cad>92</ns3:cad>
          </ns3:TrackPointExtension>
        </extensions>
      </trkpt>
      <trkpt lat="25.084539391100406646728515625" lon="102.7260331995785236358642578125">
        <ele>1895.800048828125</ele>
        <time>2026-09-11T23:05:08.000Z</time>
        <extensions>
          <ns3:TrackPointExtension>
            <ns3:hr>125</ns3:hr>
            <ns3:cad>92</ns3:cad>
          </ns3:TrackPointExtension>
        </extensions>
      </trkpt>
      <trkpt lat="25.08456395007669925689697265625" lon="102.72605189122259616851806640625">
        <ele>1895.800048828125</ele>
        <time>2026-09-11T23:05:09.000Z</time>
        <extensions>
          <ns3:TrackPointExtension>
            <ns3:hr>125</ns3:hr>
            <ns3:cad>92</ns3:cad>
          </ns3:TrackPointExtension>
        </extensions>
      </trkpt>
      <trkpt lat="25.0845814682543277740478515625" lon="102.72607686929404735565185546875">
        <ele>1895.800048828125</ele>
        <time>2026-09-11T23:05:10.000Z</time>
        <extensions>
          <ns3:TrackPointExtension>
            <ns3:hr>125</ns3:hr>
            <ns3:cad>92</ns3:cad>
          </ns3:TrackPointExtension>
        </extensions>
      </trkpt>
      <trkpt lat="25.0845972262322902679443359375" lon="102.72609271109104156494140625">
        <ele>1895.800048828125</ele>
        <time>2026-09-11T23:05:11.000Z</time>
        <extensions>
          <ns3:TrackPointExtension>
            <ns3:hr>125</ns3:hr>
            <ns3:cad>93</ns3:cad>
          </ns3:TrackPointExtension>
        </extensions>
      </trkpt>
      <trkpt lat="25.0846129842102527618408203125" lon="102.7261136658489704132080078125">
        <ele>1896</ele>
        <time>2026-09-11T23:05:12.000Z</time>
        <extensions>
          <ns3:TrackPointExtension>
            <ns3:hr>125</ns3:hr>
            <ns3:cad>93</ns3:cad>
          </ns3:TrackPointExtension>
        </extensions>
      </trkpt>
      <trkpt lat="25.08463268168270587921142578125" lon="102.726134620606899261474609375">
        <ele>1896</ele>
        <time>2026-09-11T23:05:13.000Z</time>
        <extensions>
          <ns3:TrackPointExtension>
            <ns3:hr>125</ns3:hr>
            <ns3:cad>93</ns3:cad>
          </ns3:TrackPointExtension>
        </extensions>
      </trkpt>
      <trkpt lat="25.084649361670017242431640625" lon="102.726152054965496063232421875">
        <ele>1896</ele>
        <time>2026-09-11T23:05:14.000Z</time>
        <extensions>
          <ns3:TrackPointExtension>
            <ns3:hr>125</ns3:hr>
            <ns3:cad>92</ns3:cad>
          </ns3:TrackPointExtension>
        </extensions>
      </trkpt>
      <trkpt lat="25.0846696458756923675537109375" lon="102.726174853742122650146484375">
        <ele>1896</ele>
        <time>2026-09-11T23:05:15.000Z</time>
        <extensions>
          <ns3:TrackPointExtension>
            <ns3:hr>125</ns3:hr>
            <ns3:cad>92</ns3:cad>
          </ns3:TrackPointExtension>
        </extensions>
      </trkpt>
      <trkpt lat="25.08468867279589176177978515625" lon="102.72619337774813175201416015625">
        <ele>1896</ele>
        <time>2026-09-11T23:05:16.000Z</time>
        <extensions>
          <ns3:TrackPointExtension>
            <ns3:hr>125</ns3:hr>
            <ns3:cad>91</ns3:cad>
          </ns3:TrackPointExtension>
        </extensions>
      </trkpt>
      <trkpt lat="25.084709711372852325439453125" lon="102.7262142486870288848876953125">
        <ele>1896</ele>
        <time>2026-09-11T23:05:17.000Z</time>
        <extensions>
          <ns3:TrackPointExtension>
            <ns3:hr>125</ns3:hr>
            <ns3:cad>91</ns3:cad>
          </ns3:TrackPointExtension>
        </extensions>
      </trkpt>
      <trkpt lat="25.08472940884530544281005859375" lon="102.726229839026927947998046875">
        <ele>1896</ele>
        <time>2026-09-11T23:05:18.000Z</time>
        <extensions>
          <ns3:TrackPointExtension>
            <ns3:hr>125</ns3:hr>
            <ns3:cad>91</ns3:cad>
          </ns3:TrackPointExtension>
        </extensions>
      </trkpt>
      <trkpt lat="25.08475472219288349151611328125" lon="102.72624953649938106536865234375">
        <ele>1896</ele>
        <time>2026-09-11T23:05:19.000Z</time>
        <extensions>
          <ns3:TrackPointExtension>
            <ns3:hr>125</ns3:hr>
            <ns3:cad>91</ns3:cad>
          </ns3:TrackPointExtension>
        </extensions>
      </trkpt>
      <trkpt lat="25.0847822986543178558349609375" lon="102.72627283819019794464111328125">
        <ele>1896</ele>
        <time>2026-09-11T23:05:20.000Z</time>
        <extensions>
          <ns3:TrackPointExtension>
            <ns3:hr>124</ns3:hr>
            <ns3:cad>91</ns3:cad>
          </ns3:TrackPointExtension>
        </extensions>
      </trkpt>
      <trkpt lat="25.08480736054480075836181640625" lon="102.72629563696682453155517578125">
        <ele>1895.800048828125</ele>
        <time>2026-09-11T23:05:21.000Z</time>
        <extensions>
          <ns3:TrackPointExtension>
            <ns3:hr>125</ns3:hr>
            <ns3:cad>92</ns3:cad>
          </ns3:TrackPointExtension>
        </extensions>
      </trkpt>
      <trkpt lat="25.0848309136927127838134765625" lon="102.72632061503827571868896484375">
        <ele>1895.800048828125</ele>
        <time>2026-09-11T23:05:22.000Z</time>
        <extensions>
          <ns3:TrackPointExtension>
            <ns3:hr>125</ns3:hr>
            <ns3:cad>93</ns3:cad>
          </ns3:TrackPointExtension>
        </extensions>
      </trkpt>
      <trkpt lat="25.08485019207000732421875" lon="102.72634215652942657470703125">
        <ele>1895.800048828125</ele>
        <time>2026-09-11T23:05:23.000Z</time>
        <extensions>
          <ns3:TrackPointExtension>
            <ns3:hr>125</ns3:hr>
            <ns3:cad>93</ns3:cad>
          </ns3:TrackPointExtension>
        </extensions>
      </trkpt>
      <trkpt lat="25.0848765112459659576416015625" lon="102.7263657934963703155517578125">
        <ele>1895.800048828125</ele>
        <time>2026-09-11T23:05:24.000Z</time>
        <extensions>
          <ns3:TrackPointExtension>
            <ns3:hr>125</ns3:hr>
            <ns3:cad>93</ns3:cad>
          </ns3:TrackPointExtension>
        </extensions>
      </trkpt>
      <trkpt lat="25.08490006439387798309326171875" lon="102.72638767026364803314208984375">
        <ele>1895.800048828125</ele>
        <time>2026-09-11T23:05:25.000Z</time>
        <extensions>
          <ns3:TrackPointExtension>
            <ns3:hr>124</ns3:hr>
            <ns3:cad>93</ns3:cad>
          </ns3:TrackPointExtension>
        </extensions>
      </trkpt>
      <trkpt lat="25.08492018096148967742919921875" lon="102.7264123968780040740966796875">
        <ele>1895.800048828125</ele>
        <time>2026-09-11T23:05:26.000Z</time>
        <extensions>
          <ns3:TrackPointExtension>
            <ns3:hr>124</ns3:hr>
            <ns3:cad>93</ns3:cad>
          </ns3:TrackPointExtension>
        </extensions>
      </trkpt>
      <trkpt lat="25.0849408842623233795166015625" lon="102.726433686912059783935546875">
        <ele>1895.800048828125</ele>
        <time>2026-09-11T23:05:27.000Z</time>
        <extensions>
          <ns3:TrackPointExtension>
            <ns3:hr>125</ns3:hr>
            <ns3:cad>93</ns3:cad>
          </ns3:TrackPointExtension>
        </extensions>
      </trkpt>
      <trkpt lat="25.08495739661157131195068359375" lon="102.7264563180506229400634765625">
        <ele>1895.800048828125</ele>
        <time>2026-09-11T23:05:28.000Z</time>
        <extensions>
          <ns3:TrackPointExtension>
            <ns3:hr>125</ns3:hr>
            <ns3:cad>93</ns3:cad>
          </ns3:TrackPointExtension>
        </extensions>
      </trkpt>
      <trkpt lat="25.0849747471511363983154296875" lon="102.72647936828434467315673828125">
        <ele>1895.800048828125</ele>
        <time>2026-09-11T23:05:29.000Z</time>
        <extensions>
          <ns3:TrackPointExtension>
            <ns3:hr>125</ns3:hr>
            <ns3:cad>93</ns3:cad>
          </ns3:TrackPointExtension>
        </extensions>
      </trkpt>
      <trkpt lat="25.08499167859554290771484375" lon="102.72649412043392658233642578125">
        <ele>1895.800048828125</ele>
        <time>2026-09-11T23:05:30.000Z</time>
        <extensions>
          <ns3:TrackPointExtension>
            <ns3:hr>125</ns3:hr>
            <ns3:cad>93</ns3:cad>
          </ns3:TrackPointExtension>
        </extensions>
      </trkpt>
      <trkpt lat="25.0850143097341060638427734375" lon="102.72651247680187225341796875">
        <ele>1895.800048828125</ele>
        <time>2026-09-11T23:05:31.000Z</time>
        <extensions>
          <ns3:TrackPointExtension>
            <ns3:hr>125</ns3:hr>
            <ns3:cad>93</ns3:cad>
          </ns3:TrackPointExtension>
        </extensions>
      </trkpt>
      <trkpt lat="25.08503702469170093536376953125" lon="102.7265267260372638702392578125">
        <ele>1896</ele>
        <time>2026-09-11T23:05:32.000Z</time>
        <extensions>
          <ns3:TrackPointExtension>
            <ns3:hr>125</ns3:hr>
            <ns3:cad>93</ns3:cad>
          </ns3:TrackPointExtension>
        </extensions>
      </trkpt>
      <trkpt lat="25.0850632600486278533935546875" lon="102.72654600441455841064453125">
        <ele>1895.800048828125</ele>
        <time>2026-09-11T23:05:33.000Z</time>
        <extensions>
          <ns3:TrackPointExtension>
            <ns3:hr>126</ns3:hr>
            <ns3:cad>94</ns3:cad>
          </ns3:TrackPointExtension>
        </extensions>
      </trkpt>
      <trkpt lat="25.0850840471684932708740234375" lon="102.726561091840267181396484375">
        <ele>1895.800048828125</ele>
        <time>2026-09-11T23:05:34.000Z</time>
        <extensions>
          <ns3:TrackPointExtension>
            <ns3:hr>126</ns3:hr>
            <ns3:cad>94</ns3:cad>
          </ns3:TrackPointExtension>
        </extensions>
      </trkpt>
      <trkpt lat="25.08510877378284931182861328125" lon="102.7265850640833377838134765625">
        <ele>1895.800048828125</ele>
        <time>2026-09-11T23:05:35.000Z</time>
        <extensions>
          <ns3:TrackPointExtension>
            <ns3:hr>126</ns3:hr>
            <ns3:cad>93</ns3:cad>
          </ns3:TrackPointExtension>
        </extensions>
      </trkpt>
      <trkpt lat="25.0851286388933658599853515625" lon="102.726601324975490570068359375">
        <ele>1895.800048828125</ele>
        <time>2026-09-11T23:05:36.000Z</time>
        <extensions>
          <ns3:TrackPointExtension>
            <ns3:hr>126</ns3:hr>
            <ns3:cad>93</ns3:cad>
          </ns3:TrackPointExtension>
        </extensions>
      </trkpt>
      <trkpt lat="25.0851492583751678466796875" lon="102.72661666385829448699951171875">
        <ele>1895.800048828125</ele>
        <time>2026-09-11T23:05:37.000Z</time>
        <extensions>
          <ns3:TrackPointExtension>
            <ns3:hr>126</ns3:hr>
            <ns3:cad>91</ns3:cad>
          </ns3:TrackPointExtension>
        </extensions>
      </trkpt>
      <trkpt lat="25.085171051323413848876953125" lon="102.72663493640720844268798828125">
        <ele>1895.800048828125</ele>
        <time>2026-09-11T23:05:38.000Z</time>
        <extensions>
          <ns3:TrackPointExtension>
            <ns3:hr>126</ns3:hr>
            <ns3:cad>91</ns3:cad>
          </ns3:TrackPointExtension>
        </extensions>
      </trkpt>
      <trkpt lat="25.08519326336681842803955078125" lon="102.72665153257548809051513671875">
        <ele>1895.800048828125</ele>
        <time>2026-09-11T23:05:39.000Z</time>
        <extensions>
          <ns3:TrackPointExtension>
            <ns3:hr>126</ns3:hr>
            <ns3:cad>92</ns3:cad>
          </ns3:TrackPointExtension>
        </extensions>
      </trkpt>
      <trkpt lat="25.08521673269569873809814453125" lon="102.7266765944659709930419921875">
        <ele>1895.800048828125</ele>
        <time>2026-09-11T23:05:40.000Z</time>
        <extensions>
          <ns3:TrackPointExtension>
            <ns3:hr>126</ns3:hr>
            <ns3:cad>92</ns3:cad>
          </ns3:TrackPointExtension>
        </extensions>
      </trkpt>
      <trkpt lat="25.0852365978062152862548828125" lon="102.726695872843265533447265625">
        <ele>1895.800048828125</ele>
        <time>2026-09-11T23:05:41.000Z</time>
        <extensions>
          <ns3:TrackPointExtension>
            <ns3:hr>126</ns3:hr>
            <ns3:cad>93</ns3:cad>
          </ns3:TrackPointExtension>
        </extensions>
      </trkpt>
      <trkpt lat="25.08525864221155643463134765625" lon="102.72672034800052642822265625">
        <ele>1895.800048828125</ele>
        <time>2026-09-11T23:05:42.000Z</time>
        <extensions>
          <ns3:TrackPointExtension>
            <ns3:hr>126</ns3:hr>
            <ns3:cad>94</ns3:cad>
          </ns3:TrackPointExtension>
        </extensions>
      </trkpt>
      <trkpt lat="25.0852780044078826904296875" lon="102.7267406322062015533447265625">
        <ele>1895.800048828125</ele>
        <time>2026-09-11T23:05:43.000Z</time>
        <extensions>
          <ns3:TrackPointExtension>
            <ns3:hr>126</ns3:hr>
            <ns3:cad>94</ns3:cad>
          </ns3:TrackPointExtension>
        </extensions>
      </trkpt>
      <trkpt lat="25.08530155755579471588134765625" lon="102.7267639338970184326171875">
        <ele>1895.800048828125</ele>
        <time>2026-09-11T23:05:44.000Z</time>
        <extensions>
          <ns3:TrackPointExtension>
            <ns3:hr>125</ns3:hr>
            <ns3:cad>92</ns3:cad>
          </ns3:TrackPointExtension>
        </extensions>
      </trkpt>
      <trkpt lat="25.08532226085662841796875" lon="102.72677944041788578033447265625">
        <ele>1895.800048828125</ele>
        <time>2026-09-11T23:05:45.000Z</time>
        <extensions>
          <ns3:TrackPointExtension>
            <ns3:hr>126</ns3:hr>
            <ns3:cad>92</ns3:cad>
          </ns3:TrackPointExtension>
        </extensions>
      </trkpt>
      <trkpt lat="25.08534329943358898162841796875" lon="102.72680349647998809814453125">
        <ele>1895.5999755859375</ele>
        <time>2026-09-11T23:05:46.000Z</time>
        <extensions>
          <ns3:TrackPointExtension>
            <ns3:hr>126</ns3:hr>
            <ns3:cad>92</ns3:cad>
          </ns3:TrackPointExtension>
        </extensions>
      </trkpt>
      <trkpt lat="25.0853643380105495452880859375" lon="102.72682017646729946136474609375">
        <ele>1895.5999755859375</ele>
        <time>2026-09-11T23:05:47.000Z</time>
        <extensions>
          <ns3:TrackPointExtension>
            <ns3:hr>126</ns3:hr>
            <ns3:cad>92</ns3:cad>
          </ns3:TrackPointExtension>
        </extensions>
      </trkpt>
      <trkpt lat="25.08539141155779361724853515625" lon="102.72684238851070404052734375">
        <ele>1895.5999755859375</ele>
        <time>2026-09-11T23:05:48.000Z</time>
        <extensions>
          <ns3:TrackPointExtension>
            <ns3:hr>126</ns3:hr>
            <ns3:cad>92</ns3:cad>
          </ns3:TrackPointExtension>
        </extensions>
      </trkpt>
      <trkpt lat="25.0854152999818325042724609375" lon="102.72686108015477657318115234375">
        <ele>1895.5999755859375</ele>
        <time>2026-09-11T23:05:49.000Z</time>
        <extensions>
          <ns3:TrackPointExtension>
            <ns3:hr>126</ns3:hr>
            <ns3:cad>92</ns3:cad>
          </ns3:TrackPointExtension>
        </extensions>
      </trkpt>
      <trkpt lat="25.0854335725307464599609375" lon="102.72688304074108600616455078125">
        <ele>1895.5999755859375</ele>
        <time>2026-09-11T23:05:50.000Z</time>
        <extensions>
          <ns3:TrackPointExtension>
            <ns3:hr>126</ns3:hr>
            <ns3:cad>92</ns3:cad>
          </ns3:TrackPointExtension>
        </extensions>
      </trkpt>
      <trkpt lat="25.0854521803557872772216796875" lon="102.72690651006996631622314453125">
        <ele>1895.5999755859375</ele>
        <time>2026-09-11T23:05:51.000Z</time>
        <extensions>
          <ns3:TrackPointExtension>
            <ns3:hr>125</ns3:hr>
            <ns3:cad>92</ns3:cad>
          </ns3:TrackPointExtension>
        </extensions>
      </trkpt>
      <trkpt lat="25.0854684412479400634765625" lon="102.72692059166729450225830078125">
        <ele>1895.5999755859375</ele>
        <time>2026-09-11T23:05:52.000Z</time>
        <extensions>
          <ns3:TrackPointExtension>
            <ns3:hr>126</ns3:hr>
            <ns3:cad>92</ns3:cad>
          </ns3:TrackPointExtension>
        </extensions>
      </trkpt>
      <trkpt lat="25.0854893960058689117431640625" lon="102.7269434742629528045654296875">
        <ele>1895.5999755859375</ele>
        <time>2026-09-11T23:05:53.000Z</time>
        <extensions>
          <ns3:TrackPointExtension>
            <ns3:hr>125</ns3:hr>
            <ns3:cad>92</ns3:cad>
          </ns3:TrackPointExtension>
        </extensions>
      </trkpt>
      <trkpt lat="25.0855051539838314056396484375" lon="102.72695629857480525970458984375">
        <ele>1895.5999755859375</ele>
        <time>2026-09-11T23:05:54.000Z</time>
        <extensions>
          <ns3:TrackPointExtension>
            <ns3:hr>125</ns3:hr>
            <ns3:cad>92</ns3:cad>
          </ns3:TrackPointExtension>
        </extensions>
      </trkpt>
      <trkpt lat="25.08552602492272853851318359375" lon="102.72698295302689075469970703125">
        <ele>1895.800048828125</ele>
        <time>2026-09-11T23:05:55.000Z</time>
        <extensions>
          <ns3:TrackPointExtension>
            <ns3:hr>125</ns3:hr>
            <ns3:cad>92</ns3:cad>
          </ns3:TrackPointExtension>
        </extensions>
      </trkpt>
      <trkpt lat="25.08554195053875446319580078125" lon="102.72700206376612186431884765625">
        <ele>1895.800048828125</ele>
        <time>2026-09-11T23:05:56.000Z</time>
        <extensions>
          <ns3:TrackPointExtension>
            <ns3:hr>125</ns3:hr>
            <ns3:cad>92</ns3:cad>
          </ns3:TrackPointExtension>
        </extensions>
      </trkpt>
      <trkpt lat="25.08556164801120758056640625" lon="102.7270252816379070281982421875">
        <ele>1895.800048828125</ele>
        <time>2026-09-11T23:05:57.000Z</time>
        <extensions>
          <ns3:TrackPointExtension>
            <ns3:hr>126</ns3:hr>
            <ns3:cad>92</ns3:cad>
          </ns3:TrackPointExtension>
        </extensions>
      </trkpt>
      <trkpt lat="25.08558134548366069793701171875" lon="102.727046906948089599609375">
        <ele>1895.800048828125</ele>
        <time>2026-09-11T23:05:58.000Z</time>
        <extensions>
          <ns3:TrackPointExtension>
            <ns3:hr>126</ns3:hr>
            <ns3:cad>92</ns3:cad>
          </ns3:TrackPointExtension>
        </extensions>
      </trkpt>
      <trkpt lat="25.0855973549187183380126953125" lon="102.72706660442054271697998046875">
        <ele>1895.800048828125</ele>
        <time>2026-09-11T23:05:59.000Z</time>
        <extensions>
          <ns3:TrackPointExtension>
            <ns3:hr>126</ns3:hr>
            <ns3:cad>92</ns3:cad>
          </ns3:TrackPointExtension>
        </extensions>
      </trkpt>
      <trkpt lat="25.08561487309634685516357421875" lon="102.72708856500685214996337890625">
        <ele>1895.800048828125</ele>
        <time>2026-09-11T23:06:00.000Z</time>
        <extensions>
          <ns3:TrackPointExtension>
            <ns3:hr>126</ns3:hr>
            <ns3:cad>93</ns3:cad>
          </ns3:TrackPointExtension>
        </extensions>
      </trkpt>
      <trkpt lat="25.085633732378482818603515625" lon="102.72710197605192661285400390625">
        <ele>1895.800048828125</ele>
        <time>2026-09-11T23:06:01.000Z</time>
        <extensions>
          <ns3:TrackPointExtension>
            <ns3:hr>126</ns3:hr>
            <ns3:cad>93</ns3:cad>
          </ns3:TrackPointExtension>
        </extensions>
      </trkpt>
      <trkpt lat="25.0856550224125385284423828125" lon="102.7271235175430774688720703125">
        <ele>1895.800048828125</ele>
        <time>2026-09-11T23:06:02.000Z</time>
        <extensions>
          <ns3:TrackPointExtension>
            <ns3:hr>126</ns3:hr>
            <ns3:cad>93</ns3:cad>
          </ns3:TrackPointExtension>
        </extensions>
      </trkpt>
      <trkpt lat="25.08567404933273792266845703125" lon="102.72714279592037200927734375">
        <ele>1896</ele>
        <time>2026-09-11T23:06:03.000Z</time>
        <extensions>
          <ns3:TrackPointExtension>
            <ns3:hr>126</ns3:hr>
            <ns3:cad>93</ns3:cad>
          </ns3:TrackPointExtension>
        </extensions>
      </trkpt>
      <trkpt lat="25.085698105394840240478515625" lon="102.72716634906828403472900390625">
        <ele>1896</ele>
        <time>2026-09-11T23:06:04.000Z</time>
        <extensions>
          <ns3:TrackPointExtension>
            <ns3:hr>126</ns3:hr>
            <ns3:cad>95</ns3:cad>
          </ns3:TrackPointExtension>
        </extensions>
      </trkpt>
      <trkpt lat="25.08571947924792766571044921875" lon="102.72718193940818309783935546875">
        <ele>1896</ele>
        <time>2026-09-11T23:06:05.000Z</time>
        <extensions>
          <ns3:TrackPointExtension>
            <ns3:hr>126</ns3:hr>
            <ns3:cad>95</ns3:cad>
          </ns3:TrackPointExtension>
        </extensions>
      </trkpt>
      <trkpt lat="25.0857435353100299835205078125" lon="102.72720222361385822296142578125">
        <ele>1896</ele>
        <time>2026-09-11T23:06:06.000Z</time>
        <extensions>
          <ns3:TrackPointExtension>
            <ns3:hr>126</ns3:hr>
            <ns3:cad>95</ns3:cad>
          </ns3:TrackPointExtension>
        </extensions>
      </trkpt>
      <trkpt lat="25.08576549589633941650390625" lon="102.7272234298288822174072265625">
        <ele>1896</ele>
        <time>2026-09-11T23:06:07.000Z</time>
        <extensions>
          <ns3:TrackPointExtension>
            <ns3:hr>126</ns3:hr>
            <ns3:cad>92</ns3:cad>
          </ns3:TrackPointExtension>
        </extensions>
      </trkpt>
      <trkpt lat="25.0857874564826488494873046875" lon="102.72724580951035022735595703125">
        <ele>1896</ele>
        <time>2026-09-11T23:06:08.000Z</time>
        <extensions>
          <ns3:TrackPointExtension>
            <ns3:hr>126</ns3:hr>
            <ns3:cad>92</ns3:cad>
          </ns3:TrackPointExtension>
        </extensions>
      </trkpt>
      <trkpt lat="25.08581100963056087493896484375" lon="102.72726860828697681427001953125">
        <ele>1896</ele>
        <time>2026-09-11T23:06:09.000Z</time>
        <extensions>
          <ns3:TrackPointExtension>
            <ns3:hr>126</ns3:hr>
            <ns3:cad>92</ns3:cad>
          </ns3:TrackPointExtension>
        </extensions>
      </trkpt>
      <trkpt lat="25.085829533636569976806640625" lon="102.72728721611201763153076171875">
        <ele>1896</ele>
        <time>2026-09-11T23:06:10.000Z</time>
        <extensions>
          <ns3:TrackPointExtension>
            <ns3:hr>126</ns3:hr>
            <ns3:cad>93</ns3:cad>
          </ns3:TrackPointExtension>
        </extensions>
      </trkpt>
      <trkpt lat="25.0858521647751331329345703125" lon="102.72730766795575618743896484375">
        <ele>1896</ele>
        <time>2026-09-11T23:06:11.000Z</time>
        <extensions>
          <ns3:TrackPointExtension>
            <ns3:hr>125</ns3:hr>
            <ns3:cad>93</ns3:cad>
          </ns3:TrackPointExtension>
        </extensions>
      </trkpt>
      <trkpt lat="25.0858729518949985504150390625" lon="102.72731990553438663482666015625">
        <ele>1896</ele>
        <time>2026-09-11T23:06:12.000Z</time>
        <extensions>
          <ns3:TrackPointExtension>
            <ns3:hr>126</ns3:hr>
            <ns3:cad>93</ns3:cad>
          </ns3:TrackPointExtension>
        </extensions>
      </trkpt>
      <trkpt lat="25.08589583449065685272216796875" lon="102.72734371013939380645751953125">
        <ele>1896</ele>
        <time>2026-09-11T23:06:13.000Z</time>
        <extensions>
          <ns3:TrackPointExtension>
            <ns3:hr>126</ns3:hr>
            <ns3:cad>94</ns3:cad>
          </ns3:TrackPointExtension>
        </extensions>
      </trkpt>
      <trkpt lat="25.0859145261347293853759765625" lon="102.7273642458021640777587890625">
        <ele>1896</ele>
        <time>2026-09-11T23:06:14.000Z</time>
        <extensions>
          <ns3:TrackPointExtension>
            <ns3:hr>125</ns3:hr>
            <ns3:cad>94</ns3:cad>
          </ns3:TrackPointExtension>
        </extensions>
      </trkpt>
      <trkpt lat="25.0859403423964977264404296875" lon="102.72738687694072723388671875">
        <ele>1896</ele>
        <time>2026-09-11T23:06:15.000Z</time>
        <extensions>
          <ns3:TrackPointExtension>
            <ns3:hr>125</ns3:hr>
            <ns3:cad>94</ns3:cad>
          </ns3:TrackPointExtension>
        </extensions>
      </trkpt>
      <trkpt lat="25.08596037514507770538330078125" lon="102.72740389220416545867919921875">
        <ele>1896</ele>
        <time>2026-09-11T23:06:16.000Z</time>
        <extensions>
          <ns3:TrackPointExtension>
            <ns3:hr>125</ns3:hr>
            <ns3:cad>94</ns3:cad>
          </ns3:TrackPointExtension>
        </extensions>
      </trkpt>
      <trkpt lat="25.085980407893657684326171875" lon="102.7274175547063350677490234375">
        <ele>1896</ele>
        <time>2026-09-11T23:06:17.000Z</time>
        <extensions>
          <ns3:TrackPointExtension>
            <ns3:hr>125</ns3:hr>
            <ns3:cad>94</ns3:cad>
          </ns3:TrackPointExtension>
        </extensions>
      </trkpt>
      <trkpt lat="25.08601225912570953369140625" lon="102.72744831629097461700439453125">
        <ele>1895.800048828125</ele>
        <time>2026-09-11T23:06:18.000Z</time>
        <extensions>
          <ns3:TrackPointExtension>
            <ns3:hr>125</ns3:hr>
            <ns3:cad>94</ns3:cad>
          </ns3:TrackPointExtension>
        </extensions>
      </trkpt>
      <trkpt lat="25.08603078313171863555908203125" lon="102.72746927104890346527099609375">
        <ele>1895.800048828125</ele>
        <time>2026-09-11T23:06:19.000Z</time>
        <extensions>
          <ns3:TrackPointExtension>
            <ns3:hr>125</ns3:hr>
            <ns3:cad>93</ns3:cad>
          </ns3:TrackPointExtension>
        </extensions>
      </trkpt>
      <trkpt lat="25.0860556773841381072998046875" lon="102.727493159472942352294921875">
        <ele>1895.800048828125</ele>
        <time>2026-09-11T23:06:20.000Z</time>
        <extensions>
          <ns3:TrackPointExtension>
            <ns3:hr>124</ns3:hr>
            <ns3:cad>93</ns3:cad>
          </ns3:TrackPointExtension>
        </extensions>
      </trkpt>
      <trkpt lat="25.08607889525592327117919921875" lon="102.72750900126993656158447265625">
        <ele>1895.800048828125</ele>
        <time>2026-09-11T23:06:21.000Z</time>
        <extensions>
          <ns3:TrackPointExtension>
            <ns3:hr>124</ns3:hr>
            <ns3:cad>93</ns3:cad>
          </ns3:TrackPointExtension>
        </extensions>
      </trkpt>
      <trkpt lat="25.08610219694674015045166015625" lon="102.727533392608165740966796875">
        <ele>1895.800048828125</ele>
        <time>2026-09-11T23:06:22.000Z</time>
        <extensions>
          <ns3:TrackPointExtension>
            <ns3:hr>124</ns3:hr>
            <ns3:cad>94</ns3:cad>
          </ns3:TrackPointExtension>
        </extensions>
      </trkpt>
      <trkpt lat="25.0861223973333835601806640625" lon="102.72755862213671207427978515625">
        <ele>1895.800048828125</ele>
        <time>2026-09-11T23:06:23.000Z</time>
        <extensions>
          <ns3:TrackPointExtension>
            <ns3:hr>124</ns3:hr>
            <ns3:cad>95</ns3:cad>
          </ns3:TrackPointExtension>
        </extensions>
      </trkpt>
      <trkpt lat="25.0861438550055027008056640625" lon="102.72758142091333866119384765625">
        <ele>1895.800048828125</ele>
        <time>2026-09-11T23:06:24.000Z</time>
        <extensions>
          <ns3:TrackPointExtension>
            <ns3:hr>124</ns3:hr>
            <ns3:cad>95</ns3:cad>
          </ns3:TrackPointExtension>
        </extensions>
      </trkpt>
      <trkpt lat="25.08616640232503414154052734375" lon="102.72760279476642608642578125">
        <ele>1895.800048828125</ele>
        <time>2026-09-11T23:06:25.000Z</time>
        <extensions>
          <ns3:TrackPointExtension>
            <ns3:hr>124</ns3:hr>
            <ns3:cad>95</ns3:cad>
          </ns3:TrackPointExtension>
        </extensions>
      </trkpt>
      <trkpt lat="25.08617947809398174285888671875" lon="102.72762349806725978851318359375">
        <ele>1895.800048828125</ele>
        <time>2026-09-11T23:06:26.000Z</time>
        <extensions>
          <ns3:TrackPointExtension>
            <ns3:hr>124</ns3:hr>
            <ns3:cad>94</ns3:cad>
          </ns3:TrackPointExtension>
        </extensions>
      </trkpt>
      <trkpt lat="25.08620277978479862213134765625" lon="102.7276482246816158294677734375">
        <ele>1895.800048828125</ele>
        <time>2026-09-11T23:06:27.000Z</time>
        <extensions>
          <ns3:TrackPointExtension>
            <ns3:hr>124</ns3:hr>
            <ns3:cad>94</ns3:cad>
          </ns3:TrackPointExtension>
        </extensions>
      </trkpt>
      <trkpt lat="25.0862221419811248779296875" lon="102.7276629768311977386474609375">
        <ele>1896</ele>
        <time>2026-09-11T23:06:28.000Z</time>
        <extensions>
          <ns3:TrackPointExtension>
            <ns3:hr>124</ns3:hr>
            <ns3:cad>94</ns3:cad>
          </ns3:TrackPointExtension>
        </extensions>
      </trkpt>
      <trkpt lat="25.0862489640712738037109375" lon="102.7276854403316974639892578125">
        <ele>1896</ele>
        <time>2026-09-11T23:06:29.000Z</time>
        <extensions>
          <ns3:TrackPointExtension>
            <ns3:hr>124</ns3:hr>
            <ns3:cad>94</ns3:cad>
          </ns3:TrackPointExtension>
        </extensions>
      </trkpt>
      <trkpt lat="25.08627285249531269073486328125" lon="102.7276914753019809722900390625">
        <ele>1896</ele>
        <time>2026-09-11T23:06:30.000Z</time>
        <extensions>
          <ns3:TrackPointExtension>
            <ns3:hr>124</ns3:hr>
            <ns3:cad>94</ns3:cad>
          </ns3:TrackPointExtension>
        </extensions>
      </trkpt>
      <trkpt lat="25.0863027758896350860595703125" lon="102.72770329378545284271240234375">
        <ele>1896</ele>
        <time>2026-09-11T23:06:31.000Z</time>
        <extensions>
          <ns3:TrackPointExtension>
            <ns3:hr>124</ns3:hr>
            <ns3:cad>94</ns3:cad>
          </ns3:TrackPointExtension>
        </extensions>
      </trkpt>
      <trkpt lat="25.08632875978946685791015625" lon="102.72771142423152923583984375">
        <ele>1896</ele>
        <time>2026-09-11T23:06:32.000Z</time>
        <extensions>
          <ns3:TrackPointExtension>
            <ns3:hr>125</ns3:hr>
            <ns3:cad>94</ns3:cad>
          </ns3:TrackPointExtension>
        </extensions>
      </trkpt>
      <trkpt lat="25.08636035956442356109619140625" lon="102.72770882584154605865478515625">
        <ele>1896</ele>
        <time>2026-09-11T23:06:33.000Z</time>
        <extensions>
          <ns3:TrackPointExtension>
            <ns3:hr>125</ns3:hr>
            <ns3:cad>94</ns3:cad>
          </ns3:TrackPointExtension>
        </extensions>
      </trkpt>
      <trkpt lat="25.0863896124064922332763671875" lon="102.7277015335857868194580078125">
        <ele>1896</ele>
        <time>2026-09-11T23:06:34.000Z</time>
        <extensions>
          <ns3:TrackPointExtension>
            <ns3:hr>125</ns3:hr>
            <ns3:cad>94</ns3:cad>
          </ns3:TrackPointExtension>
        </extensions>
      </trkpt>
      <trkpt lat="25.08641568012535572052001953125" lon="102.7276941575109958648681640625">
        <ele>1896</ele>
        <time>2026-09-11T23:06:35.000Z</time>
        <extensions>
          <ns3:TrackPointExtension>
            <ns3:hr>125</ns3:hr>
            <ns3:cad>94</ns3:cad>
          </ns3:TrackPointExtension>
        </extensions>
      </trkpt>
      <trkpt lat="25.08644535206258296966552734375" lon="102.727687619626522064208984375">
        <ele>1896</ele>
        <time>2026-09-11T23:06:36.000Z</time>
        <extensions>
          <ns3:TrackPointExtension>
            <ns3:hr>126</ns3:hr>
            <ns3:cad>93</ns3:cad>
          </ns3:TrackPointExtension>
        </extensions>
      </trkpt>
      <trkpt lat="25.0864714197814464569091796875" lon="102.72767848335206508636474609375">
        <ele>1896</ele>
        <time>2026-09-11T23:06:37.000Z</time>
        <extensions>
          <ns3:TrackPointExtension>
            <ns3:hr>126</ns3:hr>
            <ns3:cad>93</ns3:cad>
          </ns3:TrackPointExtension>
        </extensions>
      </trkpt>
      <trkpt lat="25.08650050498545169830322265625" lon="102.72766239009797573089599609375">
        <ele>1896</ele>
        <time>2026-09-11T23:06:38.000Z</time>
        <extensions>
          <ns3:TrackPointExtension>
            <ns3:hr>126</ns3:hr>
            <ns3:cad>93</ns3:cad>
          </ns3:TrackPointExtension>
        </extensions>
      </trkpt>
      <trkpt lat="25.08652145974338054656982421875" lon="102.727638669312000274658203125">
        <ele>1896</ele>
        <time>2026-09-11T23:06:39.000Z</time>
        <extensions>
          <ns3:TrackPointExtension>
            <ns3:hr>126</ns3:hr>
            <ns3:cad>94</ns3:cad>
          </ns3:TrackPointExtension>
        </extensions>
      </trkpt>
      <trkpt lat="25.0865399837493896484375" lon="102.7276153676211833953857421875">
        <ele>1896</ele>
        <time>2026-09-11T23:06:40.000Z</time>
        <extensions>
          <ns3:TrackPointExtension>
            <ns3:hr>126</ns3:hr>
            <ns3:cad>93</ns3:cad>
          </ns3:TrackPointExtension>
        </extensions>
      </trkpt>
      <trkpt lat="25.08655901066958904266357421875" lon="102.727588377892971038818359375">
        <ele>1896</ele>
        <time>2026-09-11T23:06:41.000Z</time>
        <extensions>
          <ns3:TrackPointExtension>
            <ns3:hr>126</ns3:hr>
            <ns3:cad>93</ns3:cad>
          </ns3:TrackPointExtension>
        </extensions>
      </trkpt>
      <trkpt lat="25.08657527156174182891845703125" lon="102.72757002152502536773681640625">
        <ele>1896</ele>
        <time>2026-09-11T23:06:42.000Z</time>
        <extensions>
          <ns3:TrackPointExtension>
            <ns3:hr>126</ns3:hr>
            <ns3:cad>93</ns3:cad>
          </ns3:TrackPointExtension>
        </extensions>
      </trkpt>
      <trkpt lat="25.08659170009195804595947265625" lon="102.7275523357093334197998046875">
        <ele>1896</ele>
        <time>2026-09-11T23:06:43.000Z</time>
        <extensions>
          <ns3:TrackPointExtension>
            <ns3:hr>126</ns3:hr>
            <ns3:cad>96</ns3:cad>
          </ns3:TrackPointExtension>
        </extensions>
      </trkpt>
      <trkpt lat="25.0866043567657470703125" lon="102.72753037512302398681640625">
        <ele>1896</ele>
        <time>2026-09-11T23:06:44.000Z</time>
        <extensions>
          <ns3:TrackPointExtension>
            <ns3:hr>127</ns3:hr>
            <ns3:cad>96</ns3:cad>
          </ns3:TrackPointExtension>
        </extensions>
      </trkpt>
      <trkpt lat="25.0866199471056461334228515625" lon="102.72750145755708217620849609375">
        <ele>1896</ele>
        <time>2026-09-11T23:06:45.000Z</time>
        <extensions>
          <ns3:TrackPointExtension>
            <ns3:hr>126</ns3:hr>
            <ns3:cad>93</ns3:cad>
          </ns3:TrackPointExtension>
        </extensions>
      </trkpt>
      <trkpt lat="25.0866323523223400115966796875" lon="102.72748050279915332794189453125">
        <ele>1896</ele>
        <time>2026-09-11T23:06:46.000Z</time>
        <extensions>
          <ns3:TrackPointExtension>
            <ns3:hr>126</ns3:hr>
            <ns3:cad>93</ns3:cad>
          </ns3:TrackPointExtension>
        </extensions>
      </trkpt>
      <trkpt lat="25.086650960147380828857421875" lon="102.727454267442226409912109375">
        <ele>1896</ele>
        <time>2026-09-11T23:06:47.000Z</time>
        <extensions>
          <ns3:TrackPointExtension>
            <ns3:hr>126</ns3:hr>
            <ns3:cad>93</ns3:cad>
          </ns3:TrackPointExtension>
        </extensions>
      </trkpt>
      <trkpt lat="25.0866735912859439849853515625" lon="102.72743725217878818511962890625">
        <ele>1896</ele>
        <time>2026-09-11T23:06:48.000Z</time>
        <extensions>
          <ns3:TrackPointExtension>
            <ns3:hr>126</ns3:hr>
            <ns3:cad>93</ns3:cad>
          </ns3:TrackPointExtension>
        </extensions>
      </trkpt>
      <trkpt lat="25.086693204939365386962890625" lon="102.727421410381793975830078125">
        <ele>1896</ele>
        <time>2026-09-11T23:06:49.000Z</time>
        <extensions>
          <ns3:TrackPointExtension>
            <ns3:hr>126</ns3:hr>
            <ns3:cad>93</ns3:cad>
          </ns3:TrackPointExtension>
        </extensions>
      </trkpt>
      <trkpt lat="25.08671139366924762725830078125" lon="102.7273944206535816192626953125">
        <ele>1896</ele>
        <time>2026-09-11T23:06:50.000Z</time>
        <extensions>
          <ns3:TrackPointExtension>
            <ns3:hr>126</ns3:hr>
            <ns3:cad>93</ns3:cad>
          </ns3:TrackPointExtension>
        </extensions>
      </trkpt>
      <trkpt lat="25.08672446943819522857666015625" lon="102.72736650891602039337158203125">
        <ele>1896</ele>
        <time>2026-09-11T23:06:51.000Z</time>
        <extensions>
          <ns3:TrackPointExtension>
            <ns3:hr>127</ns3:hr>
            <ns3:cad>93</ns3:cad>
          </ns3:TrackPointExtension>
        </extensions>
      </trkpt>
      <trkpt lat="25.0867426581680774688720703125" lon="102.72733935154974460601806640625">
        <ele>1896</ele>
        <time>2026-09-11T23:06:52.000Z</time>
        <extensions>
          <ns3:TrackPointExtension>
            <ns3:hr>126</ns3:hr>
            <ns3:cad>93</ns3:cad>
          </ns3:TrackPointExtension>
        </extensions>
      </trkpt>
      <trkpt lat="25.08676101453602313995361328125" lon="102.7273166365921497344970703125">
        <ele>1896.199951171875</ele>
        <time>2026-09-11T23:06:53.000Z</time>
        <extensions>
          <ns3:TrackPointExtension>
            <ns3:hr>126</ns3:hr>
            <ns3:cad>94</ns3:cad>
          </ns3:TrackPointExtension>
        </extensions>
      </trkpt>
      <trkpt lat="25.086783729493618011474609375" lon="102.72729107178747653961181640625">
        <ele>1896.199951171875</ele>
        <time>2026-09-11T23:06:54.000Z</time>
        <extensions>
          <ns3:TrackPointExtension>
            <ns3:hr>126</ns3:hr>
            <ns3:cad>94</ns3:cad>
          </ns3:TrackPointExtension>
        </extensions>
      </trkpt>
      <trkpt lat="25.08680476807057857513427734375" lon="102.72726827301084995269775390625">
        <ele>1896.199951171875</ele>
        <time>2026-09-11T23:06:55.000Z</time>
        <extensions>
          <ns3:TrackPointExtension>
            <ns3:hr>126</ns3:hr>
            <ns3:cad>94</ns3:cad>
          </ns3:TrackPointExtension>
        </extensions>
      </trkpt>
      <trkpt lat="25.0868224538862705230712890625" lon="102.727241702377796173095703125">
        <ele>1896</ele>
        <time>2026-09-11T23:06:56.000Z</time>
        <extensions>
          <ns3:TrackPointExtension>
            <ns3:hr>126</ns3:hr>
            <ns3:cad>94</ns3:cad>
          </ns3:TrackPointExtension>
        </extensions>
      </trkpt>
      <trkpt lat="25.08683972060680389404296875" lon="102.7272103540599346160888671875">
        <ele>1895.800048828125</ele>
        <time>2026-09-11T23:06:57.000Z</time>
        <extensions>
          <ns3:TrackPointExtension>
            <ns3:hr>126</ns3:hr>
            <ns3:cad>94</ns3:cad>
          </ns3:TrackPointExtension>
        </extensions>
      </trkpt>
      <trkpt lat="25.08685992099344730377197265625" lon="102.7271828614175319671630859375">
        <ele>1895.800048828125</ele>
        <time>2026-09-11T23:06:58.000Z</time>
        <extensions>
          <ns3:TrackPointExtension>
            <ns3:hr>126</ns3:hr>
            <ns3:cad>94</ns3:cad>
          </ns3:TrackPointExtension>
        </extensions>
      </trkpt>
      <trkpt lat="25.08688909001648426055908203125" lon="102.7271568775177001953125">
        <ele>1895.800048828125</ele>
        <time>2026-09-11T23:06:59.000Z</time>
        <extensions>
          <ns3:TrackPointExtension>
            <ns3:hr>126</ns3:hr>
            <ns3:cad>93</ns3:cad>
          </ns3:TrackPointExtension>
        </extensions>
      </trkpt>
      <trkpt lat="25.086911804974079132080078125" lon="102.72713131271302700042724609375">
        <ele>1895.800048828125</ele>
        <time>2026-09-11T23:07:00.000Z</time>
        <extensions>
          <ns3:TrackPointExtension>
            <ns3:hr>126</ns3:hr>
            <ns3:cad>93</ns3:cad>
          </ns3:TrackPointExtension>
        </extensions>
      </trkpt>
      <trkpt lat="25.086938627064228057861328125" lon="102.727110944688320159912109375">
        <ele>1895.800048828125</ele>
        <time>2026-09-11T23:07:01.000Z</time>
        <extensions>
          <ns3:TrackPointExtension>
            <ns3:hr>126</ns3:hr>
            <ns3:cad>95</ns3:cad>
          </ns3:TrackPointExtension>
        </extensions>
      </trkpt>
      <trkpt lat="25.08695027790963649749755859375" lon="102.7270896546542644500732421875">
        <ele>1895.800048828125</ele>
        <time>2026-09-11T23:07:02.000Z</time>
        <extensions>
          <ns3:TrackPointExtension>
            <ns3:hr>126</ns3:hr>
            <ns3:cad>95</ns3:cad>
          </ns3:TrackPointExtension>
        </extensions>
      </trkpt>
      <trkpt lat="25.08696922101080417633056640625" lon="102.7270621620118618011474609375">
        <ele>1895.800048828125</ele>
        <time>2026-09-11T23:07:03.000Z</time>
        <extensions>
          <ns3:TrackPointExtension>
            <ns3:hr>126</ns3:hr>
            <ns3:cad>95</ns3:cad>
          </ns3:TrackPointExtension>
        </extensions>
      </trkpt>
      <trkpt lat="25.086981542408466339111328125" lon="102.72704028524458408355712890625">
        <ele>1895.800048828125</ele>
        <time>2026-09-11T23:07:04.000Z</time>
        <extensions>
          <ns3:TrackPointExtension>
            <ns3:hr>126</ns3:hr>
            <ns3:cad>95</ns3:cad>
          </ns3:TrackPointExtension>
        </extensions>
      </trkpt>
      <trkpt lat="25.08700023405253887176513671875" lon="102.72701480425894260406494140625">
        <ele>1895.800048828125</ele>
        <time>2026-09-11T23:07:05.000Z</time>
        <extensions>
          <ns3:TrackPointExtension>
            <ns3:hr>126</ns3:hr>
            <ns3:cad>92</ns3:cad>
          </ns3:TrackPointExtension>
        </extensions>
      </trkpt>
      <trkpt lat="25.087014399468898773193359375" lon="102.72699795663356781005859375">
        <ele>1896</ele>
        <time>2026-09-11T23:07:06.000Z</time>
        <extensions>
          <ns3:TrackPointExtension>
            <ns3:hr>126</ns3:hr>
            <ns3:cad>92</ns3:cad>
          </ns3:TrackPointExtension>
        </extensions>
      </trkpt>
      <trkpt lat="25.0870313309133052825927734375" lon="102.7269847132265567779541015625">
        <ele>1896</ele>
        <time>2026-09-11T23:07:07.000Z</time>
        <extensions>
          <ns3:TrackPointExtension>
            <ns3:hr>127</ns3:hr>
            <ns3:cad>92</ns3:cad>
          </ns3:TrackPointExtension>
        </extensions>
      </trkpt>
      <trkpt lat="25.08704884909093379974365234375" lon="102.72696367464959621429443359375">
        <ele>1895.800048828125</ele>
        <time>2026-09-11T23:07:08.000Z</time>
        <extensions>
          <ns3:TrackPointExtension>
            <ns3:hr>126</ns3:hr>
            <ns3:cad>92</ns3:cad>
          </ns3:TrackPointExtension>
        </extensions>
      </trkpt>
      <trkpt lat="25.08706343360245227813720703125" lon="102.72693383507430553436279296875">
        <ele>1895.800048828125</ele>
        <time>2026-09-11T23:07:09.000Z</time>
        <extensions>
          <ns3:TrackPointExtension>
            <ns3:hr>126</ns3:hr>
            <ns3:cad>92</ns3:cad>
          </ns3:TrackPointExtension>
        </extensions>
      </trkpt>
      <trkpt lat="25.0870816223323345184326171875" lon="102.726903744041919708251953125">
        <ele>1895.800048828125</ele>
        <time>2026-09-11T23:07:10.000Z</time>
        <extensions>
          <ns3:TrackPointExtension>
            <ns3:hr>126</ns3:hr>
            <ns3:cad>92</ns3:cad>
          </ns3:TrackPointExtension>
        </extensions>
      </trkpt>
      <trkpt lat="25.08709360845386981964111328125" lon="102.726878933608531951904296875">
        <ele>1895.800048828125</ele>
        <time>2026-09-11T23:07:11.000Z</time>
        <extensions>
          <ns3:TrackPointExtension>
            <ns3:hr>127</ns3:hr>
            <ns3:cad>93</ns3:cad>
          </ns3:TrackPointExtension>
        </extensions>
      </trkpt>
      <trkpt lat="25.08711087517440319061279296875" lon="102.72685043513774871826171875">
        <ele>1895.800048828125</ele>
        <time>2026-09-11T23:07:12.000Z</time>
        <extensions>
          <ns3:TrackPointExtension>
            <ns3:hr>126</ns3:hr>
            <ns3:cad>93</ns3:cad>
          </ns3:TrackPointExtension>
        </extensions>
      </trkpt>
      <trkpt lat="25.0871329195797443389892578125" lon="102.72682487033307552337646484375">
        <ele>1895.800048828125</ele>
        <time>2026-09-11T23:07:13.000Z</time>
        <extensions>
          <ns3:TrackPointExtension>
            <ns3:hr>126</ns3:hr>
            <ns3:cad>94</ns3:cad>
          </ns3:TrackPointExtension>
        </extensions>
      </trkpt>
      <trkpt lat="25.0871493481099605560302734375" lon="102.72680575959384441375732421875">
        <ele>1895.800048828125</ele>
        <time>2026-09-11T23:07:14.000Z</time>
        <extensions>
          <ns3:TrackPointExtension>
            <ns3:hr>126</ns3:hr>
            <ns3:cad>94</ns3:cad>
          </ns3:TrackPointExtension>
        </extensions>
      </trkpt>
      <trkpt lat="25.08717021904885768890380859375" lon="102.7267800271511077880859375">
        <ele>1895.800048828125</ele>
        <time>2026-09-11T23:07:15.000Z</time>
        <extensions>
          <ns3:TrackPointExtension>
            <ns3:hr>127</ns3:hr>
            <ns3:cad>94</ns3:cad>
          </ns3:TrackPointExtension>
        </extensions>
      </trkpt>
      <trkpt lat="25.08718681521713733673095703125" lon="102.72676317952573299407958984375">
        <ele>1895.800048828125</ele>
        <time>2026-09-11T23:07:16.000Z</time>
        <extensions>
          <ns3:TrackPointExtension>
            <ns3:hr>127</ns3:hr>
            <ns3:cad>94</ns3:cad>
          </ns3:TrackPointExtension>
        </extensions>
      </trkpt>
      <trkpt lat="25.0872090272605419158935546875" lon="102.7267416380345821380615234375">
        <ele>1895.800048828125</ele>
        <time>2026-09-11T23:07:17.000Z</time>
        <extensions>
          <ns3:TrackPointExtension>
            <ns3:hr>127</ns3:hr>
            <ns3:cad>94</ns3:cad>
          </ns3:TrackPointExtension>
        </extensions>
      </trkpt>
      <trkpt lat="25.08722998201847076416015625" lon="102.72672512568533420562744140625">
        <ele>1895.800048828125</ele>
        <time>2026-09-11T23:07:18.000Z</time>
        <extensions>
          <ns3:TrackPointExtension>
            <ns3:hr>127</ns3:hr>
            <ns3:cad>94</ns3:cad>
          </ns3:TrackPointExtension>
        </extensions>
      </trkpt>
      <trkpt lat="25.0872532837092876434326171875" lon="102.7267030812799930572509765625">
        <ele>1895.800048828125</ele>
        <time>2026-09-11T23:07:19.000Z</time>
        <extensions>
          <ns3:TrackPointExtension>
            <ns3:hr>127</ns3:hr>
            <ns3:cad>94</ns3:cad>
          </ns3:TrackPointExtension>
        </extensions>
      </trkpt>
      <trkpt lat="25.0872693769633769989013671875" lon="102.72668036632239818572998046875">
        <ele>1896</ele>
        <time>2026-09-11T23:07:20.000Z</time>
        <extensions>
          <ns3:TrackPointExtension>
            <ns3:hr>128</ns3:hr>
            <ns3:cad>93</ns3:cad>
          </ns3:TrackPointExtension>
        </extensions>
      </trkpt>
      <trkpt lat="25.08729041554033756256103515625" lon="102.7266527898609638214111328125">
        <ele>1896</ele>
        <time>2026-09-11T23:07:21.000Z</time>
        <extensions>
          <ns3:TrackPointExtension>
            <ns3:hr>127</ns3:hr>
            <ns3:cad>92</ns3:cad>
          </ns3:TrackPointExtension>
        </extensions>
      </trkpt>
      <trkpt lat="25.08731103502213954925537109375" lon="102.72662647068500518798828125">
        <ele>1896</ele>
        <time>2026-09-11T23:07:22.000Z</time>
        <extensions>
          <ns3:TrackPointExtension>
            <ns3:hr>127</ns3:hr>
            <ns3:cad>92</ns3:cad>
          </ns3:TrackPointExtension>
        </extensions>
      </trkpt>
      <trkpt lat="25.0873280502855777740478515625" lon="102.7266038395464420318603515625">
        <ele>1895.800048828125</ele>
        <time>2026-09-11T23:07:23.000Z</time>
        <extensions>
          <ns3:TrackPointExtension>
            <ns3:hr>128</ns3:hr>
            <ns3:cad>94</ns3:cad>
          </ns3:TrackPointExtension>
        </extensions>
      </trkpt>
      <trkpt lat="25.087341628968715667724609375" lon="102.7265746705234050750732421875">
        <ele>1895.800048828125</ele>
        <time>2026-09-11T23:07:24.000Z</time>
        <extensions>
          <ns3:TrackPointExtension>
            <ns3:hr>127</ns3:hr>
            <ns3:cad>94</ns3:cad>
          </ns3:TrackPointExtension>
        </extensions>
      </trkpt>
      <trkpt lat="25.08735110051929950714111328125" lon="102.72654625587165355682373046875">
        <ele>1895.800048828125</ele>
        <time>2026-09-11T23:07:25.000Z</time>
        <extensions>
          <ns3:TrackPointExtension>
            <ns3:hr>127</ns3:hr>
            <ns3:cad>92</ns3:cad>
          </ns3:TrackPointExtension>
        </extensions>
      </trkpt>
      <trkpt lat="25.08737121708691120147705078125" lon="102.72651758976280689239501953125">
        <ele>1895.5999755859375</ele>
        <time>2026-09-11T23:07:26.000Z</time>
        <extensions>
          <ns3:TrackPointExtension>
            <ns3:hr>128</ns3:hr>
            <ns3:cad>92</ns3:cad>
          </ns3:TrackPointExtension>
        </extensions>
      </trkpt>
      <trkpt lat="25.087386555969715118408203125" lon="102.72649076767265796661376953125">
        <ele>1895.5999755859375</ele>
        <time>2026-09-11T23:07:27.000Z</time>
        <extensions>
          <ns3:TrackPointExtension>
            <ns3:hr>128</ns3:hr>
            <ns3:cad>92</ns3:cad>
          </ns3:TrackPointExtension>
        </extensions>
      </trkpt>
      <trkpt lat="25.0874101929366588592529296875" lon="102.72645841352641582489013671875">
        <ele>1895.800048828125</ele>
        <time>2026-09-11T23:07:28.000Z</time>
        <extensions>
          <ns3:TrackPointExtension>
            <ns3:hr>128</ns3:hr>
            <ns3:cad>92</ns3:cad>
          </ns3:TrackPointExtension>
        </extensions>
      </trkpt>
      <trkpt lat="25.0874256156384944915771484375" lon="102.72643578238785266876220703125">
        <ele>1895.800048828125</ele>
        <time>2026-09-11T23:07:29.000Z</time>
        <extensions>
          <ns3:TrackPointExtension>
            <ns3:hr>128</ns3:hr>
            <ns3:cad>92</ns3:cad>
          </ns3:TrackPointExtension>
        </extensions>
      </trkpt>
      <trkpt lat="25.08745101280510425567626953125" lon="102.72640963084995746612548828125">
        <ele>1895.800048828125</ele>
        <time>2026-09-11T23:07:30.000Z</time>
        <extensions>
          <ns3:TrackPointExtension>
            <ns3:hr>128</ns3:hr>
            <ns3:cad>92</ns3:cad>
          </ns3:TrackPointExtension>
        </extensions>
      </trkpt>
      <trkpt lat="25.0874722190201282501220703125" lon="102.72638699971139430999755859375">
        <ele>1895.800048828125</ele>
        <time>2026-09-11T23:07:31.000Z</time>
        <extensions>
          <ns3:TrackPointExtension>
            <ns3:hr>127</ns3:hr>
            <ns3:cad>92</ns3:cad>
          </ns3:TrackPointExtension>
        </extensions>
      </trkpt>
      <trkpt lat="25.08749694563448429107666015625" lon="102.72636302746832370758056640625">
        <ele>1895.800048828125</ele>
        <time>2026-09-11T23:07:32.000Z</time>
        <extensions>
          <ns3:TrackPointExtension>
            <ns3:hr>128</ns3:hr>
            <ns3:cad>94</ns3:cad>
          </ns3:TrackPointExtension>
        </extensions>
      </trkpt>
      <trkpt lat="25.08752561174333095550537109375" lon="102.72634073160588741302490234375">
        <ele>1895.800048828125</ele>
        <time>2026-09-11T23:07:33.000Z</time>
        <extensions>
          <ns3:TrackPointExtension>
            <ns3:hr>128</ns3:hr>
            <ns3:cad>94</ns3:cad>
          </ns3:TrackPointExtension>
        </extensions>
      </trkpt>
      <trkpt lat="25.0875486619770526885986328125" lon="102.72632111795246601104736328125">
        <ele>1895.5999755859375</ele>
        <time>2026-09-11T23:07:34.000Z</time>
        <extensions>
          <ns3:TrackPointExtension>
            <ns3:hr>128</ns3:hr>
            <ns3:cad>94</ns3:cad>
          </ns3:TrackPointExtension>
        </extensions>
      </trkpt>
      <trkpt lat="25.08757355622947216033935546875" lon="102.7262967266142368316650390625">
        <ele>1895.5999755859375</ele>
        <time>2026-09-11T23:07:35.000Z</time>
        <extensions>
          <ns3:TrackPointExtension>
            <ns3:hr>127</ns3:hr>
            <ns3:cad>94</ns3:cad>
          </ns3:TrackPointExtension>
        </extensions>
      </trkpt>
      <trkpt lat="25.0875885598361492156982421875" lon="102.72627619095146656036376953125">
        <ele>1895.5999755859375</ele>
        <time>2026-09-11T23:07:36.000Z</time>
        <extensions>
          <ns3:TrackPointExtension>
            <ns3:hr>128</ns3:hr>
            <ns3:cad>94</ns3:cad>
          </ns3:TrackPointExtension>
        </extensions>
      </trkpt>
      <trkpt lat="25.08761060424149036407470703125" lon="102.7262484468519687652587890625">
        <ele>1895.5999755859375</ele>
        <time>2026-09-11T23:07:37.000Z</time>
        <extensions>
          <ns3:TrackPointExtension>
            <ns3:hr>127</ns3:hr>
            <ns3:cad>94</ns3:cad>
          </ns3:TrackPointExtension>
        </extensions>
      </trkpt>
      <trkpt lat="25.0876249372959136962890625" lon="102.72622824646532535552978515625">
        <ele>1895.5999755859375</ele>
        <time>2026-09-11T23:07:38.000Z</time>
        <extensions>
          <ns3:TrackPointExtension>
            <ns3:hr>127</ns3:hr>
            <ns3:cad>94</ns3:cad>
          </ns3:TrackPointExtension>
        </extensions>
      </trkpt>
      <trkpt lat="25.08763994090259075164794921875" lon="102.72620729170739650726318359375">
        <ele>1895.5999755859375</ele>
        <time>2026-09-11T23:07:39.000Z</time>
        <extensions>
          <ns3:TrackPointExtension>
            <ns3:hr>127</ns3:hr>
            <ns3:cad>94</ns3:cad>
          </ns3:TrackPointExtension>
        </extensions>
      </trkpt>
      <trkpt lat="25.08765377104282379150390625" lon="102.7261847443878650665283203125">
        <ele>1895.5999755859375</ele>
        <time>2026-09-11T23:07:40.000Z</time>
        <extensions>
          <ns3:TrackPointExtension>
            <ns3:hr>127</ns3:hr>
            <ns3:cad>94</ns3:cad>
          </ns3:TrackPointExtension>
        </extensions>
      </trkpt>
      <trkpt lat="25.08766575716435909271240234375" lon="102.72616404108703136444091796875">
        <ele>1895.800048828125</ele>
        <time>2026-09-11T23:07:41.000Z</time>
        <extensions>
          <ns3:TrackPointExtension>
            <ns3:hr>127</ns3:hr>
            <ns3:cad>94</ns3:cad>
          </ns3:TrackPointExtension>
        </extensions>
      </trkpt>
      <trkpt lat="25.08768193423748016357421875" lon="102.7261401526629924774169921875">
        <ele>1895.800048828125</ele>
        <time>2026-09-11T23:07:42.000Z</time>
        <extensions>
          <ns3:TrackPointExtension>
            <ns3:hr>126</ns3:hr>
            <ns3:cad>94</ns3:cad>
          </ns3:TrackPointExtension>
        </extensions>
      </trkpt>
      <trkpt lat="25.0876946747303009033203125" lon="102.726121209561824798583984375">
        <ele>1895.800048828125</ele>
        <time>2026-09-11T23:07:43.000Z</time>
        <extensions>
          <ns3:TrackPointExtension>
            <ns3:hr>126</ns3:hr>
            <ns3:cad>94</ns3:cad>
          </ns3:TrackPointExtension>
        </extensions>
      </trkpt>
      <trkpt lat="25.0877089239656925201416015625" lon="102.7260982431471347808837890625">
        <ele>1895.800048828125</ele>
        <time>2026-09-11T23:07:44.000Z</time>
        <extensions>
          <ns3:TrackPointExtension>
            <ns3:hr>126</ns3:hr>
            <ns3:cad>91</ns3:cad>
          </ns3:TrackPointExtension>
        </extensions>
      </trkpt>
      <trkpt lat="25.08772375993430614471435546875" lon="102.72608038969337940216064453125">
        <ele>1895.800048828125</ele>
        <time>2026-09-11T23:07:45.000Z</time>
        <extensions>
          <ns3:TrackPointExtension>
            <ns3:hr>126</ns3:hr>
            <ns3:cad>91</ns3:cad>
          </ns3:TrackPointExtension>
        </extensions>
      </trkpt>
      <trkpt lat="25.087744630873203277587890625" lon="102.72604904137551784515380859375">
        <ele>1895.5999755859375</ele>
        <time>2026-09-11T23:07:46.000Z</time>
        <extensions>
          <ns3:TrackPointExtension>
            <ns3:hr>126</ns3:hr>
            <ns3:cad>91</ns3:cad>
          </ns3:TrackPointExtension>
        </extensions>
      </trkpt>
      <trkpt lat="25.08775527589023113250732421875" lon="102.72602833807468414306640625">
        <ele>1895.5999755859375</ele>
        <time>2026-09-11T23:07:47.000Z</time>
        <extensions>
          <ns3:TrackPointExtension>
            <ns3:hr>126</ns3:hr>
            <ns3:cad>92</ns3:cad>
          </ns3:TrackPointExtension>
        </extensions>
      </trkpt>
      <trkpt lat="25.0877716206014156341552734375" lon="102.72599791176617145538330078125">
        <ele>1895.5999755859375</ele>
        <time>2026-09-11T23:07:48.000Z</time>
        <extensions>
          <ns3:TrackPointExtension>
            <ns3:hr>126</ns3:hr>
            <ns3:cad>92</ns3:cad>
          </ns3:TrackPointExtension>
        </extensions>
      </trkpt>
      <trkpt lat="25.0877900607883930206298828125" lon="102.725968994200229644775390625">
        <ele>1895.5999755859375</ele>
        <time>2026-09-11T23:07:49.000Z</time>
        <extensions>
          <ns3:TrackPointExtension>
            <ns3:hr>126</ns3:hr>
            <ns3:cad>92</ns3:cad>
          </ns3:TrackPointExtension>
        </extensions>
      </trkpt>
      <trkpt lat="25.0878014601767063140869140625" lon="102.72594225592911243438720703125">
        <ele>1895.5999755859375</ele>
        <time>2026-09-11T23:07:50.000Z</time>
        <extensions>
          <ns3:TrackPointExtension>
            <ns3:hr>126</ns3:hr>
            <ns3:cad>92</ns3:cad>
          </ns3:TrackPointExtension>
        </extensions>
      </trkpt>
      <trkpt lat="25.08781344629824161529541015625" lon="102.72590872831642627716064453125">
        <ele>1895.5999755859375</ele>
        <time>2026-09-11T23:07:51.000Z</time>
        <extensions>
          <ns3:TrackPointExtension>
            <ns3:hr>126</ns3:hr>
            <ns3:cad>94</ns3:cad>
          </ns3:TrackPointExtension>
        </extensions>
      </trkpt>
      <trkpt lat="25.0878274440765380859375" lon="102.72588106803596019744873046875">
        <ele>1895.5999755859375</ele>
        <time>2026-09-11T23:07:52.000Z</time>
        <extensions>
          <ns3:TrackPointExtension>
            <ns3:hr>126</ns3:hr>
            <ns3:cad>94</ns3:cad>
          </ns3:TrackPointExtension>
        </extensions>
      </trkpt>
      <trkpt lat="25.0878453813493251800537109375" lon="102.72585139609873294830322265625">
        <ele>1895.5999755859375</ele>
        <time>2026-09-11T23:07:53.000Z</time>
        <extensions>
          <ns3:TrackPointExtension>
            <ns3:hr>125</ns3:hr>
            <ns3:cad>95</ns3:cad>
          </ns3:TrackPointExtension>
        </extensions>
      </trkpt>
      <trkpt lat="25.0878557749092578887939453125" lon="102.7258253283798694610595703125">
        <ele>1895.5999755859375</ele>
        <time>2026-09-11T23:07:54.000Z</time>
        <extensions>
          <ns3:TrackPointExtension>
            <ns3:hr>125</ns3:hr>
            <ns3:cad>94</ns3:cad>
          </ns3:TrackPointExtension>
        </extensions>
      </trkpt>
      <trkpt lat="25.087868683040142059326171875" lon="102.72578559815883636474609375">
        <ele>1895.800048828125</ele>
        <time>2026-09-11T23:07:55.000Z</time>
        <extensions>
          <ns3:TrackPointExtension>
            <ns3:hr>125</ns3:hr>
            <ns3:cad>93</ns3:cad>
          </ns3:TrackPointExtension>
        </extensions>
      </trkpt>
      <trkpt lat="25.0878797471523284912109375" lon="102.72575743496417999267578125">
        <ele>1895.800048828125</ele>
        <time>2026-09-11T23:07:56.000Z</time>
        <extensions>
          <ns3:TrackPointExtension>
            <ns3:hr>126</ns3:hr>
            <ns3:cad>93</ns3:cad>
          </ns3:TrackPointExtension>
        </extensions>
      </trkpt>
      <trkpt lat="25.08789743296802043914794921875" lon="102.7257260866463184356689453125">
        <ele>1895.5999755859375</ele>
        <time>2026-09-11T23:07:57.000Z</time>
        <extensions>
          <ns3:TrackPointExtension>
            <ns3:hr>126</ns3:hr>
            <ns3:cad>95</ns3:cad>
          </ns3:TrackPointExtension>
        </extensions>
      </trkpt>
      <trkpt lat="25.08791117928922176361083984375" lon="102.72569515742361545562744140625">
        <ele>1895.5999755859375</ele>
        <time>2026-09-11T23:07:58.000Z</time>
        <extensions>
          <ns3:TrackPointExtension>
            <ns3:hr>126</ns3:hr>
            <ns3:cad>95</ns3:cad>
          </ns3:TrackPointExtension>
        </extensions>
      </trkpt>
      <trkpt lat="25.08792744018137454986572265625" lon="102.72567235864698886871337890625">
        <ele>1895.5999755859375</ele>
        <time>2026-09-11T23:07:59.000Z</time>
        <extensions>
          <ns3:TrackPointExtension>
            <ns3:hr>126</ns3:hr>
            <ns3:cad>95</ns3:cad>
          </ns3:TrackPointExtension>
        </extensions>
      </trkpt>
      <trkpt lat="25.08794420398771762847900390625" lon="102.72564335726201534271240234375">
        <ele>1895.5999755859375</ele>
        <time>2026-09-11T23:08:00.000Z</time>
        <extensions>
          <ns3:TrackPointExtension>
            <ns3:hr>126</ns3:hr>
            <ns3:cad>93</ns3:cad>
          </ns3:TrackPointExtension>
        </extensions>
      </trkpt>
      <trkpt lat="25.08795727975666522979736328125" lon="102.7256201393902301788330078125">
        <ele>1895.5999755859375</ele>
        <time>2026-09-11T23:08:01.000Z</time>
        <extensions>
          <ns3:TrackPointExtension>
            <ns3:hr>126</ns3:hr>
            <ns3:cad>93</ns3:cad>
          </ns3:TrackPointExtension>
        </extensions>
      </trkpt>
      <trkpt lat="25.087979324162006378173828125" lon="102.7255944907665252685546875">
        <ele>1895.5999755859375</ele>
        <time>2026-09-11T23:08:02.000Z</time>
        <extensions>
          <ns3:TrackPointExtension>
            <ns3:hr>126</ns3:hr>
            <ns3:cad>93</ns3:cad>
          </ns3:TrackPointExtension>
        </extensions>
      </trkpt>
      <trkpt lat="25.08799315430223941802978515625" lon="102.725572697818279266357421875">
        <ele>1895.5999755859375</ele>
        <time>2026-09-11T23:08:03.000Z</time>
        <extensions>
          <ns3:TrackPointExtension>
            <ns3:hr>126</ns3:hr>
            <ns3:cad>93</ns3:cad>
          </ns3:TrackPointExtension>
        </extensions>
      </trkpt>
      <trkpt lat="25.08800907991826534271240234375" lon="102.7255443669855594635009765625">
        <ele>1895.5999755859375</ele>
        <time>2026-09-11T23:08:04.000Z</time>
        <extensions>
          <ns3:TrackPointExtension>
            <ns3:hr>126</ns3:hr>
            <ns3:cad>93</ns3:cad>
          </ns3:TrackPointExtension>
        </extensions>
      </trkpt>
      <trkpt lat="25.08802886120975017547607421875" lon="102.7255135215818881988525390625">
        <ele>1895.5999755859375</ele>
        <time>2026-09-11T23:08:05.000Z</time>
        <extensions>
          <ns3:TrackPointExtension>
            <ns3:hr>126</ns3:hr>
            <ns3:cad>93</ns3:cad>
          </ns3:TrackPointExtension>
        </extensions>
      </trkpt>
      <trkpt lat="25.0880509056150913238525390625" lon="102.72548225708305835723876953125">
        <ele>1895.5999755859375</ele>
        <time>2026-09-11T23:08:06.000Z</time>
        <extensions>
          <ns3:TrackPointExtension>
            <ns3:hr>126</ns3:hr>
            <ns3:cad>93</ns3:cad>
          </ns3:TrackPointExtension>
        </extensions>
      </trkpt>
      <trkpt lat="25.08806959725916385650634765625" lon="102.7254528366029262542724609375">
        <ele>1895.5999755859375</ele>
        <time>2026-09-11T23:08:07.000Z</time>
        <extensions>
          <ns3:TrackPointExtension>
            <ns3:hr>127</ns3:hr>
            <ns3:cad>95</ns3:cad>
          </ns3:TrackPointExtension>
        </extensions>
      </trkpt>
      <trkpt lat="25.0880862772464752197265625" lon="102.72542626596987247467041015625">
        <ele>1895.5999755859375</ele>
        <time>2026-09-11T23:08:08.000Z</time>
        <extensions>
          <ns3:TrackPointExtension>
            <ns3:hr>126</ns3:hr>
            <ns3:cad>95</ns3:cad>
          </ns3:TrackPointExtension>
        </extensions>
      </trkpt>
      <trkpt lat="25.0881082378327846527099609375" lon="102.72539793513715267181396484375">
        <ele>1895.4000244140625</ele>
        <time>2026-09-11T23:08:09.000Z</time>
        <extensions>
          <ns3:TrackPointExtension>
            <ns3:hr>127</ns3:hr>
            <ns3:cad>95</ns3:cad>
          </ns3:TrackPointExtension>
        </extensions>
      </trkpt>
      <trkpt lat="25.0881226547062397003173828125" lon="102.72537513636052608489990234375">
        <ele>1895.4000244140625</ele>
        <time>2026-09-11T23:08:10.000Z</time>
        <extensions>
          <ns3:TrackPointExtension>
            <ns3:hr>127</ns3:hr>
            <ns3:cad>95</ns3:cad>
          </ns3:TrackPointExtension>
        </extensions>
      </trkpt>
      <trkpt lat="25.08813933469355106353759765625" lon="102.72534898482263088226318359375">
        <ele>1895.4000244140625</ele>
        <time>2026-09-11T23:08:11.000Z</time>
        <extensions>
          <ns3:TrackPointExtension>
            <ns3:hr>127</ns3:hr>
            <ns3:cad>95</ns3:cad>
          </ns3:TrackPointExtension>
        </extensions>
      </trkpt>
      <trkpt lat="25.08814989589154720306396484375" lon="102.72532652132213115692138671875">
        <ele>1895.4000244140625</ele>
        <time>2026-09-11T23:08:12.000Z</time>
        <extensions>
          <ns3:TrackPointExtension>
            <ns3:hr>127</ns3:hr>
            <ns3:cad>94</ns3:cad>
          </ns3:TrackPointExtension>
        </extensions>
      </trkpt>
      <trkpt lat="25.0881602056324481964111328125" lon="102.7253002859652042388916015625">
        <ele>1895.199951171875</ele>
        <time>2026-09-11T23:08:13.000Z</time>
        <extensions>
          <ns3:TrackPointExtension>
            <ns3:hr>128</ns3:hr>
            <ns3:cad>92</ns3:cad>
          </ns3:TrackPointExtension>
        </extensions>
      </trkpt>
      <trkpt lat="25.08817671798169612884521484375" lon="102.72527907975018024444580078125">
        <ele>1895.4000244140625</ele>
        <time>2026-09-11T23:08:14.000Z</time>
        <extensions>
          <ns3:TrackPointExtension>
            <ns3:hr>128</ns3:hr>
            <ns3:cad>91</ns3:cad>
          </ns3:TrackPointExtension>
        </extensions>
      </trkpt>
      <trkpt lat="25.08818929083645343780517578125" lon="102.72525527514517307281494140625">
        <ele>1895.4000244140625</ele>
        <time>2026-09-11T23:08:15.000Z</time>
        <extensions>
          <ns3:TrackPointExtension>
            <ns3:hr>128</ns3:hr>
            <ns3:cad>91</ns3:cad>
          </ns3:TrackPointExtension>
        </extensions>
      </trkpt>
      <trkpt lat="25.08821091614663600921630859375" lon="102.7252261899411678314208984375">
        <ele>1895.4000244140625</ele>
        <time>2026-09-11T23:08:16.000Z</time>
        <extensions>
          <ns3:TrackPointExtension>
            <ns3:hr>127</ns3:hr>
            <ns3:cad>93</ns3:cad>
          </ns3:TrackPointExtension>
        </extensions>
      </trkpt>
      <trkpt lat="25.0882312841713428497314453125" lon="102.7252030558884143829345703125">
        <ele>1895.4000244140625</ele>
        <time>2026-09-11T23:08:17.000Z</time>
        <extensions>
          <ns3:TrackPointExtension>
            <ns3:hr>127</ns3:hr>
            <ns3:cad>93</ns3:cad>
          </ns3:TrackPointExtension>
        </extensions>
      </trkpt>
      <trkpt lat="25.08825131691992282867431640625" lon="102.7251769043505191802978515625">
        <ele>1895.4000244140625</ele>
        <time>2026-09-11T23:08:18.000Z</time>
        <extensions>
          <ns3:TrackPointExtension>
            <ns3:hr>127</ns3:hr>
            <ns3:cad>93</ns3:cad>
          </ns3:TrackPointExtension>
        </extensions>
      </trkpt>
      <trkpt lat="25.08825995028018951416015625" lon="102.72515234537422657012939453125">
        <ele>1895.4000244140625</ele>
        <time>2026-09-11T23:08:19.000Z</time>
        <extensions>
          <ns3:TrackPointExtension>
            <ns3:hr>127</ns3:hr>
            <ns3:cad>93</ns3:cad>
          </ns3:TrackPointExtension>
        </extensions>
      </trkpt>
      <trkpt lat="25.08827562443912029266357421875" lon="102.725128792226314544677734375">
        <ele>1895.4000244140625</ele>
        <time>2026-09-11T23:08:20.000Z</time>
        <extensions>
          <ns3:TrackPointExtension>
            <ns3:hr>127</ns3:hr>
            <ns3:cad>93</ns3:cad>
          </ns3:TrackPointExtension>
        </extensions>
      </trkpt>
      <trkpt lat="25.08829473517835140228271484375" lon="102.725105322897434234619140625">
        <ele>1895.4000244140625</ele>
        <time>2026-09-11T23:08:21.000Z</time>
        <extensions>
          <ns3:TrackPointExtension>
            <ns3:hr>128</ns3:hr>
            <ns3:cad>96</ns3:cad>
          </ns3:TrackPointExtension>
        </extensions>
      </trkpt>
      <trkpt lat="25.088309235870838165283203125" lon="102.72508344613015651702880859375">
        <ele>1895.4000244140625</ele>
        <time>2026-09-11T23:08:22.000Z</time>
        <extensions>
          <ns3:TrackPointExtension>
            <ns3:hr>127</ns3:hr>
            <ns3:cad>96</ns3:cad>
          </ns3:TrackPointExtension>
        </extensions>
      </trkpt>
      <trkpt lat="25.08833111263811588287353515625" lon="102.7250528521835803985595703125">
        <ele>1895.4000244140625</ele>
        <time>2026-09-11T23:08:23.000Z</time>
        <extensions>
          <ns3:TrackPointExtension>
            <ns3:hr>127</ns3:hr>
            <ns3:cad>94</ns3:cad>
          </ns3:TrackPointExtension>
        </extensions>
      </trkpt>
      <trkpt lat="25.0883466191589832305908203125" lon="102.7250327356159687042236328125">
        <ele>1895.4000244140625</ele>
        <time>2026-09-11T23:08:24.000Z</time>
        <extensions>
          <ns3:TrackPointExtension>
            <ns3:hr>127</ns3:hr>
            <ns3:cad>94</ns3:cad>
          </ns3:TrackPointExtension>
        </extensions>
      </trkpt>
      <trkpt lat="25.088362880051136016845703125" lon="102.7250055782496929168701171875">
        <ele>1895.4000244140625</ele>
        <time>2026-09-11T23:08:25.000Z</time>
        <extensions>
          <ns3:TrackPointExtension>
            <ns3:hr>128</ns3:hr>
            <ns3:cad>94</ns3:cad>
          </ns3:TrackPointExtension>
        </extensions>
      </trkpt>
      <trkpt lat="25.0883821584284305572509765625" lon="102.724973894655704498291015625">
        <ele>1895.4000244140625</ele>
        <time>2026-09-11T23:08:26.000Z</time>
        <extensions>
          <ns3:TrackPointExtension>
            <ns3:hr>127</ns3:hr>
            <ns3:cad>93</ns3:cad>
          </ns3:TrackPointExtension>
        </extensions>
      </trkpt>
      <trkpt lat="25.08840076625347137451171875" lon="102.72494648583233356475830078125">
        <ele>1895.4000244140625</ele>
        <time>2026-09-11T23:08:27.000Z</time>
        <extensions>
          <ns3:TrackPointExtension>
            <ns3:hr>127</ns3:hr>
            <ns3:cad>93</ns3:cad>
          </ns3:TrackPointExtension>
        </extensions>
      </trkpt>
      <trkpt lat="25.08841727860271930694580078125" lon="102.7249160595238208770751953125">
        <ele>1895.4000244140625</ele>
        <time>2026-09-11T23:08:28.000Z</time>
        <extensions>
          <ns3:TrackPointExtension>
            <ns3:hr>127</ns3:hr>
            <ns3:cad>94</ns3:cad>
          </ns3:TrackPointExtension>
        </extensions>
      </trkpt>
      <trkpt lat="25.0884301029145717620849609375" lon="102.72489183582365512847900390625">
        <ele>1895.4000244140625</ele>
        <time>2026-09-11T23:08:29.000Z</time>
        <extensions>
          <ns3:TrackPointExtension>
            <ns3:hr>128</ns3:hr>
            <ns3:cad>94</ns3:cad>
          </ns3:TrackPointExtension>
        </extensions>
      </trkpt>
      <trkpt lat="25.08845097385346889495849609375" lon="102.72486752830445766448974609375">
        <ele>1895.4000244140625</ele>
        <time>2026-09-11T23:08:30.000Z</time>
        <extensions>
          <ns3:TrackPointExtension>
            <ns3:hr>127</ns3:hr>
            <ns3:cad>93</ns3:cad>
          </ns3:TrackPointExtension>
        </extensions>
      </trkpt>
      <trkpt lat="25.0884619541466236114501953125" lon="102.724843136966228485107421875">
        <ele>1895.4000244140625</ele>
        <time>2026-09-11T23:08:31.000Z</time>
        <extensions>
          <ns3:TrackPointExtension>
            <ns3:hr>127</ns3:hr>
            <ns3:cad>93</ns3:cad>
          </ns3:TrackPointExtension>
        </extensions>
      </trkpt>
      <trkpt lat="25.0884780474007129669189453125" lon="102.72481656633317470550537109375">
        <ele>1895.4000244140625</ele>
        <time>2026-09-11T23:08:32.000Z</time>
        <extensions>
          <ns3:TrackPointExtension>
            <ns3:hr>127</ns3:hr>
            <ns3:cad>94</ns3:cad>
          </ns3:TrackPointExtension>
        </extensions>
      </trkpt>
      <trkpt lat="25.08849221281707286834716796875" lon="102.72479410283267498016357421875">
        <ele>1895.4000244140625</ele>
        <time>2026-09-11T23:08:33.000Z</time>
        <extensions>
          <ns3:TrackPointExtension>
            <ns3:hr>128</ns3:hr>
            <ns3:cad>95</ns3:cad>
          </ns3:TrackPointExtension>
        </extensions>
      </trkpt>
      <trkpt lat="25.08850495330989360809326171875" lon="102.7247695438563823699951171875">
        <ele>1895.4000244140625</ele>
        <time>2026-09-11T23:08:34.000Z</time>
        <extensions>
          <ns3:TrackPointExtension>
            <ns3:hr>127</ns3:hr>
            <ns3:cad>95</ns3:cad>
          </ns3:TrackPointExtension>
        </extensions>
      </trkpt>
      <trkpt lat="25.0885256566107273101806640625" lon="102.72474397905170917510986328125">
        <ele>1895.4000244140625</ele>
        <time>2026-09-11T23:08:35.000Z</time>
        <extensions>
          <ns3:TrackPointExtension>
            <ns3:hr>126</ns3:hr>
            <ns3:cad>95</ns3:cad>
          </ns3:TrackPointExtension>
        </extensions>
      </trkpt>
      <trkpt lat="25.0885410793125629425048828125" lon="102.72472067736089229583740234375">
        <ele>1895.4000244140625</ele>
        <time>2026-09-11T23:08:36.000Z</time>
        <extensions>
          <ns3:TrackPointExtension>
            <ns3:hr>125</ns3:hr>
            <ns3:cad>95</ns3:cad>
          </ns3:TrackPointExtension>
        </extensions>
      </trkpt>
      <trkpt lat="25.08855457417666912078857421875" lon="102.7246934361755847930908203125">
        <ele>1895.4000244140625</ele>
        <time>2026-09-11T23:08:37.000Z</time>
        <extensions>
          <ns3:TrackPointExtension>
            <ns3:hr>125</ns3:hr>
            <ns3:cad>94</ns3:cad>
          </ns3:TrackPointExtension>
        </extensions>
      </trkpt>
      <trkpt lat="25.088574104011058807373046875" lon="102.7246669493615627288818359375">
        <ele>1895.4000244140625</ele>
        <time>2026-09-11T23:08:38.000Z</time>
        <extensions>
          <ns3:TrackPointExtension>
            <ns3:hr>125</ns3:hr>
            <ns3:cad>94</ns3:cad>
          </ns3:TrackPointExtension>
        </extensions>
      </trkpt>
      <trkpt lat="25.08859313093125820159912109375" lon="102.72464054636657238006591796875">
        <ele>1895.4000244140625</ele>
        <time>2026-09-11T23:08:39.000Z</time>
        <extensions>
          <ns3:TrackPointExtension>
            <ns3:hr>125</ns3:hr>
            <ns3:cad>94</ns3:cad>
          </ns3:TrackPointExtension>
        </extensions>
      </trkpt>
      <trkpt lat="25.08861131966114044189453125" lon="102.72461556829512119293212890625">
        <ele>1895.4000244140625</ele>
        <time>2026-09-11T23:08:40.000Z</time>
        <extensions>
          <ns3:TrackPointExtension>
            <ns3:hr>125</ns3:hr>
            <ns3:cad>93</ns3:cad>
          </ns3:TrackPointExtension>
        </extensions>
      </trkpt>
      <trkpt lat="25.088630430400371551513671875" lon="102.7245928533375263214111328125">
        <ele>1895.4000244140625</ele>
        <time>2026-09-11T23:08:41.000Z</time>
        <extensions>
          <ns3:TrackPointExtension>
            <ns3:hr>124</ns3:hr>
            <ns3:cad>93</ns3:cad>
          </ns3:TrackPointExtension>
        </extensions>
      </trkpt>
      <trkpt lat="25.08864996023476123809814453125" lon="102.7245653606951236724853515625">
        <ele>1895.4000244140625</ele>
        <time>2026-09-11T23:08:42.000Z</time>
        <extensions>
          <ns3:TrackPointExtension>
            <ns3:hr>125</ns3:hr>
            <ns3:cad>93</ns3:cad>
          </ns3:TrackPointExtension>
        </extensions>
      </trkpt>
      <trkpt lat="25.08866890333592891693115234375" lon="102.72454180754721164703369140625">
        <ele>1895.4000244140625</ele>
        <time>2026-09-11T23:08:43.000Z</time>
        <extensions>
          <ns3:TrackPointExtension>
            <ns3:hr>125</ns3:hr>
            <ns3:cad>95</ns3:cad>
          </ns3:TrackPointExtension>
        </extensions>
      </trkpt>
      <trkpt lat="25.08868801407516002655029296875" lon="102.72451263852417469024658203125">
        <ele>1895.4000244140625</ele>
        <time>2026-09-11T23:08:44.000Z</time>
        <extensions>
          <ns3:TrackPointExtension>
            <ns3:hr>124</ns3:hr>
            <ns3:cad>95</ns3:cad>
          </ns3:TrackPointExtension>
        </extensions>
      </trkpt>
      <trkpt lat="25.0887016765773296356201171875" lon="102.724488414824008941650390625">
        <ele>1895.199951171875</ele>
        <time>2026-09-11T23:08:45.000Z</time>
        <extensions>
          <ns3:TrackPointExtension>
            <ns3:hr>125</ns3:hr>
            <ns3:cad>94</ns3:cad>
          </ns3:TrackPointExtension>
        </extensions>
      </trkpt>
      <trkpt lat="25.088723637163639068603515625" lon="102.72446033544838428497314453125">
        <ele>1895.199951171875</ele>
        <time>2026-09-11T23:08:46.000Z</time>
        <extensions>
          <ns3:TrackPointExtension>
            <ns3:hr>125</ns3:hr>
            <ns3:cad>94</ns3:cad>
          </ns3:TrackPointExtension>
        </extensions>
      </trkpt>
      <trkpt lat="25.0887385569512844085693359375" lon="102.724437452852725982666015625">
        <ele>1895.4000244140625</ele>
        <time>2026-09-11T23:08:47.000Z</time>
        <extensions>
          <ns3:TrackPointExtension>
            <ns3:hr>124</ns3:hr>
            <ns3:cad>94</ns3:cad>
          </ns3:TrackPointExtension>
        </extensions>
      </trkpt>
      <trkpt lat="25.08876043371856212615966796875" lon="102.72441088221967220306396484375">
        <ele>1895.4000244140625</ele>
        <time>2026-09-11T23:08:48.000Z</time>
        <extensions>
          <ns3:TrackPointExtension>
            <ns3:hr>125</ns3:hr>
            <ns3:cad>94</ns3:cad>
          </ns3:TrackPointExtension>
        </extensions>
      </trkpt>
      <trkpt lat="25.08877895772457122802734375" lon="102.72438741289079189300537109375">
        <ele>1895.199951171875</ele>
        <time>2026-09-11T23:08:49.000Z</time>
        <extensions>
          <ns3:TrackPointExtension>
            <ns3:hr>125</ns3:hr>
            <ns3:cad>94</ns3:cad>
          </ns3:TrackPointExtension>
        </extensions>
      </trkpt>
      <trkpt lat="25.08879815228283405303955078125" lon="102.72436176426708698272705078125">
        <ele>1895.4000244140625</ele>
        <time>2026-09-11T23:08:50.000Z</time>
        <extensions>
          <ns3:TrackPointExtension>
            <ns3:hr>124</ns3:hr>
            <ns3:cad>94</ns3:cad>
          </ns3:TrackPointExtension>
        </extensions>
      </trkpt>
      <trkpt lat="25.08882245980203151702880859375" lon="102.72433276288211345672607421875">
        <ele>1895.4000244140625</ele>
        <time>2026-09-11T23:08:51.000Z</time>
        <extensions>
          <ns3:TrackPointExtension>
            <ns3:hr>125</ns3:hr>
            <ns3:cad>93</ns3:cad>
          </ns3:TrackPointExtension>
        </extensions>
      </trkpt>
      <trkpt lat="25.08883905597031116485595703125" lon="102.7243071980774402618408203125">
        <ele>1895.4000244140625</ele>
        <time>2026-09-11T23:08:52.000Z</time>
        <extensions>
          <ns3:TrackPointExtension>
            <ns3:hr>125</ns3:hr>
            <ns3:cad>93</ns3:cad>
          </ns3:TrackPointExtension>
        </extensions>
      </trkpt>
      <trkpt lat="25.08886202238500118255615234375" lon="102.72427811287343502044677734375">
        <ele>1895.4000244140625</ele>
        <time>2026-09-11T23:08:53.000Z</time>
        <extensions>
          <ns3:TrackPointExtension>
            <ns3:hr>124</ns3:hr>
            <ns3:cad>93</ns3:cad>
          </ns3:TrackPointExtension>
        </extensions>
      </trkpt>
      <trkpt lat="25.08887727744877338409423828125" lon="102.724255733191967010498046875">
        <ele>1895.5999755859375</ele>
        <time>2026-09-11T23:08:54.000Z</time>
        <extensions>
          <ns3:TrackPointExtension>
            <ns3:hr>124</ns3:hr>
            <ns3:cad>93</ns3:cad>
          </ns3:TrackPointExtension>
        </extensions>
      </trkpt>
      <trkpt lat="25.0889018364250659942626953125" lon="102.72423117421567440032958984375">
        <ele>1895.5999755859375</ele>
        <time>2026-09-11T23:08:55.000Z</time>
        <extensions>
          <ns3:TrackPointExtension>
            <ns3:hr>124</ns3:hr>
            <ns3:cad>93</ns3:cad>
          </ns3:TrackPointExtension>
        </extensions>
      </trkpt>
      <trkpt lat="25.0889202766120433807373046875" lon="102.72420854307711124420166015625">
        <ele>1895.4000244140625</ele>
        <time>2026-09-11T23:08:56.000Z</time>
        <extensions>
          <ns3:TrackPointExtension>
            <ns3:hr>124</ns3:hr>
            <ns3:cad>93</ns3:cad>
          </ns3:TrackPointExtension>
        </extensions>
      </trkpt>
      <trkpt lat="25.08894366212189197540283203125" lon="102.72418792359530925750732421875">
        <ele>1895.4000244140625</ele>
        <time>2026-09-11T23:08:57.000Z</time>
        <extensions>
          <ns3:TrackPointExtension>
            <ns3:hr>124</ns3:hr>
            <ns3:cad>93</ns3:cad>
          </ns3:TrackPointExtension>
        </extensions>
      </trkpt>
      <trkpt lat="25.08896646089851856231689453125" lon="102.724166549742221832275390625">
        <ele>1895.4000244140625</ele>
        <time>2026-09-11T23:08:58.000Z</time>
        <extensions>
          <ns3:TrackPointExtension>
            <ns3:hr>125</ns3:hr>
            <ns3:cad>92</ns3:cad>
          </ns3:TrackPointExtension>
        </extensions>
      </trkpt>
      <trkpt lat="25.088987164199352264404296875" lon="102.72414701990783214569091796875">
        <ele>1895.4000244140625</ele>
        <time>2026-09-11T23:08:59.000Z</time>
        <extensions>
          <ns3:TrackPointExtension>
            <ns3:hr>125</ns3:hr>
            <ns3:cad>92</ns3:cad>
          </ns3:TrackPointExtension>
        </extensions>
      </trkpt>
      <trkpt lat="25.08901071734726428985595703125" lon="102.72412640042603015899658203125">
        <ele>1895.4000244140625</ele>
        <time>2026-09-11T23:09:00.000Z</time>
        <extensions>
          <ns3:TrackPointExtension>
            <ns3:hr>126</ns3:hr>
            <ns3:cad>94</ns3:cad>
          </ns3:TrackPointExtension>
        </extensions>
      </trkpt>
      <trkpt lat="25.08902974426746368408203125" lon="102.72410762496292591094970703125">
        <ele>1895.5999755859375</ele>
        <time>2026-09-11T23:09:01.000Z</time>
        <extensions>
          <ns3:TrackPointExtension>
            <ns3:hr>127</ns3:hr>
            <ns3:cad>94</ns3:cad>
          </ns3:TrackPointExtension>
        </extensions>
      </trkpt>
      <trkpt lat="25.08905522525310516357421875" lon="102.724083401262760162353515625">
        <ele>1895.5999755859375</ele>
        <time>2026-09-11T23:09:02.000Z</time>
        <extensions>
          <ns3:TrackPointExtension>
            <ns3:hr>128</ns3:hr>
            <ns3:cad>94</ns3:cad>
          </ns3:TrackPointExtension>
        </extensions>
      </trkpt>
      <trkpt lat="25.08907341398298740386962890625" lon="102.72406370379030704498291015625">
        <ele>1895.5999755859375</ele>
        <time>2026-09-11T23:09:03.000Z</time>
        <extensions>
          <ns3:TrackPointExtension>
            <ns3:hr>128</ns3:hr>
            <ns3:cad>94</ns3:cad>
          </ns3:TrackPointExtension>
        </extensions>
      </trkpt>
      <trkpt lat="25.089098475873470306396484375" lon="102.724039144814014434814453125">
        <ele>1895.5999755859375</ele>
        <time>2026-09-11T23:09:04.000Z</time>
        <extensions>
          <ns3:TrackPointExtension>
            <ns3:hr>129</ns3:hr>
            <ns3:cad>93</ns3:cad>
          </ns3:TrackPointExtension>
        </extensions>
      </trkpt>
      <trkpt lat="25.0891154073178768157958984375" lon="102.72401676513254642486572265625">
        <ele>1895.5999755859375</ele>
        <time>2026-09-11T23:09:05.000Z</time>
        <extensions>
          <ns3:TrackPointExtension>
            <ns3:hr>130</ns3:hr>
            <ns3:cad>93</ns3:cad>
          </ns3:TrackPointExtension>
        </extensions>
      </trkpt>
      <trkpt lat="25.0891412235796451568603515625" lon="102.72399413399398326873779296875">
        <ele>1895.5999755859375</ele>
        <time>2026-09-11T23:09:06.000Z</time>
        <extensions>
          <ns3:TrackPointExtension>
            <ns3:hr>131</ns3:hr>
            <ns3:cad>91</ns3:cad>
          </ns3:TrackPointExtension>
        </extensions>
      </trkpt>
      <trkpt lat="25.08916343562304973602294921875" lon="102.723973095417022705078125">
        <ele>1895.5999755859375</ele>
        <time>2026-09-11T23:09:07.000Z</time>
        <extensions>
          <ns3:TrackPointExtension>
            <ns3:hr>131</ns3:hr>
            <ns3:cad>91</ns3:cad>
          </ns3:TrackPointExtension>
        </extensions>
      </trkpt>
      <trkpt lat="25.089184977114200592041015625" lon="102.723951637744903564453125">
        <ele>1895.5999755859375</ele>
        <time>2026-09-11T23:09:08.000Z</time>
        <extensions>
          <ns3:TrackPointExtension>
            <ns3:hr>131</ns3:hr>
            <ns3:cad>91</ns3:cad>
          </ns3:TrackPointExtension>
        </extensions>
      </trkpt>
      <trkpt lat="25.08921087719500064849853515625" lon="102.7239276655018329620361328125">
        <ele>1895.800048828125</ele>
        <time>2026-09-11T23:09:09.000Z</time>
        <extensions>
          <ns3:TrackPointExtension>
            <ns3:hr>132</ns3:hr>
            <ns3:cad>91</ns3:cad>
          </ns3:TrackPointExtension>
        </extensions>
      </trkpt>
      <trkpt lat="25.08923216722905635833740234375" lon="102.723910398781299591064453125">
        <ele>1895.800048828125</ele>
        <time>2026-09-11T23:09:10.000Z</time>
        <extensions>
          <ns3:TrackPointExtension>
            <ns3:hr>132</ns3:hr>
            <ns3:cad>91</ns3:cad>
          </ns3:TrackPointExtension>
        </extensions>
      </trkpt>
      <trkpt lat="25.08926636539399623870849609375" lon="102.7238958142697811126708984375">
        <ele>1895.800048828125</ele>
        <time>2026-09-11T23:09:11.000Z</time>
        <extensions>
          <ns3:TrackPointExtension>
            <ns3:hr>132</ns3:hr>
            <ns3:cad>92</ns3:cad>
          </ns3:TrackPointExtension>
        </extensions>
      </trkpt>
      <trkpt lat="25.0892967917025089263916015625" lon="102.72388516925275325775146484375">
        <ele>1895.5999755859375</ele>
        <time>2026-09-11T23:09:12.000Z</time>
        <extensions>
          <ns3:TrackPointExtension>
            <ns3:hr>132</ns3:hr>
            <ns3:cad>92</ns3:cad>
          </ns3:TrackPointExtension>
        </extensions>
      </trkpt>
      <trkpt lat="25.0893397070467472076416015625" lon="102.7238751947879791259765625">
        <ele>1895.5999755859375</ele>
        <time>2026-09-11T23:09:13.000Z</time>
        <extensions>
          <ns3:TrackPointExtension>
            <ns3:hr>132</ns3:hr>
            <ns3:cad>95</ns3:cad>
          </ns3:TrackPointExtension>
        </extensions>
      </trkpt>
      <trkpt lat="25.08936979807913303375244140625" lon="102.723864801228046417236328125">
        <ele>1895.5999755859375</ele>
        <time>2026-09-11T23:09:14.000Z</time>
        <extensions>
          <ns3:TrackPointExtension>
            <ns3:hr>132</ns3:hr>
            <ns3:cad>95</ns3:cad>
          </ns3:TrackPointExtension>
        </extensions>
      </trkpt>
      <trkpt lat="25.0894101150333881378173828125" lon="102.72385180927813053131103515625">
        <ele>1895.5999755859375</ele>
        <time>2026-09-11T23:09:15.000Z</time>
        <extensions>
          <ns3:TrackPointExtension>
            <ns3:hr>132</ns3:hr>
            <ns3:cad>92</ns3:cad>
          </ns3:TrackPointExtension>
        </extensions>
      </trkpt>
      <trkpt lat="25.089443810284137725830078125" lon="102.7238368056714534759521484375">
        <ele>1895.800048828125</ele>
        <time>2026-09-11T23:09:16.000Z</time>
        <extensions>
          <ns3:TrackPointExtension>
            <ns3:hr>133</ns3:hr>
            <ns3:cad>92</ns3:cad>
          </ns3:TrackPointExtension>
        </extensions>
      </trkpt>
      <trkpt lat="25.0894798524677753448486328125" lon="102.72381819784641265869140625">
        <ele>1895.800048828125</ele>
        <time>2026-09-11T23:09:17.000Z</time>
        <extensions>
          <ns3:TrackPointExtension>
            <ns3:hr>132</ns3:hr>
            <ns3:cad>94</ns3:cad>
          </ns3:TrackPointExtension>
        </extensions>
      </trkpt>
      <trkpt lat="25.08951581083238124847412109375" lon="102.72378894500434398651123046875">
        <ele>1895.800048828125</ele>
        <time>2026-09-11T23:09:18.000Z</time>
        <extensions>
          <ns3:TrackPointExtension>
            <ns3:hr>132</ns3:hr>
            <ns3:cad>94</ns3:cad>
          </ns3:TrackPointExtension>
        </extensions>
      </trkpt>
      <trkpt lat="25.08953659795224666595458984375" lon="102.72376262582838535308837890625">
        <ele>1895.800048828125</ele>
        <time>2026-09-11T23:09:19.000Z</time>
        <extensions>
          <ns3:TrackPointExtension>
            <ns3:hr>133</ns3:hr>
            <ns3:cad>94</ns3:cad>
          </ns3:TrackPointExtension>
        </extensions>
      </trkpt>
      <trkpt lat="25.08956878446042537689208984375" lon="102.72373161278665065765380859375">
        <ele>1895.800048828125</ele>
        <time>2026-09-11T23:09:20.000Z</time>
        <extensions>
          <ns3:TrackPointExtension>
            <ns3:hr>133</ns3:hr>
            <ns3:cad>94</ns3:cad>
          </ns3:TrackPointExtension>
        </extensions>
      </trkpt>
      <trkpt lat="25.08958655409514904022216796875" lon="102.72370755672454833984375">
        <ele>1895.800048828125</ele>
        <time>2026-09-11T23:09:21.000Z</time>
        <extensions>
          <ns3:TrackPointExtension>
            <ns3:hr>133</ns3:hr>
            <ns3:cad>94</ns3:cad>
          </ns3:TrackPointExtension>
        </extensions>
      </trkpt>
      <trkpt lat="25.08961723186075687408447265625" lon="102.723688445985317230224609375">
        <ele>1895.800048828125</ele>
        <time>2026-09-11T23:09:22.000Z</time>
        <extensions>
          <ns3:TrackPointExtension>
            <ns3:hr>133</ns3:hr>
            <ns3:cad>94</ns3:cad>
          </ns3:TrackPointExtension>
        </extensions>
      </trkpt>
      <trkpt lat="25.08964262902736663818359375" lon="102.72367201745510101318359375">
        <ele>1895.800048828125</ele>
        <time>2026-09-11T23:09:23.000Z</time>
        <extensions>
          <ns3:TrackPointExtension>
            <ns3:hr>134</ns3:hr>
            <ns3:cad>95</ns3:cad>
          </ns3:TrackPointExtension>
        </extensions>
      </trkpt>
      <trkpt lat="25.0896702893078327178955078125" lon="102.723677717149257659912109375">
        <ele>1895.800048828125</ele>
        <time>2026-09-11T23:09:24.000Z</time>
        <extensions>
          <ns3:TrackPointExtension>
            <ns3:hr>134</ns3:hr>
            <ns3:cad>95</ns3:cad>
          </ns3:TrackPointExtension>
        </extensions>
      </trkpt>
      <trkpt lat="25.08969887159764766693115234375" lon="102.72368433885276317596435546875">
        <ele>1896</ele>
        <time>2026-09-11T23:09:25.000Z</time>
        <extensions>
          <ns3:TrackPointExtension>
            <ns3:hr>134</ns3:hr>
            <ns3:cad>95</ns3:cad>
          </ns3:TrackPointExtension>
        </extensions>
      </trkpt>
      <trkpt lat="25.08972175419330596923828125" lon="102.723690457642078399658203125">
        <ele>1896</ele>
        <time>2026-09-11T23:09:26.000Z</time>
        <extensions>
          <ns3:TrackPointExtension>
            <ns3:hr>134</ns3:hr>
            <ns3:cad>95</ns3:cad>
          </ns3:TrackPointExtension>
        </extensions>
      </trkpt>
      <trkpt lat="25.08975435979664325714111328125" lon="102.72370412014424800872802734375">
        <ele>1896</ele>
        <time>2026-09-11T23:09:27.000Z</time>
        <extensions>
          <ns3:TrackPointExtension>
            <ns3:hr>134</ns3:hr>
            <ns3:cad>95</ns3:cad>
          </ns3:TrackPointExtension>
        </extensions>
      </trkpt>
      <trkpt lat="25.08977883495390415191650390625" lon="102.72371199913322925567626953125">
        <ele>1896.199951171875</ele>
        <time>2026-09-11T23:09:28.000Z</time>
        <extensions>
          <ns3:TrackPointExtension>
            <ns3:hr>135</ns3:hr>
            <ns3:cad>95</ns3:cad>
          </ns3:TrackPointExtension>
        </extensions>
      </trkpt>
      <trkpt lat="25.089811272919178009033203125" lon="102.7237063832581043243408203125">
        <ele>1896.199951171875</ele>
        <time>2026-09-11T23:09:29.000Z</time>
        <extensions>
          <ns3:TrackPointExtension>
            <ns3:hr>135</ns3:hr>
            <ns3:cad>95</ns3:cad>
          </ns3:TrackPointExtension>
        </extensions>
      </trkpt>
      <trkpt lat="25.08983197622001171112060546875" lon="102.72369557060301303863525390625">
        <ele>1896.199951171875</ele>
        <time>2026-09-11T23:09:30.000Z</time>
        <extensions>
          <ns3:TrackPointExtension>
            <ns3:hr>135</ns3:hr>
            <ns3:cad>95</ns3:cad>
          </ns3:TrackPointExtension>
        </extensions>
      </trkpt>
      <trkpt lat="25.08985578082501888275146484375" lon="102.723677046597003936767578125">
        <ele>1896</ele>
        <time>2026-09-11T23:09:31.000Z</time>
        <extensions>
          <ns3:TrackPointExtension>
            <ns3:hr>135</ns3:hr>
            <ns3:cad>93</ns3:cad>
          </ns3:TrackPointExtension>
        </extensions>
      </trkpt>
      <trkpt lat="25.089872963726520538330078125" lon="102.723661623895168304443359375">
        <ele>1896</ele>
        <time>2026-09-11T23:09:32.000Z</time>
        <extensions>
          <ns3:TrackPointExtension>
            <ns3:hr>136</ns3:hr>
            <ns3:cad>93</ns3:cad>
          </ns3:TrackPointExtension>
        </extensions>
      </trkpt>
      <trkpt lat="25.08990104310214519500732421875" lon="102.72364662028849124908447265625">
        <ele>1896</ele>
        <time>2026-09-11T23:09:33.000Z</time>
        <extensions>
          <ns3:TrackPointExtension>
            <ns3:hr>136</ns3:hr>
            <ns3:cad>93</ns3:cad>
          </ns3:TrackPointExtension>
        </extensions>
      </trkpt>
      <trkpt lat="25.08991797454655170440673828125" lon="102.72362776100635528564453125">
        <ele>1895.800048828125</ele>
        <time>2026-09-11T23:09:34.000Z</time>
        <extensions>
          <ns3:TrackPointExtension>
            <ns3:hr>136</ns3:hr>
            <ns3:cad>93</ns3:cad>
          </ns3:TrackPointExtension>
        </extensions>
      </trkpt>
      <trkpt lat="25.0899421982467174530029296875" lon="102.7236064709722995758056640625">
        <ele>1895.800048828125</ele>
        <time>2026-09-11T23:09:35.000Z</time>
        <extensions>
          <ns3:TrackPointExtension>
            <ns3:hr>136</ns3:hr>
            <ns3:cad>93</ns3:cad>
          </ns3:TrackPointExtension>
        </extensions>
      </trkpt>
      <trkpt lat="25.08996021933853626251220703125" lon="102.723586857318878173828125">
        <ele>1895.800048828125</ele>
        <time>2026-09-11T23:09:36.000Z</time>
        <extensions>
          <ns3:TrackPointExtension>
            <ns3:hr>137</ns3:hr>
            <ns3:cad>93</ns3:cad>
          </ns3:TrackPointExtension>
        </extensions>
      </trkpt>
      <trkpt lat="25.08998435921967029571533203125" lon="102.7235638909041881561279296875">
        <ele>1896</ele>
        <time>2026-09-11T23:09:37.000Z</time>
        <extensions>
          <ns3:TrackPointExtension>
            <ns3:hr>137</ns3:hr>
            <ns3:cad>93</ns3:cad>
          </ns3:TrackPointExtension>
        </extensions>
      </trkpt>
      <trkpt lat="25.09000648744404315948486328125" lon="102.72353916428983211517333984375">
        <ele>1896</ele>
        <time>2026-09-11T23:09:38.000Z</time>
        <extensions>
          <ns3:TrackPointExtension>
            <ns3:hr>137</ns3:hr>
            <ns3:cad>92</ns3:cad>
          </ns3:TrackPointExtension>
        </extensions>
      </trkpt>
      <trkpt lat="25.0900250114500522613525390625" lon="102.7235105820000171661376953125">
        <ele>1896</ele>
        <time>2026-09-11T23:09:39.000Z</time>
        <extensions>
          <ns3:TrackPointExtension>
            <ns3:hr>136</ns3:hr>
            <ns3:cad>92</ns3:cad>
          </ns3:TrackPointExtension>
        </extensions>
      </trkpt>
      <trkpt lat="25.0900437869131565093994140625" lon="102.72347881458699703216552734375">
        <ele>1896</ele>
        <time>2026-09-11T23:09:40.000Z</time>
        <extensions>
          <ns3:TrackPointExtension>
            <ns3:hr>137</ns3:hr>
            <ns3:cad>92</ns3:cad>
          </ns3:TrackPointExtension>
        </extensions>
      </trkpt>
      <trkpt lat="25.090058036148548126220703125" lon="102.723447717726230621337890625">
        <ele>1896</ele>
        <time>2026-09-11T23:09:41.000Z</time>
        <extensions>
          <ns3:TrackPointExtension>
            <ns3:hr>137</ns3:hr>
            <ns3:cad>91</ns3:cad>
          </ns3:TrackPointExtension>
        </extensions>
      </trkpt>
      <trkpt lat="25.0900793261826038360595703125" lon="102.72342433221638202667236328125">
        <ele>1896</ele>
        <time>2026-09-11T23:09:42.000Z</time>
        <extensions>
          <ns3:TrackPointExtension>
            <ns3:hr>137</ns3:hr>
            <ns3:cad>91</ns3:cad>
          </ns3:TrackPointExtension>
        </extensions>
      </trkpt>
      <trkpt lat="25.0900947488844394683837890625" lon="102.72340337745845317840576171875">
        <ele>1896</ele>
        <time>2026-09-11T23:09:43.000Z</time>
        <extensions>
          <ns3:TrackPointExtension>
            <ns3:hr>136</ns3:hr>
            <ns3:cad>91</ns3:cad>
          </ns3:TrackPointExtension>
        </extensions>
      </trkpt>
      <trkpt lat="25.09011779911816120147705078125" lon="102.72338426671922206878662109375">
        <ele>1896</ele>
        <time>2026-09-11T23:09:44.000Z</time>
        <extensions>
          <ns3:TrackPointExtension>
            <ns3:hr>137</ns3:hr>
            <ns3:cad>92</ns3:cad>
          </ns3:TrackPointExtension>
        </extensions>
      </trkpt>
      <trkpt lat="25.0901354849338531494140625" lon="102.7233650721609592437744140625">
        <ele>1896</ele>
        <time>2026-09-11T23:09:45.000Z</time>
        <extensions>
          <ns3:TrackPointExtension>
            <ns3:hr>137</ns3:hr>
            <ns3:cad>92</ns3:cad>
          </ns3:TrackPointExtension>
        </extensions>
      </trkpt>
      <trkpt lat="25.0901567749679088592529296875" lon="102.7233441174030303955078125">
        <ele>1896</ele>
        <time>2026-09-11T23:09:46.000Z</time>
        <extensions>
          <ns3:TrackPointExtension>
            <ns3:hr>137</ns3:hr>
            <ns3:cad>92</ns3:cad>
          </ns3:TrackPointExtension>
        </extensions>
      </trkpt>
      <trkpt lat="25.09017043747007846832275390625" lon="102.72332224063575267791748046875">
        <ele>1896</ele>
        <time>2026-09-11T23:09:47.000Z</time>
        <extensions>
          <ns3:TrackPointExtension>
            <ns3:hr>136</ns3:hr>
            <ns3:cad>94</ns3:cad>
          </ns3:TrackPointExtension>
        </extensions>
      </trkpt>
      <trkpt lat="25.09019248187541961669921875" lon="102.72330111823976039886474609375">
        <ele>1896</ele>
        <time>2026-09-11T23:09:48.000Z</time>
        <extensions>
          <ns3:TrackPointExtension>
            <ns3:hr>136</ns3:hr>
            <ns3:cad>94</ns3:cad>
          </ns3:TrackPointExtension>
        </extensions>
      </trkpt>
      <trkpt lat="25.090207569301128387451171875" lon="102.7232792414724826812744140625">
        <ele>1896</ele>
        <time>2026-09-11T23:09:49.000Z</time>
        <extensions>
          <ns3:TrackPointExtension>
            <ns3:hr>136</ns3:hr>
            <ns3:cad>92</ns3:cad>
          </ns3:TrackPointExtension>
        </extensions>
      </trkpt>
      <trkpt lat="25.090220980346202850341796875" lon="102.72325568832457065582275390625">
        <ele>1896</ele>
        <time>2026-09-11T23:09:50.000Z</time>
        <extensions>
          <ns3:TrackPointExtension>
            <ns3:hr>136</ns3:hr>
            <ns3:cad>92</ns3:cad>
          </ns3:TrackPointExtension>
        </extensions>
      </trkpt>
      <trkpt lat="25.09024000726640224456787109375" lon="102.723238170146942138671875">
        <ele>1896.199951171875</ele>
        <time>2026-09-11T23:09:51.000Z</time>
        <extensions>
          <ns3:TrackPointExtension>
            <ns3:hr>136</ns3:hr>
            <ns3:cad>92</ns3:cad>
          </ns3:TrackPointExtension>
        </extensions>
      </trkpt>
      <trkpt lat="25.09025593288242816925048828125" lon="102.723217718303203582763671875">
        <ele>1896.199951171875</ele>
        <time>2026-09-11T23:09:52.000Z</time>
        <extensions>
          <ns3:TrackPointExtension>
            <ns3:hr>136</ns3:hr>
            <ns3:cad>92</ns3:cad>
          </ns3:TrackPointExtension>
        </extensions>
      </trkpt>
      <trkpt lat="25.09027487598359584808349609375" lon="102.7231967635452747344970703125">
        <ele>1896.199951171875</ele>
        <time>2026-09-11T23:09:53.000Z</time>
        <extensions>
          <ns3:TrackPointExtension>
            <ns3:hr>135</ns3:hr>
            <ns3:cad>92</ns3:cad>
          </ns3:TrackPointExtension>
        </extensions>
      </trkpt>
      <trkpt lat="25.0902845151722431182861328125" lon="102.7231743000447750091552734375">
        <ele>1896.199951171875</ele>
        <time>2026-09-11T23:09:54.000Z</time>
        <extensions>
          <ns3:TrackPointExtension>
            <ns3:hr>135</ns3:hr>
            <ns3:cad>92</ns3:cad>
          </ns3:TrackPointExtension>
        </extensions>
      </trkpt>
      <trkpt lat="25.09030337445437908172607421875" lon="102.7231509983539581298828125">
        <ele>1896.199951171875</ele>
        <time>2026-09-11T23:09:55.000Z</time>
        <extensions>
          <ns3:TrackPointExtension>
            <ns3:hr>135</ns3:hr>
            <ns3:cad>92</ns3:cad>
          </ns3:TrackPointExtension>
        </extensions>
      </trkpt>
      <trkpt lat="25.09031963534653186798095703125" lon="102.72312878631055355072021484375">
        <ele>1896.199951171875</ele>
        <time>2026-09-11T23:09:56.000Z</time>
        <extensions>
          <ns3:TrackPointExtension>
            <ns3:hr>135</ns3:hr>
            <ns3:cad>92</ns3:cad>
          </ns3:TrackPointExtension>
        </extensions>
      </trkpt>
      <trkpt lat="25.090341009199619293212890625" lon="102.72310699336230754852294921875">
        <ele>1896.199951171875</ele>
        <time>2026-09-11T23:09:57.000Z</time>
        <extensions>
          <ns3:TrackPointExtension>
            <ns3:hr>135</ns3:hr>
            <ns3:cad>92</ns3:cad>
          </ns3:TrackPointExtension>
        </extensions>
      </trkpt>
      <trkpt lat="25.09035835973918437957763671875" lon="102.72308905608952045440673828125">
        <ele>1896.199951171875</ele>
        <time>2026-09-11T23:09:58.000Z</time>
        <extensions>
          <ns3:TrackPointExtension>
            <ns3:hr>135</ns3:hr>
            <ns3:cad>92</ns3:cad>
          </ns3:TrackPointExtension>
        </extensions>
      </trkpt>
      <trkpt lat="25.0903797335922718048095703125" lon="102.7230660058557987213134765625">
        <ele>1896.199951171875</ele>
        <time>2026-09-11T23:09:59.000Z</time>
        <extensions>
          <ns3:TrackPointExtension>
            <ns3:hr>135</ns3:hr>
            <ns3:cad>92</ns3:cad>
          </ns3:TrackPointExtension>
        </extensions>
      </trkpt>
      <trkpt lat="25.09039741940796375274658203125" lon="102.72304379381239414215087890625">
        <ele>1896.199951171875</ele>
        <time>2026-09-11T23:10:00.000Z</time>
        <extensions>
          <ns3:TrackPointExtension>
            <ns3:hr>135</ns3:hr>
            <ns3:cad>92</ns3:cad>
          </ns3:TrackPointExtension>
        </extensions>
      </trkpt>
      <trkpt lat="25.0904115848243236541748046875" lon="102.723018229007720947265625">
        <ele>1896.199951171875</ele>
        <time>2026-09-11T23:10:01.000Z</time>
        <extensions>
          <ns3:TrackPointExtension>
            <ns3:hr>135</ns3:hr>
            <ns3:cad>93</ns3:cad>
          </ns3:TrackPointExtension>
        </extensions>
      </trkpt>
      <trkpt lat="25.090429522097110748291015625" lon="102.72299501113593578338623046875">
        <ele>1896.199951171875</ele>
        <time>2026-09-11T23:10:02.000Z</time>
        <extensions>
          <ns3:TrackPointExtension>
            <ns3:hr>134</ns3:hr>
            <ns3:cad>93</ns3:cad>
          </ns3:TrackPointExtension>
        </extensions>
      </trkpt>
      <trkpt lat="25.09044469334185123443603515625" lon="102.722970955073833465576171875">
        <ele>1896.199951171875</ele>
        <time>2026-09-11T23:10:03.000Z</time>
        <extensions>
          <ns3:TrackPointExtension>
            <ns3:hr>134</ns3:hr>
            <ns3:cad>91</ns3:cad>
          </ns3:TrackPointExtension>
        </extensions>
      </trkpt>
      <trkpt lat="25.09046833030879497528076171875" lon="102.72294991649687290191650390625">
        <ele>1896.199951171875</ele>
        <time>2026-09-11T23:10:04.000Z</time>
        <extensions>
          <ns3:TrackPointExtension>
            <ns3:hr>134</ns3:hr>
            <ns3:cad>91</ns3:cad>
          </ns3:TrackPointExtension>
        </extensions>
      </trkpt>
      <trkpt lat="25.0904829986393451690673828125" lon="102.72292368113994598388671875">
        <ele>1896.199951171875</ele>
        <time>2026-09-11T23:10:05.000Z</time>
        <extensions>
          <ns3:TrackPointExtension>
            <ns3:hr>135</ns3:hr>
            <ns3:cad>91</ns3:cad>
          </ns3:TrackPointExtension>
        </extensions>
      </trkpt>
      <trkpt lat="25.090501606464385986328125" lon="102.72289342246949672698974609375">
        <ele>1896.199951171875</ele>
        <time>2026-09-11T23:10:06.000Z</time>
        <extensions>
          <ns3:TrackPointExtension>
            <ns3:hr>134</ns3:hr>
            <ns3:cad>91</ns3:cad>
          </ns3:TrackPointExtension>
        </extensions>
      </trkpt>
      <trkpt lat="25.09051862172782421112060546875" lon="102.72286810912191867828369140625">
        <ele>1896.199951171875</ele>
        <time>2026-09-11T23:10:07.000Z</time>
        <extensions>
          <ns3:TrackPointExtension>
            <ns3:hr>134</ns3:hr>
            <ns3:cad>91</ns3:cad>
          </ns3:TrackPointExtension>
        </extensions>
      </trkpt>
      <trkpt lat="25.09053739719092845916748046875" lon="102.72284095175564289093017578125">
        <ele>1896.4000244140625</ele>
        <time>2026-09-11T23:10:08.000Z</time>
        <extensions>
          <ns3:TrackPointExtension>
            <ns3:hr>134</ns3:hr>
            <ns3:cad>92</ns3:cad>
          </ns3:TrackPointExtension>
        </extensions>
      </trkpt>
      <trkpt lat="25.090554915368556976318359375" lon="102.72281639277935028076171875">
        <ele>1896.4000244140625</ele>
        <time>2026-09-11T23:10:09.000Z</time>
        <extensions>
          <ns3:TrackPointExtension>
            <ns3:hr>134</ns3:hr>
            <ns3:cad>93</ns3:cad>
          </ns3:TrackPointExtension>
        </extensions>
      </trkpt>
      <trkpt lat="25.09057276882231235504150390625" lon="102.7227924205362796783447265625">
        <ele>1896.4000244140625</ele>
        <time>2026-09-11T23:10:10.000Z</time>
        <extensions>
          <ns3:TrackPointExtension>
            <ns3:hr>134</ns3:hr>
            <ns3:cad>93</ns3:cad>
          </ns3:TrackPointExtension>
        </extensions>
      </trkpt>
      <trkpt lat="25.09059137664735317230224609375" lon="102.7227701246738433837890625">
        <ele>1896.4000244140625</ele>
        <time>2026-09-11T23:10:11.000Z</time>
        <extensions>
          <ns3:TrackPointExtension>
            <ns3:hr>133</ns3:hr>
            <ns3:cad>93</ns3:cad>
          </ns3:TrackPointExtension>
        </extensions>
      </trkpt>
      <trkpt lat="25.0906063802540302276611328125" lon="102.72274858318269252777099609375">
        <ele>1896.4000244140625</ele>
        <time>2026-09-11T23:10:12.000Z</time>
        <extensions>
          <ns3:TrackPointExtension>
            <ns3:hr>134</ns3:hr>
            <ns3:cad>93</ns3:cad>
          </ns3:TrackPointExtension>
        </extensions>
      </trkpt>
      <trkpt lat="25.09062456898391246795654296875" lon="102.722726203501224517822265625">
        <ele>1896.4000244140625</ele>
        <time>2026-09-11T23:10:13.000Z</time>
        <extensions>
          <ns3:TrackPointExtension>
            <ns3:hr>133</ns3:hr>
            <ns3:cad>94</ns3:cad>
          </ns3:TrackPointExtension>
        </extensions>
      </trkpt>
      <trkpt lat="25.09064150042831897735595703125" lon="102.722701728343963623046875">
        <ele>1896.4000244140625</ele>
        <time>2026-09-11T23:10:14.000Z</time>
        <extensions>
          <ns3:TrackPointExtension>
            <ns3:hr>133</ns3:hr>
            <ns3:cad>94</ns3:cad>
          </ns3:TrackPointExtension>
        </extensions>
      </trkpt>
      <trkpt lat="25.0906613655388355255126953125" lon="102.72267423570156097412109375">
        <ele>1896.199951171875</ele>
        <time>2026-09-11T23:10:15.000Z</time>
        <extensions>
          <ns3:TrackPointExtension>
            <ns3:hr>133</ns3:hr>
            <ns3:cad>94</ns3:cad>
          </ns3:TrackPointExtension>
        </extensions>
      </trkpt>
      <trkpt lat="25.09067234583199024200439453125" lon="102.722646407783031463623046875">
        <ele>1896.199951171875</ele>
        <time>2026-09-11T23:10:16.000Z</time>
        <extensions>
          <ns3:TrackPointExtension>
            <ns3:hr>133</ns3:hr>
            <ns3:cad>94</ns3:cad>
          </ns3:TrackPointExtension>
        </extensions>
      </trkpt>
      <trkpt lat="25.0906989164650440216064453125" lon="102.72262721322476863861083984375">
        <ele>1896.199951171875</ele>
        <time>2026-09-11T23:10:17.000Z</time>
        <extensions>
          <ns3:TrackPointExtension>
            <ns3:hr>132</ns3:hr>
            <ns3:cad>94</ns3:cad>
          </ns3:TrackPointExtension>
        </extensions>
      </trkpt>
      <trkpt lat="25.09071894921362400054931640625" lon="102.72260592319071292877197265625">
        <ele>1896.199951171875</ele>
        <time>2026-09-11T23:10:18.000Z</time>
        <extensions>
          <ns3:TrackPointExtension>
            <ns3:hr>132</ns3:hr>
            <ns3:cad>94</ns3:cad>
          </ns3:TrackPointExtension>
        </extensions>
      </trkpt>
      <trkpt lat="25.0907368026673793792724609375" lon="102.722583375871181488037109375">
        <ele>1896.4000244140625</ele>
        <time>2026-09-11T23:10:19.000Z</time>
        <extensions>
          <ns3:TrackPointExtension>
            <ns3:hr>132</ns3:hr>
            <ns3:cad>94</ns3:cad>
          </ns3:TrackPointExtension>
        </extensions>
      </trkpt>
      <trkpt lat="25.09076018817722797393798828125" lon="102.722559906542301177978515625">
        <ele>1896.4000244140625</ele>
        <time>2026-09-11T23:10:20.000Z</time>
        <extensions>
          <ns3:TrackPointExtension>
            <ns3:hr>132</ns3:hr>
            <ns3:cad>94</ns3:cad>
          </ns3:TrackPointExtension>
        </extensions>
      </trkpt>
      <trkpt lat="25.09077452123165130615234375" lon="102.72253853268921375274658203125">
        <ele>1896.4000244140625</ele>
        <time>2026-09-11T23:10:21.000Z</time>
        <extensions>
          <ns3:TrackPointExtension>
            <ns3:hr>132</ns3:hr>
            <ns3:cad>94</ns3:cad>
          </ns3:TrackPointExtension>
        </extensions>
      </trkpt>
      <trkpt lat="25.0907951407134532928466796875" lon="102.7225084416568279266357421875">
        <ele>1896.4000244140625</ele>
        <time>2026-09-11T23:10:22.000Z</time>
        <extensions>
          <ns3:TrackPointExtension>
            <ns3:hr>131</ns3:hr>
            <ns3:cad>94</ns3:cad>
          </ns3:TrackPointExtension>
        </extensions>
      </trkpt>
      <trkpt lat="25.090812742710113525390625" lon="102.72248606197535991668701171875">
        <ele>1896.4000244140625</ele>
        <time>2026-09-11T23:10:23.000Z</time>
        <extensions>
          <ns3:TrackPointExtension>
            <ns3:hr>131</ns3:hr>
            <ns3:cad>94</ns3:cad>
          </ns3:TrackPointExtension>
        </extensions>
      </trkpt>
      <trkpt lat="25.0908340327441692352294921875" lon="102.7224598266184329986572265625">
        <ele>1896.4000244140625</ele>
        <time>2026-09-11T23:10:24.000Z</time>
        <extensions>
          <ns3:TrackPointExtension>
            <ns3:hr>131</ns3:hr>
            <ns3:cad>94</ns3:cad>
          </ns3:TrackPointExtension>
        </extensions>
      </trkpt>
      <trkpt lat="25.0908497907221317291259765625" lon="102.722438871860504150390625">
        <ele>1896.4000244140625</ele>
        <time>2026-09-11T23:10:25.000Z</time>
        <extensions>
          <ns3:TrackPointExtension>
            <ns3:hr>131</ns3:hr>
            <ns3:cad>92</ns3:cad>
          </ns3:TrackPointExtension>
        </extensions>
      </trkpt>
      <trkpt lat="25.0908662192523479461669921875" lon="102.72241674363613128662109375">
        <ele>1896.4000244140625</ele>
        <time>2026-09-11T23:10:26.000Z</time>
        <extensions>
          <ns3:TrackPointExtension>
            <ns3:hr>131</ns3:hr>
            <ns3:cad>92</ns3:cad>
          </ns3:TrackPointExtension>
        </extensions>
      </trkpt>
      <trkpt lat="25.090885162353515625" lon="102.72239319048821926116943359375">
        <ele>1896.5999755859375</ele>
        <time>2026-09-11T23:10:27.000Z</time>
        <extensions>
          <ns3:TrackPointExtension>
            <ns3:hr>130</ns3:hr>
            <ns3:cad>92</ns3:cad>
          </ns3:TrackPointExtension>
        </extensions>
      </trkpt>
      <trkpt lat="25.09090553037822246551513671875" lon="102.722370140254497528076171875">
        <ele>1896.5999755859375</ele>
        <time>2026-09-11T23:10:28.000Z</time>
        <extensions>
          <ns3:TrackPointExtension>
            <ns3:hr>130</ns3:hr>
            <ns3:cad>94</ns3:cad>
          </ns3:TrackPointExtension>
        </extensions>
      </trkpt>
      <trkpt lat="25.0909299217164516448974609375" lon="102.72234222851693630218505859375">
        <ele>1896.5999755859375</ele>
        <time>2026-09-11T23:10:29.000Z</time>
        <extensions>
          <ns3:TrackPointExtension>
            <ns3:hr>130</ns3:hr>
            <ns3:cad>94</ns3:cad>
          </ns3:TrackPointExtension>
        </extensions>
      </trkpt>
      <trkpt lat="25.09094995446503162384033203125" lon="102.72232152521610260009765625">
        <ele>1896.5999755859375</ele>
        <time>2026-09-11T23:10:30.000Z</time>
        <extensions>
          <ns3:TrackPointExtension>
            <ns3:hr>130</ns3:hr>
            <ns3:cad>94</ns3:cad>
          </ns3:TrackPointExtension>
        </extensions>
      </trkpt>
      <trkpt lat="25.09098113514482975006103515625" lon="102.72230635397136211395263671875">
        <ele>1896.5999755859375</ele>
        <time>2026-09-11T23:10:31.000Z</time>
        <extensions>
          <ns3:TrackPointExtension>
            <ns3:hr>131</ns3:hr>
            <ns3:cad>94</ns3:cad>
          </ns3:TrackPointExtension>
        </extensions>
      </trkpt>
      <trkpt lat="25.0910063646733760833740234375" lon="102.72229076363146305084228515625">
        <ele>1896.4000244140625</ele>
        <time>2026-09-11T23:10:32.000Z</time>
        <extensions>
          <ns3:TrackPointExtension>
            <ns3:hr>130</ns3:hr>
            <ns3:cad>93</ns3:cad>
          </ns3:TrackPointExtension>
        </extensions>
      </trkpt>
      <trkpt lat="25.09104114957153797149658203125" lon="102.72228456102311611175537109375">
        <ele>1896.4000244140625</ele>
        <time>2026-09-11T23:10:33.000Z</time>
        <extensions>
          <ns3:TrackPointExtension>
            <ns3:hr>130</ns3:hr>
            <ns3:cad>93</ns3:cad>
          </ns3:TrackPointExtension>
        </extensions>
      </trkpt>
      <trkpt lat="25.09107224643230438232421875" lon="102.72228263318538665771484375">
        <ele>1896.4000244140625</ele>
        <time>2026-09-11T23:10:34.000Z</time>
        <extensions>
          <ns3:TrackPointExtension>
            <ns3:hr>131</ns3:hr>
            <ns3:cad>93</ns3:cad>
          </ns3:TrackPointExtension>
        </extensions>
      </trkpt>
      <trkpt lat="25.0910968892276287078857421875" lon="102.722307108342647552490234375">
        <ele>1896.4000244140625</ele>
        <time>2026-09-11T23:10:35.000Z</time>
        <extensions>
          <ns3:TrackPointExtension>
            <ns3:hr>130</ns3:hr>
            <ns3:cad>93</ns3:cad>
          </ns3:TrackPointExtension>
        </extensions>
      </trkpt>
      <trkpt lat="25.09111105464398860931396484375" lon="102.72233133204281330108642578125">
        <ele>1896.5999755859375</ele>
        <time>2026-09-11T23:10:36.000Z</time>
        <extensions>
          <ns3:TrackPointExtension>
            <ns3:hr>130</ns3:hr>
            <ns3:cad>93</ns3:cad>
          </ns3:TrackPointExtension>
        </extensions>
      </trkpt>
      <trkpt lat="25.09111423976719379425048828125" lon="102.72236016578972339630126953125">
        <ele>1896.5999755859375</ele>
        <time>2026-09-11T23:10:37.000Z</time>
        <extensions>
          <ns3:TrackPointExtension>
            <ns3:hr>131</ns3:hr>
            <ns3:cad>92</ns3:cad>
          </ns3:TrackPointExtension>
        </extensions>
      </trkpt>
      <trkpt lat="25.09111491031944751739501953125" lon="102.722389586269855499267578125">
        <ele>1896.5999755859375</ele>
        <time>2026-09-11T23:10:38.000Z</time>
        <extensions>
          <ns3:TrackPointExtension>
            <ns3:hr>130</ns3:hr>
            <ns3:cad>92</ns3:cad>
          </ns3:TrackPointExtension>
        </extensions>
      </trkpt>
      <trkpt lat="25.09111658670008182525634765625" lon="102.72242135368287563323974609375">
        <ele>1896.5999755859375</ele>
        <time>2026-09-11T23:10:39.000Z</time>
        <extensions>
          <ns3:TrackPointExtension>
            <ns3:hr>130</ns3:hr>
            <ns3:cad>92</ns3:cad>
          </ns3:TrackPointExtension>
        </extensions>
      </trkpt>
      <trkpt lat="25.091118179261684417724609375" lon="102.72245923988521099090576171875">
        <ele>1896.800048828125</ele>
        <time>2026-09-11T23:10:40.000Z</time>
        <extensions>
          <ns3:TrackPointExtension>
            <ns3:hr>130</ns3:hr>
            <ns3:cad>92</ns3:cad>
          </ns3:TrackPointExtension>
        </extensions>
      </trkpt>
      <trkpt lat="25.091124214231967926025390625" lon="102.72248807363212108612060546875">
        <ele>1896.800048828125</ele>
        <time>2026-09-11T23:10:41.000Z</time>
        <extensions>
          <ns3:TrackPointExtension>
            <ns3:hr>131</ns3:hr>
            <ns3:cad>92</ns3:cad>
          </ns3:TrackPointExtension>
        </extensions>
      </trkpt>
      <trkpt lat="25.09112848900258541107177734375" lon="102.7225248701870441436767578125">
        <ele>1897</ele>
        <time>2026-09-11T23:10:42.000Z</time>
        <extensions>
          <ns3:TrackPointExtension>
            <ns3:hr>130</ns3:hr>
            <ns3:cad>92</ns3:cad>
          </ns3:TrackPointExtension>
        </extensions>
      </trkpt>
      <trkpt lat="25.0911361165344715118408203125" lon="102.7225473336875438690185546875">
        <ele>1897</ele>
        <time>2026-09-11T23:10:43.000Z</time>
        <extensions>
          <ns3:TrackPointExtension>
            <ns3:hr>130</ns3:hr>
            <ns3:cad>92</ns3:cad>
          </ns3:TrackPointExtension>
        </extensions>
      </trkpt>
      <trkpt lat="25.09113620035350322723388671875" lon="102.72257977165281772613525390625">
        <ele>1897</ele>
        <time>2026-09-11T23:10:44.000Z</time>
        <extensions>
          <ns3:TrackPointExtension>
            <ns3:hr>130</ns3:hr>
            <ns3:cad>92</ns3:cad>
          </ns3:TrackPointExtension>
        </extensions>
      </trkpt>
      <trkpt lat="25.0911384634673595428466796875" lon="102.7226083539426326751708984375">
        <ele>1897</ele>
        <time>2026-09-11T23:10:45.000Z</time>
        <extensions>
          <ns3:TrackPointExtension>
            <ns3:hr>131</ns3:hr>
            <ns3:cad>92</ns3:cad>
          </ns3:TrackPointExtension>
        </extensions>
      </trkpt>
      <trkpt lat="25.09113821201026439666748046875" lon="102.72263861261308193206787109375">
        <ele>1897</ele>
        <time>2026-09-11T23:10:46.000Z</time>
        <extensions>
          <ns3:TrackPointExtension>
            <ns3:hr>130</ns3:hr>
            <ns3:cad>92</ns3:cad>
          </ns3:TrackPointExtension>
        </extensions>
      </trkpt>
      <trkpt lat="25.09114064276218414306640625" lon="102.72266929037868976593017578125">
        <ele>1897</ele>
        <time>2026-09-11T23:10:47.000Z</time>
        <extensions>
          <ns3:TrackPointExtension>
            <ns3:hr>130</ns3:hr>
            <ns3:cad>92</ns3:cad>
          </ns3:TrackPointExtension>
        </extensions>
      </trkpt>
      <trkpt lat="25.09114064276218414306640625" lon="102.72269929759204387664794921875">
        <ele>1897</ele>
        <time>2026-09-11T23:10:48.000Z</time>
        <extensions>
          <ns3:TrackPointExtension>
            <ns3:hr>130</ns3:hr>
            <ns3:cad>92</ns3:cad>
          </ns3:TrackPointExtension>
        </extensions>
      </trkpt>
      <trkpt lat="25.0911421515047550201416015625" lon="102.72273550741374492645263671875">
        <ele>1897.199951171875</ele>
        <time>2026-09-11T23:10:49.000Z</time>
        <extensions>
          <ns3:TrackPointExtension>
            <ns3:hr>130</ns3:hr>
            <ns3:cad>92</ns3:cad>
          </ns3:TrackPointExtension>
        </extensions>
      </trkpt>
      <trkpt lat="25.09114676155149936676025390625" lon="102.72276350297033786773681640625">
        <ele>1897.199951171875</ele>
        <time>2026-09-11T23:10:50.000Z</time>
        <extensions>
          <ns3:TrackPointExtension>
            <ns3:hr>130</ns3:hr>
            <ns3:cad>93</ns3:cad>
          </ns3:TrackPointExtension>
        </extensions>
      </trkpt>
      <trkpt lat="25.09114977903664112091064453125" lon="102.72280055098235607147216796875">
        <ele>1897.199951171875</ele>
        <time>2026-09-11T23:10:51.000Z</time>
        <extensions>
          <ns3:TrackPointExtension>
            <ns3:hr>130</ns3:hr>
            <ns3:cad>93</ns3:cad>
          </ns3:TrackPointExtension>
        </extensions>
      </trkpt>
      <trkpt lat="25.0911528803408145904541015625" lon="102.72282485850155353546142578125">
        <ele>1897.199951171875</ele>
        <time>2026-09-11T23:10:52.000Z</time>
        <extensions>
          <ns3:TrackPointExtension>
            <ns3:hr>129</ns3:hr>
            <ns3:cad>94</ns3:cad>
          </ns3:TrackPointExtension>
        </extensions>
      </trkpt>
      <trkpt lat="25.091161429882049560546875" lon="102.72285352461040019989013671875">
        <ele>1897.4000244140625</ele>
        <time>2026-09-11T23:10:53.000Z</time>
        <extensions>
          <ns3:TrackPointExtension>
            <ns3:hr>130</ns3:hr>
            <ns3:cad>94</ns3:cad>
          </ns3:TrackPointExtension>
        </extensions>
      </trkpt>
      <trkpt lat="25.09117475710809230804443359375" lon="102.7228827774524688720703125">
        <ele>1897.4000244140625</ele>
        <time>2026-09-11T23:10:54.000Z</time>
        <extensions>
          <ns3:TrackPointExtension>
            <ns3:hr>130</ns3:hr>
            <ns3:cad>94</ns3:cad>
          </ns3:TrackPointExtension>
        </extensions>
      </trkpt>
      <trkpt lat="25.09118313901126384735107421875" lon="102.72291203029453754425048828125">
        <ele>1897.4000244140625</ele>
        <time>2026-09-11T23:10:55.000Z</time>
        <extensions>
          <ns3:TrackPointExtension>
            <ns3:hr>130</ns3:hr>
            <ns3:cad>94</ns3:cad>
          </ns3:TrackPointExtension>
        </extensions>
      </trkpt>
      <trkpt lat="25.09119294583797454833984375" lon="102.72294488735496997833251953125">
        <ele>1897.5999755859375</ele>
        <time>2026-09-11T23:10:56.000Z</time>
        <extensions>
          <ns3:TrackPointExtension>
            <ns3:hr>130</ns3:hr>
            <ns3:cad>94</ns3:cad>
          </ns3:TrackPointExtension>
        </extensions>
      </trkpt>
      <trkpt lat="25.09120375849306583404541015625" lon="102.7229731343686580657958984375">
        <ele>1897.4000244140625</ele>
        <time>2026-09-11T23:10:57.000Z</time>
        <extensions>
          <ns3:TrackPointExtension>
            <ns3:hr>131</ns3:hr>
            <ns3:cad>94</ns3:cad>
          </ns3:TrackPointExtension>
        </extensions>
      </trkpt>
      <trkpt lat="25.09121079929172992706298828125" lon="102.72300674580037593841552734375">
        <ele>1897.4000244140625</ele>
        <time>2026-09-11T23:10:58.000Z</time>
        <extensions>
          <ns3:TrackPointExtension>
            <ns3:hr>130</ns3:hr>
            <ns3:cad>94</ns3:cad>
          </ns3:TrackPointExtension>
        </extensions>
      </trkpt>
      <trkpt lat="25.0912212766706943511962890625" lon="102.723030634224414825439453125">
        <ele>1897.4000244140625</ele>
        <time>2026-09-11T23:10:59.000Z</time>
        <extensions>
          <ns3:TrackPointExtension>
            <ns3:hr>130</ns3:hr>
            <ns3:cad>93</ns3:cad>
          </ns3:TrackPointExtension>
        </extensions>
      </trkpt>
      <trkpt lat="25.0912266410887241363525390625" lon="102.7230643294751644134521484375">
        <ele>1897.5999755859375</ele>
        <time>2026-09-11T23:11:00.000Z</time>
        <extensions>
          <ns3:TrackPointExtension>
            <ns3:hr>131</ns3:hr>
            <ns3:cad>93</ns3:cad>
          </ns3:TrackPointExtension>
        </extensions>
      </trkpt>
      <trkpt lat="25.0912336818873882293701171875" lon="102.72309257648885250091552734375">
        <ele>1897.5999755859375</ele>
        <time>2026-09-11T23:11:01.000Z</time>
        <extensions>
          <ns3:TrackPointExtension>
            <ns3:hr>130</ns3:hr>
            <ns3:cad>94</ns3:cad>
          </ns3:TrackPointExtension>
        </extensions>
      </trkpt>
      <trkpt lat="25.09123996831476688385009765625" lon="102.72312157787382602691650390625">
        <ele>1897.800048828125</ele>
        <time>2026-09-11T23:11:02.000Z</time>
        <extensions>
          <ns3:TrackPointExtension>
            <ns3:hr>131</ns3:hr>
            <ns3:cad>94</ns3:cad>
          </ns3:TrackPointExtension>
        </extensions>
      </trkpt>
      <trkpt lat="25.0912447459995746612548828125" lon="102.72315477021038532257080078125">
        <ele>1897.800048828125</ele>
        <time>2026-09-11T23:11:03.000Z</time>
        <extensions>
          <ns3:TrackPointExtension>
            <ns3:hr>131</ns3:hr>
            <ns3:cad>94</ns3:cad>
          </ns3:TrackPointExtension>
        </extensions>
      </trkpt>
      <trkpt lat="25.091257989406585693359375" lon="102.72318846546113491058349609375">
        <ele>1898</ele>
        <time>2026-09-11T23:11:04.000Z</time>
        <extensions>
          <ns3:TrackPointExtension>
            <ns3:hr>131</ns3:hr>
            <ns3:cad>94</ns3:cad>
          </ns3:TrackPointExtension>
        </extensions>
      </trkpt>
      <trkpt lat="25.09126461111009120941162109375" lon="102.72322677075862884521484375">
        <ele>1898.199951171875</ele>
        <time>2026-09-11T23:11:05.000Z</time>
        <extensions>
          <ns3:TrackPointExtension>
            <ns3:hr>131</ns3:hr>
            <ns3:cad>94</ns3:cad>
          </ns3:TrackPointExtension>
        </extensions>
      </trkpt>
      <trkpt lat="25.09127634577453136444091796875" lon="102.723251916468143463134765625">
        <ele>1898.199951171875</ele>
        <time>2026-09-11T23:11:06.000Z</time>
        <extensions>
          <ns3:TrackPointExtension>
            <ns3:hr>130</ns3:hr>
            <ns3:cad>94</ns3:cad>
          </ns3:TrackPointExtension>
        </extensions>
      </trkpt>
      <trkpt lat="25.09128405712544918060302734375" lon="102.7232862822711467742919921875">
        <ele>1898.4000244140625</ele>
        <time>2026-09-11T23:11:07.000Z</time>
        <extensions>
          <ns3:TrackPointExtension>
            <ns3:hr>131</ns3:hr>
            <ns3:cad>94</ns3:cad>
          </ns3:TrackPointExtension>
        </extensions>
      </trkpt>
      <trkpt lat="25.0912968814373016357421875" lon="102.72331302054226398468017578125">
        <ele>1898.4000244140625</ele>
        <time>2026-09-11T23:11:08.000Z</time>
        <extensions>
          <ns3:TrackPointExtension>
            <ns3:hr>132</ns3:hr>
            <ns3:cad>94</ns3:cad>
          </ns3:TrackPointExtension>
        </extensions>
      </trkpt>
      <trkpt lat="25.09130383841693401336669921875" lon="102.72334269247949123382568359375">
        <ele>1898.4000244140625</ele>
        <time>2026-09-11T23:11:09.000Z</time>
        <extensions>
          <ns3:TrackPointExtension>
            <ns3:hr>133</ns3:hr>
            <ns3:cad>94</ns3:cad>
          </ns3:TrackPointExtension>
        </extensions>
      </trkpt>
      <trkpt lat="25.0913205184042453765869140625" lon="102.7233751304447650909423828125">
        <ele>1898.4000244140625</ele>
        <time>2026-09-11T23:11:10.000Z</time>
        <extensions>
          <ns3:TrackPointExtension>
            <ns3:hr>133</ns3:hr>
            <ns3:cad>94</ns3:cad>
          </ns3:TrackPointExtension>
        </extensions>
      </trkpt>
      <trkpt lat="25.09133669547736644744873046875" lon="102.72339549846947193145751953125">
        <ele>1898.5999755859375</ele>
        <time>2026-09-11T23:11:11.000Z</time>
        <extensions>
          <ns3:TrackPointExtension>
            <ns3:hr>133</ns3:hr>
            <ns3:cad>94</ns3:cad>
          </ns3:TrackPointExtension>
        </extensions>
      </trkpt>
      <trkpt lat="25.09136133827269077301025390625" lon="102.72342181764543056488037109375">
        <ele>1898.5999755859375</ele>
        <time>2026-09-11T23:11:12.000Z</time>
        <extensions>
          <ns3:TrackPointExtension>
            <ns3:hr>134</ns3:hr>
            <ns3:cad>94</ns3:cad>
          </ns3:TrackPointExtension>
        </extensions>
      </trkpt>
      <trkpt lat="25.09138816036283969879150390625" lon="102.723433971405029296875">
        <ele>1898.5999755859375</ele>
        <time>2026-09-11T23:11:13.000Z</time>
        <extensions>
          <ns3:TrackPointExtension>
            <ns3:hr>134</ns3:hr>
            <ns3:cad>94</ns3:cad>
          </ns3:TrackPointExtension>
        </extensions>
      </trkpt>
      <trkpt lat="25.09141196496784687042236328125" lon="102.72346414625644683837890625">
        <ele>1898.5999755859375</ele>
        <time>2026-09-11T23:11:14.000Z</time>
        <extensions>
          <ns3:TrackPointExtension>
            <ns3:hr>134</ns3:hr>
            <ns3:cad>94</ns3:cad>
          </ns3:TrackPointExtension>
        </extensions>
      </trkpt>
      <trkpt lat="25.0914335064589977264404296875" lon="102.7234918065369129180908203125">
        <ele>1898.5999755859375</ele>
        <time>2026-09-11T23:11:15.000Z</time>
        <extensions>
          <ns3:TrackPointExtension>
            <ns3:hr>134</ns3:hr>
            <ns3:cad>95</ns3:cad>
          </ns3:TrackPointExtension>
        </extensions>
      </trkpt>
      <trkpt lat="25.0914506055414676666259765625" lon="102.72352005355060100555419921875">
        <ele>1898.5999755859375</ele>
        <time>2026-09-11T23:11:16.000Z</time>
        <extensions>
          <ns3:TrackPointExtension>
            <ns3:hr>134</ns3:hr>
            <ns3:cad>95</ns3:cad>
          </ns3:TrackPointExtension>
        </extensions>
      </trkpt>
      <trkpt lat="25.09147533215582370758056640625" lon="102.723551653325557708740234375">
        <ele>1898.5999755859375</ele>
        <time>2026-09-11T23:11:17.000Z</time>
        <extensions>
          <ns3:TrackPointExtension>
            <ns3:hr>134</ns3:hr>
            <ns3:cad>95</ns3:cad>
          </ns3:TrackPointExtension>
        </extensions>
      </trkpt>
      <trkpt lat="25.09149628691375255584716796875" lon="102.72357151843607425689697265625">
        <ele>1898.5999755859375</ele>
        <time>2026-09-11T23:11:18.000Z</time>
        <extensions>
          <ns3:TrackPointExtension>
            <ns3:hr>133</ns3:hr>
            <ns3:cad>95</ns3:cad>
          </ns3:TrackPointExtension>
        </extensions>
      </trkpt>
      <trkpt lat="25.09152344428002834320068359375" lon="102.72359968163073062896728515625">
        <ele>1898.5999755859375</ele>
        <time>2026-09-11T23:11:19.000Z</time>
        <extensions>
          <ns3:TrackPointExtension>
            <ns3:hr>134</ns3:hr>
            <ns3:cad>95</ns3:cad>
          </ns3:TrackPointExtension>
        </extensions>
      </trkpt>
      <trkpt lat="25.09154959581792354583740234375" lon="102.72361560724675655364990234375">
        <ele>1898.5999755859375</ele>
        <time>2026-09-11T23:11:20.000Z</time>
        <extensions>
          <ns3:TrackPointExtension>
            <ns3:hr>135</ns3:hr>
            <ns3:cad>95</ns3:cad>
          </ns3:TrackPointExtension>
        </extensions>
      </trkpt>
      <trkpt lat="25.09157474152743816375732421875" lon="102.72363974712789058685302734375">
        <ele>1898.5999755859375</ele>
        <time>2026-09-11T23:11:21.000Z</time>
        <extensions>
          <ns3:TrackPointExtension>
            <ns3:hr>135</ns3:hr>
            <ns3:cad>95</ns3:cad>
          </ns3:TrackPointExtension>
        </extensions>
      </trkpt>
      <trkpt lat="25.0916048325598239898681640625" lon="102.72365382872521877288818359375">
        <ele>1898.800048828125</ele>
        <time>2026-09-11T23:11:22.000Z</time>
        <extensions>
          <ns3:TrackPointExtension>
            <ns3:hr>135</ns3:hr>
            <ns3:cad>95</ns3:cad>
          </ns3:TrackPointExtension>
        </extensions>
      </trkpt>
      <trkpt lat="25.0916296429932117462158203125" lon="102.72366455756127834320068359375">
        <ele>1898.5999755859375</ele>
        <time>2026-09-11T23:11:23.000Z</time>
        <extensions>
          <ns3:TrackPointExtension>
            <ns3:hr>135</ns3:hr>
            <ns3:cad>95</ns3:cad>
          </ns3:TrackPointExtension>
        </extensions>
      </trkpt>
      <trkpt lat="25.09166124276816844940185546875" lon="102.723667658865451812744140625">
        <ele>1898.5999755859375</ele>
        <time>2026-09-11T23:11:24.000Z</time>
        <extensions>
          <ns3:TrackPointExtension>
            <ns3:hr>135</ns3:hr>
            <ns3:cad>95</ns3:cad>
          </ns3:TrackPointExtension>
        </extensions>
      </trkpt>
      <trkpt lat="25.09168647229671478271484375" lon="102.72366506047546863555908203125">
        <ele>1898.5999755859375</ele>
        <time>2026-09-11T23:11:25.000Z</time>
        <extensions>
          <ns3:TrackPointExtension>
            <ns3:hr>135</ns3:hr>
            <ns3:cad>95</ns3:cad>
          </ns3:TrackPointExtension>
        </extensions>
      </trkpt>
      <trkpt lat="25.09171706624329090118408203125" lon="102.7236678265035152435302734375">
        <ele>1898.5999755859375</ele>
        <time>2026-09-11T23:11:26.000Z</time>
        <extensions>
          <ns3:TrackPointExtension>
            <ns3:hr>135</ns3:hr>
            <ns3:cad>94</ns3:cad>
          </ns3:TrackPointExtension>
        </extensions>
      </trkpt>
      <trkpt lat="25.09174145758152008056640625" lon="102.723667323589324951171875">
        <ele>1898.4000244140625</ele>
        <time>2026-09-11T23:11:27.000Z</time>
        <extensions>
          <ns3:TrackPointExtension>
            <ns3:hr>135</ns3:hr>
            <ns3:cad>93</ns3:cad>
          </ns3:TrackPointExtension>
        </extensions>
      </trkpt>
      <trkpt lat="25.09177029132843017578125" lon="102.7236728556454181671142578125">
        <ele>1898.4000244140625</ele>
        <time>2026-09-11T23:11:28.000Z</time>
        <extensions>
          <ns3:TrackPointExtension>
            <ns3:hr>135</ns3:hr>
            <ns3:cad>93</ns3:cad>
          </ns3:TrackPointExtension>
        </extensions>
      </trkpt>
      <trkpt lat="25.091796107590198516845703125" lon="102.72367830388247966766357421875">
        <ele>1898.4000244140625</ele>
        <time>2026-09-11T23:11:29.000Z</time>
        <extensions>
          <ns3:TrackPointExtension>
            <ns3:hr>135</ns3:hr>
            <ns3:cad>93</ns3:cad>
          </ns3:TrackPointExtension>
        </extensions>
      </trkpt>
      <trkpt lat="25.091821253299713134765625" lon="102.72368274629116058349609375">
        <ele>1898.4000244140625</ele>
        <time>2026-09-11T23:11:30.000Z</time>
        <extensions>
          <ns3:TrackPointExtension>
            <ns3:hr>135</ns3:hr>
            <ns3:cad>93</ns3:cad>
          </ns3:TrackPointExtension>
        </extensions>
      </trkpt>
      <trkpt lat="25.09184799157083034515380859375" lon="102.7236874401569366455078125">
        <ele>1898.4000244140625</ele>
        <time>2026-09-11T23:11:31.000Z</time>
        <extensions>
          <ns3:TrackPointExtension>
            <ns3:hr>134</ns3:hr>
            <ns3:cad>93</ns3:cad>
          </ns3:TrackPointExtension>
        </extensions>
      </trkpt>
      <trkpt lat="25.09187263436615467071533203125" lon="102.723689787089824676513671875">
        <ele>1898.199951171875</ele>
        <time>2026-09-11T23:11:32.000Z</time>
        <extensions>
          <ns3:TrackPointExtension>
            <ns3:hr>135</ns3:hr>
            <ns3:cad>93</ns3:cad>
          </ns3:TrackPointExtension>
        </extensions>
      </trkpt>
      <trkpt lat="25.09190197102725505828857421875" lon="102.7236933074891567230224609375">
        <ele>1898.199951171875</ele>
        <time>2026-09-11T23:11:33.000Z</time>
        <extensions>
          <ns3:TrackPointExtension>
            <ns3:hr>135</ns3:hr>
            <ns3:cad>93</ns3:cad>
          </ns3:TrackPointExtension>
        </extensions>
      </trkpt>
      <trkpt lat="25.09192518889904022216796875" lon="102.72369657643139362335205078125">
        <ele>1898.199951171875</ele>
        <time>2026-09-11T23:11:34.000Z</time>
        <extensions>
          <ns3:TrackPointExtension>
            <ns3:hr>135</ns3:hr>
            <ns3:cad>93</ns3:cad>
          </ns3:TrackPointExtension>
        </extensions>
      </trkpt>
      <trkpt lat="25.0919578783214092254638671875" lon="102.72369691170752048492431640625">
        <ele>1898</ele>
        <time>2026-09-11T23:11:35.000Z</time>
        <extensions>
          <ns3:TrackPointExtension>
            <ns3:hr>135</ns3:hr>
            <ns3:cad>93</ns3:cad>
          </ns3:TrackPointExtension>
        </extensions>
      </trkpt>
      <trkpt lat="25.09198109619319438934326171875" lon="102.72368769161403179168701171875">
        <ele>1898</ele>
        <time>2026-09-11T23:11:36.000Z</time>
        <extensions>
          <ns3:TrackPointExtension>
            <ns3:hr>134</ns3:hr>
            <ns3:cad>93</ns3:cad>
          </ns3:TrackPointExtension>
        </extensions>
      </trkpt>
      <trkpt lat="25.0920148752629756927490234375" lon="102.72367880679666996002197265625">
        <ele>1897.800048828125</ele>
        <time>2026-09-11T23:11:37.000Z</time>
        <extensions>
          <ns3:TrackPointExtension>
            <ns3:hr>134</ns3:hr>
            <ns3:cad>93</ns3:cad>
          </ns3:TrackPointExtension>
        </extensions>
      </trkpt>
      <trkpt lat="25.092041529715061187744140625" lon="102.72367578931152820587158203125">
        <ele>1897.800048828125</ele>
        <time>2026-09-11T23:11:38.000Z</time>
        <extensions>
          <ns3:TrackPointExtension>
            <ns3:hr>134</ns3:hr>
            <ns3:cad>92</ns3:cad>
          </ns3:TrackPointExtension>
        </extensions>
      </trkpt>
      <trkpt lat="25.09207011200487613677978515625" lon="102.72367863915860652923583984375">
        <ele>1897.5999755859375</ele>
        <time>2026-09-11T23:11:39.000Z</time>
        <extensions>
          <ns3:TrackPointExtension>
            <ns3:hr>134</ns3:hr>
            <ns3:cad>92</ns3:cad>
          </ns3:TrackPointExtension>
        </extensions>
      </trkpt>
      <trkpt lat="25.0921003706753253936767578125" lon="102.72367813624441623687744140625">
        <ele>1897.5999755859375</ele>
        <time>2026-09-11T23:11:40.000Z</time>
        <extensions>
          <ns3:TrackPointExtension>
            <ns3:hr>133</ns3:hr>
            <ns3:cad>95</ns3:cad>
          </ns3:TrackPointExtension>
        </extensions>
      </trkpt>
      <trkpt lat="25.092128701508045196533203125" lon="102.7236795611679553985595703125">
        <ele>1897.4000244140625</ele>
        <time>2026-09-11T23:11:41.000Z</time>
        <extensions>
          <ns3:TrackPointExtension>
            <ns3:hr>133</ns3:hr>
            <ns3:cad>95</ns3:cad>
          </ns3:TrackPointExtension>
        </extensions>
      </trkpt>
      <trkpt lat="25.09215929545462131500244140625" lon="102.72368542850017547607421875">
        <ele>1897.199951171875</ele>
        <time>2026-09-11T23:11:42.000Z</time>
        <extensions>
          <ns3:TrackPointExtension>
            <ns3:hr>133</ns3:hr>
            <ns3:cad>93</ns3:cad>
          </ns3:TrackPointExtension>
        </extensions>
      </trkpt>
      <trkpt lat="25.0921855308115482330322265625" lon="102.723688781261444091796875">
        <ele>1897</ele>
        <time>2026-09-11T23:11:43.000Z</time>
        <extensions>
          <ns3:TrackPointExtension>
            <ns3:hr>133</ns3:hr>
            <ns3:cad>93</ns3:cad>
          </ns3:TrackPointExtension>
        </extensions>
      </trkpt>
      <trkpt lat="25.09222014807164669036865234375" lon="102.72369749844074249267578125">
        <ele>1896.800048828125</ele>
        <time>2026-09-11T23:11:44.000Z</time>
        <extensions>
          <ns3:TrackPointExtension>
            <ns3:hr>134</ns3:hr>
            <ns3:cad>93</ns3:cad>
          </ns3:TrackPointExtension>
        </extensions>
      </trkpt>
      <trkpt lat="25.09225250221788883209228515625" lon="102.7237053774297237396240234375">
        <ele>1896.5999755859375</ele>
        <time>2026-09-11T23:11:45.000Z</time>
        <extensions>
          <ns3:TrackPointExtension>
            <ns3:hr>133</ns3:hr>
            <ns3:cad>95</ns3:cad>
          </ns3:TrackPointExtension>
        </extensions>
      </trkpt>
      <trkpt lat="25.09228385053575038909912109375" lon="102.7237191237509250640869140625">
        <ele>1896.4000244140625</ele>
        <time>2026-09-11T23:11:46.000Z</time>
        <extensions>
          <ns3:TrackPointExtension>
            <ns3:hr>133</ns3:hr>
            <ns3:cad>95</ns3:cad>
          </ns3:TrackPointExtension>
        </extensions>
      </trkpt>
      <trkpt lat="25.092318467795848846435546875" lon="102.7237422578036785125732421875">
        <ele>1896.199951171875</ele>
        <time>2026-09-11T23:11:47.000Z</time>
        <extensions>
          <ns3:TrackPointExtension>
            <ns3:hr>133</ns3:hr>
            <ns3:cad>94</ns3:cad>
          </ns3:TrackPointExtension>
        </extensions>
      </trkpt>
      <trkpt lat="25.092343278229236602783203125" lon="102.72376514039933681488037109375">
        <ele>1896</ele>
        <time>2026-09-11T23:11:48.000Z</time>
        <extensions>
          <ns3:TrackPointExtension>
            <ns3:hr>132</ns3:hr>
            <ns3:cad>94</ns3:cad>
          </ns3:TrackPointExtension>
        </extensions>
      </trkpt>
      <trkpt lat="25.09236515499651432037353515625" lon="102.72379850037395954132080078125">
        <ele>1896</ele>
        <time>2026-09-11T23:11:49.000Z</time>
        <extensions>
          <ns3:TrackPointExtension>
            <ns3:hr>132</ns3:hr>
            <ns3:cad>94</ns3:cad>
          </ns3:TrackPointExtension>
        </extensions>
      </trkpt>
      <trkpt lat="25.09238183498382568359375" lon="102.72382733412086963653564453125">
        <ele>1895.800048828125</ele>
        <time>2026-09-11T23:11:50.000Z</time>
        <extensions>
          <ns3:TrackPointExtension>
            <ns3:hr>132</ns3:hr>
            <ns3:cad>95</ns3:cad>
          </ns3:TrackPointExtension>
        </extensions>
      </trkpt>
      <trkpt lat="25.09239348582923412322998046875" lon="102.723854742944240570068359375">
        <ele>1895.5999755859375</ele>
        <time>2026-09-11T23:11:51.000Z</time>
        <extensions>
          <ns3:TrackPointExtension>
            <ns3:hr>132</ns3:hr>
            <ns3:cad>94</ns3:cad>
          </ns3:TrackPointExtension>
        </extensions>
      </trkpt>
      <trkpt lat="25.0924078188836574554443359375" lon="102.72387896664440631866455078125">
        <ele>1895.5999755859375</ele>
        <time>2026-09-11T23:11:52.000Z</time>
        <extensions>
          <ns3:TrackPointExtension>
            <ns3:hr>131</ns3:hr>
            <ns3:cad>95</ns3:cad>
          </ns3:TrackPointExtension>
        </extensions>
      </trkpt>
      <trkpt lat="25.0924165360629558563232421875" lon="102.72390729747712612152099609375">
        <ele>1895.5999755859375</ele>
        <time>2026-09-11T23:11:53.000Z</time>
        <extensions>
          <ns3:TrackPointExtension>
            <ns3:hr>131</ns3:hr>
            <ns3:cad>95</ns3:cad>
          </ns3:TrackPointExtension>
        </extensions>
      </trkpt>
      <trkpt lat="25.0924245826900005340576171875" lon="102.72393546067178249359130859375">
        <ele>1895.5999755859375</ele>
        <time>2026-09-11T23:11:54.000Z</time>
        <extensions>
          <ns3:TrackPointExtension>
            <ns3:hr>131</ns3:hr>
            <ns3:cad>95</ns3:cad>
          </ns3:TrackPointExtension>
        </extensions>
      </trkpt>
      <trkpt lat="25.09242986328899860382080078125" lon="102.7239635400474071502685546875">
        <ele>1895.5999755859375</ele>
        <time>2026-09-11T23:11:55.000Z</time>
        <extensions>
          <ns3:TrackPointExtension>
            <ns3:hr>130</ns3:hr>
            <ns3:cad>95</ns3:cad>
          </ns3:TrackPointExtension>
        </extensions>
      </trkpt>
      <trkpt lat="25.0924359820783138275146484375" lon="102.72399933077394962310791015625">
        <ele>1895.5999755859375</ele>
        <time>2026-09-11T23:11:56.000Z</time>
        <extensions>
          <ns3:TrackPointExtension>
            <ns3:hr>130</ns3:hr>
            <ns3:cad>94</ns3:cad>
          </ns3:TrackPointExtension>
        </extensions>
      </trkpt>
      <trkpt lat="25.09243908338248729705810546875" lon="102.72402866743505001068115234375">
        <ele>1895.5999755859375</ele>
        <time>2026-09-11T23:11:57.000Z</time>
        <extensions>
          <ns3:TrackPointExtension>
            <ns3:hr>130</ns3:hr>
            <ns3:cad>94</ns3:cad>
          </ns3:TrackPointExtension>
        </extensions>
      </trkpt>
      <trkpt lat="25.0924406759440898895263671875" lon="102.72406571544706821441650390625">
        <ele>1895.4000244140625</ele>
        <time>2026-09-11T23:11:58.000Z</time>
        <extensions>
          <ns3:TrackPointExtension>
            <ns3:hr>130</ns3:hr>
            <ns3:cad>94</ns3:cad>
          </ns3:TrackPointExtension>
        </extensions>
      </trkpt>
      <trkpt lat="25.09244008921086788177490234375" lon="102.72409387864172458648681640625">
        <ele>1895.4000244140625</ele>
        <time>2026-09-11T23:11:59.000Z</time>
        <extensions>
          <ns3:TrackPointExtension>
            <ns3:hr>131</ns3:hr>
            <ns3:cad>93</ns3:cad>
          </ns3:TrackPointExtension>
        </extensions>
      </trkpt>
      <trkpt lat="25.0924359820783138275146484375" lon="102.72412422113120555877685546875">
        <ele>1895.4000244140625</ele>
        <time>2026-09-11T23:12:00.000Z</time>
        <extensions>
          <ns3:TrackPointExtension>
            <ns3:hr>130</ns3:hr>
            <ns3:cad>93</ns3:cad>
          </ns3:TrackPointExtension>
        </extensions>
      </trkpt>
      <trkpt lat="25.092427767813205718994140625" lon="102.7241536416113376617431640625">
        <ele>1895.4000244140625</ele>
        <time>2026-09-11T23:12:01.000Z</time>
        <extensions>
          <ns3:TrackPointExtension>
            <ns3:hr>130</ns3:hr>
            <ns3:cad>93</ns3:cad>
          </ns3:TrackPointExtension>
        </extensions>
      </trkpt>
      <trkpt lat="25.092415697872638702392578125" lon="102.72417895495891571044921875">
        <ele>1895.5999755859375</ele>
        <time>2026-09-11T23:12:02.000Z</time>
        <extensions>
          <ns3:TrackPointExtension>
            <ns3:hr>130</ns3:hr>
            <ns3:cad>94</ns3:cad>
          </ns3:TrackPointExtension>
        </extensions>
      </trkpt>
      <trkpt lat="25.092405639588832855224609375" lon="102.72421055473387241363525390625">
        <ele>1895.5999755859375</ele>
        <time>2026-09-11T23:12:03.000Z</time>
        <extensions>
          <ns3:TrackPointExtension>
            <ns3:hr>130</ns3:hr>
            <ns3:cad>94</ns3:cad>
          </ns3:TrackPointExtension>
        </extensions>
      </trkpt>
      <trkpt lat="25.0923944078385829925537109375" lon="102.724235616624355316162109375">
        <ele>1895.5999755859375</ele>
        <time>2026-09-11T23:12:04.000Z</time>
        <extensions>
          <ns3:TrackPointExtension>
            <ns3:hr>129</ns3:hr>
            <ns3:cad>94</ns3:cad>
          </ns3:TrackPointExtension>
        </extensions>
      </trkpt>
      <trkpt lat="25.09238384664058685302734375" lon="102.72426889277994632720947265625">
        <ele>1895.5999755859375</ele>
        <time>2026-09-11T23:12:05.000Z</time>
        <extensions>
          <ns3:TrackPointExtension>
            <ns3:hr>129</ns3:hr>
            <ns3:cad>94</ns3:cad>
          </ns3:TrackPointExtension>
        </extensions>
      </trkpt>
      <trkpt lat="25.092375464737415313720703125" lon="102.7243008278310298919677734375">
        <ele>1895.5999755859375</ele>
        <time>2026-09-11T23:12:06.000Z</time>
        <extensions>
          <ns3:TrackPointExtension>
            <ns3:hr>129</ns3:hr>
            <ns3:cad>94</ns3:cad>
          </ns3:TrackPointExtension>
        </extensions>
      </trkpt>
      <trkpt lat="25.0923625566065311431884765625" lon="102.72433024831116199493408203125">
        <ele>1895.5999755859375</ele>
        <time>2026-09-11T23:12:07.000Z</time>
        <extensions>
          <ns3:TrackPointExtension>
            <ns3:hr>129</ns3:hr>
            <ns3:cad>94</ns3:cad>
          </ns3:TrackPointExtension>
        </extensions>
      </trkpt>
      <trkpt lat="25.09235140867531299591064453125" lon="102.72436134517192840576171875">
        <ele>1895.5999755859375</ele>
        <time>2026-09-11T23:12:08.000Z</time>
        <extensions>
          <ns3:TrackPointExtension>
            <ns3:hr>129</ns3:hr>
            <ns3:cad>94</ns3:cad>
          </ns3:TrackPointExtension>
        </extensions>
      </trkpt>
      <trkpt lat="25.09234453551471233367919921875" lon="102.7243866585195064544677734375">
        <ele>1895.5999755859375</ele>
        <time>2026-09-11T23:12:09.000Z</time>
        <extensions>
          <ns3:TrackPointExtension>
            <ns3:hr>129</ns3:hr>
            <ns3:cad>94</ns3:cad>
          </ns3:TrackPointExtension>
        </extensions>
      </trkpt>
      <trkpt lat="25.0923335552215576171875" lon="102.7244164980947971343994140625">
        <ele>1895.5999755859375</ele>
        <time>2026-09-11T23:12:10.000Z</time>
        <extensions>
          <ns3:TrackPointExtension>
            <ns3:hr>129</ns3:hr>
            <ns3:cad>94</ns3:cad>
          </ns3:TrackPointExtension>
        </extensions>
      </trkpt>
      <trkpt lat="25.0923295319080352783203125" lon="102.7244439907371997833251953125">
        <ele>1895.5999755859375</ele>
        <time>2026-09-11T23:12:11.000Z</time>
        <extensions>
          <ns3:TrackPointExtension>
            <ns3:hr>129</ns3:hr>
            <ns3:cad>94</ns3:cad>
          </ns3:TrackPointExtension>
        </extensions>
      </trkpt>
      <trkpt lat="25.092316456139087677001953125" lon="102.7244748361408710479736328125">
        <ele>1895.5999755859375</ele>
        <time>2026-09-11T23:12:12.000Z</time>
        <extensions>
          <ns3:TrackPointExtension>
            <ns3:hr>129</ns3:hr>
            <ns3:cad>94</ns3:cad>
          </ns3:TrackPointExtension>
        </extensions>
      </trkpt>
      <trkpt lat="25.0923134386539459228515625" lon="102.72451213560998439788818359375">
        <ele>1895.5999755859375</ele>
        <time>2026-09-11T23:12:13.000Z</time>
        <extensions>
          <ns3:TrackPointExtension>
            <ns3:hr>129</ns3:hr>
            <ns3:cad>93</ns3:cad>
          </ns3:TrackPointExtension>
        </extensions>
      </trkpt>
      <trkpt lat="25.0923089124262332916259765625" lon="102.72453912533819675445556640625">
        <ele>1895.5999755859375</ele>
        <time>2026-09-11T23:12:14.000Z</time>
        <extensions>
          <ns3:TrackPointExtension>
            <ns3:hr>129</ns3:hr>
            <ns3:cad>93</ns3:cad>
          </ns3:TrackPointExtension>
        </extensions>
      </trkpt>
      <trkpt lat="25.092313103377819061279296875" lon="102.7245754189789295196533203125">
        <ele>1895.5999755859375</ele>
        <time>2026-09-11T23:12:15.000Z</time>
        <extensions>
          <ns3:TrackPointExtension>
            <ns3:hr>129</ns3:hr>
            <ns3:cad>93</ns3:cad>
          </ns3:TrackPointExtension>
        </extensions>
      </trkpt>
      <trkpt lat="25.0923233292996883392333984375" lon="102.7246039174497127532958984375">
        <ele>1895.5999755859375</ele>
        <time>2026-09-11T23:12:16.000Z</time>
        <extensions>
          <ns3:TrackPointExtension>
            <ns3:hr>129</ns3:hr>
            <ns3:cad>93</ns3:cad>
          </ns3:TrackPointExtension>
        </extensions>
      </trkpt>
      <trkpt lat="25.0923293642699718475341796875" lon="102.72463937290012836456298828125">
        <ele>1895.5999755859375</ele>
        <time>2026-09-11T23:12:17.000Z</time>
        <extensions>
          <ns3:TrackPointExtension>
            <ns3:hr>129</ns3:hr>
            <ns3:cad>95</ns3:cad>
          </ns3:TrackPointExtension>
        </extensions>
      </trkpt>
      <trkpt lat="25.092337913811206817626953125" lon="102.72466904483735561370849609375">
        <ele>1895.4000244140625</ele>
        <time>2026-09-11T23:12:18.000Z</time>
        <extensions>
          <ns3:TrackPointExtension>
            <ns3:hr>129</ns3:hr>
            <ns3:cad>95</ns3:cad>
          </ns3:TrackPointExtension>
        </extensions>
      </trkpt>
      <trkpt lat="25.09234202094376087188720703125" lon="102.7247001416981220245361328125">
        <ele>1895.4000244140625</ele>
        <time>2026-09-11T23:12:19.000Z</time>
        <extensions>
          <ns3:TrackPointExtension>
            <ns3:hr>129</ns3:hr>
            <ns3:cad>95</ns3:cad>
          </ns3:TrackPointExtension>
        </extensions>
      </trkpt>
      <trkpt lat="25.09235543198883533477783203125" lon="102.72473509423434734344482421875">
        <ele>1895.4000244140625</ele>
        <time>2026-09-11T23:12:20.000Z</time>
        <extensions>
          <ns3:TrackPointExtension>
            <ns3:hr>129</ns3:hr>
            <ns3:cad>95</ns3:cad>
          </ns3:TrackPointExtension>
        </extensions>
      </trkpt>
      <trkpt lat="25.092366077005863189697265625" lon="102.72476275451481342315673828125">
        <ele>1895.4000244140625</ele>
        <time>2026-09-11T23:12:21.000Z</time>
        <extensions>
          <ns3:TrackPointExtension>
            <ns3:hr>128</ns3:hr>
            <ns3:cad>95</ns3:cad>
          </ns3:TrackPointExtension>
        </extensions>
      </trkpt>
      <trkpt lat="25.09238845668733119964599609375" lon="102.72479879669845104217529296875">
        <ele>1895.4000244140625</ele>
        <time>2026-09-11T23:12:22.000Z</time>
        <extensions>
          <ns3:TrackPointExtension>
            <ns3:hr>129</ns3:hr>
            <ns3:cad>95</ns3:cad>
          </ns3:TrackPointExtension>
        </extensions>
      </trkpt>
      <trkpt lat="25.09240656159818172454833984375" lon="102.72482193075120449066162109375">
        <ele>1895.5999755859375</ele>
        <time>2026-09-11T23:12:23.000Z</time>
        <extensions>
          <ns3:TrackPointExtension>
            <ns3:hr>129</ns3:hr>
            <ns3:cad>94</ns3:cad>
          </ns3:TrackPointExtension>
        </extensions>
      </trkpt>
      <trkpt lat="25.09242810308933258056640625" lon="102.7248526923358440399169921875">
        <ele>1895.5999755859375</ele>
        <time>2026-09-11T23:12:24.000Z</time>
        <extensions>
          <ns3:TrackPointExtension>
            <ns3:hr>129</ns3:hr>
            <ns3:cad>94</ns3:cad>
          </ns3:TrackPointExtension>
        </extensions>
      </trkpt>
      <trkpt lat="25.0924448668956756591796875" lon="102.7248724736273288726806640625">
        <ele>1895.5999755859375</ele>
        <time>2026-09-11T23:12:25.000Z</time>
        <extensions>
          <ns3:TrackPointExtension>
            <ns3:hr>129</ns3:hr>
            <ns3:cad>94</ns3:cad>
          </ns3:TrackPointExtension>
        </extensions>
      </trkpt>
      <trkpt lat="25.0924658216536045074462890625" lon="102.724893428385257720947265625">
        <ele>1895.5999755859375</ele>
        <time>2026-09-11T23:12:26.000Z</time>
        <extensions>
          <ns3:TrackPointExtension>
            <ns3:hr>129</ns3:hr>
            <ns3:cad>95</ns3:cad>
          </ns3:TrackPointExtension>
        </extensions>
      </trkpt>
      <trkpt lat="25.092487446963787078857421875" lon="102.72490776143968105316162109375">
        <ele>1895.5999755859375</ele>
        <time>2026-09-11T23:12:27.000Z</time>
        <extensions>
          <ns3:TrackPointExtension>
            <ns3:hr>129</ns3:hr>
            <ns3:cad>95</ns3:cad>
          </ns3:TrackPointExtension>
        </extensions>
      </trkpt>
      <trkpt lat="25.0925090722739696502685546875" lon="102.7249288000166416168212890625">
        <ele>1895.5999755859375</ele>
        <time>2026-09-11T23:12:28.000Z</time>
        <extensions>
          <ns3:TrackPointExtension>
            <ns3:hr>129</ns3:hr>
            <ns3:cad>95</ns3:cad>
          </ns3:TrackPointExtension>
        </extensions>
      </trkpt>
      <trkpt lat="25.0925333797931671142578125" lon="102.7249505929648876190185546875">
        <ele>1895.5999755859375</ele>
        <time>2026-09-11T23:12:29.000Z</time>
        <extensions>
          <ns3:TrackPointExtension>
            <ns3:hr>129</ns3:hr>
            <ns3:cad>93</ns3:cad>
          </ns3:TrackPointExtension>
        </extensions>
      </trkpt>
      <trkpt lat="25.09255173616111278533935546875" lon="102.72496392019093036651611328125">
        <ele>1895.5999755859375</ele>
        <time>2026-09-11T23:12:30.000Z</time>
        <extensions>
          <ns3:TrackPointExtension>
            <ns3:hr>129</ns3:hr>
            <ns3:cad>93</ns3:cad>
          </ns3:TrackPointExtension>
        </extensions>
      </trkpt>
      <trkpt lat="25.092575289309024810791015625" lon="102.7249883115291595458984375">
        <ele>1895.5999755859375</ele>
        <time>2026-09-11T23:12:31.000Z</time>
        <extensions>
          <ns3:TrackPointExtension>
            <ns3:hr>129</ns3:hr>
            <ns3:cad>94</ns3:cad>
          </ns3:TrackPointExtension>
        </extensions>
      </trkpt>
      <trkpt lat="25.0925962440669536590576171875" lon="102.7250116132199764251708984375">
        <ele>1895.5999755859375</ele>
        <time>2026-09-11T23:12:32.000Z</time>
        <extensions>
          <ns3:TrackPointExtension>
            <ns3:hr>129</ns3:hr>
            <ns3:cad>94</ns3:cad>
          </ns3:TrackPointExtension>
        </extensions>
      </trkpt>
      <trkpt lat="25.09261728264391422271728515625" lon="102.72503793239593505859375">
        <ele>1895.5999755859375</ele>
        <time>2026-09-11T23:12:33.000Z</time>
        <extensions>
          <ns3:TrackPointExtension>
            <ns3:hr>129</ns3:hr>
            <ns3:cad>94</ns3:cad>
          </ns3:TrackPointExtension>
        </extensions>
      </trkpt>
      <trkpt lat="25.0926401652395725250244140625" lon="102.7250595577061176300048828125">
        <ele>1895.5999755859375</ele>
        <time>2026-09-11T23:12:34.000Z</time>
        <extensions>
          <ns3:TrackPointExtension>
            <ns3:hr>129</ns3:hr>
            <ns3:cad>93</ns3:cad>
          </ns3:TrackPointExtension>
        </extensions>
      </trkpt>
      <trkpt lat="25.092663466930389404296875" lon="102.72507615387439727783203125">
        <ele>1895.5999755859375</ele>
        <time>2026-09-11T23:12:35.000Z</time>
        <extensions>
          <ns3:TrackPointExtension>
            <ns3:hr>129</ns3:hr>
            <ns3:cad>93</ns3:cad>
          </ns3:TrackPointExtension>
        </extensions>
      </trkpt>
      <trkpt lat="25.092685930430889129638671875" lon="102.7251041494309902191162109375">
        <ele>1895.5999755859375</ele>
        <time>2026-09-11T23:12:36.000Z</time>
        <extensions>
          <ns3:TrackPointExtension>
            <ns3:hr>129</ns3:hr>
            <ns3:cad>94</ns3:cad>
          </ns3:TrackPointExtension>
        </extensions>
      </trkpt>
      <trkpt lat="25.0926943123340606689453125" lon="102.72513206116855144500732421875">
        <ele>1895.5999755859375</ele>
        <time>2026-09-11T23:12:37.000Z</time>
        <extensions>
          <ns3:TrackPointExtension>
            <ns3:hr>129</ns3:hr>
            <ns3:cad>96</ns3:cad>
          </ns3:TrackPointExtension>
        </extensions>
      </trkpt>
      <trkpt lat="25.092705376446247100830078125" lon="102.7251695282757282257080078125">
        <ele>1895.5999755859375</ele>
        <time>2026-09-11T23:12:38.000Z</time>
        <extensions>
          <ns3:TrackPointExtension>
            <ns3:hr>129</ns3:hr>
            <ns3:cad>96</ns3:cad>
          </ns3:TrackPointExtension>
        </extensions>
      </trkpt>
      <trkpt lat="25.0927135907113552093505859375" lon="102.72519626654684543609619140625">
        <ele>1895.5999755859375</ele>
        <time>2026-09-11T23:12:39.000Z</time>
        <extensions>
          <ns3:TrackPointExtension>
            <ns3:hr>129</ns3:hr>
            <ns3:cad>93</ns3:cad>
          </ns3:TrackPointExtension>
        </extensions>
      </trkpt>
      <trkpt lat="25.09271920658648014068603515625" lon="102.72523063234984874725341796875">
        <ele>1895.5999755859375</ele>
        <time>2026-09-11T23:12:40.000Z</time>
        <extensions>
          <ns3:TrackPointExtension>
            <ns3:hr>129</ns3:hr>
            <ns3:cad>93</ns3:cad>
          </ns3:TrackPointExtension>
        </extensions>
      </trkpt>
      <trkpt lat="25.092727839946746826171875" lon="102.72525611333549022674560546875">
        <ele>1895.5999755859375</ele>
        <time>2026-09-11T23:12:41.000Z</time>
        <extensions>
          <ns3:TrackPointExtension>
            <ns3:hr>129</ns3:hr>
            <ns3:cad>93</ns3:cad>
          </ns3:TrackPointExtension>
        </extensions>
      </trkpt>
      <trkpt lat="25.0927330367267131805419921875" lon="102.72528402507305145263671875">
        <ele>1895.5999755859375</ele>
        <time>2026-09-11T23:12:42.000Z</time>
        <extensions>
          <ns3:TrackPointExtension>
            <ns3:hr>129</ns3:hr>
            <ns3:cad>93</ns3:cad>
          </ns3:TrackPointExtension>
        </extensions>
      </trkpt>
      <trkpt lat="25.0927425920963287353515625" lon="102.7253123559057712554931640625">
        <ele>1895.5999755859375</ele>
        <time>2026-09-11T23:12:43.000Z</time>
        <extensions>
          <ns3:TrackPointExtension>
            <ns3:hr>129</ns3:hr>
            <ns3:cad>93</ns3:cad>
          </ns3:TrackPointExtension>
        </extensions>
      </trkpt>
      <trkpt lat="25.0927444361150264739990234375" lon="102.7253388427197933197021484375">
        <ele>1895.5999755859375</ele>
        <time>2026-09-11T23:12:44.000Z</time>
        <extensions>
          <ns3:TrackPointExtension>
            <ns3:hr>129</ns3:hr>
            <ns3:cad>93</ns3:cad>
          </ns3:TrackPointExtension>
        </extensions>
      </trkpt>
      <trkpt lat="25.0927501358091831207275390625" lon="102.72537161596119403839111328125">
        <ele>1895.5999755859375</ele>
        <time>2026-09-11T23:12:45.000Z</time>
        <extensions>
          <ns3:TrackPointExtension>
            <ns3:hr>129</ns3:hr>
            <ns3:cad>93</ns3:cad>
          </ns3:TrackPointExtension>
        </extensions>
      </trkpt>
      <trkpt lat="25.0927595235407352447509765625" lon="102.72539625875651836395263671875">
        <ele>1895.5999755859375</ele>
        <time>2026-09-11T23:12:46.000Z</time>
        <extensions>
          <ns3:TrackPointExtension>
            <ns3:hr>129</ns3:hr>
            <ns3:cad>93</ns3:cad>
          </ns3:TrackPointExtension>
        </extensions>
      </trkpt>
      <trkpt lat="25.09276446886360645294189453125" lon="102.72543230094015598297119140625">
        <ele>1895.5999755859375</ele>
        <time>2026-09-11T23:12:47.000Z</time>
        <extensions>
          <ns3:TrackPointExtension>
            <ns3:hr>129</ns3:hr>
            <ns3:cad>93</ns3:cad>
          </ns3:TrackPointExtension>
        </extensions>
      </trkpt>
      <trkpt lat="25.09277544915676116943359375" lon="102.72545912303030490875244140625">
        <ele>1895.5999755859375</ele>
        <time>2026-09-11T23:12:48.000Z</time>
        <extensions>
          <ns3:TrackPointExtension>
            <ns3:hr>129</ns3:hr>
            <ns3:cad>93</ns3:cad>
          </ns3:TrackPointExtension>
        </extensions>
      </trkpt>
      <trkpt lat="25.09278425015509128570556640625" lon="102.72549147717654705047607421875">
        <ele>1895.5999755859375</ele>
        <time>2026-09-11T23:12:49.000Z</time>
        <extensions>
          <ns3:TrackPointExtension>
            <ns3:hr>129</ns3:hr>
            <ns3:cad>96</ns3:cad>
          </ns3:TrackPointExtension>
        </extensions>
      </trkpt>
      <trkpt lat="25.09279648773372173309326171875" lon="102.72552073001861572265625">
        <ele>1895.5999755859375</ele>
        <time>2026-09-11T23:12:50.000Z</time>
        <extensions>
          <ns3:TrackPointExtension>
            <ns3:hr>129</ns3:hr>
            <ns3:cad>96</ns3:cad>
          </ns3:TrackPointExtension>
        </extensions>
      </trkpt>
      <trkpt lat="25.092809312045574188232421875" lon="102.72554780356585979461669921875">
        <ele>1895.5999755859375</ele>
        <time>2026-09-11T23:12:51.000Z</time>
        <extensions>
          <ns3:TrackPointExtension>
            <ns3:hr>129</ns3:hr>
            <ns3:cad>96</ns3:cad>
          </ns3:TrackPointExtension>
        </extensions>
      </trkpt>
      <trkpt lat="25.09282951243221759796142578125" lon="102.72557764314115047454833984375">
        <ele>1895.5999755859375</ele>
        <time>2026-09-11T23:12:52.000Z</time>
        <extensions>
          <ns3:TrackPointExtension>
            <ns3:hr>129</ns3:hr>
            <ns3:cad>94</ns3:cad>
          </ns3:TrackPointExtension>
        </extensions>
      </trkpt>
      <trkpt lat="25.09284795261919498443603515625" lon="102.72559859789907932281494140625">
        <ele>1895.5999755859375</ele>
        <time>2026-09-11T23:12:53.000Z</time>
        <extensions>
          <ns3:TrackPointExtension>
            <ns3:hr>129</ns3:hr>
            <ns3:cad>93</ns3:cad>
          </ns3:TrackPointExtension>
        </extensions>
      </trkpt>
      <trkpt lat="25.0928745232522487640380859375" lon="102.7256234921514987945556640625">
        <ele>1895.5999755859375</ele>
        <time>2026-09-11T23:12:54.000Z</time>
        <extensions>
          <ns3:TrackPointExtension>
            <ns3:hr>129</ns3:hr>
            <ns3:cad>93</ns3:cad>
          </ns3:TrackPointExtension>
        </extensions>
      </trkpt>
      <trkpt lat="25.09289748966693878173828125" lon="102.725636400282382965087890625">
        <ele>1895.5999755859375</ele>
        <time>2026-09-11T23:12:55.000Z</time>
        <extensions>
          <ns3:TrackPointExtension>
            <ns3:hr>129</ns3:hr>
            <ns3:cad>93</ns3:cad>
          </ns3:TrackPointExtension>
        </extensions>
      </trkpt>
      <trkpt lat="25.0929169356822967529296875" lon="102.7256570197641849517822265625">
        <ele>1895.5999755859375</ele>
        <time>2026-09-11T23:12:56.000Z</time>
        <extensions>
          <ns3:TrackPointExtension>
            <ns3:hr>129</ns3:hr>
            <ns3:cad>95</ns3:cad>
          </ns3:TrackPointExtension>
        </extensions>
      </trkpt>
      <trkpt lat="25.09293965063989162445068359375" lon="102.72567504085600376129150390625">
        <ele>1895.5999755859375</ele>
        <time>2026-09-11T23:12:57.000Z</time>
        <extensions>
          <ns3:TrackPointExtension>
            <ns3:hr>129</ns3:hr>
            <ns3:cad>95</ns3:cad>
          </ns3:TrackPointExtension>
        </extensions>
      </trkpt>
      <trkpt lat="25.09296077303588390350341796875" lon="102.7256912179291248321533203125">
        <ele>1895.5999755859375</ele>
        <time>2026-09-11T23:12:58.000Z</time>
        <extensions>
          <ns3:TrackPointExtension>
            <ns3:hr>129</ns3:hr>
            <ns3:cad>95</ns3:cad>
          </ns3:TrackPointExtension>
        </extensions>
      </trkpt>
      <trkpt lat="25.092988349497318267822265625" lon="102.72571091540157794952392578125">
        <ele>1895.5999755859375</ele>
        <time>2026-09-11T23:12:59.000Z</time>
        <extensions>
          <ns3:TrackPointExtension>
            <ns3:hr>129</ns3:hr>
            <ns3:cad>95</ns3:cad>
          </ns3:TrackPointExtension>
        </extensions>
      </trkpt>
      <trkpt lat="25.09300955571234226226806640625" lon="102.725722901523113250732421875">
        <ele>1895.5999755859375</ele>
        <time>2026-09-11T23:13:00.000Z</time>
        <extensions>
          <ns3:TrackPointExtension>
            <ns3:hr>129</ns3:hr>
            <ns3:cad>95</ns3:cad>
          </ns3:TrackPointExtension>
        </extensions>
      </trkpt>
      <trkpt lat="25.09304140694439411163330078125" lon="102.72574310190975666046142578125">
        <ele>1895.5999755859375</ele>
        <time>2026-09-11T23:13:01.000Z</time>
        <extensions>
          <ns3:TrackPointExtension>
            <ns3:hr>129</ns3:hr>
            <ns3:cad>95</ns3:cad>
          </ns3:TrackPointExtension>
        </extensions>
      </trkpt>
      <trkpt lat="25.09306504391133785247802734375" lon="102.72575617767870426177978515625">
        <ele>1895.5999755859375</ele>
        <time>2026-09-11T23:13:02.000Z</time>
        <extensions>
          <ns3:TrackPointExtension>
            <ns3:hr>129</ns3:hr>
            <ns3:cad>94</ns3:cad>
          </ns3:TrackPointExtension>
        </extensions>
      </trkpt>
      <trkpt lat="25.09308801032602787017822265625" lon="102.72577696479856967926025390625">
        <ele>1895.4000244140625</ele>
        <time>2026-09-11T23:13:03.000Z</time>
        <extensions>
          <ns3:TrackPointExtension>
            <ns3:hr>129</ns3:hr>
            <ns3:cad>94</ns3:cad>
          </ns3:TrackPointExtension>
        </extensions>
      </trkpt>
      <trkpt lat="25.09311332367360591888427734375" lon="102.72579641081392765045166015625">
        <ele>1895.4000244140625</ele>
        <time>2026-09-11T23:13:04.000Z</time>
        <extensions>
          <ns3:TrackPointExtension>
            <ns3:hr>129</ns3:hr>
            <ns3:cad>94</ns3:cad>
          </ns3:TrackPointExtension>
        </extensions>
      </trkpt>
      <trkpt lat="25.09313260205090045928955078125" lon="102.72581602446734905242919921875">
        <ele>1895.4000244140625</ele>
        <time>2026-09-11T23:13:05.000Z</time>
        <extensions>
          <ns3:TrackPointExtension>
            <ns3:hr>129</ns3:hr>
            <ns3:cad>93</ns3:cad>
          </ns3:TrackPointExtension>
        </extensions>
      </trkpt>
      <trkpt lat="25.093158669769763946533203125" lon="102.72584066726267337799072265625">
        <ele>1895.4000244140625</ele>
        <time>2026-09-11T23:13:06.000Z</time>
        <extensions>
          <ns3:TrackPointExtension>
            <ns3:hr>129</ns3:hr>
            <ns3:cad>93</ns3:cad>
          </ns3:TrackPointExtension>
        </extensions>
      </trkpt>
      <trkpt lat="25.09317987598478794097900390625" lon="102.7258561737835407257080078125">
        <ele>1895.4000244140625</ele>
        <time>2026-09-11T23:13:07.000Z</time>
        <extensions>
          <ns3:TrackPointExtension>
            <ns3:hr>129</ns3:hr>
            <ns3:cad>95</ns3:cad>
          </ns3:TrackPointExtension>
        </extensions>
      </trkpt>
      <trkpt lat="25.0932039320468902587890625" lon="102.72587855346500873565673828125">
        <ele>1895.4000244140625</ele>
        <time>2026-09-11T23:13:08.000Z</time>
        <extensions>
          <ns3:TrackPointExtension>
            <ns3:hr>129</ns3:hr>
            <ns3:cad>95</ns3:cad>
          </ns3:TrackPointExtension>
        </extensions>
      </trkpt>
      <trkpt lat="25.0932275690138339996337890625" lon="102.7258893661201000213623046875">
        <ele>1895.4000244140625</ele>
        <time>2026-09-11T23:13:09.000Z</time>
        <extensions>
          <ns3:TrackPointExtension>
            <ns3:hr>129</ns3:hr>
            <ns3:cad>95</ns3:cad>
          </ns3:TrackPointExtension>
        </extensions>
      </trkpt>
      <trkpt lat="25.093251876533031463623046875" lon="102.72590772248804569244384765625">
        <ele>1895.4000244140625</ele>
        <time>2026-09-11T23:13:10.000Z</time>
        <extensions>
          <ns3:TrackPointExtension>
            <ns3:hr>129</ns3:hr>
            <ns3:cad>95</ns3:cad>
          </ns3:TrackPointExtension>
        </extensions>
      </trkpt>
      <trkpt lat="25.0932735018432140350341796875" lon="102.72592381574213504791259765625">
        <ele>1895.4000244140625</ele>
        <time>2026-09-11T23:13:11.000Z</time>
        <extensions>
          <ns3:TrackPointExtension>
            <ns3:hr>129</ns3:hr>
            <ns3:cad>95</ns3:cad>
          </ns3:TrackPointExtension>
        </extensions>
      </trkpt>
      <trkpt lat="25.0932946242392063140869140625" lon="102.7259359695017337799072265625">
        <ele>1895.4000244140625</ele>
        <time>2026-09-11T23:13:12.000Z</time>
        <extensions>
          <ns3:TrackPointExtension>
            <ns3:hr>129</ns3:hr>
            <ns3:cad>95</ns3:cad>
          </ns3:TrackPointExtension>
        </extensions>
      </trkpt>
      <trkpt lat="25.09331935085356235504150390625" lon="102.725951559841632843017578125">
        <ele>1895.4000244140625</ele>
        <time>2026-09-11T23:13:13.000Z</time>
        <extensions>
          <ns3:TrackPointExtension>
            <ns3:hr>129</ns3:hr>
            <ns3:cad>95</ns3:cad>
          </ns3:TrackPointExtension>
        </extensions>
      </trkpt>
      <trkpt lat="25.09334499947726726531982421875" lon="102.72596639581024646759033203125">
        <ele>1895.4000244140625</ele>
        <time>2026-09-11T23:13:14.000Z</time>
        <extensions>
          <ns3:TrackPointExtension>
            <ns3:hr>129</ns3:hr>
            <ns3:cad>94</ns3:cad>
          </ns3:TrackPointExtension>
        </extensions>
      </trkpt>
      <trkpt lat="25.0933714024722576141357421875" lon="102.7259887754917144775390625">
        <ele>1895.4000244140625</ele>
        <time>2026-09-11T23:13:15.000Z</time>
        <extensions>
          <ns3:TrackPointExtension>
            <ns3:hr>129</ns3:hr>
            <ns3:cad>94</ns3:cad>
          </ns3:TrackPointExtension>
        </extensions>
      </trkpt>
      <trkpt lat="25.0933952070772647857666015625" lon="102.7260087244212627410888671875">
        <ele>1895.4000244140625</ele>
        <time>2026-09-11T23:13:16.000Z</time>
        <extensions>
          <ns3:TrackPointExtension>
            <ns3:hr>129</ns3:hr>
            <ns3:cad>94</ns3:cad>
          </ns3:TrackPointExtension>
        </extensions>
      </trkpt>
      <trkpt lat="25.0934163294732570648193359375" lon="102.72603361867368221282958984375">
        <ele>1895.4000244140625</ele>
        <time>2026-09-11T23:13:17.000Z</time>
        <extensions>
          <ns3:TrackPointExtension>
            <ns3:hr>129</ns3:hr>
            <ns3:cad>94</ns3:cad>
          </ns3:TrackPointExtension>
        </extensions>
      </trkpt>
      <trkpt lat="25.0934384576976299285888671875" lon="102.7260600216686725616455078125">
        <ele>1895.4000244140625</ele>
        <time>2026-09-11T23:13:18.000Z</time>
        <extensions>
          <ns3:TrackPointExtension>
            <ns3:hr>129</ns3:hr>
            <ns3:cad>95</ns3:cad>
          </ns3:TrackPointExtension>
        </extensions>
      </trkpt>
      <trkpt lat="25.0934562273323535919189453125" lon="102.7260858379304409027099609375">
        <ele>1895.4000244140625</ele>
        <time>2026-09-11T23:13:19.000Z</time>
        <extensions>
          <ns3:TrackPointExtension>
            <ns3:hr>129</ns3:hr>
            <ns3:cad>95</ns3:cad>
          </ns3:TrackPointExtension>
        </extensions>
      </trkpt>
      <trkpt lat="25.09347827173769474029541015625" lon="102.7261243946850299835205078125">
        <ele>1895.4000244140625</ele>
        <time>2026-09-11T23:13:20.000Z</time>
        <extensions>
          <ns3:TrackPointExtension>
            <ns3:hr>129</ns3:hr>
            <ns3:cad>95</ns3:cad>
          </ns3:TrackPointExtension>
        </extensions>
      </trkpt>
      <trkpt lat="25.09348916821181774139404296875" lon="102.72615079768002033233642578125">
        <ele>1895.4000244140625</ele>
        <time>2026-09-11T23:13:21.000Z</time>
        <extensions>
          <ns3:TrackPointExtension>
            <ns3:hr>129</ns3:hr>
            <ns3:cad>95</ns3:cad>
          </ns3:TrackPointExtension>
        </extensions>
      </trkpt>
      <trkpt lat="25.0934922695159912109375" lon="102.72618122398853302001953125">
        <ele>1895.4000244140625</ele>
        <time>2026-09-11T23:13:22.000Z</time>
        <extensions>
          <ns3:TrackPointExtension>
            <ns3:hr>129</ns3:hr>
            <ns3:cad>95</ns3:cad>
          </ns3:TrackPointExtension>
        </extensions>
      </trkpt>
      <trkpt lat="25.09349537082016468048095703125" lon="102.72620896808803081512451171875">
        <ele>1895.199951171875</ele>
        <time>2026-09-11T23:13:23.000Z</time>
        <extensions>
          <ns3:TrackPointExtension>
            <ns3:hr>129</ns3:hr>
            <ns3:cad>95</ns3:cad>
          </ns3:TrackPointExtension>
        </extensions>
      </trkpt>
      <trkpt lat="25.09349889121949672698974609375" lon="102.72624031640589237213134765625">
        <ele>1895.199951171875</ele>
        <time>2026-09-11T23:13:24.000Z</time>
        <extensions>
          <ns3:TrackPointExtension>
            <ns3:hr>129</ns3:hr>
            <ns3:cad>95</ns3:cad>
          </ns3:TrackPointExtension>
        </extensions>
      </trkpt>
      <trkpt lat="25.09350123815238475799560546875" lon="102.72627484984695911407470703125">
        <ele>1895.4000244140625</ele>
        <time>2026-09-11T23:13:25.000Z</time>
        <extensions>
          <ns3:TrackPointExtension>
            <ns3:hr>129</ns3:hr>
            <ns3:cad>95</ns3:cad>
          </ns3:TrackPointExtension>
        </extensions>
      </trkpt>
      <trkpt lat="25.09350911714136600494384765625" lon="102.726298235356807708740234375">
        <ele>1895.4000244140625</ele>
        <time>2026-09-11T23:13:26.000Z</time>
        <extensions>
          <ns3:TrackPointExtension>
            <ns3:hr>129</ns3:hr>
            <ns3:cad>95</ns3:cad>
          </ns3:TrackPointExtension>
        </extensions>
      </trkpt>
      <trkpt lat="25.09351909160614013671875" lon="102.726335115730762481689453125">
        <ele>1895.4000244140625</ele>
        <time>2026-09-11T23:13:27.000Z</time>
        <extensions>
          <ns3:TrackPointExtension>
            <ns3:hr>129</ns3:hr>
            <ns3:cad>93</ns3:cad>
          </ns3:TrackPointExtension>
        </extensions>
      </trkpt>
      <trkpt lat="25.0935319997370243072509765625" lon="102.72636420093476772308349609375">
        <ele>1895.5999755859375</ele>
        <time>2026-09-11T23:13:28.000Z</time>
        <extensions>
          <ns3:TrackPointExtension>
            <ns3:hr>129</ns3:hr>
            <ns3:cad>93</ns3:cad>
          </ns3:TrackPointExtension>
        </extensions>
      </trkpt>
      <trkpt lat="25.09354767389595508575439453125" lon="102.72639839909970760345458984375">
        <ele>1895.5999755859375</ele>
        <time>2026-09-11T23:13:29.000Z</time>
        <extensions>
          <ns3:TrackPointExtension>
            <ns3:hr>129</ns3:hr>
            <ns3:cad>95</ns3:cad>
          </ns3:TrackPointExtension>
        </extensions>
      </trkpt>
      <trkpt lat="25.09356812573969364166259765625" lon="102.72642672993242740631103515625">
        <ele>1895.5999755859375</ele>
        <time>2026-09-11T23:13:30.000Z</time>
        <extensions>
          <ns3:TrackPointExtension>
            <ns3:hr>129</ns3:hr>
            <ns3:cad>96</ns3:cad>
          </ns3:TrackPointExtension>
        </extensions>
      </trkpt>
      <trkpt lat="25.0935913436114788055419921875" lon="102.7264452539384365081787109375">
        <ele>1895.5999755859375</ele>
        <time>2026-09-11T23:13:31.000Z</time>
        <extensions>
          <ns3:TrackPointExtension>
            <ns3:hr>129</ns3:hr>
            <ns3:cad>96</ns3:cad>
          </ns3:TrackPointExtension>
        </extensions>
      </trkpt>
      <trkpt lat="25.09361841715872287750244140625" lon="102.7264623530209064483642578125">
        <ele>1895.5999755859375</ele>
        <time>2026-09-11T23:13:32.000Z</time>
        <extensions>
          <ns3:TrackPointExtension>
            <ns3:hr>128</ns3:hr>
            <ns3:cad>94</ns3:cad>
          </ns3:TrackPointExtension>
        </extensions>
      </trkpt>
      <trkpt lat="25.093643479049205780029296875" lon="102.72647358477115631103515625">
        <ele>1895.5999755859375</ele>
        <time>2026-09-11T23:13:33.000Z</time>
        <extensions>
          <ns3:TrackPointExtension>
            <ns3:hr>129</ns3:hr>
            <ns3:cad>94</ns3:cad>
          </ns3:TrackPointExtension>
        </extensions>
      </trkpt>
      <trkpt lat="25.09367801249027252197265625" lon="102.72648825310170650482177734375">
        <ele>1895.5999755859375</ele>
        <time>2026-09-11T23:13:34.000Z</time>
        <extensions>
          <ns3:TrackPointExtension>
            <ns3:hr>129</ns3:hr>
            <ns3:cad>94</ns3:cad>
          </ns3:TrackPointExtension>
        </extensions>
      </trkpt>
      <trkpt lat="25.09370910935103893280029296875" lon="102.7265010774135589599609375">
        <ele>1895.5999755859375</ele>
        <time>2026-09-11T23:13:35.000Z</time>
        <extensions>
          <ns3:TrackPointExtension>
            <ns3:hr>129</ns3:hr>
            <ns3:cad>95</ns3:cad>
          </ns3:TrackPointExtension>
        </extensions>
      </trkpt>
      <trkpt lat="25.093731321394443511962890625" lon="102.7265131473541259765625">
        <ele>1895.5999755859375</ele>
        <time>2026-09-11T23:13:36.000Z</time>
        <extensions>
          <ns3:TrackPointExtension>
            <ns3:hr>129</ns3:hr>
            <ns3:cad>95</ns3:cad>
          </ns3:TrackPointExtension>
        </extensions>
      </trkpt>
      <trkpt lat="25.09376174770295619964599609375" lon="102.7265280671417713165283203125">
        <ele>1895.5999755859375</ele>
        <time>2026-09-11T23:13:37.000Z</time>
        <extensions>
          <ns3:TrackPointExtension>
            <ns3:hr>129</ns3:hr>
            <ns3:cad>95</ns3:cad>
          </ns3:TrackPointExtension>
        </extensions>
      </trkpt>
      <trkpt lat="25.0937901623547077178955078125" lon="102.72653787396848201751708984375">
        <ele>1895.4000244140625</ele>
        <time>2026-09-11T23:13:38.000Z</time>
        <extensions>
          <ns3:TrackPointExtension>
            <ns3:hr>129</ns3:hr>
            <ns3:cad>95</ns3:cad>
          </ns3:TrackPointExtension>
        </extensions>
      </trkpt>
      <trkpt lat="25.09382511489093303680419921875" lon="102.726554386317729949951171875">
        <ele>1895.4000244140625</ele>
        <time>2026-09-11T23:13:39.000Z</time>
        <extensions>
          <ns3:TrackPointExtension>
            <ns3:hr>129</ns3:hr>
            <ns3:cad>95</ns3:cad>
          </ns3:TrackPointExtension>
        </extensions>
      </trkpt>
      <trkpt lat="25.09385344572365283966064453125" lon="102.72656519897282123565673828125">
        <ele>1895.4000244140625</ele>
        <time>2026-09-11T23:13:40.000Z</time>
        <extensions>
          <ns3:TrackPointExtension>
            <ns3:hr>129</ns3:hr>
            <ns3:cad>95</ns3:cad>
          </ns3:TrackPointExtension>
        </extensions>
      </trkpt>
      <trkpt lat="25.0938826985657215118408203125" lon="102.72657978348433971405029296875">
        <ele>1895.4000244140625</ele>
        <time>2026-09-11T23:13:41.000Z</time>
        <extensions>
          <ns3:TrackPointExtension>
            <ns3:hr>129</ns3:hr>
            <ns3:cad>95</ns3:cad>
          </ns3:TrackPointExtension>
        </extensions>
      </trkpt>
      <trkpt lat="25.09391496889293193817138671875" lon="102.72658917121589183807373046875">
        <ele>1895.4000244140625</ele>
        <time>2026-09-11T23:13:42.000Z</time>
        <extensions>
          <ns3:TrackPointExtension>
            <ns3:hr>129</ns3:hr>
            <ns3:cad>95</ns3:cad>
          </ns3:TrackPointExtension>
        </extensions>
      </trkpt>
      <trkpt lat="25.09394221007823944091796875" lon="102.72659755311906337738037109375">
        <ele>1895.4000244140625</ele>
        <time>2026-09-11T23:13:43.000Z</time>
        <extensions>
          <ns3:TrackPointExtension>
            <ns3:hr>129</ns3:hr>
            <ns3:cad>95</ns3:cad>
          </ns3:TrackPointExtension>
        </extensions>
      </trkpt>
      <trkpt lat="25.09396911598742008209228515625" lon="102.7266128920018672943115234375">
        <ele>1895.4000244140625</ele>
        <time>2026-09-11T23:13:44.000Z</time>
        <extensions>
          <ns3:TrackPointExtension>
            <ns3:hr>129</ns3:hr>
            <ns3:cad>95</ns3:cad>
          </ns3:TrackPointExtension>
        </extensions>
      </trkpt>
      <trkpt lat="25.09399342350661754608154296875" lon="102.726624794304370880126953125">
        <ele>1895.4000244140625</ele>
        <time>2026-09-11T23:13:45.000Z</time>
        <extensions>
          <ns3:TrackPointExtension>
            <ns3:hr>129</ns3:hr>
            <ns3:cad>95</ns3:cad>
          </ns3:TrackPointExtension>
        </extensions>
      </trkpt>
      <trkpt lat="25.0940201617777347564697265625" lon="102.7266437374055385589599609375">
        <ele>1895.4000244140625</ele>
        <time>2026-09-11T23:13:46.000Z</time>
        <extensions>
          <ns3:TrackPointExtension>
            <ns3:hr>130</ns3:hr>
            <ns3:cad>95</ns3:cad>
          </ns3:TrackPointExtension>
        </extensions>
      </trkpt>
      <trkpt lat="25.09404405020177364349365234375" lon="102.7266593277454376220703125">
        <ele>1895.4000244140625</ele>
        <time>2026-09-11T23:13:47.000Z</time>
        <extensions>
          <ns3:TrackPointExtension>
            <ns3:hr>130</ns3:hr>
            <ns3:cad>95</ns3:cad>
          </ns3:TrackPointExtension>
        </extensions>
      </trkpt>
      <trkpt lat="25.09406827390193939208984375" lon="102.7266776002943515777587890625">
        <ele>1895.4000244140625</ele>
        <time>2026-09-11T23:13:48.000Z</time>
        <extensions>
          <ns3:TrackPointExtension>
            <ns3:hr>130</ns3:hr>
            <ns3:cad>95</ns3:cad>
          </ns3:TrackPointExtension>
        </extensions>
      </trkpt>
      <trkpt lat="25.094095766544342041015625" lon="102.72669612430036067962646484375">
        <ele>1895.4000244140625</ele>
        <time>2026-09-11T23:13:49.000Z</time>
        <extensions>
          <ns3:TrackPointExtension>
            <ns3:hr>131</ns3:hr>
            <ns3:cad>95</ns3:cad>
          </ns3:TrackPointExtension>
        </extensions>
      </trkpt>
      <trkpt lat="25.0941130332648754119873046875" lon="102.72671590559184551239013671875">
        <ele>1895.4000244140625</ele>
        <time>2026-09-11T23:13:50.000Z</time>
        <extensions>
          <ns3:TrackPointExtension>
            <ns3:hr>131</ns3:hr>
            <ns3:cad>95</ns3:cad>
          </ns3:TrackPointExtension>
        </extensions>
      </trkpt>
      <trkpt lat="25.0941344909369945526123046875" lon="102.7267386205494403839111328125">
        <ele>1895.4000244140625</ele>
        <time>2026-09-11T23:13:51.000Z</time>
        <extensions>
          <ns3:TrackPointExtension>
            <ns3:hr>131</ns3:hr>
            <ns3:cad>95</ns3:cad>
          </ns3:TrackPointExtension>
        </extensions>
      </trkpt>
      <trkpt lat="25.094152428209781646728515625" lon="102.7267607487738132476806640625">
        <ele>1895.4000244140625</ele>
        <time>2026-09-11T23:13:52.000Z</time>
        <extensions>
          <ns3:TrackPointExtension>
            <ns3:hr>131</ns3:hr>
            <ns3:cad>95</ns3:cad>
          </ns3:TrackPointExtension>
        </extensions>
      </trkpt>
      <trkpt lat="25.09416810236871242523193359375" lon="102.7267942763864994049072265625">
        <ele>1895.4000244140625</ele>
        <time>2026-09-11T23:13:53.000Z</time>
        <extensions>
          <ns3:TrackPointExtension>
            <ns3:hr>130</ns3:hr>
            <ns3:cad>93</ns3:cad>
          </ns3:TrackPointExtension>
        </extensions>
      </trkpt>
      <trkpt lat="25.09417866356670856475830078125" lon="102.72681891918182373046875">
        <ele>1895.4000244140625</ele>
        <time>2026-09-11T23:13:54.000Z</time>
        <extensions>
          <ns3:TrackPointExtension>
            <ns3:hr>131</ns3:hr>
            <ns3:cad>93</ns3:cad>
          </ns3:TrackPointExtension>
        </extensions>
      </trkpt>
      <trkpt lat="25.09418687783181667327880859375" lon="102.72685487754642963409423828125">
        <ele>1895.4000244140625</ele>
        <time>2026-09-11T23:13:55.000Z</time>
        <extensions>
          <ns3:TrackPointExtension>
            <ns3:hr>131</ns3:hr>
            <ns3:cad>93</ns3:cad>
          </ns3:TrackPointExtension>
        </extensions>
      </trkpt>
      <trkpt lat="25.09419911541044712066650390625" lon="102.72688689641654491424560546875">
        <ele>1895.4000244140625</ele>
        <time>2026-09-11T23:13:56.000Z</time>
        <extensions>
          <ns3:TrackPointExtension>
            <ns3:hr>130</ns3:hr>
            <ns3:cad>93</ns3:cad>
          </ns3:TrackPointExtension>
        </extensions>
      </trkpt>
      <trkpt lat="25.09420984424650669097900390625" lon="102.72691505961120128631591796875">
        <ele>1895.4000244140625</ele>
        <time>2026-09-11T23:13:57.000Z</time>
        <extensions>
          <ns3:TrackPointExtension>
            <ns3:hr>131</ns3:hr>
            <ns3:cad>93</ns3:cad>
          </ns3:TrackPointExtension>
        </extensions>
      </trkpt>
      <trkpt lat="25.09422811679542064666748046875" lon="102.72694070823490619659423828125">
        <ele>1895.4000244140625</ele>
        <time>2026-09-11T23:13:58.000Z</time>
        <extensions>
          <ns3:TrackPointExtension>
            <ns3:hr>131</ns3:hr>
            <ns3:cad>93</ns3:cad>
          </ns3:TrackPointExtension>
        </extensions>
      </trkpt>
      <trkpt lat="25.0942432880401611328125" lon="102.726964764297008514404296875">
        <ele>1895.4000244140625</ele>
        <time>2026-09-11T23:13:59.000Z</time>
        <extensions>
          <ns3:TrackPointExtension>
            <ns3:hr>130</ns3:hr>
            <ns3:cad>93</ns3:cad>
          </ns3:TrackPointExtension>
        </extensions>
      </trkpt>
      <trkpt lat="25.09426834993064403533935546875" lon="102.72699049673974514007568359375">
        <ele>1895.4000244140625</ele>
        <time>2026-09-11T23:14:00.000Z</time>
        <extensions>
          <ns3:TrackPointExtension>
            <ns3:hr>130</ns3:hr>
            <ns3:cad>93</ns3:cad>
          </ns3:TrackPointExtension>
        </extensions>
      </trkpt>
      <trkpt lat="25.09429131634533405303955078125" lon="102.72701094858348369598388671875">
        <ele>1895.4000244140625</ele>
        <time>2026-09-11T23:14:01.000Z</time>
        <extensions>
          <ns3:TrackPointExtension>
            <ns3:hr>130</ns3:hr>
            <ns3:cad>95</ns3:cad>
          </ns3:TrackPointExtension>
        </extensions>
      </trkpt>
      <trkpt lat="25.0943178869783878326416015625" lon="102.72703726775944232940673828125">
        <ele>1895.4000244140625</ele>
        <time>2026-09-11T23:14:02.000Z</time>
        <extensions>
          <ns3:TrackPointExtension>
            <ns3:hr>131</ns3:hr>
            <ns3:cad>95</ns3:cad>
          </ns3:TrackPointExtension>
        </extensions>
      </trkpt>
      <trkpt lat="25.09433942846953868865966796875" lon="102.727057300508022308349609375">
        <ele>1895.4000244140625</ele>
        <time>2026-09-11T23:14:03.000Z</time>
        <extensions>
          <ns3:TrackPointExtension>
            <ns3:hr>130</ns3:hr>
            <ns3:cad>92</ns3:cad>
          </ns3:TrackPointExtension>
        </extensions>
      </trkpt>
      <trkpt lat="25.09435837157070636749267578125" lon="102.727080099284648895263671875">
        <ele>1895.4000244140625</ele>
        <time>2026-09-11T23:14:04.000Z</time>
        <extensions>
          <ns3:TrackPointExtension>
            <ns3:hr>130</ns3:hr>
            <ns3:cad>92</ns3:cad>
          </ns3:TrackPointExtension>
        </extensions>
      </trkpt>
      <trkpt lat="25.09438586421310901641845703125" lon="102.7270930074155330657958984375">
        <ele>1895.4000244140625</ele>
        <time>2026-09-11T23:14:05.000Z</time>
        <extensions>
          <ns3:TrackPointExtension>
            <ns3:hr>131</ns3:hr>
            <ns3:cad>93</ns3:cad>
          </ns3:TrackPointExtension>
        </extensions>
      </trkpt>
      <trkpt lat="25.094408579170703887939453125" lon="102.72710926830768585205078125">
        <ele>1895.5999755859375</ele>
        <time>2026-09-11T23:14:06.000Z</time>
        <extensions>
          <ns3:TrackPointExtension>
            <ns3:hr>131</ns3:hr>
            <ns3:cad>93</ns3:cad>
          </ns3:TrackPointExtension>
        </extensions>
      </trkpt>
      <trkpt lat="25.094425678253173828125" lon="102.7271335758268833160400390625">
        <ele>1895.800048828125</ele>
        <time>2026-09-11T23:14:07.000Z</time>
        <extensions>
          <ns3:TrackPointExtension>
            <ns3:hr>131</ns3:hr>
            <ns3:cad>93</ns3:cad>
          </ns3:TrackPointExtension>
        </extensions>
      </trkpt>
      <trkpt lat="25.09443548507988452911376953125" lon="102.72715746425092220306396484375">
        <ele>1895.800048828125</ele>
        <time>2026-09-11T23:14:08.000Z</time>
        <extensions>
          <ns3:TrackPointExtension>
            <ns3:hr>131</ns3:hr>
            <ns3:cad>92</ns3:cad>
          </ns3:TrackPointExtension>
        </extensions>
      </trkpt>
      <trkpt lat="25.0944452919065952301025390625" lon="102.727164588868618011474609375">
        <ele>1895.800048828125</ele>
        <time>2026-09-11T23:14:09.000Z</time>
        <extensions>
          <ns3:TrackPointExtension>
            <ns3:hr>131</ns3:hr>
            <ns3:cad>92</ns3:cad>
          </ns3:TrackPointExtension>
        </extensions>
      </trkpt>
      <trkpt lat="25.09445979259908199310302734375" lon="102.72714757360517978668212890625">
        <ele>1895.800048828125</ele>
        <time>2026-09-11T23:14:10.000Z</time>
        <extensions>
          <ns3:TrackPointExtension>
            <ns3:hr>131</ns3:hr>
            <ns3:cad>92</ns3:cad>
          </ns3:TrackPointExtension>
        </extensions>
      </trkpt>
      <trkpt lat="25.09448091499507427215576171875" lon="102.72712896578013896942138671875">
        <ele>1895.800048828125</ele>
        <time>2026-09-11T23:14:11.000Z</time>
        <extensions>
          <ns3:TrackPointExtension>
            <ns3:hr>132</ns3:hr>
            <ns3:cad>92</ns3:cad>
          </ns3:TrackPointExtension>
        </extensions>
      </trkpt>
      <trkpt lat="25.09450438432395458221435546875" lon="102.72712024860084056854248046875">
        <ele>1895.800048828125</ele>
        <time>2026-09-11T23:14:12.000Z</time>
        <extensions>
          <ns3:TrackPointExtension>
            <ns3:hr>132</ns3:hr>
            <ns3:cad>92</ns3:cad>
          </ns3:TrackPointExtension>
        </extensions>
      </trkpt>
      <trkpt lat="25.09453321807086467742919921875" lon="102.727114968001842498779296875">
        <ele>1895.800048828125</ele>
        <time>2026-09-11T23:14:13.000Z</time>
        <extensions>
          <ns3:TrackPointExtension>
            <ns3:hr>132</ns3:hr>
            <ns3:cad>92</ns3:cad>
          </ns3:TrackPointExtension>
        </extensions>
      </trkpt>
      <trkpt lat="25.09455786086618900299072265625" lon="102.7271097712218761444091796875">
        <ele>1895.800048828125</ele>
        <time>2026-09-11T23:14:14.000Z</time>
        <extensions>
          <ns3:TrackPointExtension>
            <ns3:hr>132</ns3:hr>
            <ns3:cad>92</ns3:cad>
          </ns3:TrackPointExtension>
        </extensions>
      </trkpt>
      <trkpt lat="25.0945861078798770904541015625" lon="102.72710147313773632049560546875">
        <ele>1895.800048828125</ele>
        <time>2026-09-11T23:14:15.000Z</time>
        <extensions>
          <ns3:TrackPointExtension>
            <ns3:hr>132</ns3:hr>
            <ns3:cad>92</ns3:cad>
          </ns3:TrackPointExtension>
        </extensions>
      </trkpt>
      <trkpt lat="25.09460429660975933074951171875" lon="102.727088145911693572998046875">
        <ele>1895.5999755859375</ele>
        <time>2026-09-11T23:14:16.000Z</time>
        <extensions>
          <ns3:TrackPointExtension>
            <ns3:hr>131</ns3:hr>
            <ns3:cad>88</ns3:cad>
          </ns3:TrackPointExtension>
        </extensions>
      </trkpt>
      <trkpt lat="25.09462642483413219451904296875" lon="102.72707632742822170257568359375">
        <ele>1895.5999755859375</ele>
        <time>2026-09-11T23:14:17.000Z</time>
        <extensions>
          <ns3:TrackPointExtension>
            <ns3:hr>132</ns3:hr>
            <ns3:cad>88</ns3:cad>
          </ns3:TrackPointExtension>
        </extensions>
      </trkpt>
      <trkpt lat="25.0946442782878875732421875" lon="102.72706610150635242462158203125">
        <ele>1895.5999755859375</ele>
        <time>2026-09-11T23:14:18.000Z</time>
        <extensions>
          <ns3:TrackPointExtension>
            <ns3:hr>132</ns3:hr>
            <ns3:cad>94</ns3:cad>
          </ns3:TrackPointExtension>
        </extensions>
      </trkpt>
      <trkpt lat="25.094666741788387298583984375" lon="102.727052606642246246337890625">
        <ele>1895.5999755859375</ele>
        <time>2026-09-11T23:14:19.000Z</time>
        <extensions>
          <ns3:TrackPointExtension>
            <ns3:hr>132</ns3:hr>
            <ns3:cad>94</ns3:cad>
          </ns3:TrackPointExtension>
        </extensions>
      </trkpt>
      <trkpt lat="25.0946887023746967315673828125" lon="102.7270319871604442596435546875">
        <ele>1895.5999755859375</ele>
        <time>2026-09-11T23:14:20.000Z</time>
        <extensions>
          <ns3:TrackPointExtension>
            <ns3:hr>131</ns3:hr>
            <ns3:cad>94</ns3:cad>
          </ns3:TrackPointExtension>
        </extensions>
      </trkpt>
      <trkpt lat="25.094707645475864410400390625" lon="102.7270142175257205963134765625">
        <ele>1895.5999755859375</ele>
        <time>2026-09-11T23:14:21.000Z</time>
        <extensions>
          <ns3:TrackPointExtension>
            <ns3:hr>132</ns3:hr>
            <ns3:cad>94</ns3:cad>
          </ns3:TrackPointExtension>
        </extensions>
      </trkpt>
      <trkpt lat="25.09472943842411041259765625" lon="102.72698999382555484771728515625">
        <ele>1895.5999755859375</ele>
        <time>2026-09-11T23:14:22.000Z</time>
        <extensions>
          <ns3:TrackPointExtension>
            <ns3:hr>132</ns3:hr>
            <ns3:cad>94</ns3:cad>
          </ns3:TrackPointExtension>
        </extensions>
      </trkpt>
      <trkpt lat="25.09474829770624637603759765625" lon="102.72697054781019687652587890625">
        <ele>1895.5999755859375</ele>
        <time>2026-09-11T23:14:23.000Z</time>
        <extensions>
          <ns3:TrackPointExtension>
            <ns3:hr>132</ns3:hr>
            <ns3:cad>94</ns3:cad>
          </ns3:TrackPointExtension>
        </extensions>
      </trkpt>
      <trkpt lat="25.0947695039212703704833984375" lon="102.7269404567778110504150390625">
        <ele>1895.4000244140625</ele>
        <time>2026-09-11T23:14:24.000Z</time>
        <extensions>
          <ns3:TrackPointExtension>
            <ns3:hr>131</ns3:hr>
            <ns3:cad>94</ns3:cad>
          </ns3:TrackPointExtension>
        </extensions>
      </trkpt>
      <trkpt lat="25.094781406223773956298828125" lon="102.72691673599183559417724609375">
        <ele>1895.4000244140625</ele>
        <time>2026-09-11T23:14:25.000Z</time>
        <extensions>
          <ns3:TrackPointExtension>
            <ns3:hr>132</ns3:hr>
            <ns3:cad>94</ns3:cad>
          </ns3:TrackPointExtension>
        </extensions>
      </trkpt>
      <trkpt lat="25.094794817268848419189453125" lon="102.7268881537020206451416015625">
        <ele>1895.4000244140625</ele>
        <time>2026-09-11T23:14:26.000Z</time>
        <extensions>
          <ns3:TrackPointExtension>
            <ns3:hr>132</ns3:hr>
            <ns3:cad>94</ns3:cad>
          </ns3:TrackPointExtension>
        </extensions>
      </trkpt>
      <trkpt lat="25.09480454027652740478515625" lon="102.726862169802188873291015625">
        <ele>1895.4000244140625</ele>
        <time>2026-09-11T23:14:27.000Z</time>
        <extensions>
          <ns3:TrackPointExtension>
            <ns3:hr>131</ns3:hr>
            <ns3:cad>94</ns3:cad>
          </ns3:TrackPointExtension>
        </extensions>
      </trkpt>
      <trkpt lat="25.09481250308454036712646484375" lon="102.72683409042656421661376953125">
        <ele>1895.4000244140625</ele>
        <time>2026-09-11T23:14:28.000Z</time>
        <extensions>
          <ns3:TrackPointExtension>
            <ns3:hr>132</ns3:hr>
            <ns3:cad>93</ns3:cad>
          </ns3:TrackPointExtension>
        </extensions>
      </trkpt>
      <trkpt lat="25.09481853805482387542724609375" lon="102.72680358029901981353759765625">
        <ele>1895.4000244140625</ele>
        <time>2026-09-11T23:14:29.000Z</time>
        <extensions>
          <ns3:TrackPointExtension>
            <ns3:hr>132</ns3:hr>
            <ns3:cad>93</ns3:cad>
          </ns3:TrackPointExtension>
        </extensions>
      </trkpt>
      <trkpt lat="25.09482222609221935272216796875" lon="102.72677776403725147247314453125">
        <ele>1895.4000244140625</ele>
        <time>2026-09-11T23:14:30.000Z</time>
        <extensions>
          <ns3:TrackPointExtension>
            <ns3:hr>132</ns3:hr>
            <ns3:cad>95</ns3:cad>
          </ns3:TrackPointExtension>
        </extensions>
      </trkpt>
      <trkpt lat="25.09482465684413909912109375" lon="102.726748846471309661865234375">
        <ele>1895.4000244140625</ele>
        <time>2026-09-11T23:14:31.000Z</time>
        <extensions>
          <ns3:TrackPointExtension>
            <ns3:hr>132</ns3:hr>
            <ns3:cad>95</ns3:cad>
          </ns3:TrackPointExtension>
        </extensions>
      </trkpt>
      <trkpt lat="25.09482063353061676025390625" lon="102.72672361694276332855224609375">
        <ele>1895.199951171875</ele>
        <time>2026-09-11T23:14:32.000Z</time>
        <extensions>
          <ns3:TrackPointExtension>
            <ns3:hr>131</ns3:hr>
            <ns3:cad>95</ns3:cad>
          </ns3:TrackPointExtension>
        </extensions>
      </trkpt>
      <trkpt lat="25.0948132574558258056640625" lon="102.726694531738758087158203125">
        <ele>1895.199951171875</ele>
        <time>2026-09-11T23:14:33.000Z</time>
        <extensions>
          <ns3:TrackPointExtension>
            <ns3:hr>132</ns3:hr>
            <ns3:cad>95</ns3:cad>
          </ns3:TrackPointExtension>
        </extensions>
      </trkpt>
      <trkpt lat="25.0948080606758594512939453125" lon="102.7266645245254039764404296875">
        <ele>1895.199951171875</ele>
        <time>2026-09-11T23:14:34.000Z</time>
        <extensions>
          <ns3:TrackPointExtension>
            <ns3:hr>132</ns3:hr>
            <ns3:cad>95</ns3:cad>
          </ns3:TrackPointExtension>
        </extensions>
      </trkpt>
      <trkpt lat="25.094796158373355865478515625" lon="102.726640887558460235595703125">
        <ele>1895.199951171875</ele>
        <time>2026-09-11T23:14:35.000Z</time>
        <extensions>
          <ns3:TrackPointExtension>
            <ns3:hr>132</ns3:hr>
            <ns3:cad>95</ns3:cad>
          </ns3:TrackPointExtension>
        </extensions>
      </trkpt>
      <trkpt lat="25.09478165768086910247802734375" lon="102.72661364637315273284912109375">
        <ele>1895.199951171875</ele>
        <time>2026-09-11T23:14:36.000Z</time>
        <extensions>
          <ns3:TrackPointExtension>
            <ns3:hr>132</ns3:hr>
            <ns3:cad>95</ns3:cad>
          </ns3:TrackPointExtension>
        </extensions>
      </trkpt>
      <trkpt lat="25.0947681628167629241943359375" lon="102.7265880815684795379638671875">
        <ele>1895.199951171875</ele>
        <time>2026-09-11T23:14:37.000Z</time>
        <extensions>
          <ns3:TrackPointExtension>
            <ns3:hr>131</ns3:hr>
            <ns3:cad>95</ns3:cad>
          </ns3:TrackPointExtension>
        </extensions>
      </trkpt>
      <trkpt lat="25.09475081227719783782958984375" lon="102.72655396722257137298583984375">
        <ele>1895.4000244140625</ele>
        <time>2026-09-11T23:14:38.000Z</time>
        <extensions>
          <ns3:TrackPointExtension>
            <ns3:hr>132</ns3:hr>
            <ns3:cad>96</ns3:cad>
          </ns3:TrackPointExtension>
        </extensions>
      </trkpt>
      <trkpt lat="25.09473321028053760528564453125" lon="102.7265300787985324859619140625">
        <ele>1895.4000244140625</ele>
        <time>2026-09-11T23:14:39.000Z</time>
        <extensions>
          <ns3:TrackPointExtension>
            <ns3:hr>132</ns3:hr>
            <ns3:cad>96</ns3:cad>
          </ns3:TrackPointExtension>
        </extensions>
      </trkpt>
      <trkpt lat="25.094719044864177703857421875" lon="102.72650518454611301422119140625">
        <ele>1895.199951171875</ele>
        <time>2026-09-11T23:14:40.000Z</time>
        <extensions>
          <ns3:TrackPointExtension>
            <ns3:hr>132</ns3:hr>
            <ns3:cad>96</ns3:cad>
          </ns3:TrackPointExtension>
        </extensions>
      </trkpt>
      <trkpt lat="25.09470471180975437164306640625" lon="102.72647299803793430328369140625">
        <ele>1895.199951171875</ele>
        <time>2026-09-11T23:14:41.000Z</time>
        <extensions>
          <ns3:TrackPointExtension>
            <ns3:hr>132</ns3:hr>
            <ns3:cad>93</ns3:cad>
          </ns3:TrackPointExtension>
        </extensions>
      </trkpt>
      <trkpt lat="25.094686858355998992919921875" lon="102.72644986398518085479736328125">
        <ele>1895.4000244140625</ele>
        <time>2026-09-11T23:14:42.000Z</time>
        <extensions>
          <ns3:TrackPointExtension>
            <ns3:hr>131</ns3:hr>
            <ns3:cad>93</ns3:cad>
          </ns3:TrackPointExtension>
        </extensions>
      </trkpt>
      <trkpt lat="25.0946689210832118988037109375" lon="102.72642128169536590576171875">
        <ele>1895.5999755859375</ele>
        <time>2026-09-11T23:14:43.000Z</time>
        <extensions>
          <ns3:TrackPointExtension>
            <ns3:hr>131</ns3:hr>
            <ns3:cad>93</ns3:cad>
          </ns3:TrackPointExtension>
        </extensions>
      </trkpt>
      <trkpt lat="25.09464872069656848907470703125" lon="102.72639923729002475738525390625">
        <ele>1895.800048828125</ele>
        <time>2026-09-11T23:14:44.000Z</time>
        <extensions>
          <ns3:TrackPointExtension>
            <ns3:hr>130</ns3:hr>
            <ns3:cad>93</ns3:cad>
          </ns3:TrackPointExtension>
        </extensions>
      </trkpt>
      <trkpt lat="25.0946260057389736175537109375" lon="102.726371325552463531494140625">
        <ele>1896.199951171875</ele>
        <time>2026-09-11T23:14:45.000Z</time>
        <extensions>
          <ns3:TrackPointExtension>
            <ns3:hr>130</ns3:hr>
            <ns3:cad>93</ns3:cad>
          </ns3:TrackPointExtension>
        </extensions>
      </trkpt>
      <trkpt lat="25.0946067273616790771484375" lon="102.726347856223583221435546875">
        <ele>1896.4000244140625</ele>
        <time>2026-09-11T23:14:46.000Z</time>
        <extensions>
          <ns3:TrackPointExtension>
            <ns3:hr>131</ns3:hr>
            <ns3:cad>93</ns3:cad>
          </ns3:TrackPointExtension>
        </extensions>
      </trkpt>
      <trkpt lat="25.0945814140141010284423828125" lon="102.72631935775279998779296875">
        <ele>1896.4000244140625</ele>
        <time>2026-09-11T23:14:47.000Z</time>
        <extensions>
          <ns3:TrackPointExtension>
            <ns3:hr>131</ns3:hr>
            <ns3:cad>93</ns3:cad>
          </ns3:TrackPointExtension>
        </extensions>
      </trkpt>
      <trkpt lat="25.09456406347453594207763671875" lon="102.726300247013568878173828125">
        <ele>1896.5999755859375</ele>
        <time>2026-09-11T23:14:48.000Z</time>
        <extensions>
          <ns3:TrackPointExtension>
            <ns3:hr>131</ns3:hr>
            <ns3:cad>93</ns3:cad>
          </ns3:TrackPointExtension>
        </extensions>
      </trkpt>
      <trkpt lat="25.09454797022044658660888671875" lon="102.72627987898886203765869140625">
        <ele>1896.5999755859375</ele>
        <time>2026-09-11T23:14:49.000Z</time>
        <extensions>
          <ns3:TrackPointExtension>
            <ns3:hr>130</ns3:hr>
            <ns3:cad>92</ns3:cad>
          </ns3:TrackPointExtension>
        </extensions>
      </trkpt>
      <trkpt lat="25.0945294462144374847412109375" lon="102.7262596786022186279296875">
        <ele>1896.4000244140625</ele>
        <time>2026-09-11T23:14:50.000Z</time>
        <extensions>
          <ns3:TrackPointExtension>
            <ns3:hr>131</ns3:hr>
            <ns3:cad>92</ns3:cad>
          </ns3:TrackPointExtension>
        </extensions>
      </trkpt>
      <trkpt lat="25.0945066474378108978271484375" lon="102.72623126395046710968017578125">
        <ele>1896.199951171875</ele>
        <time>2026-09-11T23:14:51.000Z</time>
        <extensions>
          <ns3:TrackPointExtension>
            <ns3:hr>131</ns3:hr>
            <ns3:cad>92</ns3:cad>
          </ns3:TrackPointExtension>
        </extensions>
      </trkpt>
      <trkpt lat="25.09448510594666004180908203125" lon="102.72620477713644504547119140625">
        <ele>1896</ele>
        <time>2026-09-11T23:14:52.000Z</time>
        <extensions>
          <ns3:TrackPointExtension>
            <ns3:hr>131</ns3:hr>
            <ns3:cad>95</ns3:cad>
          </ns3:TrackPointExtension>
        </extensions>
      </trkpt>
      <trkpt lat="25.0944714434444904327392578125" lon="102.72617678157985210418701171875">
        <ele>1895.800048828125</ele>
        <time>2026-09-11T23:14:53.000Z</time>
        <extensions>
          <ns3:TrackPointExtension>
            <ns3:hr>131</ns3:hr>
            <ns3:cad>95</ns3:cad>
          </ns3:TrackPointExtension>
        </extensions>
      </trkpt>
      <trkpt lat="25.09445853531360626220703125" lon="102.72614560090005397796630859375">
        <ele>1895.5999755859375</ele>
        <time>2026-09-11T23:14:54.000Z</time>
        <extensions>
          <ns3:TrackPointExtension>
            <ns3:hr>131</ns3:hr>
            <ns3:cad>95</ns3:cad>
          </ns3:TrackPointExtension>
        </extensions>
      </trkpt>
      <trkpt lat="25.09444956667721271514892578125" lon="102.72611307911574840545654296875">
        <ele>1895.4000244140625</ele>
        <time>2026-09-11T23:14:55.000Z</time>
        <extensions>
          <ns3:TrackPointExtension>
            <ns3:hr>131</ns3:hr>
            <ns3:cad>95</ns3:cad>
          </ns3:TrackPointExtension>
        </extensions>
      </trkpt>
      <trkpt lat="25.09444512426853179931640625" lon="102.72607888095080852508544921875">
        <ele>1895.4000244140625</ele>
        <time>2026-09-11T23:14:56.000Z</time>
        <extensions>
          <ns3:TrackPointExtension>
            <ns3:hr>131</ns3:hr>
            <ns3:cad>95</ns3:cad>
          </ns3:TrackPointExtension>
        </extensions>
      </trkpt>
      <trkpt lat="25.09444336406886577606201171875" lon="102.7260466106235980987548828125">
        <ele>1895.4000244140625</ele>
        <time>2026-09-11T23:14:57.000Z</time>
        <extensions>
          <ns3:TrackPointExtension>
            <ns3:hr>131</ns3:hr>
            <ns3:cad>95</ns3:cad>
          </ns3:TrackPointExtension>
        </extensions>
      </trkpt>
      <trkpt lat="25.09444177150726318359375" lon="102.726013921201229095458984375">
        <ele>1895.4000244140625</ele>
        <time>2026-09-11T23:14:58.000Z</time>
        <extensions>
          <ns3:TrackPointExtension>
            <ns3:hr>132</ns3:hr>
            <ns3:cad>95</ns3:cad>
          </ns3:TrackPointExtension>
        </extensions>
      </trkpt>
      <trkpt lat="25.09444202296435832977294921875" lon="102.725982405245304107666015625">
        <ele>1895.4000244140625</ele>
        <time>2026-09-11T23:14:59.000Z</time>
        <extensions>
          <ns3:TrackPointExtension>
            <ns3:hr>132</ns3:hr>
            <ns3:cad>95</ns3:cad>
          </ns3:TrackPointExtension>
        </extensions>
      </trkpt>
      <trkpt lat="25.094445459544658660888671875" lon="102.72595466114580631256103515625">
        <ele>1895.4000244140625</ele>
        <time>2026-09-11T23:15:00.000Z</time>
        <extensions>
          <ns3:TrackPointExtension>
            <ns3:hr>132</ns3:hr>
            <ns3:cad>95</ns3:cad>
          </ns3:TrackPointExtension>
        </extensions>
      </trkpt>
      <trkpt lat="25.09445308707654476165771484375" lon="102.72592180408537387847900390625">
        <ele>1895.4000244140625</ele>
        <time>2026-09-11T23:15:01.000Z</time>
        <extensions>
          <ns3:TrackPointExtension>
            <ns3:hr>132</ns3:hr>
            <ns3:cad>95</ns3:cad>
          </ns3:TrackPointExtension>
        </extensions>
      </trkpt>
      <trkpt lat="25.09446197189390659332275390625" lon="102.7258950658142566680908203125">
        <ele>1895.4000244140625</ele>
        <time>2026-09-11T23:15:02.000Z</time>
        <extensions>
          <ns3:TrackPointExtension>
            <ns3:hr>133</ns3:hr>
            <ns3:cad>95</ns3:cad>
          </ns3:TrackPointExtension>
        </extensions>
      </trkpt>
      <trkpt lat="25.0944726169109344482421875" lon="102.7258672378957271575927734375">
        <ele>1895.4000244140625</ele>
        <time>2026-09-11T23:15:03.000Z</time>
        <extensions>
          <ns3:TrackPointExtension>
            <ns3:hr>133</ns3:hr>
            <ns3:cad>95</ns3:cad>
          </ns3:TrackPointExtension>
        </extensions>
      </trkpt>
      <trkpt lat="25.09448728524148464202880859375" lon="102.7258407510817050933837890625">
        <ele>1895.4000244140625</ele>
        <time>2026-09-11T23:15:04.000Z</time>
        <extensions>
          <ns3:TrackPointExtension>
            <ns3:hr>133</ns3:hr>
            <ns3:cad>95</ns3:cad>
          </ns3:TrackPointExtension>
        </extensions>
      </trkpt>
      <trkpt lat="25.09449013508856296539306640625" lon="102.72581032477319240570068359375">
        <ele>1895.4000244140625</ele>
        <time>2026-09-11T23:15:05.000Z</time>
        <extensions>
          <ns3:TrackPointExtension>
            <ns3:hr>133</ns3:hr>
            <ns3:cad>95</ns3:cad>
          </ns3:TrackPointExtension>
        </extensions>
      </trkpt>
      <trkpt lat="25.09450002573430538177490234375" lon="102.72577696479856967926025390625">
        <ele>1895.4000244140625</ele>
        <time>2026-09-11T23:15:06.000Z</time>
        <extensions>
          <ns3:TrackPointExtension>
            <ns3:hr>132</ns3:hr>
            <ns3:cad>95</ns3:cad>
          </ns3:TrackPointExtension>
        </extensions>
      </trkpt>
      <trkpt lat="25.094508491456508636474609375" lon="102.7257408387959003448486328125">
        <ele>1895.4000244140625</ele>
        <time>2026-09-11T23:15:07.000Z</time>
        <extensions>
          <ns3:TrackPointExtension>
            <ns3:hr>133</ns3:hr>
            <ns3:cad>93</ns3:cad>
          </ns3:TrackPointExtension>
        </extensions>
      </trkpt>
      <trkpt lat="25.09451963938772678375244140625" lon="102.72570722736418247222900390625">
        <ele>1895.4000244140625</ele>
        <time>2026-09-11T23:15:08.000Z</time>
        <extensions>
          <ns3:TrackPointExtension>
            <ns3:hr>133</ns3:hr>
            <ns3:cad>93</ns3:cad>
          </ns3:TrackPointExtension>
        </extensions>
      </trkpt>
      <trkpt lat="25.0945235788822174072265625" lon="102.72568174637854099273681640625">
        <ele>1895.4000244140625</ele>
        <time>2026-09-11T23:15:09.000Z</time>
        <extensions>
          <ns3:TrackPointExtension>
            <ns3:hr>132</ns3:hr>
            <ns3:cad>94</ns3:cad>
          </ns3:TrackPointExtension>
        </extensions>
      </trkpt>
      <trkpt lat="25.09453254751861095428466796875" lon="102.72565509192645549774169921875">
        <ele>1895.4000244140625</ele>
        <time>2026-09-11T23:15:10.000Z</time>
        <extensions>
          <ns3:TrackPointExtension>
            <ns3:hr>132</ns3:hr>
            <ns3:cad>95</ns3:cad>
          </ns3:TrackPointExtension>
        </extensions>
      </trkpt>
      <trkpt lat="25.09454025886952877044677734375" lon="102.7256338857114315032958984375">
        <ele>1895.4000244140625</ele>
        <time>2026-09-11T23:15:11.000Z</time>
        <extensions>
          <ns3:TrackPointExtension>
            <ns3:hr>132</ns3:hr>
            <ns3:cad>95</ns3:cad>
          </ns3:TrackPointExtension>
        </extensions>
      </trkpt>
      <trkpt lat="25.09454361163079738616943359375" lon="102.72560815326869487762451171875">
        <ele>1895.4000244140625</ele>
        <time>2026-09-11T23:15:12.000Z</time>
        <extensions>
          <ns3:TrackPointExtension>
            <ns3:hr>132</ns3:hr>
            <ns3:cad>95</ns3:cad>
          </ns3:TrackPointExtension>
        </extensions>
      </trkpt>
      <trkpt lat="25.09454545564949512481689453125" lon="102.72557697258889675140380859375">
        <ele>1895.4000244140625</ele>
        <time>2026-09-11T23:15:13.000Z</time>
        <extensions>
          <ns3:TrackPointExtension>
            <ns3:hr>131</ns3:hr>
            <ns3:cad>95</ns3:cad>
          </ns3:TrackPointExtension>
        </extensions>
      </trkpt>
      <trkpt lat="25.0945354811847209930419921875" lon="102.72555492818355560302734375">
        <ele>1895.4000244140625</ele>
        <time>2026-09-11T23:15:14.000Z</time>
        <extensions>
          <ns3:TrackPointExtension>
            <ns3:hr>132</ns3:hr>
            <ns3:cad>96</ns3:cad>
          </ns3:TrackPointExtension>
        </extensions>
      </trkpt>
      <trkpt lat="25.09452416561543941497802734375" lon="102.72552701644599437713623046875">
        <ele>1895.4000244140625</ele>
        <time>2026-09-11T23:15:15.000Z</time>
        <extensions>
          <ns3:TrackPointExtension>
            <ns3:hr>132</ns3:hr>
            <ns3:cad>96</ns3:cad>
          </ns3:TrackPointExtension>
        </extensions>
      </trkpt>
      <trkpt lat="25.0945046357810497283935546875" lon="102.72550589405000209808349609375">
        <ele>1895.199951171875</ele>
        <time>2026-09-11T23:15:16.000Z</time>
        <extensions>
          <ns3:TrackPointExtension>
            <ns3:hr>132</ns3:hr>
            <ns3:cad>96</ns3:cad>
          </ns3:TrackPointExtension>
        </extensions>
      </trkpt>
      <trkpt lat="25.094482004642486572265625" lon="102.7254913933575153350830078125">
        <ele>1895.199951171875</ele>
        <time>2026-09-11T23:15:17.000Z</time>
        <extensions>
          <ns3:TrackPointExtension>
            <ns3:hr>132</ns3:hr>
            <ns3:cad>94</ns3:cad>
          </ns3:TrackPointExtension>
        </extensions>
      </trkpt>
      <trkpt lat="25.09445660747587680816650390625" lon="102.725469432771205902099609375">
        <ele>1895.199951171875</ele>
        <time>2026-09-11T23:15:18.000Z</time>
        <extensions>
          <ns3:TrackPointExtension>
            <ns3:hr>131</ns3:hr>
            <ns3:cad>94</ns3:cad>
          </ns3:TrackPointExtension>
        </extensions>
      </trkpt>
      <trkpt lat="25.09443347342312335968017578125" lon="102.72545568645000457763671875">
        <ele>1895.199951171875</ele>
        <time>2026-09-11T23:15:19.000Z</time>
        <extensions>
          <ns3:TrackPointExtension>
            <ns3:hr>131</ns3:hr>
            <ns3:cad>95</ns3:cad>
          </ns3:TrackPointExtension>
        </extensions>
      </trkpt>
      <trkpt lat="25.09440111927688121795654296875" lon="102.7254427783191204071044921875">
        <ele>1895.199951171875</ele>
        <time>2026-09-11T23:15:20.000Z</time>
        <extensions>
          <ns3:TrackPointExtension>
            <ns3:hr>131</ns3:hr>
            <ns3:cad>95</ns3:cad>
          </ns3:TrackPointExtension>
        </extensions>
      </trkpt>
      <trkpt lat="25.0943760573863983154296875" lon="102.72543883882462978363037109375">
        <ele>1895.199951171875</ele>
        <time>2026-09-11T23:15:21.000Z</time>
        <extensions>
          <ns3:TrackPointExtension>
            <ns3:hr>130</ns3:hr>
            <ns3:cad>95</ns3:cad>
          </ns3:TrackPointExtension>
        </extensions>
      </trkpt>
      <trkpt lat="25.0943519175052642822265625" lon="102.72542442195117473602294921875">
        <ele>1895.199951171875</ele>
        <time>2026-09-11T23:15:22.000Z</time>
        <extensions>
          <ns3:TrackPointExtension>
            <ns3:hr>130</ns3:hr>
            <ns3:cad>95</ns3:cad>
          </ns3:TrackPointExtension>
        </extensions>
      </trkpt>
      <trkpt lat="25.09432970546185970306396484375" lon="102.72541268728673458099365234375">
        <ele>1895.199951171875</ele>
        <time>2026-09-11T23:15:23.000Z</time>
        <extensions>
          <ns3:TrackPointExtension>
            <ns3:hr>130</ns3:hr>
            <ns3:cad>95</ns3:cad>
          </ns3:TrackPointExtension>
        </extensions>
      </trkpt>
      <trkpt lat="25.09430891834199428558349609375" lon="102.72539994679391384124755859375">
        <ele>1895.199951171875</ele>
        <time>2026-09-11T23:15:24.000Z</time>
        <extensions>
          <ns3:TrackPointExtension>
            <ns3:hr>131</ns3:hr>
            <ns3:cad>94</ns3:cad>
          </ns3:TrackPointExtension>
        </extensions>
      </trkpt>
      <trkpt lat="25.09428377263247966766357421875" lon="102.725386284291744232177734375">
        <ele>1895.199951171875</ele>
        <time>2026-09-11T23:15:25.000Z</time>
        <extensions>
          <ns3:TrackPointExtension>
            <ns3:hr>130</ns3:hr>
            <ns3:cad>94</ns3:cad>
          </ns3:TrackPointExtension>
        </extensions>
      </trkpt>
      <trkpt lat="25.0942612253129482269287109375" lon="102.7253763936460018157958984375">
        <ele>1895.199951171875</ele>
        <time>2026-09-11T23:15:26.000Z</time>
        <extensions>
          <ns3:TrackPointExtension>
            <ns3:hr>130</ns3:hr>
            <ns3:cad>94</ns3:cad>
          </ns3:TrackPointExtension>
        </extensions>
      </trkpt>
      <trkpt lat="25.09423281066119670867919921875" lon="102.7253660000860691070556640625">
        <ele>1895.199951171875</ele>
        <time>2026-09-11T23:15:27.000Z</time>
        <extensions>
          <ns3:TrackPointExtension>
            <ns3:hr>131</ns3:hr>
            <ns3:cad>95</ns3:cad>
          </ns3:TrackPointExtension>
        </extensions>
      </trkpt>
      <trkpt lat="25.09420900605618953704833984375" lon="102.7253592945635318756103515625">
        <ele>1895.199951171875</ele>
        <time>2026-09-11T23:15:28.000Z</time>
        <extensions>
          <ns3:TrackPointExtension>
            <ns3:hr>130</ns3:hr>
            <ns3:cad>95</ns3:cad>
          </ns3:TrackPointExtension>
        </extensions>
      </trkpt>
      <trkpt lat="25.09418386034667491912841796875" lon="102.72534881718456745147705078125">
        <ele>1895.199951171875</ele>
        <time>2026-09-11T23:15:29.000Z</time>
        <extensions>
          <ns3:TrackPointExtension>
            <ns3:hr>130</ns3:hr>
            <ns3:cad>95</ns3:cad>
          </ns3:TrackPointExtension>
        </extensions>
      </trkpt>
      <trkpt lat="25.09415653534233570098876953125" lon="102.72533926181495189666748046875">
        <ele>1895.199951171875</ele>
        <time>2026-09-11T23:15:30.000Z</time>
        <extensions>
          <ns3:TrackPointExtension>
            <ns3:hr>131</ns3:hr>
            <ns3:cad>95</ns3:cad>
          </ns3:TrackPointExtension>
        </extensions>
      </trkpt>
      <trkpt lat="25.0941344909369945526123046875" lon="102.72532803006470203399658203125">
        <ele>1895.199951171875</ele>
        <time>2026-09-11T23:15:31.000Z</time>
        <extensions>
          <ns3:TrackPointExtension>
            <ns3:hr>130</ns3:hr>
            <ns3:cad>95</ns3:cad>
          </ns3:TrackPointExtension>
        </extensions>
      </trkpt>
      <trkpt lat="25.09410372935235500335693359375" lon="102.7253106795251369476318359375">
        <ele>1895.199951171875</ele>
        <time>2026-09-11T23:15:32.000Z</time>
        <extensions>
          <ns3:TrackPointExtension>
            <ns3:hr>130</ns3:hr>
            <ns3:cad>95</ns3:cad>
          </ns3:TrackPointExtension>
        </extensions>
      </trkpt>
      <trkpt lat="25.0940781645476818084716796875" lon="102.7253019623458385467529296875">
        <ele>1895.199951171875</ele>
        <time>2026-09-11T23:15:33.000Z</time>
        <extensions>
          <ns3:TrackPointExtension>
            <ns3:hr>131</ns3:hr>
            <ns3:cad>95</ns3:cad>
          </ns3:TrackPointExtension>
        </extensions>
      </trkpt>
      <trkpt lat="25.0940533541142940521240234375" lon="102.72528469562530517578125">
        <ele>1895.199951171875</ele>
        <time>2026-09-11T23:15:34.000Z</time>
        <extensions>
          <ns3:TrackPointExtension>
            <ns3:hr>130</ns3:hr>
            <ns3:cad>95</ns3:cad>
          </ns3:TrackPointExtension>
        </extensions>
      </trkpt>
      <trkpt lat="25.09402938187122344970703125" lon="102.72526550106704235076904296875">
        <ele>1895.199951171875</ele>
        <time>2026-09-11T23:15:35.000Z</time>
        <extensions>
          <ns3:TrackPointExtension>
            <ns3:hr>130</ns3:hr>
            <ns3:cad>95</ns3:cad>
          </ns3:TrackPointExtension>
        </extensions>
      </trkpt>
      <trkpt lat="25.094013623893260955810546875" lon="102.7252416126430034637451171875">
        <ele>1895.199951171875</ele>
        <time>2026-09-11T23:15:36.000Z</time>
        <extensions>
          <ns3:TrackPointExtension>
            <ns3:hr>130</ns3:hr>
            <ns3:cad>95</ns3:cad>
          </ns3:TrackPointExtension>
        </extensions>
      </trkpt>
      <trkpt lat="25.093995518982410430908203125" lon="102.725212611258029937744140625">
        <ele>1895.199951171875</ele>
        <time>2026-09-11T23:15:37.000Z</time>
        <extensions>
          <ns3:TrackPointExtension>
            <ns3:hr>130</ns3:hr>
            <ns3:cad>96</ns3:cad>
          </ns3:TrackPointExtension>
        </extensions>
      </trkpt>
      <trkpt lat="25.093984790146350860595703125" lon="102.72518813610076904296875">
        <ele>1895.199951171875</ele>
        <time>2026-09-11T23:15:38.000Z</time>
        <extensions>
          <ns3:TrackPointExtension>
            <ns3:hr>130</ns3:hr>
            <ns3:cad>96</ns3:cad>
          </ns3:TrackPointExtension>
        </extensions>
      </trkpt>
      <trkpt lat="25.09397439658641815185546875" lon="102.7251574583351612091064453125">
        <ele>1895.199951171875</ele>
        <time>2026-09-11T23:15:39.000Z</time>
        <extensions>
          <ns3:TrackPointExtension>
            <ns3:hr>129</ns3:hr>
            <ns3:cad>94</ns3:cad>
          </ns3:TrackPointExtension>
        </extensions>
      </trkpt>
      <trkpt lat="25.093965344130992889404296875" lon="102.725132144987583160400390625">
        <ele>1895.199951171875</ele>
        <time>2026-09-11T23:15:40.000Z</time>
        <extensions>
          <ns3:TrackPointExtension>
            <ns3:hr>129</ns3:hr>
            <ns3:cad>94</ns3:cad>
          </ns3:TrackPointExtension>
        </extensions>
      </trkpt>
      <trkpt lat="25.093966014683246612548828125" lon="102.7251021377742290496826171875">
        <ele>1895.199951171875</ele>
        <time>2026-09-11T23:15:41.000Z</time>
        <extensions>
          <ns3:TrackPointExtension>
            <ns3:hr>129</ns3:hr>
            <ns3:cad>94</ns3:cad>
          </ns3:TrackPointExtension>
        </extensions>
      </trkpt>
      <trkpt lat="25.09396500885486602783203125" lon="102.72506919689476490020751953125">
        <ele>1895.199951171875</ele>
        <time>2026-09-11T23:15:42.000Z</time>
        <extensions>
          <ns3:TrackPointExtension>
            <ns3:hr>129</ns3:hr>
            <ns3:cad>94</ns3:cad>
          </ns3:TrackPointExtension>
        </extensions>
      </trkpt>
      <trkpt lat="25.09396241046488285064697265625" lon="102.72504136897623538970947265625">
        <ele>1895.199951171875</ele>
        <time>2026-09-11T23:15:43.000Z</time>
        <extensions>
          <ns3:TrackPointExtension>
            <ns3:hr>129</ns3:hr>
            <ns3:cad>94</ns3:cad>
          </ns3:TrackPointExtension>
        </extensions>
      </trkpt>
      <trkpt lat="25.09396408684551715850830078125" lon="102.72500700317323207855224609375">
        <ele>1895.199951171875</ele>
        <time>2026-09-11T23:15:44.000Z</time>
        <extensions>
          <ns3:TrackPointExtension>
            <ns3:hr>128</ns3:hr>
            <ns3:cad>95</ns3:cad>
          </ns3:TrackPointExtension>
        </extensions>
      </trkpt>
      <trkpt lat="25.093965344130992889404296875" lon="102.72498101927340030670166015625">
        <ele>1895.199951171875</ele>
        <time>2026-09-11T23:15:45.000Z</time>
        <extensions>
          <ns3:TrackPointExtension>
            <ns3:hr>128</ns3:hr>
            <ns3:cad>95</ns3:cad>
          </ns3:TrackPointExtension>
        </extensions>
      </trkpt>
      <trkpt lat="25.09397112764418125152587890625" lon="102.72494849748909473419189453125">
        <ele>1895.199951171875</ele>
        <time>2026-09-11T23:15:46.000Z</time>
        <extensions>
          <ns3:TrackPointExtension>
            <ns3:hr>128</ns3:hr>
            <ns3:cad>95</ns3:cad>
          </ns3:TrackPointExtension>
        </extensions>
      </trkpt>
      <trkpt lat="25.09397531859576702117919921875" lon="102.72492083720862865447998046875">
        <ele>1895.199951171875</ele>
        <time>2026-09-11T23:15:47.000Z</time>
        <extensions>
          <ns3:TrackPointExtension>
            <ns3:hr>128</ns3:hr>
            <ns3:cad>95</ns3:cad>
          </ns3:TrackPointExtension>
        </extensions>
      </trkpt>
      <trkpt lat="25.0939802639186382293701171875" lon="102.7248929254710674285888671875">
        <ele>1895.199951171875</ele>
        <time>2026-09-11T23:15:48.000Z</time>
        <extensions>
          <ns3:TrackPointExtension>
            <ns3:hr>127</ns3:hr>
            <ns3:cad>95</ns3:cad>
          </ns3:TrackPointExtension>
        </extensions>
      </trkpt>
      <trkpt lat="25.09398269467055797576904296875" lon="102.72485998459160327911376953125">
        <ele>1895.4000244140625</ele>
        <time>2026-09-11T23:15:49.000Z</time>
        <extensions>
          <ns3:TrackPointExtension>
            <ns3:hr>127</ns3:hr>
            <ns3:cad>95</ns3:cad>
          </ns3:TrackPointExtension>
        </extensions>
      </trkpt>
      <trkpt lat="25.09398722089827060699462890625" lon="102.72483400069177150726318359375">
        <ele>1895.4000244140625</ele>
        <time>2026-09-11T23:15:50.000Z</time>
        <extensions>
          <ns3:TrackPointExtension>
            <ns3:hr>127</ns3:hr>
            <ns3:cad>95</ns3:cad>
          </ns3:TrackPointExtension>
        </extensions>
      </trkpt>
      <trkpt lat="25.0939906574785709381103515625" lon="102.7248027361929416656494140625">
        <ele>1895.4000244140625</ele>
        <time>2026-09-11T23:15:51.000Z</time>
        <extensions>
          <ns3:TrackPointExtension>
            <ns3:hr>128</ns3:hr>
            <ns3:cad>95</ns3:cad>
          </ns3:TrackPointExtension>
        </extensions>
      </trkpt>
      <trkpt lat="25.09398805908858776092529296875" lon="102.72477733902633190155029296875">
        <ele>1895.4000244140625</ele>
        <time>2026-09-11T23:15:52.000Z</time>
        <extensions>
          <ns3:TrackPointExtension>
            <ns3:hr>127</ns3:hr>
            <ns3:cad>95</ns3:cad>
          </ns3:TrackPointExtension>
        </extensions>
      </trkpt>
      <trkpt lat="25.093990825116634368896484375" lon="102.72474355995655059814453125">
        <ele>1895.4000244140625</ele>
        <time>2026-09-11T23:15:53.000Z</time>
        <extensions>
          <ns3:TrackPointExtension>
            <ns3:hr>127</ns3:hr>
            <ns3:cad>95</ns3:cad>
          </ns3:TrackPointExtension>
        </extensions>
      </trkpt>
      <trkpt lat="25.09398889727890491485595703125" lon="102.72471464239060878753662109375">
        <ele>1895.4000244140625</ele>
        <time>2026-09-11T23:15:54.000Z</time>
        <extensions>
          <ns3:TrackPointExtension>
            <ns3:hr>128</ns3:hr>
            <ns3:cad>95</ns3:cad>
          </ns3:TrackPointExtension>
        </extensions>
      </trkpt>
      <trkpt lat="25.09398755617439746856689453125" lon="102.7246817015111446380615234375">
        <ele>1895.4000244140625</ele>
        <time>2026-09-11T23:15:55.000Z</time>
        <extensions>
          <ns3:TrackPointExtension>
            <ns3:hr>127</ns3:hr>
            <ns3:cad>96</ns3:cad>
          </ns3:TrackPointExtension>
        </extensions>
      </trkpt>
      <trkpt lat="25.0939829461276531219482421875" lon="102.72464624606072902679443359375">
        <ele>1895.4000244140625</ele>
        <time>2026-09-11T23:15:56.000Z</time>
        <extensions>
          <ns3:TrackPointExtension>
            <ns3:hr>127</ns3:hr>
            <ns3:cad>96</ns3:cad>
          </ns3:TrackPointExtension>
        </extensions>
      </trkpt>
      <trkpt lat="25.0939742289483547210693359375" lon="102.72461749613285064697265625">
        <ele>1895.4000244140625</ele>
        <time>2026-09-11T23:15:57.000Z</time>
        <extensions>
          <ns3:TrackPointExtension>
            <ns3:hr>128</ns3:hr>
            <ns3:cad>96</ns3:cad>
          </ns3:TrackPointExtension>
        </extensions>
      </trkpt>
      <trkpt lat="25.09396241046488285064697265625" lon="102.724583633244037628173828125">
        <ele>1895.4000244140625</ele>
        <time>2026-09-11T23:15:58.000Z</time>
        <extensions>
          <ns3:TrackPointExtension>
            <ns3:hr>127</ns3:hr>
            <ns3:cad>96</ns3:cad>
          </ns3:TrackPointExtension>
        </extensions>
      </trkpt>
      <trkpt lat="25.0939480774104595184326171875" lon="102.724562846124172210693359375">
        <ele>1895.4000244140625</ele>
        <time>2026-09-11T23:15:59.000Z</time>
        <extensions>
          <ns3:TrackPointExtension>
            <ns3:hr>127</ns3:hr>
            <ns3:cad>96</ns3:cad>
          </ns3:TrackPointExtension>
        </extensions>
      </trkpt>
      <trkpt lat="25.0939356721937656402587890625" lon="102.72453191690146923065185546875">
        <ele>1895.4000244140625</ele>
        <time>2026-09-11T23:16:00.000Z</time>
        <extensions>
          <ns3:TrackPointExtension>
            <ns3:hr>128</ns3:hr>
            <ns3:cad>93</ns3:cad>
          </ns3:TrackPointExtension>
        </extensions>
      </trkpt>
      <trkpt lat="25.0939209200441837310791015625" lon="102.7245028316974639892578125">
        <ele>1895.4000244140625</ele>
        <time>2026-09-11T23:16:01.000Z</time>
        <extensions>
          <ns3:TrackPointExtension>
            <ns3:hr>127</ns3:hr>
            <ns3:cad>93</ns3:cad>
          </ns3:TrackPointExtension>
        </extensions>
      </trkpt>
      <trkpt lat="25.09390868246555328369140625" lon="102.72447609342634677886962890625">
        <ele>1895.4000244140625</ele>
        <time>2026-09-11T23:16:02.000Z</time>
        <extensions>
          <ns3:TrackPointExtension>
            <ns3:hr>127</ns3:hr>
            <ns3:cad>94</ns3:cad>
          </ns3:TrackPointExtension>
        </extensions>
      </trkpt>
      <trkpt lat="25.09389367885887622833251953125" lon="102.72444424219429492950439453125">
        <ele>1895.4000244140625</ele>
        <time>2026-09-11T23:16:03.000Z</time>
        <extensions>
          <ns3:TrackPointExtension>
            <ns3:hr>128</ns3:hr>
            <ns3:cad>94</ns3:cad>
          </ns3:TrackPointExtension>
        </extensions>
      </trkpt>
      <trkpt lat="25.093880854547023773193359375" lon="102.72442295216023921966552734375">
        <ele>1895.4000244140625</ele>
        <time>2026-09-11T23:16:04.000Z</time>
        <extensions>
          <ns3:TrackPointExtension>
            <ns3:hr>127</ns3:hr>
            <ns3:cad>94</ns3:cad>
          </ns3:TrackPointExtension>
        </extensions>
      </trkpt>
      <trkpt lat="25.093865096569061279296875" lon="102.7243950404226779937744140625">
        <ele>1895.4000244140625</ele>
        <time>2026-09-11T23:16:05.000Z</time>
        <extensions>
          <ns3:TrackPointExtension>
            <ns3:hr>127</ns3:hr>
            <ns3:cad>94</ns3:cad>
          </ns3:TrackPointExtension>
        </extensions>
      </trkpt>
      <trkpt lat="25.093854032456874847412109375" lon="102.7243752591311931610107421875">
        <ele>1895.4000244140625</ele>
        <time>2026-09-11T23:16:06.000Z</time>
        <extensions>
          <ns3:TrackPointExtension>
            <ns3:hr>128</ns3:hr>
            <ns3:cad>94</ns3:cad>
          </ns3:TrackPointExtension>
        </extensions>
      </trkpt>
      <trkpt lat="25.09383919648826122283935546875" lon="102.72435438819229602813720703125">
        <ele>1895.4000244140625</ele>
        <time>2026-09-11T23:16:07.000Z</time>
        <extensions>
          <ns3:TrackPointExtension>
            <ns3:hr>127</ns3:hr>
            <ns3:cad>94</ns3:cad>
          </ns3:TrackPointExtension>
        </extensions>
      </trkpt>
      <trkpt lat="25.09382075630128383636474609375" lon="102.7243320085108280181884765625">
        <ele>1895.4000244140625</ele>
        <time>2026-09-11T23:16:08.000Z</time>
        <extensions>
          <ns3:TrackPointExtension>
            <ns3:hr>127</ns3:hr>
            <ns3:cad>94</ns3:cad>
          </ns3:TrackPointExtension>
        </extensions>
      </trkpt>
      <trkpt lat="25.09380734525620937347412109375" lon="102.7243132330477237701416015625">
        <ele>1895.4000244140625</ele>
        <time>2026-09-11T23:16:09.000Z</time>
        <extensions>
          <ns3:TrackPointExtension>
            <ns3:hr>127</ns3:hr>
            <ns3:cad>95</ns3:cad>
          </ns3:TrackPointExtension>
        </extensions>
      </trkpt>
      <trkpt lat="25.09378203190863132476806640625" lon="102.72429303266108036041259765625">
        <ele>1895.4000244140625</ele>
        <time>2026-09-11T23:16:10.000Z</time>
        <extensions>
          <ns3:TrackPointExtension>
            <ns3:hr>127</ns3:hr>
            <ns3:cad>95</ns3:cad>
          </ns3:TrackPointExtension>
        </extensions>
      </trkpt>
      <trkpt lat="25.093763507902622222900390625" lon="102.7242773585021495819091796875">
        <ele>1895.4000244140625</ele>
        <time>2026-09-11T23:16:11.000Z</time>
        <extensions>
          <ns3:TrackPointExtension>
            <ns3:hr>127</ns3:hr>
            <ns3:cad>95</ns3:cad>
          </ns3:TrackPointExtension>
        </extensions>
      </trkpt>
      <trkpt lat="25.0937341712415218353271484375" lon="102.724260427057743072509765625">
        <ele>1895.4000244140625</ele>
        <time>2026-09-11T23:16:12.000Z</time>
        <extensions>
          <ns3:TrackPointExtension>
            <ns3:hr>127</ns3:hr>
            <ns3:cad>95</ns3:cad>
          </ns3:TrackPointExtension>
        </extensions>
      </trkpt>
      <trkpt lat="25.09370441548526287078857421875" lon="102.72425162605941295623779296875">
        <ele>1895.4000244140625</ele>
        <time>2026-09-11T23:16:13.000Z</time>
        <extensions>
          <ns3:TrackPointExtension>
            <ns3:hr>127</ns3:hr>
            <ns3:cad>93</ns3:cad>
          </ns3:TrackPointExtension>
        </extensions>
      </trkpt>
      <trkpt lat="25.09367667138576507568359375" lon="102.72425137460231781005859375">
        <ele>1895.4000244140625</ele>
        <time>2026-09-11T23:16:14.000Z</time>
        <extensions>
          <ns3:TrackPointExtension>
            <ns3:hr>127</ns3:hr>
            <ns3:cad>93</ns3:cad>
          </ns3:TrackPointExtension>
        </extensions>
      </trkpt>
      <trkpt lat="25.09364138357341289520263671875" lon="102.72425263188779354095458984375">
        <ele>1895.199951171875</ele>
        <time>2026-09-11T23:16:15.000Z</time>
        <extensions>
          <ns3:TrackPointExtension>
            <ns3:hr>127</ns3:hr>
            <ns3:cad>93</ns3:cad>
          </ns3:TrackPointExtension>
        </extensions>
      </trkpt>
      <trkpt lat="25.093610286712646484375" lon="102.72425673902034759521484375">
        <ele>1895.199951171875</ele>
        <time>2026-09-11T23:16:16.000Z</time>
        <extensions>
          <ns3:TrackPointExtension>
            <ns3:hr>127</ns3:hr>
            <ns3:cad>93</ns3:cad>
          </ns3:TrackPointExtension>
        </extensions>
      </trkpt>
      <trkpt lat="25.09357634000480175018310546875" lon="102.72426570765674114227294921875">
        <ele>1895.199951171875</ele>
        <time>2026-09-11T23:16:17.000Z</time>
        <extensions>
          <ns3:TrackPointExtension>
            <ns3:hr>128</ns3:hr>
            <ns3:cad>95</ns3:cad>
          </ns3:TrackPointExtension>
        </extensions>
      </trkpt>
      <trkpt lat="25.0935507752001285552978515625" lon="102.72427543066442012786865234375">
        <ele>1895.4000244140625</ele>
        <time>2026-09-11T23:16:18.000Z</time>
        <extensions>
          <ns3:TrackPointExtension>
            <ns3:hr>127</ns3:hr>
            <ns3:cad>95</ns3:cad>
          </ns3:TrackPointExtension>
        </extensions>
      </trkpt>
      <trkpt lat="25.09352236054837703704833984375" lon="102.724292278289794921875">
        <ele>1895.4000244140625</ele>
        <time>2026-09-11T23:16:19.000Z</time>
        <extensions>
          <ns3:TrackPointExtension>
            <ns3:hr>127</ns3:hr>
            <ns3:cad>95</ns3:cad>
          </ns3:TrackPointExtension>
        </extensions>
      </trkpt>
      <trkpt lat="25.09349972940981388092041015625" lon="102.7243085391819477081298828125">
        <ele>1895.4000244140625</ele>
        <time>2026-09-11T23:16:20.000Z</time>
        <extensions>
          <ns3:TrackPointExtension>
            <ns3:hr>128</ns3:hr>
            <ns3:cad>96</ns3:cad>
          </ns3:TrackPointExtension>
        </extensions>
      </trkpt>
      <trkpt lat="25.09347709827125072479248046875" lon="102.72432404570281505584716796875">
        <ele>1895.4000244140625</ele>
        <time>2026-09-11T23:16:21.000Z</time>
        <extensions>
          <ns3:TrackPointExtension>
            <ns3:hr>127</ns3:hr>
            <ns3:cad>96</ns3:cad>
          </ns3:TrackPointExtension>
        </extensions>
      </trkpt>
      <trkpt lat="25.09345530532300472259521484375" lon="102.724345587193965911865234375">
        <ele>1895.4000244140625</ele>
        <time>2026-09-11T23:16:22.000Z</time>
        <extensions>
          <ns3:TrackPointExtension>
            <ns3:hr>126</ns3:hr>
            <ns3:cad>95</ns3:cad>
          </ns3:TrackPointExtension>
        </extensions>
      </trkpt>
      <trkpt lat="25.09344340302050113677978515625" lon="102.7243673801422119140625">
        <ele>1895.4000244140625</ele>
        <time>2026-09-11T23:16:23.000Z</time>
        <extensions>
          <ns3:TrackPointExtension>
            <ns3:hr>126</ns3:hr>
            <ns3:cad>95</ns3:cad>
          </ns3:TrackPointExtension>
        </extensions>
      </trkpt>
      <trkpt lat="25.09342814795672893524169921875" lon="102.72439579479396343231201171875">
        <ele>1895.4000244140625</ele>
        <time>2026-09-11T23:16:24.000Z</time>
        <extensions>
          <ns3:TrackPointExtension>
            <ns3:hr>126</ns3:hr>
            <ns3:cad>95</ns3:cad>
          </ns3:TrackPointExtension>
        </extensions>
      </trkpt>
      <trkpt lat="25.09341741912066936492919921875" lon="102.72441926412284374237060546875">
        <ele>1895.4000244140625</ele>
        <time>2026-09-11T23:16:25.000Z</time>
        <extensions>
          <ns3:TrackPointExtension>
            <ns3:hr>126</ns3:hr>
            <ns3:cad>95</ns3:cad>
          </ns3:TrackPointExtension>
        </extensions>
      </trkpt>
      <trkpt lat="25.0934024155139923095703125" lon="102.72444985806941986083984375">
        <ele>1895.4000244140625</ele>
        <time>2026-09-11T23:16:26.000Z</time>
        <extensions>
          <ns3:TrackPointExtension>
            <ns3:hr>126</ns3:hr>
            <ns3:cad>93</ns3:cad>
          </ns3:TrackPointExtension>
        </extensions>
      </trkpt>
      <trkpt lat="25.0933908484876155853271484375" lon="102.72448045201599597930908203125">
        <ele>1895.4000244140625</ele>
        <time>2026-09-11T23:16:27.000Z</time>
        <extensions>
          <ns3:TrackPointExtension>
            <ns3:hr>126</ns3:hr>
            <ns3:cad>93</ns3:cad>
          </ns3:TrackPointExtension>
        </extensions>
      </trkpt>
      <trkpt lat="25.09337953291833400726318359375" lon="102.7245050109922885894775390625">
        <ele>1895.4000244140625</ele>
        <time>2026-09-11T23:16:28.000Z</time>
        <extensions>
          <ns3:TrackPointExtension>
            <ns3:hr>126</ns3:hr>
            <ns3:cad>93</ns3:cad>
          </ns3:TrackPointExtension>
        </extensions>
      </trkpt>
      <trkpt lat="25.09336897172033786773681640625" lon="102.72453828714787960052490234375">
        <ele>1895.4000244140625</ele>
        <time>2026-09-11T23:16:29.000Z</time>
        <extensions>
          <ns3:TrackPointExtension>
            <ns3:hr>126</ns3:hr>
            <ns3:cad>93</ns3:cad>
          </ns3:TrackPointExtension>
        </extensions>
      </trkpt>
      <trkpt lat="25.0933606736361980438232421875" lon="102.72456695325672626495361328125">
        <ele>1895.5999755859375</ele>
        <time>2026-09-11T23:16:30.000Z</time>
        <extensions>
          <ns3:TrackPointExtension>
            <ns3:hr>125</ns3:hr>
            <ns3:cad>93</ns3:cad>
          </ns3:TrackPointExtension>
        </extensions>
      </trkpt>
      <trkpt lat="25.0933496095240116119384765625" lon="102.72459964267909526824951171875">
        <ele>1895.5999755859375</ele>
        <time>2026-09-11T23:16:31.000Z</time>
        <extensions>
          <ns3:TrackPointExtension>
            <ns3:hr>124</ns3:hr>
            <ns3:cad>93</ns3:cad>
          </ns3:TrackPointExtension>
        </extensions>
      </trkpt>
      <trkpt lat="25.09334114380180835723876953125" lon="102.724625878036022186279296875">
        <ele>1895.5999755859375</ele>
        <time>2026-09-11T23:16:32.000Z</time>
        <extensions>
          <ns3:TrackPointExtension>
            <ns3:hr>120</ns3:hr>
            <ns3:cad>93</ns3:cad>
          </ns3:TrackPointExtension>
        </extensions>
      </trkpt>
      <trkpt lat="25.0933274812996387481689453125" lon="102.72465563379228115081787109375">
        <ele>1895.5999755859375</ele>
        <time>2026-09-11T23:16:33.000Z</time>
        <extensions>
          <ns3:TrackPointExtension>
            <ns3:hr>118</ns3:hr>
            <ns3:cad>93</ns3:cad>
          </ns3:TrackPointExtension>
        </extensions>
      </trkpt>
      <trkpt lat="25.09332069195806980133056640625" lon="102.724682204425334930419921875">
        <ele>1895.4000244140625</ele>
        <time>2026-09-11T23:16:34.000Z</time>
        <extensions>
          <ns3:TrackPointExtension>
            <ns3:hr>116</ns3:hr>
            <ns3:cad>93</ns3:cad>
          </ns3:TrackPointExtension>
        </extensions>
      </trkpt>
      <trkpt lat="25.09330694563686847686767578125" lon="102.72470575757324695587158203125">
        <ele>1895.4000244140625</ele>
        <time>2026-09-11T23:16:35.000Z</time>
        <extensions>
          <ns3:TrackPointExtension>
            <ns3:hr>115</ns3:hr>
            <ns3:cad>93</ns3:cad>
          </ns3:TrackPointExtension>
        </extensions>
      </trkpt>
      <trkpt lat="25.0932924449443817138671875" lon="102.72473459132015705108642578125">
        <ele>1895.4000244140625</ele>
        <time>2026-09-11T23:16:36.000Z</time>
        <extensions>
          <ns3:TrackPointExtension>
            <ns3:hr>115</ns3:hr>
            <ns3:cad>93</ns3:cad>
          </ns3:TrackPointExtension>
        </extensions>
      </trkpt>
      <trkpt lat="25.09328347630798816680908203125" lon="102.72476141341030597686767578125">
        <ele>1895.4000244140625</ele>
        <time>2026-09-11T23:16:37.000Z</time>
        <extensions>
          <ns3:TrackPointExtension>
            <ns3:hr>115</ns3:hr>
            <ns3:cad>96</ns3:cad>
          </ns3:TrackPointExtension>
        </extensions>
      </trkpt>
      <trkpt lat="25.09326822124421596527099609375" lon="102.7247899957001209259033203125">
        <ele>1895.4000244140625</ele>
        <time>2026-09-11T23:16:38.000Z</time>
        <extensions>
          <ns3:TrackPointExtension>
            <ns3:hr>115</ns3:hr>
            <ns3:cad>96</ns3:cad>
          </ns3:TrackPointExtension>
        </extensions>
      </trkpt>
      <trkpt lat="25.0932520441710948944091796875" lon="102.724808268249034881591796875">
        <ele>1895.4000244140625</ele>
        <time>2026-09-11T23:16:39.000Z</time>
        <extensions>
          <ns3:TrackPointExtension>
            <ns3:hr>115</ns3:hr>
            <ns3:cad>96</ns3:cad>
          </ns3:TrackPointExtension>
        </extensions>
      </trkpt>
      <trkpt lat="25.09323452599346637725830078125" lon="102.7248312346637248992919921875">
        <ele>1895.4000244140625</ele>
        <time>2026-09-11T23:16:40.000Z</time>
        <extensions>
          <ns3:TrackPointExtension>
            <ns3:hr>115</ns3:hr>
            <ns3:cad>96</ns3:cad>
          </ns3:TrackPointExtension>
        </extensions>
      </trkpt>
      <trkpt lat="25.09321264922618865966796875" lon="102.7248550392687320709228515625">
        <ele>1895.4000244140625</ele>
        <time>2026-09-11T23:16:41.000Z</time>
        <extensions>
          <ns3:TrackPointExtension>
            <ns3:hr>115</ns3:hr>
            <ns3:cad>96</ns3:cad>
          </ns3:TrackPointExtension>
        </extensions>
      </trkpt>
      <trkpt lat="25.09319446049630641937255859375" lon="102.7248754911124706268310546875">
        <ele>1895.4000244140625</ele>
        <time>2026-09-11T23:16:42.000Z</time>
        <extensions>
          <ns3:TrackPointExtension>
            <ns3:hr>115</ns3:hr>
            <ns3:cad>94</ns3:cad>
          </ns3:TrackPointExtension>
        </extensions>
      </trkpt>
      <trkpt lat="25.09317241609096527099609375" lon="102.724895775318145751953125">
        <ele>1895.5999755859375</ele>
        <time>2026-09-11T23:16:43.000Z</time>
        <extensions>
          <ns3:TrackPointExtension>
            <ns3:hr>116</ns3:hr>
            <ns3:cad>94</ns3:cad>
          </ns3:TrackPointExtension>
        </extensions>
      </trkpt>
      <trkpt lat="25.09315590374171733856201171875" lon="102.7249130420386791229248046875">
        <ele>1895.5999755859375</ele>
        <time>2026-09-11T23:16:44.000Z</time>
        <extensions>
          <ns3:TrackPointExtension>
            <ns3:hr>117</ns3:hr>
            <ns3:cad>94</ns3:cad>
          </ns3:TrackPointExtension>
        </extensions>
      </trkpt>
      <trkpt lat="25.0931323505938053131103515625" lon="102.72493726573884487152099609375">
        <ele>1895.5999755859375</ele>
        <time>2026-09-11T23:16:45.000Z</time>
        <extensions>
          <ns3:TrackPointExtension>
            <ns3:hr>118</ns3:hr>
            <ns3:cad>94</ns3:cad>
          </ns3:TrackPointExtension>
        </extensions>
      </trkpt>
      <trkpt lat="25.09311784990131855010986328125" lon="102.72495545446872711181640625">
        <ele>1895.5999755859375</ele>
        <time>2026-09-11T23:16:46.000Z</time>
        <extensions>
          <ns3:TrackPointExtension>
            <ns3:hr>121</ns3:hr>
            <ns3:cad>94</ns3:cad>
          </ns3:TrackPointExtension>
        </extensions>
      </trkpt>
      <trkpt lat="25.09309404529631137847900390625" lon="102.72497381083667278289794921875">
        <ele>1895.4000244140625</ele>
        <time>2026-09-11T23:16:47.000Z</time>
        <extensions>
          <ns3:TrackPointExtension>
            <ns3:hr>121</ns3:hr>
            <ns3:cad>95</ns3:cad>
          </ns3:TrackPointExtension>
        </extensions>
      </trkpt>
      <trkpt lat="25.09307074360549449920654296875" lon="102.7249995432794094085693359375">
        <ele>1895.4000244140625</ele>
        <time>2026-09-11T23:16:48.000Z</time>
        <extensions>
          <ns3:TrackPointExtension>
            <ns3:hr>122</ns3:hr>
            <ns3:cad>95</ns3:cad>
          </ns3:TrackPointExtension>
        </extensions>
      </trkpt>
      <trkpt lat="25.0930564105510711669921875" lon="102.72502058185636997222900390625">
        <ele>1895.4000244140625</ele>
        <time>2026-09-11T23:16:49.000Z</time>
        <extensions>
          <ns3:TrackPointExtension>
            <ns3:hr>123</ns3:hr>
            <ns3:cad>95</ns3:cad>
          </ns3:TrackPointExtension>
        </extensions>
      </trkpt>
      <trkpt lat="25.09304107166826725006103515625" lon="102.725051343441009521484375">
        <ele>1895.4000244140625</ele>
        <time>2026-09-11T23:16:50.000Z</time>
        <extensions>
          <ns3:TrackPointExtension>
            <ns3:hr>124</ns3:hr>
            <ns3:cad>96</ns3:cad>
          </ns3:TrackPointExtension>
        </extensions>
      </trkpt>
      <trkpt lat="25.09303067810833454132080078125" lon="102.7250820212066173553466796875">
        <ele>1895.4000244140625</ele>
        <time>2026-09-11T23:16:51.000Z</time>
        <extensions>
          <ns3:TrackPointExtension>
            <ns3:hr>124</ns3:hr>
            <ns3:cad>96</ns3:cad>
          </ns3:TrackPointExtension>
        </extensions>
      </trkpt>
      <trkpt lat="25.09301818907260894775390625" lon="102.7251128666102886199951171875">
        <ele>1895.4000244140625</ele>
        <time>2026-09-11T23:16:52.000Z</time>
        <extensions>
          <ns3:TrackPointExtension>
            <ns3:hr>124</ns3:hr>
            <ns3:cad>95</ns3:cad>
          </ns3:TrackPointExtension>
        </extensions>
      </trkpt>
      <trkpt lat="25.09301190264523029327392578125" lon="102.72514547221362590789794921875">
        <ele>1895.4000244140625</ele>
        <time>2026-09-11T23:16:53.000Z</time>
        <extensions>
          <ns3:TrackPointExtension>
            <ns3:hr>125</ns3:hr>
            <ns3:cad>95</ns3:cad>
          </ns3:TrackPointExtension>
        </extensions>
      </trkpt>
      <trkpt lat="25.093012154102325439453125" lon="102.72517296485602855682373046875">
        <ele>1895.4000244140625</ele>
        <time>2026-09-11T23:16:54.000Z</time>
        <extensions>
          <ns3:TrackPointExtension>
            <ns3:hr>126</ns3:hr>
            <ns3:cad>95</ns3:cad>
          </ns3:TrackPointExtension>
        </extensions>
      </trkpt>
      <trkpt lat="25.0930143333971500396728515625" lon="102.725205905735492706298828125">
        <ele>1895.5999755859375</ele>
        <time>2026-09-11T23:16:55.000Z</time>
        <extensions>
          <ns3:TrackPointExtension>
            <ns3:hr>126</ns3:hr>
            <ns3:cad>95</ns3:cad>
          </ns3:TrackPointExtension>
        </extensions>
      </trkpt>
      <trkpt lat="25.09301424957811832427978515625" lon="102.72523348219692707061767578125">
        <ele>1895.5999755859375</ele>
        <time>2026-09-11T23:16:56.000Z</time>
        <extensions>
          <ns3:TrackPointExtension>
            <ns3:hr>127</ns3:hr>
            <ns3:cad>96</ns3:cad>
          </ns3:TrackPointExtension>
        </extensions>
      </trkpt>
      <trkpt lat="25.09301626123487949371337890625" lon="102.7252699434757232666015625">
        <ele>1895.5999755859375</ele>
        <time>2026-09-11T23:16:57.000Z</time>
        <extensions>
          <ns3:TrackPointExtension>
            <ns3:hr>128</ns3:hr>
            <ns3:cad>96</ns3:cad>
          </ns3:TrackPointExtension>
        </extensions>
      </trkpt>
      <trkpt lat="25.09301961399614810943603515625" lon="102.72529919631779193878173828125">
        <ele>1895.5999755859375</ele>
        <time>2026-09-11T23:16:58.000Z</time>
        <extensions>
          <ns3:TrackPointExtension>
            <ns3:hr>129</ns3:hr>
            <ns3:cad>95</ns3:cad>
          </ns3:TrackPointExtension>
        </extensions>
      </trkpt>
      <trkpt lat="25.0930269062519073486328125" lon="102.72532467730343341827392578125">
        <ele>1895.5999755859375</ele>
        <time>2026-09-11T23:16:59.000Z</time>
        <extensions>
          <ns3:TrackPointExtension>
            <ns3:hr>130</ns3:hr>
            <ns3:cad>95</ns3:cad>
          </ns3:TrackPointExtension>
        </extensions>
      </trkpt>
      <trkpt lat="25.0930445082485675811767578125" lon="102.72535367868840694427490234375">
        <ele>1895.800048828125</ele>
        <time>2026-09-11T23:17:00.000Z</time>
        <extensions>
          <ns3:TrackPointExtension>
            <ns3:hr>130</ns3:hr>
            <ns3:cad>96</ns3:cad>
          </ns3:TrackPointExtension>
        </extensions>
      </trkpt>
      <trkpt lat="25.09306068532168865203857421875" lon="102.72537832148373126983642578125">
        <ele>1895.5999755859375</ele>
        <time>2026-09-11T23:17:01.000Z</time>
        <extensions>
          <ns3:TrackPointExtension>
            <ns3:hr>131</ns3:hr>
            <ns3:cad>96</ns3:cad>
          </ns3:TrackPointExtension>
        </extensions>
      </trkpt>
      <trkpt lat="25.09307711385190486907958984375" lon="102.7254126034677028656005859375">
        <ele>1895.5999755859375</ele>
        <time>2026-09-11T23:17:02.000Z</time>
        <extensions>
          <ns3:TrackPointExtension>
            <ns3:hr>131</ns3:hr>
            <ns3:cad>96</ns3:cad>
          </ns3:TrackPointExtension>
        </extensions>
      </trkpt>
      <trkpt lat="25.0930874235928058624267578125" lon="102.72544755600392818450927734375">
        <ele>1895.800048828125</ele>
        <time>2026-09-11T23:17:03.000Z</time>
        <extensions>
          <ns3:TrackPointExtension>
            <ns3:hr>132</ns3:hr>
            <ns3:cad>96</ns3:cad>
          </ns3:TrackPointExtension>
        </extensions>
      </trkpt>
      <trkpt lat="25.093086920678615570068359375" lon="102.72548661567270755767822265625">
        <ele>1895.800048828125</ele>
        <time>2026-09-11T23:17:04.000Z</time>
        <extensions>
          <ns3:TrackPointExtension>
            <ns3:hr>132</ns3:hr>
            <ns3:cad>96</ns3:cad>
          </ns3:TrackPointExtension>
        </extensions>
      </trkpt>
      <trkpt lat="25.09308398701250553131103515625" lon="102.72553254850208759307861328125">
        <ele>1895.5999755859375</ele>
        <time>2026-09-11T23:17:05.000Z</time>
        <extensions>
          <ns3:TrackPointExtension>
            <ns3:hr>132</ns3:hr>
            <ns3:cad>96</ns3:cad>
          </ns3:TrackPointExtension>
        </extensions>
      </trkpt>
      <trkpt lat="25.09308164007961750030517578125" lon="102.7255638130009174346923828125">
        <ele>1895.800048828125</ele>
        <time>2026-09-11T23:17:06.000Z</time>
        <extensions>
          <ns3:TrackPointExtension>
            <ns3:hr>131</ns3:hr>
            <ns3:cad>96</ns3:cad>
          </ns3:TrackPointExtension>
        </extensions>
      </trkpt>
      <trkpt lat="25.09306973777711391448974609375" lon="102.72559876553714275360107421875">
        <ele>1895.800048828125</ele>
        <time>2026-09-11T23:17:07.000Z</time>
        <extensions>
          <ns3:TrackPointExtension>
            <ns3:hr>131</ns3:hr>
            <ns3:cad>95</ns3:cad>
          </ns3:TrackPointExtension>
        </extensions>
      </trkpt>
      <trkpt lat="25.09306470863521099090576171875" lon="102.72562743164598941802978515625">
        <ele>1895.800048828125</ele>
        <time>2026-09-11T23:17:08.000Z</time>
        <extensions>
          <ns3:TrackPointExtension>
            <ns3:hr>132</ns3:hr>
            <ns3:cad>96</ns3:cad>
          </ns3:TrackPointExtension>
        </extensions>
      </trkpt>
      <trkpt lat="25.0930475257337093353271484375" lon="102.725662887096405029296875">
        <ele>1896</ele>
        <time>2026-09-11T23:17:09.000Z</time>
        <extensions>
          <ns3:TrackPointExtension>
            <ns3:hr>132</ns3:hr>
            <ns3:cad>96</ns3:cad>
          </ns3:TrackPointExtension>
        </extensions>
      </trkpt>
      <trkpt lat="25.093029253184795379638671875" lon="102.725694067776203155517578125">
        <ele>1896</ele>
        <time>2026-09-11T23:17:10.000Z</time>
        <extensions>
          <ns3:TrackPointExtension>
            <ns3:hr>132</ns3:hr>
            <ns3:cad>96</ns3:cad>
          </ns3:TrackPointExtension>
        </extensions>
      </trkpt>
      <trkpt lat="25.09300653822720050811767578125" lon="102.72571384906768798828125">
        <ele>1896</ele>
        <time>2026-09-11T23:17:11.000Z</time>
        <extensions>
          <ns3:TrackPointExtension>
            <ns3:hr>132</ns3:hr>
            <ns3:cad>95</ns3:cad>
          </ns3:TrackPointExtension>
        </extensions>
      </trkpt>
      <trkpt lat="25.0929764471948146820068359375" lon="102.7257294394075870513916015625">
        <ele>1895.800048828125</ele>
        <time>2026-09-11T23:17:12.000Z</time>
        <extensions>
          <ns3:TrackPointExtension>
            <ns3:hr>132</ns3:hr>
            <ns3:cad>94</ns3:cad>
          </ns3:TrackPointExtension>
        </extensions>
      </trkpt>
      <trkpt lat="25.09295691736042499542236328125" lon="102.72570789791643619537353515625">
        <ele>1895.800048828125</ele>
        <time>2026-09-11T23:17:13.000Z</time>
        <extensions>
          <ns3:TrackPointExtension>
            <ns3:hr>132</ns3:hr>
            <ns3:cad>94</ns3:cad>
          </ns3:TrackPointExtension>
        </extensions>
      </trkpt>
      <trkpt lat="25.09293328039348125457763671875" lon="102.7256818301975727081298828125">
        <ele>1895.800048828125</ele>
        <time>2026-09-11T23:17:14.000Z</time>
        <extensions>
          <ns3:TrackPointExtension>
            <ns3:hr>132</ns3:hr>
            <ns3:cad>94</ns3:cad>
          </ns3:TrackPointExtension>
        </extensions>
      </trkpt>
      <trkpt lat="25.09291148744523525238037109375" lon="102.7256630547344684600830078125">
        <ele>1895.800048828125</ele>
        <time>2026-09-11T23:17:15.000Z</time>
        <extensions>
          <ns3:TrackPointExtension>
            <ns3:hr>132</ns3:hr>
            <ns3:cad>94</ns3:cad>
          </ns3:TrackPointExtension>
        </extensions>
      </trkpt>
      <trkpt lat="25.092887766659259796142578125" lon="102.725639082491397857666015625">
        <ele>1895.800048828125</ele>
        <time>2026-09-11T23:17:16.000Z</time>
        <extensions>
          <ns3:TrackPointExtension>
            <ns3:hr>132</ns3:hr>
            <ns3:cad>95</ns3:cad>
          </ns3:TrackPointExtension>
        </extensions>
      </trkpt>
      <trkpt lat="25.09286354295909404754638671875" lon="102.72562005557119846343994140625">
        <ele>1895.800048828125</ele>
        <time>2026-09-11T23:17:17.000Z</time>
        <extensions>
          <ns3:TrackPointExtension>
            <ns3:hr>132</ns3:hr>
            <ns3:cad>95</ns3:cad>
          </ns3:TrackPointExtension>
        </extensions>
      </trkpt>
      <trkpt lat="25.09284744970500469207763671875" lon="102.72560052573680877685546875">
        <ele>1895.800048828125</ele>
        <time>2026-09-11T23:17:18.000Z</time>
        <extensions>
          <ns3:TrackPointExtension>
            <ns3:hr>132</ns3:hr>
            <ns3:cad>93</ns3:cad>
          </ns3:TrackPointExtension>
        </extensions>
      </trkpt>
      <trkpt lat="25.0928212143480777740478515625" lon="102.725577391684055328369140625">
        <ele>1895.800048828125</ele>
        <time>2026-09-11T23:17:19.000Z</time>
        <extensions>
          <ns3:TrackPointExtension>
            <ns3:hr>132</ns3:hr>
            <ns3:cad>93</ns3:cad>
          </ns3:TrackPointExtension>
        </extensions>
      </trkpt>
      <trkpt lat="25.09280151687562465667724609375" lon="102.7255607955157756805419921875">
        <ele>1895.800048828125</ele>
        <time>2026-09-11T23:17:20.000Z</time>
        <extensions>
          <ns3:TrackPointExtension>
            <ns3:hr>132</ns3:hr>
            <ns3:cad>94</ns3:cad>
          </ns3:TrackPointExtension>
        </extensions>
      </trkpt>
      <trkpt lat="25.09278408251702785491943359375" lon="102.72553187794983386993408203125">
        <ele>1895.800048828125</ele>
        <time>2026-09-11T23:17:21.000Z</time>
        <extensions>
          <ns3:TrackPointExtension>
            <ns3:hr>131</ns3:hr>
            <ns3:cad>94</ns3:cad>
          </ns3:TrackPointExtension>
        </extensions>
      </trkpt>
      <trkpt lat="25.092774443328380584716796875" lon="102.72550488822162151336669921875">
        <ele>1895.800048828125</ele>
        <time>2026-09-11T23:17:22.000Z</time>
        <extensions>
          <ns3:TrackPointExtension>
            <ns3:hr>132</ns3:hr>
            <ns3:cad>94</ns3:cad>
          </ns3:TrackPointExtension>
        </extensions>
      </trkpt>
      <trkpt lat="25.09276916272938251495361328125" lon="102.72547236643731594085693359375">
        <ele>1895.800048828125</ele>
        <time>2026-09-11T23:17:23.000Z</time>
        <extensions>
          <ns3:TrackPointExtension>
            <ns3:hr>132</ns3:hr>
            <ns3:cad>95</ns3:cad>
          </ns3:TrackPointExtension>
        </extensions>
      </trkpt>
      <trkpt lat="25.09276379831135272979736328125" lon="102.7254397608339786529541015625">
        <ele>1895.800048828125</ele>
        <time>2026-09-11T23:17:24.000Z</time>
        <extensions>
          <ns3:TrackPointExtension>
            <ns3:hr>132</ns3:hr>
            <ns3:cad>95</ns3:cad>
          </ns3:TrackPointExtension>
        </extensions>
      </trkpt>
      <trkpt lat="25.09276069700717926025390625" lon="102.72541034035384654998779296875">
        <ele>1895.800048828125</ele>
        <time>2026-09-11T23:17:25.000Z</time>
        <extensions>
          <ns3:TrackPointExtension>
            <ns3:hr>132</ns3:hr>
            <ns3:cad>95</ns3:cad>
          </ns3:TrackPointExtension>
        </extensions>
      </trkpt>
      <trkpt lat="25.09275667369365692138671875" lon="102.72537832148373126983642578125">
        <ele>1896</ele>
        <time>2026-09-11T23:17:26.000Z</time>
        <extensions>
          <ns3:TrackPointExtension>
            <ns3:hr>131</ns3:hr>
            <ns3:cad>95</ns3:cad>
          </ns3:TrackPointExtension>
        </extensions>
      </trkpt>
      <trkpt lat="25.0927521474659442901611328125" lon="102.72535267286002635955810546875">
        <ele>1896</ele>
        <time>2026-09-11T23:17:27.000Z</time>
        <extensions>
          <ns3:TrackPointExtension>
            <ns3:hr>132</ns3:hr>
            <ns3:cad>95</ns3:cad>
          </ns3:TrackPointExtension>
        </extensions>
      </trkpt>
      <trkpt lat="25.09274837560951709747314453125" lon="102.72532048635184764862060546875">
        <ele>1896</ele>
        <time>2026-09-11T23:17:28.000Z</time>
        <extensions>
          <ns3:TrackPointExtension>
            <ns3:hr>132</ns3:hr>
            <ns3:cad>95</ns3:cad>
          </ns3:TrackPointExtension>
        </extensions>
      </trkpt>
      <trkpt lat="25.0927420891821384429931640625" lon="102.72529148496687412261962890625">
        <ele>1896</ele>
        <time>2026-09-11T23:17:29.000Z</time>
        <extensions>
          <ns3:TrackPointExtension>
            <ns3:hr>131</ns3:hr>
            <ns3:cad>95</ns3:cad>
          </ns3:TrackPointExtension>
        </extensions>
      </trkpt>
      <trkpt lat="25.0927347131073474884033203125" lon="102.72526348941028118133544921875">
        <ele>1896</ele>
        <time>2026-09-11T23:17:30.000Z</time>
        <extensions>
          <ns3:TrackPointExtension>
            <ns3:hr>132</ns3:hr>
            <ns3:cad>95</ns3:cad>
          </ns3:TrackPointExtension>
        </extensions>
      </trkpt>
      <trkpt lat="25.09273144416511058807373046875" lon="102.72523130290210247039794921875">
        <ele>1896</ele>
        <time>2026-09-11T23:17:31.000Z</time>
        <extensions>
          <ns3:TrackPointExtension>
            <ns3:hr>132</ns3:hr>
            <ns3:cad>95</ns3:cad>
          </ns3:TrackPointExtension>
        </extensions>
      </trkpt>
      <trkpt lat="25.092728175222873687744140625" lon="102.7252017147839069366455078125">
        <ele>1896</ele>
        <time>2026-09-11T23:17:32.000Z</time>
        <extensions>
          <ns3:TrackPointExtension>
            <ns3:hr>131</ns3:hr>
            <ns3:cad>95</ns3:cad>
          </ns3:TrackPointExtension>
        </extensions>
      </trkpt>
      <trkpt lat="25.092719458043575286865234375" lon="102.72516776807606220245361328125">
        <ele>1896</ele>
        <time>2026-09-11T23:17:33.000Z</time>
        <extensions>
          <ns3:TrackPointExtension>
            <ns3:hr>131</ns3:hr>
            <ns3:cad>95</ns3:cad>
          </ns3:TrackPointExtension>
        </extensions>
      </trkpt>
      <trkpt lat="25.0927109085023403167724609375" lon="102.725140191614627838134765625">
        <ele>1896</ele>
        <time>2026-09-11T23:17:34.000Z</time>
        <extensions>
          <ns3:TrackPointExtension>
            <ns3:hr>131</ns3:hr>
            <ns3:cad>95</ns3:cad>
          </ns3:TrackPointExtension>
        </extensions>
      </trkpt>
      <trkpt lat="25.092696659266948699951171875" lon="102.72511303424835205078125">
        <ele>1896</ele>
        <time>2026-09-11T23:17:35.000Z</time>
        <extensions>
          <ns3:TrackPointExtension>
            <ns3:hr>131</ns3:hr>
            <ns3:cad>95</ns3:cad>
          </ns3:TrackPointExtension>
        </extensions>
      </trkpt>
      <trkpt lat="25.0926793925464153289794921875" lon="102.72509082220494747161865234375">
        <ele>1896</ele>
        <time>2026-09-11T23:17:36.000Z</time>
        <extensions>
          <ns3:TrackPointExtension>
            <ns3:hr>131</ns3:hr>
            <ns3:cad>95</ns3:cad>
          </ns3:TrackPointExtension>
        </extensions>
      </trkpt>
      <trkpt lat="25.0926612876355648040771484375" lon="102.72507288493216037750244140625">
        <ele>1895.800048828125</ele>
        <time>2026-09-11T23:17:37.000Z</time>
        <extensions>
          <ns3:TrackPointExtension>
            <ns3:hr>131</ns3:hr>
            <ns3:cad>95</ns3:cad>
          </ns3:TrackPointExtension>
        </extensions>
      </trkpt>
      <trkpt lat="25.0926381535828113555908203125" lon="102.7250500023365020751953125">
        <ele>1895.800048828125</ele>
        <time>2026-09-11T23:17:38.000Z</time>
        <extensions>
          <ns3:TrackPointExtension>
            <ns3:hr>130</ns3:hr>
            <ns3:cad>95</ns3:cad>
          </ns3:TrackPointExtension>
        </extensions>
      </trkpt>
      <trkpt lat="25.0926197133958339691162109375" lon="102.7250337414443492889404296875">
        <ele>1895.800048828125</ele>
        <time>2026-09-11T23:17:39.000Z</time>
        <extensions>
          <ns3:TrackPointExtension>
            <ns3:hr>131</ns3:hr>
            <ns3:cad>94</ns3:cad>
          </ns3:TrackPointExtension>
        </extensions>
      </trkpt>
      <trkpt lat="25.092593394219875335693359375" lon="102.72501580417156219482421875">
        <ele>1895.800048828125</ele>
        <time>2026-09-11T23:17:40.000Z</time>
        <extensions>
          <ns3:TrackPointExtension>
            <ns3:hr>131</ns3:hr>
            <ns3:cad>94</ns3:cad>
          </ns3:TrackPointExtension>
        </extensions>
      </trkpt>
      <trkpt lat="25.0925704278051853179931640625" lon="102.7249988727271556854248046875">
        <ele>1895.800048828125</ele>
        <time>2026-09-11T23:17:41.000Z</time>
        <extensions>
          <ns3:TrackPointExtension>
            <ns3:hr>130</ns3:hr>
            <ns3:cad>94</ns3:cad>
          </ns3:TrackPointExtension>
        </extensions>
      </trkpt>
      <trkpt lat="25.092547796666622161865234375" lon="102.72498051635921001434326171875">
        <ele>1895.800048828125</ele>
        <time>2026-09-11T23:17:42.000Z</time>
        <extensions>
          <ns3:TrackPointExtension>
            <ns3:hr>131</ns3:hr>
            <ns3:cad>94</ns3:cad>
          </ns3:TrackPointExtension>
        </extensions>
      </trkpt>
      <trkpt lat="25.092525668442249298095703125" lon="102.72495956160128116607666015625">
        <ele>1895.800048828125</ele>
        <time>2026-09-11T23:17:43.000Z</time>
        <extensions>
          <ns3:TrackPointExtension>
            <ns3:hr>131</ns3:hr>
            <ns3:cad>95</ns3:cad>
          </ns3:TrackPointExtension>
        </extensions>
      </trkpt>
      <trkpt lat="25.092501528561115264892578125" lon="102.72493894211947917938232421875">
        <ele>1895.800048828125</ele>
        <time>2026-09-11T23:17:44.000Z</time>
        <extensions>
          <ns3:TrackPointExtension>
            <ns3:hr>130</ns3:hr>
            <ns3:cad>95</ns3:cad>
          </ns3:TrackPointExtension>
        </extensions>
      </trkpt>
      <trkpt lat="25.0924772210419178009033203125" lon="102.72491463460028171539306640625">
        <ele>1895.800048828125</ele>
        <time>2026-09-11T23:17:45.000Z</time>
        <extensions>
          <ns3:TrackPointExtension>
            <ns3:hr>130</ns3:hr>
            <ns3:cad>92</ns3:cad>
          </ns3:TrackPointExtension>
        </extensions>
      </trkpt>
      <trkpt lat="25.09245467372238636016845703125" lon="102.724893428385257720947265625">
        <ele>1895.800048828125</ele>
        <time>2026-09-11T23:17:46.000Z</time>
        <extensions>
          <ns3:TrackPointExtension>
            <ns3:hr>130</ns3:hr>
            <ns3:cad>92</ns3:cad>
          </ns3:TrackPointExtension>
        </extensions>
      </trkpt>
      <trkpt lat="25.092431791126728057861328125" lon="102.7248676121234893798828125">
        <ele>1895.800048828125</ele>
        <time>2026-09-11T23:17:47.000Z</time>
        <extensions>
          <ns3:TrackPointExtension>
            <ns3:hr>130</ns3:hr>
            <ns3:cad>94</ns3:cad>
          </ns3:TrackPointExtension>
        </extensions>
      </trkpt>
      <trkpt lat="25.09240153245627880096435546875" lon="102.72484322078526020050048828125">
        <ele>1895.800048828125</ele>
        <time>2026-09-11T23:17:48.000Z</time>
        <extensions>
          <ns3:TrackPointExtension>
            <ns3:hr>131</ns3:hr>
            <ns3:cad>95</ns3:cad>
          </ns3:TrackPointExtension>
        </extensions>
      </trkpt>
      <trkpt lat="25.09238745085895061492919921875" lon="102.72481153719127178192138671875">
        <ele>1895.800048828125</ele>
        <time>2026-09-11T23:17:49.000Z</time>
        <extensions>
          <ns3:TrackPointExtension>
            <ns3:hr>130</ns3:hr>
            <ns3:cad>96</ns3:cad>
          </ns3:TrackPointExtension>
        </extensions>
      </trkpt>
      <trkpt lat="25.09237236343324184417724609375" lon="102.72477851249277591705322265625">
        <ele>1895.800048828125</ele>
        <time>2026-09-11T23:17:50.000Z</time>
        <extensions>
          <ns3:TrackPointExtension>
            <ns3:hr>130</ns3:hr>
            <ns3:cad>96</ns3:cad>
          </ns3:TrackPointExtension>
        </extensions>
      </trkpt>
      <trkpt lat="25.0923602096736431121826171875" lon="102.72475026547908782958984375">
        <ele>1895.800048828125</ele>
        <time>2026-09-11T23:17:51.000Z</time>
        <extensions>
          <ns3:TrackPointExtension>
            <ns3:hr>131</ns3:hr>
            <ns3:cad>96</ns3:cad>
          </ns3:TrackPointExtension>
        </extensions>
      </trkpt>
      <trkpt lat="25.0923548452556133270263671875" lon="102.72471665404736995697021484375">
        <ele>1895.800048828125</ele>
        <time>2026-09-11T23:17:52.000Z</time>
        <extensions>
          <ns3:TrackPointExtension>
            <ns3:hr>131</ns3:hr>
            <ns3:cad>96</ns3:cad>
          </ns3:TrackPointExtension>
        </extensions>
      </trkpt>
      <trkpt lat="25.0923461280763149261474609375" lon="102.72469167597591876983642578125">
        <ele>1895.800048828125</ele>
        <time>2026-09-11T23:17:53.000Z</time>
        <extensions>
          <ns3:TrackPointExtension>
            <ns3:hr>131</ns3:hr>
            <ns3:cad>95</ns3:cad>
          </ns3:TrackPointExtension>
        </extensions>
      </trkpt>
      <trkpt lat="25.0923424400389194488525390625" lon="102.72465580143034458160400390625">
        <ele>1895.800048828125</ele>
        <time>2026-09-11T23:17:54.000Z</time>
        <extensions>
          <ns3:TrackPointExtension>
            <ns3:hr>131</ns3:hr>
            <ns3:cad>95</ns3:cad>
          </ns3:TrackPointExtension>
        </extensions>
      </trkpt>
      <trkpt lat="25.09233732707798480987548828125" lon="102.72462260909378528594970703125">
        <ele>1895.800048828125</ele>
        <time>2026-09-11T23:17:55.000Z</time>
        <extensions>
          <ns3:TrackPointExtension>
            <ns3:hr>130</ns3:hr>
            <ns3:cad>95</ns3:cad>
          </ns3:TrackPointExtension>
        </extensions>
      </trkpt>
      <trkpt lat="25.09233690798282623291015625" lon="102.7245918475091457366943359375">
        <ele>1895.800048828125</ele>
        <time>2026-09-11T23:17:56.000Z</time>
        <extensions>
          <ns3:TrackPointExtension>
            <ns3:hr>131</ns3:hr>
            <ns3:cad>95</ns3:cad>
          </ns3:TrackPointExtension>
        </extensions>
      </trkpt>
      <trkpt lat="25.0923380814492702484130859375" lon="102.7245593257248401641845703125">
        <ele>1895.800048828125</ele>
        <time>2026-09-11T23:17:57.000Z</time>
        <extensions>
          <ns3:TrackPointExtension>
            <ns3:hr>131</ns3:hr>
            <ns3:cad>95</ns3:cad>
          </ns3:TrackPointExtension>
        </extensions>
      </trkpt>
      <trkpt lat="25.09234084747731685638427734375" lon="102.72453325800597667694091796875">
        <ele>1896</ele>
        <time>2026-09-11T23:17:58.000Z</time>
        <extensions>
          <ns3:TrackPointExtension>
            <ns3:hr>130</ns3:hr>
            <ns3:cad>95</ns3:cad>
          </ns3:TrackPointExtension>
        </extensions>
      </trkpt>
      <trkpt lat="25.09234503842890262603759765625" lon="102.7245019935071468353271484375">
        <ele>1896</ele>
        <time>2026-09-11T23:17:59.000Z</time>
        <extensions>
          <ns3:TrackPointExtension>
            <ns3:hr>131</ns3:hr>
            <ns3:cad>95</ns3:cad>
          </ns3:TrackPointExtension>
        </extensions>
      </trkpt>
      <trkpt lat="25.09235006757080554962158203125" lon="102.72446838207542896270751953125">
        <ele>1896</ele>
        <time>2026-09-11T23:18:00.000Z</time>
        <extensions>
          <ns3:TrackPointExtension>
            <ns3:hr>131</ns3:hr>
            <ns3:cad>95</ns3:cad>
          </ns3:TrackPointExtension>
        </extensions>
      </trkpt>
      <trkpt lat="25.09235610254108905792236328125" lon="102.72444248199462890625">
        <ele>1895.800048828125</ele>
        <time>2026-09-11T23:18:01.000Z</time>
        <extensions>
          <ns3:TrackPointExtension>
            <ns3:hr>130</ns3:hr>
            <ns3:cad>95</ns3:cad>
          </ns3:TrackPointExtension>
        </extensions>
      </trkpt>
      <trkpt lat="25.0923685915768146514892578125" lon="102.7244168333709239959716796875">
        <ele>1895.800048828125</ele>
        <time>2026-09-11T23:18:02.000Z</time>
        <extensions>
          <ns3:TrackPointExtension>
            <ns3:hr>131</ns3:hr>
            <ns3:cad>95</ns3:cad>
          </ns3:TrackPointExtension>
        </extensions>
      </trkpt>
      <trkpt lat="25.09237571619451045989990234375" lon="102.72439219057559967041015625">
        <ele>1895.800048828125</ele>
        <time>2026-09-11T23:18:03.000Z</time>
        <extensions>
          <ns3:TrackPointExtension>
            <ns3:hr>131</ns3:hr>
            <ns3:cad>95</ns3:cad>
          </ns3:TrackPointExtension>
        </extensions>
      </trkpt>
      <trkpt lat="25.092388205230236053466796875" lon="102.72436310537159442901611328125">
        <ele>1895.800048828125</ele>
        <time>2026-09-11T23:18:04.000Z</time>
        <extensions>
          <ns3:TrackPointExtension>
            <ns3:hr>130</ns3:hr>
            <ns3:cad>95</ns3:cad>
          </ns3:TrackPointExtension>
        </extensions>
      </trkpt>
      <trkpt lat="25.09239315055310726165771484375" lon="102.72433594800531864166259765625">
        <ele>1895.800048828125</ele>
        <time>2026-09-11T23:18:05.000Z</time>
        <extensions>
          <ns3:TrackPointExtension>
            <ns3:hr>131</ns3:hr>
            <ns3:cad>95</ns3:cad>
          </ns3:TrackPointExtension>
        </extensions>
      </trkpt>
      <trkpt lat="25.0924024544656276702880859375" lon="102.724310047924518585205078125">
        <ele>1895.800048828125</ele>
        <time>2026-09-11T23:18:06.000Z</time>
        <extensions>
          <ns3:TrackPointExtension>
            <ns3:hr>131</ns3:hr>
            <ns3:cad>95</ns3:cad>
          </ns3:TrackPointExtension>
        </extensions>
      </trkpt>
      <trkpt lat="25.0924145244061946868896484375" lon="102.72427861578762531280517578125">
        <ele>1895.800048828125</ele>
        <time>2026-09-11T23:18:07.000Z</time>
        <extensions>
          <ns3:TrackPointExtension>
            <ns3:hr>130</ns3:hr>
            <ns3:cad>95</ns3:cad>
          </ns3:TrackPointExtension>
        </extensions>
      </trkpt>
      <trkpt lat="25.09242265485227108001708984375" lon="102.72424894385039806365966796875">
        <ele>1895.800048828125</ele>
        <time>2026-09-11T23:18:08.000Z</time>
        <extensions>
          <ns3:TrackPointExtension>
            <ns3:hr>131</ns3:hr>
            <ns3:cad>95</ns3:cad>
          </ns3:TrackPointExtension>
        </extensions>
      </trkpt>
      <trkpt lat="25.0924343056976795196533203125" lon="102.724215500056743621826171875">
        <ele>1895.800048828125</ele>
        <time>2026-09-11T23:18:09.000Z</time>
        <extensions>
          <ns3:TrackPointExtension>
            <ns3:hr>131</ns3:hr>
            <ns3:cad>95</ns3:cad>
          </ns3:TrackPointExtension>
        </extensions>
      </trkpt>
      <trkpt lat="25.0924386642873287200927734375" lon="102.724189348518848419189453125">
        <ele>1895.800048828125</ele>
        <time>2026-09-11T23:18:10.000Z</time>
        <extensions>
          <ns3:TrackPointExtension>
            <ns3:hr>130</ns3:hr>
            <ns3:cad>95</ns3:cad>
          </ns3:TrackPointExtension>
        </extensions>
      </trkpt>
      <trkpt lat="25.09244419634342193603515625" lon="102.724155485630035400390625">
        <ele>1895.800048828125</ele>
        <time>2026-09-11T23:18:11.000Z</time>
        <extensions>
          <ns3:TrackPointExtension>
            <ns3:hr>130</ns3:hr>
            <ns3:cad>95</ns3:cad>
          </ns3:TrackPointExtension>
        </extensions>
      </trkpt>
      <trkpt lat="25.0924448668956756591796875" lon="102.72411583922803401947021484375">
        <ele>1895.800048828125</ele>
        <time>2026-09-11T23:18:12.000Z</time>
        <extensions>
          <ns3:TrackPointExtension>
            <ns3:hr>130</ns3:hr>
            <ns3:cad>96</ns3:cad>
          </ns3:TrackPointExtension>
        </extensions>
      </trkpt>
      <trkpt lat="25.09244042448699474334716796875" lon="102.72408398799598217010498046875">
        <ele>1895.800048828125</ele>
        <time>2026-09-11T23:18:13.000Z</time>
        <extensions>
          <ns3:TrackPointExtension>
            <ns3:hr>130</ns3:hr>
            <ns3:cad>96</ns3:cad>
          </ns3:TrackPointExtension>
        </extensions>
      </trkpt>
      <trkpt lat="25.09243614971637725830078125" lon="102.7240455150604248046875">
        <ele>1895.800048828125</ele>
        <time>2026-09-11T23:18:14.000Z</time>
        <extensions>
          <ns3:TrackPointExtension>
            <ns3:hr>131</ns3:hr>
            <ns3:cad>96</ns3:cad>
          </ns3:TrackPointExtension>
        </extensions>
      </trkpt>
      <trkpt lat="25.09242751635611057281494140625" lon="102.72401927970349788665771484375">
        <ele>1895.800048828125</ele>
        <time>2026-09-11T23:18:15.000Z</time>
        <extensions>
          <ns3:TrackPointExtension>
            <ns3:hr>131</ns3:hr>
            <ns3:cad>96</ns3:cad>
          </ns3:TrackPointExtension>
        </extensions>
      </trkpt>
      <trkpt lat="25.0924222357571125030517578125" lon="102.7239870093762874603271484375">
        <ele>1895.800048828125</ele>
        <time>2026-09-11T23:18:16.000Z</time>
        <extensions>
          <ns3:TrackPointExtension>
            <ns3:hr>131</ns3:hr>
            <ns3:cad>96</ns3:cad>
          </ns3:TrackPointExtension>
        </extensions>
      </trkpt>
      <trkpt lat="25.09241293184459209442138671875" lon="102.723962701857089996337890625">
        <ele>1895.800048828125</ele>
        <time>2026-09-11T23:18:17.000Z</time>
        <extensions>
          <ns3:TrackPointExtension>
            <ns3:hr>131</ns3:hr>
            <ns3:cad>96</ns3:cad>
          </ns3:TrackPointExtension>
        </extensions>
      </trkpt>
      <trkpt lat="25.0924088247120380401611328125" lon="102.7239342033863067626953125">
        <ele>1895.800048828125</ele>
        <time>2026-09-11T23:18:18.000Z</time>
        <extensions>
          <ns3:TrackPointExtension>
            <ns3:hr>131</ns3:hr>
            <ns3:cad>96</ns3:cad>
          </ns3:TrackPointExtension>
        </extensions>
      </trkpt>
      <trkpt lat="25.09240052662789821624755859375" lon="102.72390444763004779815673828125">
        <ele>1895.800048828125</ele>
        <time>2026-09-11T23:18:19.000Z</time>
        <extensions>
          <ns3:TrackPointExtension>
            <ns3:hr>131</ns3:hr>
            <ns3:cad>95</ns3:cad>
          </ns3:TrackPointExtension>
        </extensions>
      </trkpt>
      <trkpt lat="25.0923923961818218231201171875" lon="102.72387913428246974945068359375">
        <ele>1895.800048828125</ele>
        <time>2026-09-11T23:18:20.000Z</time>
        <extensions>
          <ns3:TrackPointExtension>
            <ns3:hr>131</ns3:hr>
            <ns3:cad>94</ns3:cad>
          </ns3:TrackPointExtension>
        </extensions>
      </trkpt>
      <trkpt lat="25.09237580001354217529296875" lon="102.723846696317195892333984375">
        <ele>1895.800048828125</ele>
        <time>2026-09-11T23:18:21.000Z</time>
        <extensions>
          <ns3:TrackPointExtension>
            <ns3:hr>132</ns3:hr>
            <ns3:cad>94</ns3:cad>
          </ns3:TrackPointExtension>
        </extensions>
      </trkpt>
      <trkpt lat="25.0923568569123744964599609375" lon="102.72382129915058612823486328125">
        <ele>1895.800048828125</ele>
        <time>2026-09-11T23:18:22.000Z</time>
        <extensions>
          <ns3:TrackPointExtension>
            <ns3:hr>132</ns3:hr>
            <ns3:cad>94</ns3:cad>
          </ns3:TrackPointExtension>
        </extensions>
      </trkpt>
      <trkpt lat="25.092334561049938201904296875" lon="102.72378944791853427886962890625">
        <ele>1895.800048828125</ele>
        <time>2026-09-11T23:18:23.000Z</time>
        <extensions>
          <ns3:TrackPointExtension>
            <ns3:hr>132</ns3:hr>
            <ns3:cad>95</ns3:cad>
          </ns3:TrackPointExtension>
        </extensions>
      </trkpt>
      <trkpt lat="25.09231234900653362274169921875" lon="102.7237667329609394073486328125">
        <ele>1895.800048828125</ele>
        <time>2026-09-11T23:18:24.000Z</time>
        <extensions>
          <ns3:TrackPointExtension>
            <ns3:hr>132</ns3:hr>
            <ns3:cad>95</ns3:cad>
          </ns3:TrackPointExtension>
        </extensions>
      </trkpt>
      <trkpt lat="25.09228904731571674346923828125" lon="102.7237529866397380828857421875">
        <ele>1896</ele>
        <time>2026-09-11T23:18:25.000Z</time>
        <extensions>
          <ns3:TrackPointExtension>
            <ns3:hr>131</ns3:hr>
            <ns3:cad>95</ns3:cad>
          </ns3:TrackPointExtension>
        </extensions>
      </trkpt>
      <trkpt lat="25.09226256050169467926025390625" lon="102.72374250926077365875244140625">
        <ele>1896</ele>
        <time>2026-09-11T23:18:26.000Z</time>
        <extensions>
          <ns3:TrackPointExtension>
            <ns3:hr>132</ns3:hr>
            <ns3:cad>95</ns3:cad>
          </ns3:TrackPointExtension>
        </extensions>
      </trkpt>
      <trkpt lat="25.09223942644894123077392578125" lon="102.7237358875572681427001953125">
        <ele>1896.199951171875</ele>
        <time>2026-09-11T23:18:27.000Z</time>
        <extensions>
          <ns3:TrackPointExtension>
            <ns3:hr>132</ns3:hr>
            <ns3:cad>95</ns3:cad>
          </ns3:TrackPointExtension>
        </extensions>
      </trkpt>
      <trkpt lat="25.09220908395946025848388671875" lon="102.72372524254024028778076171875">
        <ele>1896.199951171875</ele>
        <time>2026-09-11T23:18:28.000Z</time>
        <extensions>
          <ns3:TrackPointExtension>
            <ns3:hr>132</ns3:hr>
            <ns3:cad>95</ns3:cad>
          </ns3:TrackPointExtension>
        </extensions>
      </trkpt>
      <trkpt lat="25.09218494407832622528076171875" lon="102.723717950284481048583984375">
        <ele>1896.4000244140625</ele>
        <time>2026-09-11T23:18:29.000Z</time>
        <extensions>
          <ns3:TrackPointExtension>
            <ns3:hr>132</ns3:hr>
            <ns3:cad>94</ns3:cad>
          </ns3:TrackPointExtension>
        </extensions>
      </trkpt>
      <trkpt lat="25.0921563617885112762451171875" lon="102.723707892000675201416015625">
        <ele>1896.5999755859375</ele>
        <time>2026-09-11T23:18:30.000Z</time>
        <extensions>
          <ns3:TrackPointExtension>
            <ns3:hr>131</ns3:hr>
            <ns3:cad>94</ns3:cad>
          </ns3:TrackPointExtension>
        </extensions>
      </trkpt>
      <trkpt lat="25.09213431738317012786865234375" lon="102.7237077243626117706298828125">
        <ele>1896.800048828125</ele>
        <time>2026-09-11T23:18:31.000Z</time>
        <extensions>
          <ns3:TrackPointExtension>
            <ns3:hr>131</ns3:hr>
            <ns3:cad>93</ns3:cad>
          </ns3:TrackPointExtension>
        </extensions>
      </trkpt>
      <trkpt lat="25.09210162796080112457275390625" lon="102.72370445542037487030029296875">
        <ele>1896.800048828125</ele>
        <time>2026-09-11T23:18:32.000Z</time>
        <extensions>
          <ns3:TrackPointExtension>
            <ns3:hr>131</ns3:hr>
            <ns3:cad>93</ns3:cad>
          </ns3:TrackPointExtension>
        </extensions>
      </trkpt>
      <trkpt lat="25.09207597933709621429443359375" lon="102.72370663471519947052001953125">
        <ele>1897</ele>
        <time>2026-09-11T23:18:33.000Z</time>
        <extensions>
          <ns3:TrackPointExtension>
            <ns3:hr>131</ns3:hr>
            <ns3:cad>92</ns3:cad>
          </ns3:TrackPointExtension>
        </extensions>
      </trkpt>
      <trkpt lat="25.09204982779920101165771484375" lon="102.72370948456227779388427734375">
        <ele>1897.199951171875</ele>
        <time>2026-09-11T23:18:34.000Z</time>
        <extensions>
          <ns3:TrackPointExtension>
            <ns3:hr>131</ns3:hr>
            <ns3:cad>92</ns3:cad>
          </ns3:TrackPointExtension>
        </extensions>
      </trkpt>
      <trkpt lat="25.09202317334711551666259765625" lon="102.7237221412360668182373046875">
        <ele>1897.199951171875</ele>
        <time>2026-09-11T23:18:35.000Z</time>
        <extensions>
          <ns3:TrackPointExtension>
            <ns3:hr>131</ns3:hr>
            <ns3:cad>92</ns3:cad>
          </ns3:TrackPointExtension>
        </extensions>
      </trkpt>
      <trkpt lat="25.09199970401823520660400390625" lon="102.7237268351018428802490234375">
        <ele>1897.4000244140625</ele>
        <time>2026-09-11T23:18:36.000Z</time>
        <extensions>
          <ns3:TrackPointExtension>
            <ns3:hr>131</ns3:hr>
            <ns3:cad>92</ns3:cad>
          </ns3:TrackPointExtension>
        </extensions>
      </trkpt>
      <trkpt lat="25.0919706188142299652099609375" lon="102.7237285114824771881103515625">
        <ele>1897.5999755859375</ele>
        <time>2026-09-11T23:18:37.000Z</time>
        <extensions>
          <ns3:TrackPointExtension>
            <ns3:hr>131</ns3:hr>
            <ns3:cad>92</ns3:cad>
          </ns3:TrackPointExtension>
        </extensions>
      </trkpt>
      <trkpt lat="25.091946981847286224365234375" lon="102.72372457198798656463623046875">
        <ele>1897.5999755859375</ele>
        <time>2026-09-11T23:18:38.000Z</time>
        <extensions>
          <ns3:TrackPointExtension>
            <ns3:hr>132</ns3:hr>
            <ns3:cad>92</ns3:cad>
          </ns3:TrackPointExtension>
        </extensions>
      </trkpt>
      <trkpt lat="25.09191605262458324432373046875" lon="102.72372473962604999542236328125">
        <ele>1897.800048828125</ele>
        <time>2026-09-11T23:18:39.000Z</time>
        <extensions>
          <ns3:TrackPointExtension>
            <ns3:hr>132</ns3:hr>
            <ns3:cad>92</ns3:cad>
          </ns3:TrackPointExtension>
        </extensions>
      </trkpt>
      <trkpt lat="25.09188897907733917236328125" lon="102.72373094223439693450927734375">
        <ele>1898</ele>
        <time>2026-09-11T23:18:40.000Z</time>
        <extensions>
          <ns3:TrackPointExtension>
            <ns3:hr>133</ns3:hr>
            <ns3:cad>92</ns3:cad>
          </ns3:TrackPointExtension>
        </extensions>
      </trkpt>
      <trkpt lat="25.0918562896549701690673828125" lon="102.72372373379766941070556640625">
        <ele>1898</ele>
        <time>2026-09-11T23:18:41.000Z</time>
        <extensions>
          <ns3:TrackPointExtension>
            <ns3:hr>133</ns3:hr>
            <ns3:cad>92</ns3:cad>
          </ns3:TrackPointExtension>
        </extensions>
      </trkpt>
      <trkpt lat="25.09182955138385295867919921875" lon="102.72372038103640079498291015625">
        <ele>1898.199951171875</ele>
        <time>2026-09-11T23:18:42.000Z</time>
        <extensions>
          <ns3:TrackPointExtension>
            <ns3:hr>133</ns3:hr>
            <ns3:cad>92</ns3:cad>
          </ns3:TrackPointExtension>
        </extensions>
      </trkpt>
      <trkpt lat="25.09180138818919658660888671875" lon="102.72371359169483184814453125">
        <ele>1898.4000244140625</ele>
        <time>2026-09-11T23:18:43.000Z</time>
        <extensions>
          <ns3:TrackPointExtension>
            <ns3:hr>134</ns3:hr>
            <ns3:cad>92</ns3:cad>
          </ns3:TrackPointExtension>
        </extensions>
      </trkpt>
      <trkpt lat="25.09177171625196933746337890625" lon="102.72370554506778717041015625">
        <ele>1898.4000244140625</ele>
        <time>2026-09-11T23:18:44.000Z</time>
        <extensions>
          <ns3:TrackPointExtension>
            <ns3:hr>134</ns3:hr>
            <ns3:cad>92</ns3:cad>
          </ns3:TrackPointExtension>
        </extensions>
      </trkpt>
      <trkpt lat="25.09174707345664501190185546875" lon="102.7237021923065185546875">
        <ele>1898.4000244140625</ele>
        <time>2026-09-11T23:18:45.000Z</time>
        <extensions>
          <ns3:TrackPointExtension>
            <ns3:hr>135</ns3:hr>
            <ns3:cad>92</ns3:cad>
          </ns3:TrackPointExtension>
        </extensions>
      </trkpt>
      <trkpt lat="25.09171538986265659332275390625" lon="102.7237000130116939544677734375">
        <ele>1898.5999755859375</ele>
        <time>2026-09-11T23:18:46.000Z</time>
        <extensions>
          <ns3:TrackPointExtension>
            <ns3:hr>135</ns3:hr>
            <ns3:cad>93</ns3:cad>
          </ns3:TrackPointExtension>
        </extensions>
      </trkpt>
      <trkpt lat="25.09169275872409343719482421875" lon="102.72369825281202793121337890625">
        <ele>1898.5999755859375</ele>
        <time>2026-09-11T23:18:47.000Z</time>
        <extensions>
          <ns3:TrackPointExtension>
            <ns3:hr>135</ns3:hr>
            <ns3:cad>93</ns3:cad>
          </ns3:TrackPointExtension>
        </extensions>
      </trkpt>
      <trkpt lat="25.09166342206299304962158203125" lon="102.7236912958323955535888671875">
        <ele>1898.5999755859375</ele>
        <time>2026-09-11T23:18:48.000Z</time>
        <extensions>
          <ns3:TrackPointExtension>
            <ns3:hr>136</ns3:hr>
            <ns3:cad>95</ns3:cad>
          </ns3:TrackPointExtension>
        </extensions>
      </trkpt>
      <trkpt lat="25.09163827635347843170166015625" lon="102.72368517704308032989501953125">
        <ele>1898.5999755859375</ele>
        <time>2026-09-11T23:18:49.000Z</time>
        <extensions>
          <ns3:TrackPointExtension>
            <ns3:hr>136</ns3:hr>
            <ns3:cad>95</ns3:cad>
          </ns3:TrackPointExtension>
        </extensions>
      </trkpt>
      <trkpt lat="25.09160759858787059783935546875" lon="102.7236765436828136444091796875">
        <ele>1898.800048828125</ele>
        <time>2026-09-11T23:18:50.000Z</time>
        <extensions>
          <ns3:TrackPointExtension>
            <ns3:hr>136</ns3:hr>
            <ns3:cad>95</ns3:cad>
          </ns3:TrackPointExtension>
        </extensions>
      </trkpt>
      <trkpt lat="25.09157792665064334869384765625" lon="102.72366472519934177398681640625">
        <ele>1898.800048828125</ele>
        <time>2026-09-11T23:18:51.000Z</time>
        <extensions>
          <ns3:TrackPointExtension>
            <ns3:hr>135</ns3:hr>
            <ns3:cad>95</ns3:cad>
          </ns3:TrackPointExtension>
        </extensions>
      </trkpt>
      <trkpt lat="25.091550350189208984375" lon="102.72364678792655467987060546875">
        <ele>1898.800048828125</ele>
        <time>2026-09-11T23:18:52.000Z</time>
        <extensions>
          <ns3:TrackPointExtension>
            <ns3:hr>135</ns3:hr>
            <ns3:cad>96</ns3:cad>
          </ns3:TrackPointExtension>
        </extensions>
      </trkpt>
      <trkpt lat="25.09151992388069629669189453125" lon="102.7236285991966724395751953125">
        <ele>1899</ele>
        <time>2026-09-11T23:18:53.000Z</time>
        <extensions>
          <ns3:TrackPointExtension>
            <ns3:hr>135</ns3:hr>
            <ns3:cad>96</ns3:cad>
          </ns3:TrackPointExtension>
        </extensions>
      </trkpt>
      <trkpt lat="25.09149469435214996337890625" lon="102.723612003028392791748046875">
        <ele>1899</ele>
        <time>2026-09-11T23:18:54.000Z</time>
        <extensions>
          <ns3:TrackPointExtension>
            <ns3:hr>135</ns3:hr>
            <ns3:cad>96</ns3:cad>
          </ns3:TrackPointExtension>
        </extensions>
      </trkpt>
      <trkpt lat="25.09147097356617450714111328125" lon="102.72358928807079792022705078125">
        <ele>1899</ele>
        <time>2026-09-11T23:18:55.000Z</time>
        <extensions>
          <ns3:TrackPointExtension>
            <ns3:hr>136</ns3:hr>
            <ns3:cad>92</ns3:cad>
          </ns3:TrackPointExtension>
        </extensions>
      </trkpt>
      <trkpt lat="25.09145177900791168212890625" lon="102.7235705964267253875732421875">
        <ele>1899</ele>
        <time>2026-09-11T23:18:56.000Z</time>
        <extensions>
          <ns3:TrackPointExtension>
            <ns3:hr>136</ns3:hr>
            <ns3:cad>92</ns3:cad>
          </ns3:TrackPointExtension>
        </extensions>
      </trkpt>
      <trkpt lat="25.0914283096790313720703125" lon="102.72354922257363796234130859375">
        <ele>1899</ele>
        <time>2026-09-11T23:18:57.000Z</time>
        <extensions>
          <ns3:TrackPointExtension>
            <ns3:hr>136</ns3:hr>
            <ns3:cad>92</ns3:cad>
          </ns3:TrackPointExtension>
        </extensions>
      </trkpt>
      <trkpt lat="25.0914041697978973388671875" lon="102.72353027947247028350830078125">
        <ele>1899.199951171875</ele>
        <time>2026-09-11T23:18:58.000Z</time>
        <extensions>
          <ns3:TrackPointExtension>
            <ns3:hr>136</ns3:hr>
            <ns3:cad>93</ns3:cad>
          </ns3:TrackPointExtension>
        </extensions>
      </trkpt>
      <trkpt lat="25.09138413704931735992431640625" lon="102.723510749638080596923828125">
        <ele>1899.199951171875</ele>
        <time>2026-09-11T23:18:59.000Z</time>
        <extensions>
          <ns3:TrackPointExtension>
            <ns3:hr>136</ns3:hr>
            <ns3:cad>94</ns3:cad>
          </ns3:TrackPointExtension>
        </extensions>
      </trkpt>
      <trkpt lat="25.09136184118688106536865234375" lon="102.72348702885210514068603515625">
        <ele>1899.199951171875</ele>
        <time>2026-09-11T23:19:00.000Z</time>
        <extensions>
          <ns3:TrackPointExtension>
            <ns3:hr>136</ns3:hr>
            <ns3:cad>94</ns3:cad>
          </ns3:TrackPointExtension>
        </extensions>
      </trkpt>
      <trkpt lat="25.09134273044764995574951171875" lon="102.7234696783125400543212890625">
        <ele>1899.199951171875</ele>
        <time>2026-09-11T23:19:01.000Z</time>
        <extensions>
          <ns3:TrackPointExtension>
            <ns3:hr>135</ns3:hr>
            <ns3:cad>94</ns3:cad>
          </ns3:TrackPointExtension>
        </extensions>
      </trkpt>
      <trkpt lat="25.09132026694715023040771484375" lon="102.72344377823173999786376953125">
        <ele>1899</ele>
        <time>2026-09-11T23:19:02.000Z</time>
        <extensions>
          <ns3:TrackPointExtension>
            <ns3:hr>135</ns3:hr>
            <ns3:cad>94</ns3:cad>
          </ns3:TrackPointExtension>
        </extensions>
      </trkpt>
      <trkpt lat="25.09130300022661685943603515625" lon="102.723420225083827972412109375">
        <ele>1899</ele>
        <time>2026-09-11T23:19:03.000Z</time>
        <extensions>
          <ns3:TrackPointExtension>
            <ns3:hr>135</ns3:hr>
            <ns3:cad>94</ns3:cad>
          </ns3:TrackPointExtension>
        </extensions>
      </trkpt>
      <trkpt lat="25.09128757752478122711181640625" lon="102.7233915589749813079833984375">
        <ele>1899</ele>
        <time>2026-09-11T23:19:04.000Z</time>
        <extensions>
          <ns3:TrackPointExtension>
            <ns3:hr>135</ns3:hr>
            <ns3:cad>94</ns3:cad>
          </ns3:TrackPointExtension>
        </extensions>
      </trkpt>
      <trkpt lat="25.0912708975374698638916015625" lon="102.72336415015161037445068359375">
        <ele>1899</ele>
        <time>2026-09-11T23:19:05.000Z</time>
        <extensions>
          <ns3:TrackPointExtension>
            <ns3:hr>136</ns3:hr>
            <ns3:cad>94</ns3:cad>
          </ns3:TrackPointExtension>
        </extensions>
      </trkpt>
      <trkpt lat="25.091259665787220001220703125" lon="102.7233374118804931640625">
        <ele>1899</ele>
        <time>2026-09-11T23:19:06.000Z</time>
        <extensions>
          <ns3:TrackPointExtension>
            <ns3:hr>135</ns3:hr>
            <ns3:cad>94</ns3:cad>
          </ns3:TrackPointExtension>
        </extensions>
      </trkpt>
      <trkpt lat="25.0912467576563358306884765625" lon="102.72330229170620441436767578125">
        <ele>1899</ele>
        <time>2026-09-11T23:19:07.000Z</time>
        <extensions>
          <ns3:TrackPointExtension>
            <ns3:hr>135</ns3:hr>
            <ns3:cad>93</ns3:cad>
          </ns3:TrackPointExtension>
        </extensions>
      </trkpt>
      <trkpt lat="25.09123695082962512969970703125" lon="102.7232745476067066192626953125">
        <ele>1899</ele>
        <time>2026-09-11T23:19:08.000Z</time>
        <extensions>
          <ns3:TrackPointExtension>
            <ns3:hr>135</ns3:hr>
            <ns3:cad>93</ns3:cad>
          </ns3:TrackPointExtension>
        </extensions>
      </trkpt>
      <trkpt lat="25.0912271440029144287109375" lon="102.7232403494417667388916015625">
        <ele>1899</ele>
        <time>2026-09-11T23:19:09.000Z</time>
        <extensions>
          <ns3:TrackPointExtension>
            <ns3:hr>135</ns3:hr>
            <ns3:cad>93</ns3:cad>
          </ns3:TrackPointExtension>
        </extensions>
      </trkpt>
      <trkpt lat="25.09121566079556941986083984375" lon="102.7232088334858417510986328125">
        <ele>1898.800048828125</ele>
        <time>2026-09-11T23:19:10.000Z</time>
        <extensions>
          <ns3:TrackPointExtension>
            <ns3:hr>136</ns3:hr>
            <ns3:cad>93</ns3:cad>
          </ns3:TrackPointExtension>
        </extensions>
      </trkpt>
      <trkpt lat="25.09121465496718883514404296875" lon="102.7231766469776630401611328125">
        <ele>1898.800048828125</ele>
        <time>2026-09-11T23:19:11.000Z</time>
        <extensions>
          <ns3:TrackPointExtension>
            <ns3:hr>136</ns3:hr>
            <ns3:cad>93</ns3:cad>
          </ns3:TrackPointExtension>
        </extensions>
      </trkpt>
      <trkpt lat="25.0912083685398101806640625" lon="102.72314018569886684417724609375">
        <ele>1898.800048828125</ele>
        <time>2026-09-11T23:19:12.000Z</time>
        <extensions>
          <ns3:TrackPointExtension>
            <ns3:hr>136</ns3:hr>
            <ns3:cad>93</ns3:cad>
          </ns3:TrackPointExtension>
        </extensions>
      </trkpt>
      <trkpt lat="25.09120325557887554168701171875" lon="102.72311068139970302581787109375">
        <ele>1898.800048828125</ele>
        <time>2026-09-11T23:19:13.000Z</time>
        <extensions>
          <ns3:TrackPointExtension>
            <ns3:hr>136</ns3:hr>
            <ns3:cad>93</ns3:cad>
          </ns3:TrackPointExtension>
        </extensions>
      </trkpt>
      <trkpt lat="25.0911962985992431640625" lon="102.72307782433927059173583984375">
        <ele>1898.800048828125</ele>
        <time>2026-09-11T23:19:14.000Z</time>
        <extensions>
          <ns3:TrackPointExtension>
            <ns3:hr>136</ns3:hr>
            <ns3:cad>93</ns3:cad>
          </ns3:TrackPointExtension>
        </extensions>
      </trkpt>
      <trkpt lat="25.09118883870542049407958984375" lon="102.72304572165012359619140625">
        <ele>1898.800048828125</ele>
        <time>2026-09-11T23:19:15.000Z</time>
        <extensions>
          <ns3:TrackPointExtension>
            <ns3:hr>136</ns3:hr>
            <ns3:cad>95</ns3:cad>
          </ns3:TrackPointExtension>
        </extensions>
      </trkpt>
      <trkpt lat="25.0911941193044185638427734375" lon="102.72301646880805492401123046875">
        <ele>1898.5999755859375</ele>
        <time>2026-09-11T23:19:16.000Z</time>
        <extensions>
          <ns3:TrackPointExtension>
            <ns3:hr>136</ns3:hr>
            <ns3:cad>95</ns3:cad>
          </ns3:TrackPointExtension>
        </extensions>
      </trkpt>
      <trkpt lat="25.0911904312670230865478515625" lon="102.72298092953860759735107421875">
        <ele>1898.5999755859375</ele>
        <time>2026-09-11T23:19:17.000Z</time>
        <extensions>
          <ns3:TrackPointExtension>
            <ns3:hr>136</ns3:hr>
            <ns3:cad>95</ns3:cad>
          </ns3:TrackPointExtension>
        </extensions>
      </trkpt>
      <trkpt lat="25.09118582122027873992919921875" lon="102.7229525148868560791015625">
        <ele>1898.5999755859375</ele>
        <time>2026-09-11T23:19:18.000Z</time>
        <extensions>
          <ns3:TrackPointExtension>
            <ns3:hr>137</ns3:hr>
            <ns3:cad>96</ns3:cad>
          </ns3:TrackPointExtension>
        </extensions>
      </trkpt>
      <trkpt lat="25.0911830551922321319580078125" lon="102.72291705943644046783447265625">
        <ele>1898.4000244140625</ele>
        <time>2026-09-11T23:19:19.000Z</time>
        <extensions>
          <ns3:TrackPointExtension>
            <ns3:hr>136</ns3:hr>
            <ns3:cad>96</ns3:cad>
          </ns3:TrackPointExtension>
        </extensions>
      </trkpt>
      <trkpt lat="25.09118087589740753173828125" lon="102.72288344800472259521484375">
        <ele>1898.4000244140625</ele>
        <time>2026-09-11T23:19:20.000Z</time>
        <extensions>
          <ns3:TrackPointExtension>
            <ns3:hr>136</ns3:hr>
            <ns3:cad>96</ns3:cad>
          </ns3:TrackPointExtension>
        </extensions>
      </trkpt>
      <trkpt lat="25.09117961861193180084228515625" lon="102.72285436280071735382080078125">
        <ele>1898.4000244140625</ele>
        <time>2026-09-11T23:19:21.000Z</time>
        <extensions>
          <ns3:TrackPointExtension>
            <ns3:hr>137</ns3:hr>
            <ns3:cad>96</ns3:cad>
          </ns3:TrackPointExtension>
        </extensions>
      </trkpt>
      <trkpt lat="25.091180540621280670166015625" lon="102.7228182367980480194091796875">
        <ele>1898.199951171875</ele>
        <time>2026-09-11T23:19:22.000Z</time>
        <extensions>
          <ns3:TrackPointExtension>
            <ns3:hr>136</ns3:hr>
            <ns3:cad>96</ns3:cad>
          </ns3:TrackPointExtension>
        </extensions>
      </trkpt>
      <trkpt lat="25.0911766849458217620849609375" lon="102.7227863855659961700439453125">
        <ele>1898.199951171875</ele>
        <time>2026-09-11T23:19:23.000Z</time>
        <extensions>
          <ns3:TrackPointExtension>
            <ns3:hr>136</ns3:hr>
            <ns3:cad>96</ns3:cad>
          </ns3:TrackPointExtension>
        </extensions>
      </trkpt>
      <trkpt lat="25.091175176203250885009765625" lon="102.7227474935352802276611328125">
        <ele>1898.199951171875</ele>
        <time>2026-09-11T23:19:24.000Z</time>
        <extensions>
          <ns3:TrackPointExtension>
            <ns3:hr>137</ns3:hr>
            <ns3:cad>96</ns3:cad>
          </ns3:TrackPointExtension>
        </extensions>
      </trkpt>
      <trkpt lat="25.0911740027368068695068359375" lon="102.722716815769672393798828125">
        <ele>1898.199951171875</ele>
        <time>2026-09-11T23:19:25.000Z</time>
        <extensions>
          <ns3:TrackPointExtension>
            <ns3:hr>136</ns3:hr>
            <ns3:cad>96</ns3:cad>
          </ns3:TrackPointExtension>
        </extensions>
      </trkpt>
      <trkpt lat="25.09117308072745800018310546875" lon="102.7226807735860347747802734375">
        <ele>1898.199951171875</ele>
        <time>2026-09-11T23:19:26.000Z</time>
        <extensions>
          <ns3:TrackPointExtension>
            <ns3:hr>136</ns3:hr>
            <ns3:cad>96</ns3:cad>
          </ns3:TrackPointExtension>
        </extensions>
      </trkpt>
      <trkpt lat="25.0911716558039188385009765625" lon="102.72265252657234668731689453125">
        <ele>1898</ele>
        <time>2026-09-11T23:19:27.000Z</time>
        <extensions>
          <ns3:TrackPointExtension>
            <ns3:hr>137</ns3:hr>
            <ns3:cad>96</ns3:cad>
          </ns3:TrackPointExtension>
        </extensions>
      </trkpt>
      <trkpt lat="25.09116335771977901458740234375" lon="102.72262369282543659210205078125">
        <ele>1898</ele>
        <time>2026-09-11T23:19:28.000Z</time>
        <extensions>
          <ns3:TrackPointExtension>
            <ns3:hr>136</ns3:hr>
            <ns3:cad>96</ns3:cad>
          </ns3:TrackPointExtension>
        </extensions>
      </trkpt>
      <trkpt lat="25.09115212596952915191650390625" lon="102.72258865647017955780029296875">
        <ele>1898</ele>
        <time>2026-09-11T23:19:29.000Z</time>
        <extensions>
          <ns3:TrackPointExtension>
            <ns3:hr>136</ns3:hr>
            <ns3:cad>95</ns3:cad>
          </ns3:TrackPointExtension>
        </extensions>
      </trkpt>
      <trkpt lat="25.09113972075283527374267578125" lon="102.72255965508520603179931640625">
        <ele>1897.800048828125</ele>
        <time>2026-09-11T23:19:30.000Z</time>
        <extensions>
          <ns3:TrackPointExtension>
            <ns3:hr>136</ns3:hr>
            <ns3:cad>95</ns3:cad>
          </ns3:TrackPointExtension>
        </extensions>
      </trkpt>
      <trkpt lat="25.09113150648772716522216796875" lon="102.72252595983445644378662109375">
        <ele>1897.800048828125</ele>
        <time>2026-09-11T23:19:31.000Z</time>
        <extensions>
          <ns3:TrackPointExtension>
            <ns3:hr>135</ns3:hr>
            <ns3:cad>95</ns3:cad>
          </ns3:TrackPointExtension>
        </extensions>
      </trkpt>
      <trkpt lat="25.09111843071877956390380859375" lon="102.72249050438404083251953125">
        <ele>1897.800048828125</ele>
        <time>2026-09-11T23:19:32.000Z</time>
        <extensions>
          <ns3:TrackPointExtension>
            <ns3:hr>135</ns3:hr>
            <ns3:cad>96</ns3:cad>
          </ns3:TrackPointExtension>
        </extensions>
      </trkpt>
      <trkpt lat="25.09110803715884685516357421875" lon="102.722459994256496429443359375">
        <ele>1897.800048828125</ele>
        <time>2026-09-11T23:19:33.000Z</time>
        <extensions>
          <ns3:TrackPointExtension>
            <ns3:hr>135</ns3:hr>
            <ns3:cad>96</ns3:cad>
          </ns3:TrackPointExtension>
        </extensions>
      </trkpt>
      <trkpt lat="25.091096721589565277099609375" lon="102.7224212698638439178466796875">
        <ele>1897.800048828125</ele>
        <time>2026-09-11T23:19:34.000Z</time>
        <extensions>
          <ns3:TrackPointExtension>
            <ns3:hr>135</ns3:hr>
            <ns3:cad>96</ns3:cad>
          </ns3:TrackPointExtension>
        </extensions>
      </trkpt>
      <trkpt lat="25.09108540602028369903564453125" lon="102.72238749079406261444091796875">
        <ele>1897.800048828125</ele>
        <time>2026-09-11T23:19:35.000Z</time>
        <extensions>
          <ns3:TrackPointExtension>
            <ns3:hr>134</ns3:hr>
            <ns3:cad>96</ns3:cad>
          </ns3:TrackPointExtension>
        </extensions>
      </trkpt>
      <trkpt lat="25.09107970632612705230712890625" lon="102.7223518677055835723876953125">
        <ele>1897.5999755859375</ele>
        <time>2026-09-11T23:19:36.000Z</time>
        <extensions>
          <ns3:TrackPointExtension>
            <ns3:hr>134</ns3:hr>
            <ns3:cad>96</ns3:cad>
          </ns3:TrackPointExtension>
        </extensions>
      </trkpt>
      <trkpt lat="25.09106679819524288177490234375" lon="102.72231750190258026123046875">
        <ele>1897.5999755859375</ele>
        <time>2026-09-11T23:19:37.000Z</time>
        <extensions>
          <ns3:TrackPointExtension>
            <ns3:hr>134</ns3:hr>
            <ns3:cad>96</ns3:cad>
          </ns3:TrackPointExtension>
        </extensions>
      </trkpt>
      <trkpt lat="25.09104986675083637237548828125" lon="102.72229009307920932769775390625">
        <ele>1897.4000244140625</ele>
        <time>2026-09-11T23:19:38.000Z</time>
        <extensions>
          <ns3:TrackPointExtension>
            <ns3:hr>133</ns3:hr>
            <ns3:cad>96</ns3:cad>
          </ns3:TrackPointExtension>
        </extensions>
      </trkpt>
      <trkpt lat="25.09102857671678066253662109375" lon="102.722256816923618316650390625">
        <ele>1897.4000244140625</ele>
        <time>2026-09-11T23:19:39.000Z</time>
        <extensions>
          <ns3:TrackPointExtension>
            <ns3:hr>133</ns3:hr>
            <ns3:cad>96</ns3:cad>
          </ns3:TrackPointExtension>
        </extensions>
      </trkpt>
      <trkpt lat="25.09101013652980327606201171875" lon="102.72222672589123249053955078125">
        <ele>1897.199951171875</ele>
        <time>2026-09-11T23:19:40.000Z</time>
        <extensions>
          <ns3:TrackPointExtension>
            <ns3:hr>133</ns3:hr>
            <ns3:cad>96</ns3:cad>
          </ns3:TrackPointExtension>
        </extensions>
      </trkpt>
      <trkpt lat="25.0909966416656970977783203125" lon="102.72219822742044925689697265625">
        <ele>1897.199951171875</ele>
        <time>2026-09-11T23:19:41.000Z</time>
        <extensions>
          <ns3:TrackPointExtension>
            <ns3:hr>133</ns3:hr>
            <ns3:cad>96</ns3:cad>
          </ns3:TrackPointExtension>
        </extensions>
      </trkpt>
      <trkpt lat="25.09098373353481292724609375" lon="102.72216796875">
        <ele>1897.199951171875</ele>
        <time>2026-09-11T23:19:42.000Z</time>
        <extensions>
          <ns3:TrackPointExtension>
            <ns3:hr>132</ns3:hr>
            <ns3:cad>96</ns3:cad>
          </ns3:TrackPointExtension>
        </extensions>
      </trkpt>
      <trkpt lat="25.09097191505134105682373046875" lon="102.72213553078472614288330078125">
        <ele>1897.199951171875</ele>
        <time>2026-09-11T23:19:43.000Z</time>
        <extensions>
          <ns3:TrackPointExtension>
            <ns3:hr>132</ns3:hr>
            <ns3:cad>96</ns3:cad>
          </ns3:TrackPointExtension>
        </extensions>
      </trkpt>
      <trkpt lat="25.09095699526369571685791015625" lon="102.7221022546291351318359375">
        <ele>1897.4000244140625</ele>
        <time>2026-09-11T23:19:44.000Z</time>
        <extensions>
          <ns3:TrackPointExtension>
            <ns3:hr>132</ns3:hr>
            <ns3:cad>96</ns3:cad>
          </ns3:TrackPointExtension>
        </extensions>
      </trkpt>
      <trkpt lat="25.09094140492379665374755859375" lon="102.7220766060054302215576171875">
        <ele>1897.4000244140625</ele>
        <time>2026-09-11T23:19:45.000Z</time>
        <extensions>
          <ns3:TrackPointExtension>
            <ns3:hr>132</ns3:hr>
            <ns3:cad>95</ns3:cad>
          </ns3:TrackPointExtension>
        </extensions>
      </trkpt>
      <trkpt lat="25.09091290645301342010498046875" lon="102.72205322049558162689208984375">
        <ele>1897.5999755859375</ele>
        <time>2026-09-11T23:19:46.000Z</time>
        <extensions>
          <ns3:TrackPointExtension>
            <ns3:hr>132</ns3:hr>
            <ns3:cad>95</ns3:cad>
          </ns3:TrackPointExtension>
        </extensions>
      </trkpt>
      <trkpt lat="25.0908865034580230712890625" lon="102.72204265929758548736572265625">
        <ele>1897.5999755859375</ele>
        <time>2026-09-11T23:19:47.000Z</time>
        <extensions>
          <ns3:TrackPointExtension>
            <ns3:hr>132</ns3:hr>
            <ns3:cad>95</ns3:cad>
          </ns3:TrackPointExtension>
        </extensions>
      </trkpt>
      <trkpt lat="25.0908450968563556671142578125" lon="102.72203410975635051727294921875">
        <ele>1897.5999755859375</ele>
        <time>2026-09-11T23:19:48.000Z</time>
        <extensions>
          <ns3:TrackPointExtension>
            <ns3:hr>132</ns3:hr>
            <ns3:cad>95</ns3:cad>
          </ns3:TrackPointExtension>
        </extensions>
      </trkpt>
      <trkpt lat="25.0908135809004306793212890625" lon="102.72205020301043987274169921875">
        <ele>1897.5999755859375</ele>
        <time>2026-09-11T23:19:49.000Z</time>
        <extensions>
          <ns3:TrackPointExtension>
            <ns3:hr>132</ns3:hr>
            <ns3:cad>95</ns3:cad>
          </ns3:TrackPointExtension>
        </extensions>
      </trkpt>
      <trkpt lat="25.09078952483832836151123046875" lon="102.7220648713409900665283203125">
        <ele>1897.5999755859375</ele>
        <time>2026-09-11T23:19:50.000Z</time>
        <extensions>
          <ns3:TrackPointExtension>
            <ns3:hr>132</ns3:hr>
            <ns3:cad>95</ns3:cad>
          </ns3:TrackPointExtension>
        </extensions>
      </trkpt>
      <trkpt lat="25.09076538495719432830810546875" lon="102.72209345363080501556396484375">
        <ele>1897.5999755859375</ele>
        <time>2026-09-11T23:19:51.000Z</time>
        <extensions>
          <ns3:TrackPointExtension>
            <ns3:hr>132</ns3:hr>
            <ns3:cad>93</ns3:cad>
          </ns3:TrackPointExtension>
        </extensions>
      </trkpt>
      <trkpt lat="25.09074929170310497283935546875" lon="102.72211558185517787933349609375">
        <ele>1897.4000244140625</ele>
        <time>2026-09-11T23:19:52.000Z</time>
        <extensions>
          <ns3:TrackPointExtension>
            <ns3:hr>132</ns3:hr>
            <ns3:cad>93</ns3:cad>
          </ns3:TrackPointExtension>
        </extensions>
      </trkpt>
      <trkpt lat="25.0907280854880809783935546875" lon="102.722140140831470489501953125">
        <ele>1897.4000244140625</ele>
        <time>2026-09-11T23:19:53.000Z</time>
        <extensions>
          <ns3:TrackPointExtension>
            <ns3:hr>133</ns3:hr>
            <ns3:cad>94</ns3:cad>
          </ns3:TrackPointExtension>
        </extensions>
      </trkpt>
      <trkpt lat="25.09070671163499355316162109375" lon="102.72216327488422393798828125">
        <ele>1897.4000244140625</ele>
        <time>2026-09-11T23:19:54.000Z</time>
        <extensions>
          <ns3:TrackPointExtension>
            <ns3:hr>132</ns3:hr>
            <ns3:cad>94</ns3:cad>
          </ns3:TrackPointExtension>
        </extensions>
      </trkpt>
      <trkpt lat="25.09069112129509449005126953125" lon="102.7221842296421527862548828125">
        <ele>1897.4000244140625</ele>
        <time>2026-09-11T23:19:55.000Z</time>
        <extensions>
          <ns3:TrackPointExtension>
            <ns3:hr>132</ns3:hr>
            <ns3:cad>94</ns3:cad>
          </ns3:TrackPointExtension>
        </extensions>
      </trkpt>
      <trkpt lat="25.09067259728908538818359375" lon="102.72221163846552371978759765625">
        <ele>1897.4000244140625</ele>
        <time>2026-09-11T23:19:56.000Z</time>
        <extensions>
          <ns3:TrackPointExtension>
            <ns3:hr>132</ns3:hr>
            <ns3:cad>95</ns3:cad>
          </ns3:TrackPointExtension>
        </extensions>
      </trkpt>
      <trkpt lat="25.09065675549209117889404296875" lon="102.72223343141376972198486328125">
        <ele>1897.199951171875</ele>
        <time>2026-09-11T23:19:57.000Z</time>
        <extensions>
          <ns3:TrackPointExtension>
            <ns3:hr>132</ns3:hr>
            <ns3:cad>95</ns3:cad>
          </ns3:TrackPointExtension>
        </extensions>
      </trkpt>
      <trkpt lat="25.09063881821930408477783203125" lon="102.72225690074265003204345703125">
        <ele>1897.199951171875</ele>
        <time>2026-09-11T23:19:58.000Z</time>
        <extensions>
          <ns3:TrackPointExtension>
            <ns3:hr>131</ns3:hr>
            <ns3:cad>96</ns3:cad>
          </ns3:TrackPointExtension>
        </extensions>
      </trkpt>
      <trkpt lat="25.0906241498887538909912109375" lon="102.722280956804752349853515625">
        <ele>1897.199951171875</ele>
        <time>2026-09-11T23:19:59.000Z</time>
        <extensions>
          <ns3:TrackPointExtension>
            <ns3:hr>131</ns3:hr>
            <ns3:cad>96</ns3:cad>
          </ns3:TrackPointExtension>
        </extensions>
      </trkpt>
      <trkpt lat="25.09060285985469818115234375" lon="102.72229948081076145172119140625">
        <ele>1897.199951171875</ele>
        <time>2026-09-11T23:20:00.000Z</time>
        <extensions>
          <ns3:TrackPointExtension>
            <ns3:hr>131</ns3:hr>
            <ns3:cad>95</ns3:cad>
          </ns3:TrackPointExtension>
        </extensions>
      </trkpt>
      <trkpt lat="25.090585760772228240966796875" lon="102.72232286632061004638671875">
        <ele>1897.199951171875</ele>
        <time>2026-09-11T23:20:01.000Z</time>
        <extensions>
          <ns3:TrackPointExtension>
            <ns3:hr>131</ns3:hr>
            <ns3:cad>94</ns3:cad>
          </ns3:TrackPointExtension>
        </extensions>
      </trkpt>
      <trkpt lat="25.09057310409843921661376953125" lon="102.7223451621830463409423828125">
        <ele>1897.199951171875</ele>
        <time>2026-09-11T23:20:02.000Z</time>
        <extensions>
          <ns3:TrackPointExtension>
            <ns3:hr>131</ns3:hr>
            <ns3:cad>94</ns3:cad>
          </ns3:TrackPointExtension>
        </extensions>
      </trkpt>
      <trkpt lat="25.09055449627339839935302734375" lon="102.72237424738705158233642578125">
        <ele>1897.199951171875</ele>
        <time>2026-09-11T23:20:03.000Z</time>
        <extensions>
          <ns3:TrackPointExtension>
            <ns3:hr>131</ns3:hr>
            <ns3:cad>95</ns3:cad>
          </ns3:TrackPointExtension>
        </extensions>
      </trkpt>
      <trkpt lat="25.09054376743733882904052734375" lon="102.72239939309656620025634765625">
        <ele>1897.199951171875</ele>
        <time>2026-09-11T23:20:04.000Z</time>
        <extensions>
          <ns3:TrackPointExtension>
            <ns3:hr>131</ns3:hr>
            <ns3:cad>95</ns3:cad>
          </ns3:TrackPointExtension>
        </extensions>
      </trkpt>
      <trkpt lat="25.090520381927490234375" lon="102.7224229462444782257080078125">
        <ele>1897.199951171875</ele>
        <time>2026-09-11T23:20:05.000Z</time>
        <extensions>
          <ns3:TrackPointExtension>
            <ns3:hr>131</ns3:hr>
            <ns3:cad>95</ns3:cad>
          </ns3:TrackPointExtension>
        </extensions>
      </trkpt>
      <trkpt lat="25.09049833752214908599853515625" lon="102.72244750522077083587646484375">
        <ele>1897.199951171875</ele>
        <time>2026-09-11T23:20:06.000Z</time>
        <extensions>
          <ns3:TrackPointExtension>
            <ns3:hr>132</ns3:hr>
            <ns3:cad>95</ns3:cad>
          </ns3:TrackPointExtension>
        </extensions>
      </trkpt>
      <trkpt lat="25.090477131307125091552734375" lon="102.722459994256496429443359375">
        <ele>1897.199951171875</ele>
        <time>2026-09-11T23:20:07.000Z</time>
        <extensions>
          <ns3:TrackPointExtension>
            <ns3:hr>132</ns3:hr>
            <ns3:cad>95</ns3:cad>
          </ns3:TrackPointExtension>
        </extensions>
      </trkpt>
      <trkpt lat="25.09044595062732696533203125" lon="102.7224723994731903076171875">
        <ele>1897.199951171875</ele>
        <time>2026-09-11T23:20:08.000Z</time>
        <extensions>
          <ns3:TrackPointExtension>
            <ns3:hr>132</ns3:hr>
            <ns3:cad>95</ns3:cad>
          </ns3:TrackPointExtension>
        </extensions>
      </trkpt>
      <trkpt lat="25.0904236547648906707763671875" lon="102.7224900014698505401611328125">
        <ele>1897</ele>
        <time>2026-09-11T23:20:09.000Z</time>
        <extensions>
          <ns3:TrackPointExtension>
            <ns3:hr>132</ns3:hr>
            <ns3:cad>95</ns3:cad>
          </ns3:TrackPointExtension>
        </extensions>
      </trkpt>
      <trkpt lat="25.09039658121764659881591796875" lon="102.7225057594478130340576171875">
        <ele>1897</ele>
        <time>2026-09-11T23:20:10.000Z</time>
        <extensions>
          <ns3:TrackPointExtension>
            <ns3:hr>132</ns3:hr>
            <ns3:cad>95</ns3:cad>
          </ns3:TrackPointExtension>
        </extensions>
      </trkpt>
      <trkpt lat="25.09037495590746402740478515625" lon="102.72252545692026615142822265625">
        <ele>1897</ele>
        <time>2026-09-11T23:20:11.000Z</time>
        <extensions>
          <ns3:TrackPointExtension>
            <ns3:hr>131</ns3:hr>
            <ns3:cad>96</ns3:cad>
          </ns3:TrackPointExtension>
        </extensions>
      </trkpt>
      <trkpt lat="25.0903535820543766021728515625" lon="102.7225448191165924072265625">
        <ele>1897</ele>
        <time>2026-09-11T23:20:12.000Z</time>
        <extensions>
          <ns3:TrackPointExtension>
            <ns3:hr>132</ns3:hr>
            <ns3:cad>96</ns3:cad>
          </ns3:TrackPointExtension>
        </extensions>
      </trkpt>
      <trkpt lat="25.09032935835421085357666015625" lon="102.7225716412067413330078125">
        <ele>1897</ele>
        <time>2026-09-11T23:20:13.000Z</time>
        <extensions>
          <ns3:TrackPointExtension>
            <ns3:hr>132</ns3:hr>
            <ns3:cad>96</ns3:cad>
          </ns3:TrackPointExtension>
        </extensions>
      </trkpt>
      <trkpt lat="25.09030915796756744384765625" lon="102.72259133867919445037841796875">
        <ele>1897</ele>
        <time>2026-09-11T23:20:14.000Z</time>
        <extensions>
          <ns3:TrackPointExtension>
            <ns3:hr>132</ns3:hr>
            <ns3:cad>96</ns3:cad>
          </ns3:TrackPointExtension>
        </extensions>
      </trkpt>
      <trkpt lat="25.0902843475341796875" lon="102.72261564619839191436767578125">
        <ele>1897</ele>
        <time>2026-09-11T23:20:15.000Z</time>
        <extensions>
          <ns3:TrackPointExtension>
            <ns3:hr>132</ns3:hr>
            <ns3:cad>96</ns3:cad>
          </ns3:TrackPointExtension>
        </extensions>
      </trkpt>
      <trkpt lat="25.09026431478559970855712890625" lon="102.72263911552727222442626953125">
        <ele>1897</ele>
        <time>2026-09-11T23:20:16.000Z</time>
        <extensions>
          <ns3:TrackPointExtension>
            <ns3:hr>131</ns3:hr>
            <ns3:cad>96</ns3:cad>
          </ns3:TrackPointExtension>
        </extensions>
      </trkpt>
      <trkpt lat="25.0902452878654003143310546875" lon="102.7226626686751842498779296875">
        <ele>1897</ele>
        <time>2026-09-11T23:20:17.000Z</time>
        <extensions>
          <ns3:TrackPointExtension>
            <ns3:hr>132</ns3:hr>
            <ns3:cad>95</ns3:cad>
          </ns3:TrackPointExtension>
        </extensions>
      </trkpt>
      <trkpt lat="25.090226344764232635498046875" lon="102.72269242443144321441650390625">
        <ele>1897</ele>
        <time>2026-09-11T23:20:18.000Z</time>
        <extensions>
          <ns3:TrackPointExtension>
            <ns3:hr>131</ns3:hr>
            <ns3:cad>95</ns3:cad>
          </ns3:TrackPointExtension>
        </extensions>
      </trkpt>
      <trkpt lat="25.09020748548209667205810546875" lon="102.72271472029387950897216796875">
        <ele>1897</ele>
        <time>2026-09-11T23:20:19.000Z</time>
        <extensions>
          <ns3:TrackPointExtension>
            <ns3:hr>131</ns3:hr>
            <ns3:cad>95</ns3:cad>
          </ns3:TrackPointExtension>
        </extensions>
      </trkpt>
      <trkpt lat="25.0901846028864383697509765625" lon="102.7227431349456310272216796875">
        <ele>1897</ele>
        <time>2026-09-11T23:20:20.000Z</time>
        <extensions>
          <ns3:TrackPointExtension>
            <ns3:hr>131</ns3:hr>
            <ns3:cad>95</ns3:cad>
          </ns3:TrackPointExtension>
        </extensions>
      </trkpt>
      <trkpt lat="25.09016725234687328338623046875" lon="102.72276886738836765289306640625">
        <ele>1897</ele>
        <time>2026-09-11T23:20:21.000Z</time>
        <extensions>
          <ns3:TrackPointExtension>
            <ns3:hr>130</ns3:hr>
            <ns3:cad>95</ns3:cad>
          </ns3:TrackPointExtension>
        </extensions>
      </trkpt>
      <trkpt lat="25.09014688432216644287109375" lon="102.72279049269855022430419921875">
        <ele>1897</ele>
        <time>2026-09-11T23:20:22.000Z</time>
        <extensions>
          <ns3:TrackPointExtension>
            <ns3:hr>130</ns3:hr>
            <ns3:cad>95</ns3:cad>
          </ns3:TrackPointExtension>
        </extensions>
      </trkpt>
      <trkpt lat="25.09012919850647449493408203125" lon="102.72281907498836517333984375">
        <ele>1897</ele>
        <time>2026-09-11T23:20:23.000Z</time>
        <extensions>
          <ns3:TrackPointExtension>
            <ns3:hr>130</ns3:hr>
            <ns3:cad>95</ns3:cad>
          </ns3:TrackPointExtension>
        </extensions>
      </trkpt>
      <trkpt lat="25.09011360816657543182373046875" lon="102.72284883074462413787841796875">
        <ele>1897</ele>
        <time>2026-09-11T23:20:24.000Z</time>
        <extensions>
          <ns3:TrackPointExtension>
            <ns3:hr>130</ns3:hr>
            <ns3:cad>95</ns3:cad>
          </ns3:TrackPointExtension>
        </extensions>
      </trkpt>
      <trkpt lat="25.09009935893118381500244140625" lon="102.72288286127150058746337890625">
        <ele>1897</ele>
        <time>2026-09-11T23:20:25.000Z</time>
        <extensions>
          <ns3:TrackPointExtension>
            <ns3:hr>130</ns3:hr>
            <ns3:cad>96</ns3:cad>
          </ns3:TrackPointExtension>
        </extensions>
      </trkpt>
      <trkpt lat="25.09009097702801227569580078125" lon="102.7229121141135692596435546875">
        <ele>1897</ele>
        <time>2026-09-11T23:20:26.000Z</time>
        <extensions>
          <ns3:TrackPointExtension>
            <ns3:hr>131</ns3:hr>
            <ns3:cad>96</ns3:cad>
          </ns3:TrackPointExtension>
        </extensions>
      </trkpt>
      <trkpt lat="25.0900766439735889434814453125" lon="102.72294245660305023193359375">
        <ele>1897</ele>
        <time>2026-09-11T23:20:27.000Z</time>
        <extensions>
          <ns3:TrackPointExtension>
            <ns3:hr>131</ns3:hr>
            <ns3:cad>96</ns3:cad>
          </ns3:TrackPointExtension>
        </extensions>
      </trkpt>
      <trkpt lat="25.09006666950881481170654296875" lon="102.7229739725589752197265625">
        <ele>1897</ele>
        <time>2026-09-11T23:20:28.000Z</time>
        <extensions>
          <ns3:TrackPointExtension>
            <ns3:hr>131</ns3:hr>
            <ns3:cad>96</ns3:cad>
          </ns3:TrackPointExtension>
        </extensions>
      </trkpt>
      <trkpt lat="25.09005392901599407196044921875" lon="102.72299953736364841461181640625">
        <ele>1897</ele>
        <time>2026-09-11T23:20:29.000Z</time>
        <extensions>
          <ns3:TrackPointExtension>
            <ns3:hr>131</ns3:hr>
            <ns3:cad>96</ns3:cad>
          </ns3:TrackPointExtension>
        </extensions>
      </trkpt>
      <trkpt lat="25.090034902095794677734375" lon="102.723027952015399932861328125">
        <ele>1896.800048828125</ele>
        <time>2026-09-11T23:20:30.000Z</time>
        <extensions>
          <ns3:TrackPointExtension>
            <ns3:hr>131</ns3:hr>
            <ns3:cad>96</ns3:cad>
          </ns3:TrackPointExtension>
        </extensions>
      </trkpt>
      <trkpt lat="25.09002258069813251495361328125" lon="102.72304915823042392730712890625">
        <ele>1896.800048828125</ele>
        <time>2026-09-11T23:20:31.000Z</time>
        <extensions>
          <ns3:TrackPointExtension>
            <ns3:hr>132</ns3:hr>
            <ns3:cad>96</ns3:cad>
          </ns3:TrackPointExtension>
        </extensions>
      </trkpt>
      <trkpt lat="25.08999810554087162017822265625" lon="102.72307413630187511444091796875">
        <ele>1896.800048828125</ele>
        <time>2026-09-11T23:20:32.000Z</time>
        <extensions>
          <ns3:TrackPointExtension>
            <ns3:hr>132</ns3:hr>
            <ns3:cad>96</ns3:cad>
          </ns3:TrackPointExtension>
        </extensions>
      </trkpt>
      <trkpt lat="25.0899800844490528106689453125" lon="102.7230975218117237091064453125">
        <ele>1897</ele>
        <time>2026-09-11T23:20:33.000Z</time>
        <extensions>
          <ns3:TrackPointExtension>
            <ns3:hr>132</ns3:hr>
            <ns3:cad>95</ns3:cad>
          </ns3:TrackPointExtension>
        </extensions>
      </trkpt>
      <trkpt lat="25.08996122516691684722900390625" lon="102.7231216616928577423095703125">
        <ele>1897</ele>
        <time>2026-09-11T23:20:34.000Z</time>
        <extensions>
          <ns3:TrackPointExtension>
            <ns3:hr>132</ns3:hr>
            <ns3:cad>94</ns3:cad>
          </ns3:TrackPointExtension>
        </extensions>
      </trkpt>
      <trkpt lat="25.08994169533252716064453125" lon="102.72315225563943386077880859375">
        <ele>1897</ele>
        <time>2026-09-11T23:20:35.000Z</time>
        <extensions>
          <ns3:TrackPointExtension>
            <ns3:hr>132</ns3:hr>
            <ns3:cad>94</ns3:cad>
          </ns3:TrackPointExtension>
        </extensions>
      </trkpt>
      <trkpt lat="25.08992836810648441314697265625" lon="102.72317522205412387847900390625">
        <ele>1897</ele>
        <time>2026-09-11T23:20:36.000Z</time>
        <extensions>
          <ns3:TrackPointExtension>
            <ns3:hr>132</ns3:hr>
            <ns3:cad>94</ns3:cad>
          </ns3:TrackPointExtension>
        </extensions>
      </trkpt>
      <trkpt lat="25.08990414440631866455078125" lon="102.72319936193525791168212890625">
        <ele>1897</ele>
        <time>2026-09-11T23:20:37.000Z</time>
        <extensions>
          <ns3:TrackPointExtension>
            <ns3:hr>132</ns3:hr>
            <ns3:cad>95</ns3:cad>
          </ns3:TrackPointExtension>
        </extensions>
      </trkpt>
      <trkpt lat="25.0898875482380390167236328125" lon="102.72322819568216800689697265625">
        <ele>1897</ele>
        <time>2026-09-11T23:20:38.000Z</time>
        <extensions>
          <ns3:TrackPointExtension>
            <ns3:hr>133</ns3:hr>
            <ns3:cad>96</ns3:cad>
          </ns3:TrackPointExtension>
        </extensions>
      </trkpt>
      <trkpt lat="25.08986525237560272216796875" lon="102.72324780933558940887451171875">
        <ele>1897</ele>
        <time>2026-09-11T23:20:39.000Z</time>
        <extensions>
          <ns3:TrackPointExtension>
            <ns3:hr>133</ns3:hr>
            <ns3:cad>96</ns3:cad>
          </ns3:TrackPointExtension>
        </extensions>
      </trkpt>
      <trkpt lat="25.0898429565131664276123046875" lon="102.72327312268316745758056640625">
        <ele>1896.800048828125</ele>
        <time>2026-09-11T23:20:40.000Z</time>
        <extensions>
          <ns3:TrackPointExtension>
            <ns3:hr>133</ns3:hr>
            <ns3:cad>95</ns3:cad>
          </ns3:TrackPointExtension>
        </extensions>
      </trkpt>
      <trkpt lat="25.0898278690874576568603515625" lon="102.72329206578433513641357421875">
        <ele>1896.800048828125</ele>
        <time>2026-09-11T23:20:41.000Z</time>
        <extensions>
          <ns3:TrackPointExtension>
            <ns3:hr>132</ns3:hr>
            <ns3:cad>95</ns3:cad>
          </ns3:TrackPointExtension>
        </extensions>
      </trkpt>
      <trkpt lat="25.08980314247310161590576171875" lon="102.72331922315061092376708984375">
        <ele>1896.800048828125</ele>
        <time>2026-09-11T23:20:42.000Z</time>
        <extensions>
          <ns3:TrackPointExtension>
            <ns3:hr>132</ns3:hr>
            <ns3:cad>96</ns3:cad>
          </ns3:TrackPointExtension>
        </extensions>
      </trkpt>
      <trkpt lat="25.0897832773625850677490234375" lon="102.7233449555933475494384765625">
        <ele>1897</ele>
        <time>2026-09-11T23:20:43.000Z</time>
        <extensions>
          <ns3:TrackPointExtension>
            <ns3:hr>132</ns3:hr>
            <ns3:cad>97</ns3:cad>
          </ns3:TrackPointExtension>
        </extensions>
      </trkpt>
      <trkpt lat="25.08976240642368793487548828125" lon="102.72336331196129322052001953125">
        <ele>1897</ele>
        <time>2026-09-11T23:20:44.000Z</time>
        <extensions>
          <ns3:TrackPointExtension>
            <ns3:hr>132</ns3:hr>
            <ns3:cad>97</ns3:cad>
          </ns3:TrackPointExtension>
        </extensions>
      </trkpt>
      <trkpt lat="25.08974111638963222503662109375" lon="102.72338636219501495361328125">
        <ele>1896.800048828125</ele>
        <time>2026-09-11T23:20:45.000Z</time>
        <extensions>
          <ns3:TrackPointExtension>
            <ns3:hr>132</ns3:hr>
            <ns3:cad>97</ns3:cad>
          </ns3:TrackPointExtension>
        </extensions>
      </trkpt>
      <trkpt lat="25.08972502313554286956787109375" lon="102.72340781986713409423828125">
        <ele>1896.800048828125</ele>
        <time>2026-09-11T23:20:46.000Z</time>
        <extensions>
          <ns3:TrackPointExtension>
            <ns3:hr>132</ns3:hr>
            <ns3:cad>97</ns3:cad>
          </ns3:TrackPointExtension>
        </extensions>
      </trkpt>
      <trkpt lat="25.0897024758160114288330078125" lon="102.723432965576648712158203125">
        <ele>1896.800048828125</ele>
        <time>2026-09-11T23:20:47.000Z</time>
        <extensions>
          <ns3:TrackPointExtension>
            <ns3:hr>132</ns3:hr>
            <ns3:cad>97</ns3:cad>
          </ns3:TrackPointExtension>
        </extensions>
      </trkpt>
      <trkpt lat="25.089681856334209442138671875" lon="102.72345366887748241424560546875">
        <ele>1896.800048828125</ele>
        <time>2026-09-11T23:20:48.000Z</time>
        <extensions>
          <ns3:TrackPointExtension>
            <ns3:hr>132</ns3:hr>
            <ns3:cad>97</ns3:cad>
          </ns3:TrackPointExtension>
        </extensions>
      </trkpt>
      <trkpt lat="25.0896575488150119781494140625" lon="102.72347562946379184722900390625">
        <ele>1896.800048828125</ele>
        <time>2026-09-11T23:20:49.000Z</time>
        <extensions>
          <ns3:TrackPointExtension>
            <ns3:hr>132</ns3:hr>
            <ns3:cad>95</ns3:cad>
          </ns3:TrackPointExtension>
        </extensions>
      </trkpt>
      <trkpt lat="25.0896327383816242218017578125" lon="102.7235001884400844573974609375">
        <ele>1896.800048828125</ele>
        <time>2026-09-11T23:20:50.000Z</time>
        <extensions>
          <ns3:TrackPointExtension>
            <ns3:hr>132</ns3:hr>
            <ns3:cad>95</ns3:cad>
          </ns3:TrackPointExtension>
        </extensions>
      </trkpt>
      <trkpt lat="25.0896072573959827423095703125" lon="102.72351971827447414398193359375">
        <ele>1896.800048828125</ele>
        <time>2026-09-11T23:20:51.000Z</time>
        <extensions>
          <ns3:TrackPointExtension>
            <ns3:hr>132</ns3:hr>
            <ns3:cad>95</ns3:cad>
          </ns3:TrackPointExtension>
        </extensions>
      </trkpt>
      <trkpt lat="25.0895827822387218475341796875" lon="102.72354662418365478515625">
        <ele>1896.5999755859375</ele>
        <time>2026-09-11T23:20:52.000Z</time>
        <extensions>
          <ns3:TrackPointExtension>
            <ns3:hr>132</ns3:hr>
            <ns3:cad>95</ns3:cad>
          </ns3:TrackPointExtension>
        </extensions>
      </trkpt>
      <trkpt lat="25.08956576697528362274169921875" lon="102.72356808185577392578125">
        <ele>1896.800048828125</ele>
        <time>2026-09-11T23:20:53.000Z</time>
        <extensions>
          <ns3:TrackPointExtension>
            <ns3:hr>132</ns3:hr>
            <ns3:cad>95</ns3:cad>
          </ns3:TrackPointExtension>
        </extensions>
      </trkpt>
      <trkpt lat="25.08954380638897418975830078125" lon="102.7235907129943370819091796875">
        <ele>1896.800048828125</ele>
        <time>2026-09-11T23:20:54.000Z</time>
        <extensions>
          <ns3:TrackPointExtension>
            <ns3:hr>132</ns3:hr>
            <ns3:cad>95</ns3:cad>
          </ns3:TrackPointExtension>
        </extensions>
      </trkpt>
      <trkpt lat="25.089526288211345672607421875" lon="102.72361074574291706085205078125">
        <ele>1896.800048828125</ele>
        <time>2026-09-11T23:20:55.000Z</time>
        <extensions>
          <ns3:TrackPointExtension>
            <ns3:hr>132</ns3:hr>
            <ns3:cad>95</ns3:cad>
          </ns3:TrackPointExtension>
        </extensions>
      </trkpt>
      <trkpt lat="25.089502818882465362548828125" lon="102.72362482734024524688720703125">
        <ele>1896.5999755859375</ele>
        <time>2026-09-11T23:20:56.000Z</time>
        <extensions>
          <ns3:TrackPointExtension>
            <ns3:hr>132</ns3:hr>
            <ns3:cad>95</ns3:cad>
          </ns3:TrackPointExtension>
        </extensions>
      </trkpt>
      <trkpt lat="25.089476667344570159912109375" lon="102.7236487157642841339111328125">
        <ele>1896.5999755859375</ele>
        <time>2026-09-11T23:20:57.000Z</time>
        <extensions>
          <ns3:TrackPointExtension>
            <ns3:hr>132</ns3:hr>
            <ns3:cad>94</ns3:cad>
          </ns3:TrackPointExtension>
        </extensions>
      </trkpt>
      <trkpt lat="25.08945412002503871917724609375" lon="102.72366539575159549713134765625">
        <ele>1896.5999755859375</ele>
        <time>2026-09-11T23:20:58.000Z</time>
        <extensions>
          <ns3:TrackPointExtension>
            <ns3:hr>132</ns3:hr>
            <ns3:cad>94</ns3:cad>
          </ns3:TrackPointExtension>
        </extensions>
      </trkpt>
      <trkpt lat="25.08942780084908008575439453125" lon="102.72369003854691982269287109375">
        <ele>1896.5999755859375</ele>
        <time>2026-09-11T23:20:59.000Z</time>
        <extensions>
          <ns3:TrackPointExtension>
            <ns3:hr>132</ns3:hr>
            <ns3:cad>95</ns3:cad>
          </ns3:TrackPointExtension>
        </extensions>
      </trkpt>
      <trkpt lat="25.08940986357629299163818359375" lon="102.723710238933563232421875">
        <ele>1896.5999755859375</ele>
        <time>2026-09-11T23:21:00.000Z</time>
        <extensions>
          <ns3:TrackPointExtension>
            <ns3:hr>132</ns3:hr>
            <ns3:cad>95</ns3:cad>
          </ns3:TrackPointExtension>
        </extensions>
      </trkpt>
      <trkpt lat="25.08938287384808063507080078125" lon="102.72373077459633350372314453125">
        <ele>1896.5999755859375</ele>
        <time>2026-09-11T23:21:01.000Z</time>
        <extensions>
          <ns3:TrackPointExtension>
            <ns3:hr>132</ns3:hr>
            <ns3:cad>95</ns3:cad>
          </ns3:TrackPointExtension>
        </extensions>
      </trkpt>
      <trkpt lat="25.0893574766814708709716796875" lon="102.72375038824975490570068359375">
        <ele>1896.5999755859375</ele>
        <time>2026-09-11T23:21:02.000Z</time>
        <extensions>
          <ns3:TrackPointExtension>
            <ns3:hr>132</ns3:hr>
            <ns3:cad>95</ns3:cad>
          </ns3:TrackPointExtension>
        </extensions>
      </trkpt>
      <trkpt lat="25.0893293134868144989013671875" lon="102.72376346401870250701904296875">
        <ele>1896.5999755859375</ele>
        <time>2026-09-11T23:21:03.000Z</time>
        <extensions>
          <ns3:TrackPointExtension>
            <ns3:hr>132</ns3:hr>
            <ns3:cad>95</ns3:cad>
          </ns3:TrackPointExtension>
        </extensions>
      </trkpt>
      <trkpt lat="25.08929620496928691864013671875" lon="102.7237881906330585479736328125">
        <ele>1896.5999755859375</ele>
        <time>2026-09-11T23:21:04.000Z</time>
        <extensions>
          <ns3:TrackPointExtension>
            <ns3:hr>132</ns3:hr>
            <ns3:cad>95</ns3:cad>
          </ns3:TrackPointExtension>
        </extensions>
      </trkpt>
      <trkpt lat="25.0892736576497554779052734375" lon="102.7238106541335582733154296875">
        <ele>1896.5999755859375</ele>
        <time>2026-09-11T23:21:05.000Z</time>
        <extensions>
          <ns3:TrackPointExtension>
            <ns3:hr>132</ns3:hr>
            <ns3:cad>95</ns3:cad>
          </ns3:TrackPointExtension>
        </extensions>
      </trkpt>
      <trkpt lat="25.0892441533505916595458984375" lon="102.72383420728147029876708984375">
        <ele>1896.5999755859375</ele>
        <time>2026-09-11T23:21:06.000Z</time>
        <extensions>
          <ns3:TrackPointExtension>
            <ns3:hr>132</ns3:hr>
            <ns3:cad>94</ns3:cad>
          </ns3:TrackPointExtension>
        </extensions>
      </trkpt>
      <trkpt lat="25.08922412060201168060302734375" lon="102.7238609455525875091552734375">
        <ele>1896.800048828125</ele>
        <time>2026-09-11T23:21:07.000Z</time>
        <extensions>
          <ns3:TrackPointExtension>
            <ns3:hr>132</ns3:hr>
            <ns3:cad>94</ns3:cad>
          </ns3:TrackPointExtension>
        </extensions>
      </trkpt>
      <trkpt lat="25.08920199237763881683349609375" lon="102.7238850854337215423583984375">
        <ele>1896.800048828125</ele>
        <time>2026-09-11T23:21:08.000Z</time>
        <extensions>
          <ns3:TrackPointExtension>
            <ns3:hr>132</ns3:hr>
            <ns3:cad>94</ns3:cad>
          </ns3:TrackPointExtension>
        </extensions>
      </trkpt>
      <trkpt lat="25.08918397128582000732421875" lon="102.72391081787645816802978515625">
        <ele>1896.800048828125</ele>
        <time>2026-09-11T23:21:09.000Z</time>
        <extensions>
          <ns3:TrackPointExtension>
            <ns3:hr>132</ns3:hr>
            <ns3:cad>96</ns3:cad>
          </ns3:TrackPointExtension>
        </extensions>
      </trkpt>
      <trkpt lat="25.0891616754233837127685546875" lon="102.72393026389181613922119140625">
        <ele>1896.800048828125</ele>
        <time>2026-09-11T23:21:10.000Z</time>
        <extensions>
          <ns3:TrackPointExtension>
            <ns3:hr>132</ns3:hr>
            <ns3:cad>96</ns3:cad>
          </ns3:TrackPointExtension>
        </extensions>
      </trkpt>
      <trkpt lat="25.08913435041904449462890625" lon="102.72395272739231586456298828125">
        <ele>1896.800048828125</ele>
        <time>2026-09-11T23:21:11.000Z</time>
        <extensions>
          <ns3:TrackPointExtension>
            <ns3:hr>132</ns3:hr>
            <ns3:cad>94</ns3:cad>
          </ns3:TrackPointExtension>
        </extensions>
      </trkpt>
      <trkpt lat="25.08911616168916225433349609375" lon="102.7239739336073398590087890625">
        <ele>1896.5999755859375</ele>
        <time>2026-09-11T23:21:12.000Z</time>
        <extensions>
          <ns3:TrackPointExtension>
            <ns3:hr>132</ns3:hr>
            <ns3:cad>94</ns3:cad>
          </ns3:TrackPointExtension>
        </extensions>
      </trkpt>
      <trkpt lat="25.0890929438173770904541015625" lon="102.72399966605007648468017578125">
        <ele>1896.800048828125</ele>
        <time>2026-09-11T23:21:13.000Z</time>
        <extensions>
          <ns3:TrackPointExtension>
            <ns3:hr>132</ns3:hr>
            <ns3:cad>94</ns3:cad>
          </ns3:TrackPointExtension>
        </extensions>
      </trkpt>
      <trkpt lat="25.0890741683542728424072265625" lon="102.7240225486457347869873046875">
        <ele>1896.800048828125</ele>
        <time>2026-09-11T23:21:14.000Z</time>
        <extensions>
          <ns3:TrackPointExtension>
            <ns3:hr>132</ns3:hr>
            <ns3:cad>94</ns3:cad>
          </ns3:TrackPointExtension>
        </extensions>
      </trkpt>
      <trkpt lat="25.0890543870627880096435546875" lon="102.72404886782169342041015625">
        <ele>1896.800048828125</ele>
        <time>2026-09-11T23:21:15.000Z</time>
        <extensions>
          <ns3:TrackPointExtension>
            <ns3:hr>131</ns3:hr>
            <ns3:cad>92</ns3:cad>
          </ns3:TrackPointExtension>
        </extensions>
      </trkpt>
      <trkpt lat="25.08903603069484233856201171875" lon="102.72407124750316143035888671875">
        <ele>1896.800048828125</ele>
        <time>2026-09-11T23:21:16.000Z</time>
        <extensions>
          <ns3:TrackPointExtension>
            <ns3:hr>132</ns3:hr>
            <ns3:cad>92</ns3:cad>
          </ns3:TrackPointExtension>
        </extensions>
      </trkpt>
      <trkpt lat="25.08901976980268955230712890625" lon="102.72409169934689998626708984375">
        <ele>1896.800048828125</ele>
        <time>2026-09-11T23:21:17.000Z</time>
        <extensions>
          <ns3:TrackPointExtension>
            <ns3:hr>132</ns3:hr>
            <ns3:cad>94</ns3:cad>
          </ns3:TrackPointExtension>
        </extensions>
      </trkpt>
      <trkpt lat="25.0889940373599529266357421875" lon="102.724123634397983551025390625">
        <ele>1896.800048828125</ele>
        <time>2026-09-11T23:21:18.000Z</time>
        <extensions>
          <ns3:TrackPointExtension>
            <ns3:hr>132</ns3:hr>
            <ns3:cad>94</ns3:cad>
          </ns3:TrackPointExtension>
        </extensions>
      </trkpt>
      <trkpt lat="25.08897366933524608612060546875" lon="102.72414316423237323760986328125">
        <ele>1896.5999755859375</ele>
        <time>2026-09-11T23:21:19.000Z</time>
        <extensions>
          <ns3:TrackPointExtension>
            <ns3:hr>132</ns3:hr>
            <ns3:cad>95</ns3:cad>
          </ns3:TrackPointExtension>
        </extensions>
      </trkpt>
      <trkpt lat="25.08894366212189197540283203125" lon="102.72415422834455966949462890625">
        <ele>1896.5999755859375</ele>
        <time>2026-09-11T23:21:20.000Z</time>
        <extensions>
          <ns3:TrackPointExtension>
            <ns3:hr>132</ns3:hr>
            <ns3:cad>95</ns3:cad>
          </ns3:TrackPointExtension>
        </extensions>
      </trkpt>
      <trkpt lat="25.0889206118881702423095703125" lon="102.72416017949581146240234375">
        <ele>1896.5999755859375</ele>
        <time>2026-09-11T23:21:21.000Z</time>
        <extensions>
          <ns3:TrackPointExtension>
            <ns3:hr>132</ns3:hr>
            <ns3:cad>95</ns3:cad>
          </ns3:TrackPointExtension>
        </extensions>
      </trkpt>
      <trkpt lat="25.08889152668416500091552734375" lon="102.7241523005068302154541015625">
        <ele>1896.5999755859375</ele>
        <time>2026-09-11T23:21:22.000Z</time>
        <extensions>
          <ns3:TrackPointExtension>
            <ns3:hr>132</ns3:hr>
            <ns3:cad>94</ns3:cad>
          </ns3:TrackPointExtension>
        </extensions>
      </trkpt>
      <trkpt lat="25.08886302821338176727294921875" lon="102.72414836101233959197998046875">
        <ele>1896.5999755859375</ele>
        <time>2026-09-11T23:21:23.000Z</time>
        <extensions>
          <ns3:TrackPointExtension>
            <ns3:hr>133</ns3:hr>
            <ns3:cad>93</ns3:cad>
          </ns3:TrackPointExtension>
        </extensions>
      </trkpt>
      <trkpt lat="25.088832266628742218017578125" lon="102.72413662634789943695068359375">
        <ele>1896.4000244140625</ele>
        <time>2026-09-11T23:21:24.000Z</time>
        <extensions>
          <ns3:TrackPointExtension>
            <ns3:hr>133</ns3:hr>
            <ns3:cad>93</ns3:cad>
          </ns3:TrackPointExtension>
        </extensions>
      </trkpt>
      <trkpt lat="25.08880418725311756134033203125" lon="102.7241271547973155975341796875">
        <ele>1896.4000244140625</ele>
        <time>2026-09-11T23:21:25.000Z</time>
        <extensions>
          <ns3:TrackPointExtension>
            <ns3:hr>133</ns3:hr>
            <ns3:cad>93</ns3:cad>
          </ns3:TrackPointExtension>
        </extensions>
      </trkpt>
      <trkpt lat="25.08877987973392009735107421875" lon="102.72411583922803401947021484375">
        <ele>1896.4000244140625</ele>
        <time>2026-09-11T23:21:26.000Z</time>
        <extensions>
          <ns3:TrackPointExtension>
            <ns3:hr>133</ns3:hr>
            <ns3:cad>93</ns3:cad>
          </ns3:TrackPointExtension>
        </extensions>
      </trkpt>
      <trkpt lat="25.0887506268918514251708984375" lon="102.72410896606743335723876953125">
        <ele>1896.4000244140625</ele>
        <time>2026-09-11T23:21:27.000Z</time>
        <extensions>
          <ns3:TrackPointExtension>
            <ns3:hr>134</ns3:hr>
            <ns3:cad>93</ns3:cad>
          </ns3:TrackPointExtension>
        </extensions>
      </trkpt>
      <trkpt lat="25.0887258164584636688232421875" lon="102.72410678677260875701904296875">
        <ele>1896.5999755859375</ele>
        <time>2026-09-11T23:21:28.000Z</time>
        <extensions>
          <ns3:TrackPointExtension>
            <ns3:hr>133</ns3:hr>
            <ns3:cad>94</ns3:cad>
          </ns3:TrackPointExtension>
        </extensions>
      </trkpt>
      <trkpt lat="25.08870075456798076629638671875" lon="102.724092788994312286376953125">
        <ele>1896.5999755859375</ele>
        <time>2026-09-11T23:21:29.000Z</time>
        <extensions>
          <ns3:TrackPointExtension>
            <ns3:hr>133</ns3:hr>
            <ns3:cad>94</ns3:cad>
          </ns3:TrackPointExtension>
        </extensions>
      </trkpt>
      <trkpt lat="25.0886782072484493255615234375" lon="102.72407837212085723876953125">
        <ele>1896.800048828125</ele>
        <time>2026-09-11T23:21:30.000Z</time>
        <extensions>
          <ns3:TrackPointExtension>
            <ns3:hr>134</ns3:hr>
            <ns3:cad>95</ns3:cad>
          </ns3:TrackPointExtension>
        </extensions>
      </trkpt>
      <trkpt lat="25.08864962495863437652587890625" lon="102.724062614142894744873046875">
        <ele>1897</ele>
        <time>2026-09-11T23:21:31.000Z</time>
        <extensions>
          <ns3:TrackPointExtension>
            <ns3:hr>133</ns3:hr>
            <ns3:cad>95</ns3:cad>
          </ns3:TrackPointExtension>
        </extensions>
      </trkpt>
      <trkpt lat="25.08862615562975406646728515625" lon="102.72405263967812061309814453125">
        <ele>1897</ele>
        <time>2026-09-11T23:21:32.000Z</time>
        <extensions>
          <ns3:TrackPointExtension>
            <ns3:hr>133</ns3:hr>
            <ns3:cad>91</ns3:cad>
          </ns3:TrackPointExtension>
        </extensions>
      </trkpt>
      <trkpt lat="25.088597238063812255859375" lon="102.72403922863304615020751953125">
        <ele>1897</ele>
        <time>2026-09-11T23:21:33.000Z</time>
        <extensions>
          <ns3:TrackPointExtension>
            <ns3:hr>134</ns3:hr>
            <ns3:cad>91</ns3:cad>
          </ns3:TrackPointExtension>
        </extensions>
      </trkpt>
      <trkpt lat="25.08857066743075847625732421875" lon="102.72402950562536716461181640625">
        <ele>1897</ele>
        <time>2026-09-11T23:21:34.000Z</time>
        <extensions>
          <ns3:TrackPointExtension>
            <ns3:hr>133</ns3:hr>
            <ns3:cad>91</ns3:cad>
          </ns3:TrackPointExtension>
        </extensions>
      </trkpt>
      <trkpt lat="25.0885434262454509735107421875" lon="102.72401492111384868621826171875">
        <ele>1897</ele>
        <time>2026-09-11T23:21:35.000Z</time>
        <extensions>
          <ns3:TrackPointExtension>
            <ns3:hr>133</ns3:hr>
            <ns3:cad>91</ns3:cad>
          </ns3:TrackPointExtension>
        </extensions>
      </trkpt>
      <trkpt lat="25.08851601742208003997802734375" lon="102.72400402463972568511962890625">
        <ele>1897</ele>
        <time>2026-09-11T23:21:36.000Z</time>
        <extensions>
          <ns3:TrackPointExtension>
            <ns3:hr>134</ns3:hr>
            <ns3:cad>93</ns3:cad>
          </ns3:TrackPointExtension>
        </extensions>
      </trkpt>
      <trkpt lat="25.088489614427089691162109375" lon="102.723991870880126953125">
        <ele>1897</ele>
        <time>2026-09-11T23:21:37.000Z</time>
        <extensions>
          <ns3:TrackPointExtension>
            <ns3:hr>133</ns3:hr>
            <ns3:cad>94</ns3:cad>
          </ns3:TrackPointExtension>
        </extensions>
      </trkpt>
      <trkpt lat="25.088459439575672149658203125" lon="102.7239856682717800140380859375">
        <ele>1897</ele>
        <time>2026-09-11T23:21:38.000Z</time>
        <extensions>
          <ns3:TrackPointExtension>
            <ns3:hr>134</ns3:hr>
            <ns3:cad>94</ns3:cad>
          </ns3:TrackPointExtension>
        </extensions>
      </trkpt>
      <trkpt lat="25.08843236602842807769775390625" lon="102.7239779569208621978759765625">
        <ele>1897</ele>
        <time>2026-09-11T23:21:39.000Z</time>
        <extensions>
          <ns3:TrackPointExtension>
            <ns3:hr>134</ns3:hr>
            <ns3:cad>94</ns3:cad>
          </ns3:TrackPointExtension>
        </extensions>
      </trkpt>
      <trkpt lat="25.08840344846248626708984375" lon="102.723967395722866058349609375">
        <ele>1897</ele>
        <time>2026-09-11T23:21:40.000Z</time>
        <extensions>
          <ns3:TrackPointExtension>
            <ns3:hr>134</ns3:hr>
            <ns3:cad>94</ns3:cad>
          </ns3:TrackPointExtension>
        </extensions>
      </trkpt>
      <trkpt lat="25.088377296924591064453125" lon="102.7239608578383922576904296875">
        <ele>1897.199951171875</ele>
        <time>2026-09-11T23:21:41.000Z</time>
        <extensions>
          <ns3:TrackPointExtension>
            <ns3:hr>134</ns3:hr>
            <ns3:cad>94</ns3:cad>
          </ns3:TrackPointExtension>
        </extensions>
      </trkpt>
      <trkpt lat="25.088347457349300384521484375" lon="102.72395121864974498748779296875">
        <ele>1897.199951171875</ele>
        <time>2026-09-11T23:21:42.000Z</time>
        <extensions>
          <ns3:TrackPointExtension>
            <ns3:hr>135</ns3:hr>
            <ns3:cad>94</ns3:cad>
          </ns3:TrackPointExtension>
        </extensions>
      </trkpt>
      <trkpt lat="25.08832004852592945098876953125" lon="102.72394149564206600189208984375">
        <ele>1897</ele>
        <time>2026-09-11T23:21:43.000Z</time>
        <extensions>
          <ns3:TrackPointExtension>
            <ns3:hr>135</ns3:hr>
            <ns3:cad>94</ns3:cad>
          </ns3:TrackPointExtension>
        </extensions>
      </trkpt>
      <trkpt lat="25.088293142616748809814453125" lon="102.7239296771585941314697265625">
        <ele>1897</ele>
        <time>2026-09-11T23:21:44.000Z</time>
        <extensions>
          <ns3:TrackPointExtension>
            <ns3:hr>135</ns3:hr>
            <ns3:cad>93</ns3:cad>
          </ns3:TrackPointExtension>
        </extensions>
      </trkpt>
      <trkpt lat="25.08826606906950473785400390625" lon="102.723923139274120330810546875">
        <ele>1897</ele>
        <time>2026-09-11T23:21:45.000Z</time>
        <extensions>
          <ns3:TrackPointExtension>
            <ns3:hr>136</ns3:hr>
            <ns3:cad>93</ns3:cad>
          </ns3:TrackPointExtension>
        </extensions>
      </trkpt>
      <trkpt lat="25.0882423482835292816162109375" lon="102.7239155955612659454345703125">
        <ele>1897</ele>
        <time>2026-09-11T23:21:46.000Z</time>
        <extensions>
          <ns3:TrackPointExtension>
            <ns3:hr>136</ns3:hr>
            <ns3:cad>93</ns3:cad>
          </ns3:TrackPointExtension>
        </extensions>
      </trkpt>
      <trkpt lat="25.08821477182209491729736328125" lon="102.7239058725535869598388671875">
        <ele>1897.199951171875</ele>
        <time>2026-09-11T23:21:47.000Z</time>
        <extensions>
          <ns3:TrackPointExtension>
            <ns3:hr>136</ns3:hr>
            <ns3:cad>93</ns3:cad>
          </ns3:TrackPointExtension>
        </extensions>
      </trkpt>
      <trkpt lat="25.08819096721708774566650390625" lon="102.72390126250684261322021484375">
        <ele>1897.199951171875</ele>
        <time>2026-09-11T23:21:48.000Z</time>
        <extensions>
          <ns3:TrackPointExtension>
            <ns3:hr>137</ns3:hr>
            <ns3:cad>93</ns3:cad>
          </ns3:TrackPointExtension>
        </extensions>
      </trkpt>
      <trkpt lat="25.0881642289459705352783203125" lon="102.7238912880420684814453125">
        <ele>1897.199951171875</ele>
        <time>2026-09-11T23:21:49.000Z</time>
        <extensions>
          <ns3:TrackPointExtension>
            <ns3:hr>137</ns3:hr>
            <ns3:cad>93</ns3:cad>
          </ns3:TrackPointExtension>
        </extensions>
      </trkpt>
      <trkpt lat="25.08813816122710704803466796875" lon="102.72388500161468982696533203125">
        <ele>1897.199951171875</ele>
        <time>2026-09-11T23:21:50.000Z</time>
        <extensions>
          <ns3:TrackPointExtension>
            <ns3:hr>138</ns3:hr>
            <ns3:cad>94</ns3:cad>
          </ns3:TrackPointExtension>
        </extensions>
      </trkpt>
      <trkpt lat="25.0881104171276092529296875" lon="102.72387628443539142608642578125">
        <ele>1897.199951171875</ele>
        <time>2026-09-11T23:21:51.000Z</time>
        <extensions>
          <ns3:TrackPointExtension>
            <ns3:hr>138</ns3:hr>
            <ns3:cad>94</ns3:cad>
          </ns3:TrackPointExtension>
        </extensions>
      </trkpt>
      <trkpt lat="25.08808434940874576568603515625" lon="102.72386471740901470184326171875">
        <ele>1897.199951171875</ele>
        <time>2026-09-11T23:21:52.000Z</time>
        <extensions>
          <ns3:TrackPointExtension>
            <ns3:hr>138</ns3:hr>
            <ns3:cad>94</ns3:cad>
          </ns3:TrackPointExtension>
        </extensions>
      </trkpt>
      <trkpt lat="25.08806071244180202484130859375" lon="102.7238539047539234161376953125">
        <ele>1897.199951171875</ele>
        <time>2026-09-11T23:21:53.000Z</time>
        <extensions>
          <ns3:TrackPointExtension>
            <ns3:hr>139</ns3:hr>
            <ns3:cad>94</ns3:cad>
          </ns3:TrackPointExtension>
        </extensions>
      </trkpt>
      <trkpt lat="25.08803171105682849884033203125" lon="102.72384694777429103851318359375">
        <ele>1897.4000244140625</ele>
        <time>2026-09-11T23:21:54.000Z</time>
        <extensions>
          <ns3:TrackPointExtension>
            <ns3:hr>139</ns3:hr>
            <ns3:cad>94</ns3:cad>
          </ns3:TrackPointExtension>
        </extensions>
      </trkpt>
      <trkpt lat="25.08800874464213848114013671875" lon="102.72383621893823146820068359375">
        <ele>1897.4000244140625</ele>
        <time>2026-09-11T23:21:55.000Z</time>
        <extensions>
          <ns3:TrackPointExtension>
            <ns3:hr>139</ns3:hr>
            <ns3:cad>94</ns3:cad>
          </ns3:TrackPointExtension>
        </extensions>
      </trkpt>
      <trkpt lat="25.0879825092852115631103515625" lon="102.72381995804607868194580078125">
        <ele>1897.4000244140625</ele>
        <time>2026-09-11T23:21:56.000Z</time>
        <extensions>
          <ns3:TrackPointExtension>
            <ns3:hr>139</ns3:hr>
            <ns3:cad>94</ns3:cad>
          </ns3:TrackPointExtension>
        </extensions>
      </trkpt>
      <trkpt lat="25.08795158006250858306884765625" lon="102.72381484508514404296875">
        <ele>1897.4000244140625</ele>
        <time>2026-09-11T23:21:57.000Z</time>
        <extensions>
          <ns3:TrackPointExtension>
            <ns3:hr>139</ns3:hr>
            <ns3:cad>94</ns3:cad>
          </ns3:TrackPointExtension>
        </extensions>
      </trkpt>
      <trkpt lat="25.08792324922978878021240234375" lon="102.72380881011486053466796875">
        <ele>1897.4000244140625</ele>
        <time>2026-09-11T23:21:58.000Z</time>
        <extensions>
          <ns3:TrackPointExtension>
            <ns3:hr>139</ns3:hr>
            <ns3:cad>94</ns3:cad>
          </ns3:TrackPointExtension>
        </extensions>
      </trkpt>
      <trkpt lat="25.08789307437837123870849609375" lon="102.7238046191632747650146484375">
        <ele>1897.4000244140625</ele>
        <time>2026-09-11T23:21:59.000Z</time>
        <extensions>
          <ns3:TrackPointExtension>
            <ns3:hr>140</ns3:hr>
            <ns3:cad>95</ns3:cad>
          </ns3:TrackPointExtension>
        </extensions>
      </trkpt>
      <trkpt lat="25.08786608465015888214111328125" lon="102.72379967384040355682373046875">
        <ele>1897.4000244140625</ele>
        <time>2026-09-11T23:22:00.000Z</time>
        <extensions>
          <ns3:TrackPointExtension>
            <ns3:hr>139</ns3:hr>
            <ns3:cad>95</ns3:cad>
          </ns3:TrackPointExtension>
        </extensions>
      </trkpt>
      <trkpt lat="25.0878346525132656097412109375" lon="102.7237948961555957794189453125">
        <ele>1897.4000244140625</ele>
        <time>2026-09-11T23:22:01.000Z</time>
        <extensions>
          <ns3:TrackPointExtension>
            <ns3:hr>139</ns3:hr>
            <ns3:cad>95</ns3:cad>
          </ns3:TrackPointExtension>
        </extensions>
      </trkpt>
      <trkpt lat="25.08780808188021183013916015625" lon="102.72379196248948574066162109375">
        <ele>1897.4000244140625</ele>
        <time>2026-09-11T23:22:02.000Z</time>
        <extensions>
          <ns3:TrackPointExtension>
            <ns3:hr>140</ns3:hr>
            <ns3:cad>95</ns3:cad>
          </ns3:TrackPointExtension>
        </extensions>
      </trkpt>
      <trkpt lat="25.08778058923780918121337890625" lon="102.723780982196331024169921875">
        <ele>1897.4000244140625</ele>
        <time>2026-09-11T23:22:03.000Z</time>
        <extensions>
          <ns3:TrackPointExtension>
            <ns3:hr>140</ns3:hr>
            <ns3:cad>95</ns3:cad>
          </ns3:TrackPointExtension>
        </extensions>
      </trkpt>
      <trkpt lat="25.08775410242378711700439453125" lon="102.72377117536962032318115234375">
        <ele>1897.4000244140625</ele>
        <time>2026-09-11T23:22:04.000Z</time>
        <extensions>
          <ns3:TrackPointExtension>
            <ns3:hr>139</ns3:hr>
            <ns3:cad>95</ns3:cad>
          </ns3:TrackPointExtension>
        </extensions>
      </trkpt>
      <trkpt lat="25.087729208171367645263671875" lon="102.7237593568861484527587890625">
        <ele>1897.4000244140625</ele>
        <time>2026-09-11T23:22:05.000Z</time>
        <extensions>
          <ns3:TrackPointExtension>
            <ns3:hr>139</ns3:hr>
            <ns3:cad>94</ns3:cad>
          </ns3:TrackPointExtension>
        </extensions>
      </trkpt>
      <trkpt lat="25.0877035595476627349853515625" lon="102.7237523160874843597412109375">
        <ele>1897.4000244140625</ele>
        <time>2026-09-11T23:22:06.000Z</time>
        <extensions>
          <ns3:TrackPointExtension>
            <ns3:hr>139</ns3:hr>
            <ns3:cad>93</ns3:cad>
          </ns3:TrackPointExtension>
        </extensions>
      </trkpt>
      <trkpt lat="25.0876804254949092864990234375" lon="102.72374234162271022796630859375">
        <ele>1897.5999755859375</ele>
        <time>2026-09-11T23:22:07.000Z</time>
        <extensions>
          <ns3:TrackPointExtension>
            <ns3:hr>140</ns3:hr>
            <ns3:cad>92</ns3:cad>
          </ns3:TrackPointExtension>
        </extensions>
      </trkpt>
      <trkpt lat="25.08765167556703090667724609375" lon="102.723734714090824127197265625">
        <ele>1897.5999755859375</ele>
        <time>2026-09-11T23:22:08.000Z</time>
        <extensions>
          <ns3:TrackPointExtension>
            <ns3:hr>139</ns3:hr>
            <ns3:cad>92</ns3:cad>
          </ns3:TrackPointExtension>
        </extensions>
      </trkpt>
      <trkpt lat="25.0876294635236263275146484375" lon="102.7237276732921600341796875">
        <ele>1897.5999755859375</ele>
        <time>2026-09-11T23:22:09.000Z</time>
        <extensions>
          <ns3:TrackPointExtension>
            <ns3:hr>139</ns3:hr>
            <ns3:cad>92</ns3:cad>
          </ns3:TrackPointExtension>
        </extensions>
      </trkpt>
      <trkpt lat="25.08760255761444568634033203125" lon="102.7237140946090221405029296875">
        <ele>1897.5999755859375</ele>
        <time>2026-09-11T23:22:10.000Z</time>
        <extensions>
          <ns3:TrackPointExtension>
            <ns3:hr>140</ns3:hr>
            <ns3:cad>92</ns3:cad>
          </ns3:TrackPointExtension>
        </extensions>
      </trkpt>
      <trkpt lat="25.08757724426686763763427734375" lon="102.723705880343914031982421875">
        <ele>1897.5999755859375</ele>
        <time>2026-09-11T23:22:11.000Z</time>
        <extensions>
          <ns3:TrackPointExtension>
            <ns3:hr>139</ns3:hr>
            <ns3:cad>93</ns3:cad>
          </ns3:TrackPointExtension>
        </extensions>
      </trkpt>
      <trkpt lat="25.08755260147154331207275390625" lon="102.72369422949850559234619140625">
        <ele>1897.5999755859375</ele>
        <time>2026-09-11T23:22:12.000Z</time>
        <extensions>
          <ns3:TrackPointExtension>
            <ns3:hr>139</ns3:hr>
            <ns3:cad>93</ns3:cad>
          </ns3:TrackPointExtension>
        </extensions>
      </trkpt>
      <trkpt lat="25.08752234280109405517578125" lon="102.72368316538631916046142578125">
        <ele>1897.800048828125</ele>
        <time>2026-09-11T23:22:13.000Z</time>
        <extensions>
          <ns3:TrackPointExtension>
            <ns3:hr>139</ns3:hr>
            <ns3:cad>94</ns3:cad>
          </ns3:TrackPointExtension>
        </extensions>
      </trkpt>
      <trkpt lat="25.087495855987071990966796875" lon="102.72367897443473339080810546875">
        <ele>1897.800048828125</ele>
        <time>2026-09-11T23:22:14.000Z</time>
        <extensions>
          <ns3:TrackPointExtension>
            <ns3:hr>138</ns3:hr>
            <ns3:cad>94</ns3:cad>
          </ns3:TrackPointExtension>
        </extensions>
      </trkpt>
      <trkpt lat="25.08746459148824214935302734375" lon="102.723669670522212982177734375">
        <ele>1897.800048828125</ele>
        <time>2026-09-11T23:22:15.000Z</time>
        <extensions>
          <ns3:TrackPointExtension>
            <ns3:hr>138</ns3:hr>
            <ns3:cad>95</ns3:cad>
          </ns3:TrackPointExtension>
        </extensions>
      </trkpt>
      <trkpt lat="25.08743659593164920806884765625" lon="102.72366103716194629669189453125">
        <ele>1897.800048828125</ele>
        <time>2026-09-11T23:22:16.000Z</time>
        <extensions>
          <ns3:TrackPointExtension>
            <ns3:hr>138</ns3:hr>
            <ns3:cad>95</ns3:cad>
          </ns3:TrackPointExtension>
        </extensions>
      </trkpt>
      <trkpt lat="25.0874095223844051361083984375" lon="102.72365231998264789581298828125">
        <ele>1897.800048828125</ele>
        <time>2026-09-11T23:22:17.000Z</time>
        <extensions>
          <ns3:TrackPointExtension>
            <ns3:hr>138</ns3:hr>
            <ns3:cad>95</ns3:cad>
          </ns3:TrackPointExtension>
        </extensions>
      </trkpt>
      <trkpt lat="25.0873743183910846710205078125" lon="102.72364393807947635650634765625">
        <ele>1897.800048828125</ele>
        <time>2026-09-11T23:22:18.000Z</time>
        <extensions>
          <ns3:TrackPointExtension>
            <ns3:hr>138</ns3:hr>
            <ns3:cad>96</ns3:cad>
          </ns3:TrackPointExtension>
        </extensions>
      </trkpt>
      <trkpt lat="25.0873458199203014373779296875" lon="102.7236326225101947784423828125">
        <ele>1897.800048828125</ele>
        <time>2026-09-11T23:22:19.000Z</time>
        <extensions>
          <ns3:TrackPointExtension>
            <ns3:hr>138</ns3:hr>
            <ns3:cad>96</ns3:cad>
          </ns3:TrackPointExtension>
        </extensions>
      </trkpt>
      <trkpt lat="25.08731522597372531890869140625" lon="102.72362046875059604644775390625">
        <ele>1897.800048828125</ele>
        <time>2026-09-11T23:22:20.000Z</time>
        <extensions>
          <ns3:TrackPointExtension>
            <ns3:hr>138</ns3:hr>
            <ns3:cad>96</ns3:cad>
          </ns3:TrackPointExtension>
        </extensions>
      </trkpt>
      <trkpt lat="25.0872884877026081085205078125" lon="102.72361326031386852264404296875">
        <ele>1897.800048828125</ele>
        <time>2026-09-11T23:22:21.000Z</time>
        <extensions>
          <ns3:TrackPointExtension>
            <ns3:hr>138</ns3:hr>
            <ns3:cad>96</ns3:cad>
          </ns3:TrackPointExtension>
        </extensions>
      </trkpt>
      <trkpt lat="25.0872606597840785980224609375" lon="102.7236044593155384063720703125">
        <ele>1897.800048828125</ele>
        <time>2026-09-11T23:22:22.000Z</time>
        <extensions>
          <ns3:TrackPointExtension>
            <ns3:hr>137</ns3:hr>
            <ns3:cad>96</ns3:cad>
          </ns3:TrackPointExtension>
        </extensions>
      </trkpt>
      <trkpt lat="25.0872318260371685028076171875" lon="102.723597250878810882568359375">
        <ele>1897.800048828125</ele>
        <time>2026-09-11T23:22:23.000Z</time>
        <extensions>
          <ns3:TrackPointExtension>
            <ns3:hr>136</ns3:hr>
            <ns3:cad>96</ns3:cad>
          </ns3:TrackPointExtension>
        </extensions>
      </trkpt>
      <trkpt lat="25.087208859622478485107421875" lon="102.72359062917530536651611328125">
        <ele>1897.800048828125</ele>
        <time>2026-09-11T23:22:24.000Z</time>
        <extensions>
          <ns3:TrackPointExtension>
            <ns3:hr>136</ns3:hr>
            <ns3:cad>96</ns3:cad>
          </ns3:TrackPointExtension>
        </extensions>
      </trkpt>
      <trkpt lat="25.08718170225620269775390625" lon="102.7235840074717998504638671875">
        <ele>1897.800048828125</ele>
        <time>2026-09-11T23:22:25.000Z</time>
        <extensions>
          <ns3:TrackPointExtension>
            <ns3:hr>135</ns3:hr>
            <ns3:cad>96</ns3:cad>
          </ns3:TrackPointExtension>
        </extensions>
      </trkpt>
      <trkpt lat="25.08715731091797351837158203125" lon="102.7235762961208820343017578125">
        <ele>1897.800048828125</ele>
        <time>2026-09-11T23:22:26.000Z</time>
        <extensions>
          <ns3:TrackPointExtension>
            <ns3:hr>135</ns3:hr>
            <ns3:cad>96</ns3:cad>
          </ns3:TrackPointExtension>
        </extensions>
      </trkpt>
      <trkpt lat="25.08713233284652233123779296875" lon="102.723564393818378448486328125">
        <ele>1897.800048828125</ele>
        <time>2026-09-11T23:22:27.000Z</time>
        <extensions>
          <ns3:TrackPointExtension>
            <ns3:hr>134</ns3:hr>
            <ns3:cad>96</ns3:cad>
          </ns3:TrackPointExtension>
        </extensions>
      </trkpt>
      <trkpt lat="25.08710266090929508209228515625" lon="102.72355827502906322479248046875">
        <ele>1897.800048828125</ele>
        <time>2026-09-11T23:22:28.000Z</time>
        <extensions>
          <ns3:TrackPointExtension>
            <ns3:hr>134</ns3:hr>
            <ns3:cad>96</ns3:cad>
          </ns3:TrackPointExtension>
        </extensions>
      </trkpt>
      <trkpt lat="25.0870759226381778717041015625" lon="102.72355735301971435546875">
        <ele>1897.800048828125</ele>
        <time>2026-09-11T23:22:29.000Z</time>
        <extensions>
          <ns3:TrackPointExtension>
            <ns3:hr>134</ns3:hr>
            <ns3:cad>96</ns3:cad>
          </ns3:TrackPointExtension>
        </extensions>
      </trkpt>
      <trkpt lat="25.087043233215808868408203125" lon="102.72355056367814540863037109375">
        <ele>1897.800048828125</ele>
        <time>2026-09-11T23:22:30.000Z</time>
        <extensions>
          <ns3:TrackPointExtension>
            <ns3:hr>134</ns3:hr>
            <ns3:cad>96</ns3:cad>
          </ns3:TrackPointExtension>
        </extensions>
      </trkpt>
      <trkpt lat="25.08701532147824764251708984375" lon="102.7235501445829868316650390625">
        <ele>1897.800048828125</ele>
        <time>2026-09-11T23:22:31.000Z</time>
        <extensions>
          <ns3:TrackPointExtension>
            <ns3:hr>134</ns3:hr>
            <ns3:cad>96</ns3:cad>
          </ns3:TrackPointExtension>
        </extensions>
      </trkpt>
      <trkpt lat="25.086987912654876708984375" lon="102.72354251705110073089599609375">
        <ele>1897.800048828125</ele>
        <time>2026-09-11T23:22:32.000Z</time>
        <extensions>
          <ns3:TrackPointExtension>
            <ns3:hr>134</ns3:hr>
            <ns3:cad>97</ns3:cad>
          </ns3:TrackPointExtension>
        </extensions>
      </trkpt>
      <trkpt lat="25.0869548879563808441162109375" lon="102.7235367335379123687744140625">
        <ele>1897.800048828125</ele>
        <time>2026-09-11T23:22:33.000Z</time>
        <extensions>
          <ns3:TrackPointExtension>
            <ns3:hr>135</ns3:hr>
            <ns3:cad>97</ns3:cad>
          </ns3:TrackPointExtension>
        </extensions>
      </trkpt>
      <trkpt lat="25.08692823350429534912109375" lon="102.7235327102243900299072265625">
        <ele>1897.800048828125</ele>
        <time>2026-09-11T23:22:34.000Z</time>
        <extensions>
          <ns3:TrackPointExtension>
            <ns3:hr>134</ns3:hr>
            <ns3:cad>97</ns3:cad>
          </ns3:TrackPointExtension>
        </extensions>
      </trkpt>
      <trkpt lat="25.086896382272243499755859375" lon="102.723524831235408782958984375">
        <ele>1897.800048828125</ele>
        <time>2026-09-11T23:22:35.000Z</time>
        <extensions>
          <ns3:TrackPointExtension>
            <ns3:hr>134</ns3:hr>
            <ns3:cad>97</ns3:cad>
          </ns3:TrackPointExtension>
        </extensions>
      </trkpt>
      <trkpt lat="25.08686696179211139678955078125" lon="102.723524831235408782958984375">
        <ele>1897.800048828125</ele>
        <time>2026-09-11T23:22:36.000Z</time>
        <extensions>
          <ns3:TrackPointExtension>
            <ns3:hr>134</ns3:hr>
            <ns3:cad>97</ns3:cad>
          </ns3:TrackPointExtension>
        </extensions>
      </trkpt>
      <trkpt lat="25.08683980442583560943603515625" lon="102.723515443503856658935546875">
        <ele>1898</ele>
        <time>2026-09-11T23:22:37.000Z</time>
        <extensions>
          <ns3:TrackPointExtension>
            <ns3:hr>134</ns3:hr>
            <ns3:cad>95</ns3:cad>
          </ns3:TrackPointExtension>
        </extensions>
      </trkpt>
      <trkpt lat="25.08680619299411773681640625" lon="102.723506055772304534912109375">
        <ele>1898</ele>
        <time>2026-09-11T23:22:38.000Z</time>
        <extensions>
          <ns3:TrackPointExtension>
            <ns3:hr>134</ns3:hr>
            <ns3:cad>95</ns3:cad>
          </ns3:TrackPointExtension>
        </extensions>
      </trkpt>
      <trkpt lat="25.08677995763719081878662109375" lon="102.723497338593006134033203125">
        <ele>1898</ele>
        <time>2026-09-11T23:22:39.000Z</time>
        <extensions>
          <ns3:TrackPointExtension>
            <ns3:hr>134</ns3:hr>
            <ns3:cad>95</ns3:cad>
          </ns3:TrackPointExtension>
        </extensions>
      </trkpt>
      <trkpt lat="25.0867478549480438232421875" lon="102.7234847657382488250732421875">
        <ele>1898</ele>
        <time>2026-09-11T23:22:40.000Z</time>
        <extensions>
          <ns3:TrackPointExtension>
            <ns3:hr>134</ns3:hr>
            <ns3:cad>96</ns3:cad>
          </ns3:TrackPointExtension>
        </extensions>
      </trkpt>
      <trkpt lat="25.08671927265822887420654296875" lon="102.7234770543873310089111328125">
        <ele>1898</ele>
        <time>2026-09-11T23:22:41.000Z</time>
        <extensions>
          <ns3:TrackPointExtension>
            <ns3:hr>134</ns3:hr>
            <ns3:cad>96</ns3:cad>
          </ns3:TrackPointExtension>
        </extensions>
      </trkpt>
      <trkpt lat="25.0866913609206676483154296875" lon="102.7234623022377490997314453125">
        <ele>1898</ele>
        <time>2026-09-11T23:22:42.000Z</time>
        <extensions>
          <ns3:TrackPointExtension>
            <ns3:hr>134</ns3:hr>
            <ns3:cad>96</ns3:cad>
          </ns3:TrackPointExtension>
        </extensions>
      </trkpt>
      <trkpt lat="25.08666261099278926849365234375" lon="102.72344981320202350616455078125">
        <ele>1898</ele>
        <time>2026-09-11T23:22:43.000Z</time>
        <extensions>
          <ns3:TrackPointExtension>
            <ns3:hr>133</ns3:hr>
            <ns3:cad>96</ns3:cad>
          </ns3:TrackPointExtension>
        </extensions>
      </trkpt>
      <trkpt lat="25.08663562126457691192626953125" lon="102.72344461642205715179443359375">
        <ele>1898</ele>
        <time>2026-09-11T23:22:44.000Z</time>
        <extensions>
          <ns3:TrackPointExtension>
            <ns3:hr>133</ns3:hr>
            <ns3:cad>96</ns3:cad>
          </ns3:TrackPointExtension>
        </extensions>
      </trkpt>
      <trkpt lat="25.08660578168928623199462890625" lon="102.72343589924275875091552734375">
        <ele>1897.800048828125</ele>
        <time>2026-09-11T23:22:45.000Z</time>
        <extensions>
          <ns3:TrackPointExtension>
            <ns3:hr>133</ns3:hr>
            <ns3:cad>96</ns3:cad>
          </ns3:TrackPointExtension>
        </extensions>
      </trkpt>
      <trkpt lat="25.086579881608486175537109375" lon="102.7234257571399211883544921875">
        <ele>1898</ele>
        <time>2026-09-11T23:22:46.000Z</time>
        <extensions>
          <ns3:TrackPointExtension>
            <ns3:hr>134</ns3:hr>
            <ns3:cad>96</ns3:cad>
          </ns3:TrackPointExtension>
        </extensions>
      </trkpt>
      <trkpt lat="25.08655272424221038818359375" lon="102.72341041825711727142333984375">
        <ele>1898</ele>
        <time>2026-09-11T23:22:47.000Z</time>
        <extensions>
          <ns3:TrackPointExtension>
            <ns3:hr>133</ns3:hr>
            <ns3:cad>95</ns3:cad>
          </ns3:TrackPointExtension>
        </extensions>
      </trkpt>
      <trkpt lat="25.086524896323680877685546875" lon="102.72339767776429653167724609375">
        <ele>1898</ele>
        <time>2026-09-11T23:22:48.000Z</time>
        <extensions>
          <ns3:TrackPointExtension>
            <ns3:hr>133</ns3:hr>
            <ns3:cad>95</ns3:cad>
          </ns3:TrackPointExtension>
        </extensions>
      </trkpt>
      <trkpt lat="25.0865005888044834136962890625" lon="102.72338594309985637664794921875">
        <ele>1898</ele>
        <time>2026-09-11T23:22:49.000Z</time>
        <extensions>
          <ns3:TrackPointExtension>
            <ns3:hr>132</ns3:hr>
            <ns3:cad>95</ns3:cad>
          </ns3:TrackPointExtension>
        </extensions>
      </trkpt>
      <trkpt lat="25.08647049777209758758544921875" lon="102.7233736217021942138671875">
        <ele>1898</ele>
        <time>2026-09-11T23:22:50.000Z</time>
        <extensions>
          <ns3:TrackPointExtension>
            <ns3:hr>131</ns3:hr>
            <ns3:cad>95</ns3:cad>
          </ns3:TrackPointExtension>
        </extensions>
      </trkpt>
      <trkpt lat="25.086443759500980377197265625" lon="102.72336683236062526702880859375">
        <ele>1898</ele>
        <time>2026-09-11T23:22:51.000Z</time>
        <extensions>
          <ns3:TrackPointExtension>
            <ns3:hr>130</ns3:hr>
            <ns3:cad>95</ns3:cad>
          </ns3:TrackPointExtension>
        </extensions>
      </trkpt>
      <trkpt lat="25.08641651831567287445068359375" lon="102.72335493005812168121337890625">
        <ele>1898</ele>
        <time>2026-09-11T23:22:52.000Z</time>
        <extensions>
          <ns3:TrackPointExtension>
            <ns3:hr>130</ns3:hr>
            <ns3:cad>95</ns3:cad>
          </ns3:TrackPointExtension>
        </extensions>
      </trkpt>
      <trkpt lat="25.08638466708362102508544921875" lon="102.7233432792127132415771484375">
        <ele>1898</ele>
        <time>2026-09-11T23:22:53.000Z</time>
        <extensions>
          <ns3:TrackPointExtension>
            <ns3:hr>130</ns3:hr>
            <ns3:cad>96</ns3:cad>
          </ns3:TrackPointExtension>
        </extensions>
      </trkpt>
      <trkpt lat="25.086358599364757537841796875" lon="102.7233365736901760101318359375">
        <ele>1898</ele>
        <time>2026-09-11T23:22:54.000Z</time>
        <extensions>
          <ns3:TrackPointExtension>
            <ns3:hr>129</ns3:hr>
            <ns3:cad>97</ns3:cad>
          </ns3:TrackPointExtension>
        </extensions>
      </trkpt>
      <trkpt lat="25.0863265804946422576904296875" lon="102.72332374937832355499267578125">
        <ele>1898</ele>
        <time>2026-09-11T23:22:55.000Z</time>
        <extensions>
          <ns3:TrackPointExtension>
            <ns3:hr>130</ns3:hr>
            <ns3:cad>97</ns3:cad>
          </ns3:TrackPointExtension>
        </extensions>
      </trkpt>
      <trkpt lat="25.08630034513771533966064453125" lon="102.72331804968416690826416015625">
        <ele>1898</ele>
        <time>2026-09-11T23:22:56.000Z</time>
        <extensions>
          <ns3:TrackPointExtension>
            <ns3:hr>129</ns3:hr>
            <ns3:cad>97</ns3:cad>
          </ns3:TrackPointExtension>
        </extensions>
      </trkpt>
      <trkpt lat="25.086271762847900390625" lon="102.7233092486858367919921875">
        <ele>1898</ele>
        <time>2026-09-11T23:22:57.000Z</time>
        <extensions>
          <ns3:TrackPointExtension>
            <ns3:hr>129</ns3:hr>
            <ns3:cad>97</ns3:cad>
          </ns3:TrackPointExtension>
        </extensions>
      </trkpt>
      <trkpt lat="25.08624351583421230316162109375" lon="102.72330195643007755279541015625">
        <ele>1898</ele>
        <time>2026-09-11T23:22:58.000Z</time>
        <extensions>
          <ns3:TrackPointExtension>
            <ns3:hr>129</ns3:hr>
            <ns3:cad>97</ns3:cad>
          </ns3:TrackPointExtension>
        </extensions>
      </trkpt>
      <trkpt lat="25.0862181186676025390625" lon="102.72329474799335002899169921875">
        <ele>1898</ele>
        <time>2026-09-11T23:22:59.000Z</time>
        <extensions>
          <ns3:TrackPointExtension>
            <ns3:hr>130</ns3:hr>
            <ns3:cad>97</ns3:cad>
          </ns3:TrackPointExtension>
        </extensions>
      </trkpt>
      <trkpt lat="25.0861872732639312744140625" lon="102.7232879586517810821533203125">
        <ele>1898</ele>
        <time>2026-09-11T23:23:00.000Z</time>
        <extensions>
          <ns3:TrackPointExtension>
            <ns3:hr>129</ns3:hr>
            <ns3:cad>97</ns3:cad>
          </ns3:TrackPointExtension>
        </extensions>
      </trkpt>
      <trkpt lat="25.08616070263087749481201171875" lon="102.72328133694827556610107421875">
        <ele>1897.800048828125</ele>
        <time>2026-09-11T23:23:01.000Z</time>
        <extensions>
          <ns3:TrackPointExtension>
            <ns3:hr>129</ns3:hr>
            <ns3:cad>97</ns3:cad>
          </ns3:TrackPointExtension>
        </extensions>
      </trkpt>
      <trkpt lat="25.0861307792365550994873046875" lon="102.7232728712260723114013671875">
        <ele>1897.800048828125</ele>
        <time>2026-09-11T23:23:02.000Z</time>
        <extensions>
          <ns3:TrackPointExtension>
            <ns3:hr>129</ns3:hr>
            <ns3:cad>97</ns3:cad>
          </ns3:TrackPointExtension>
        </extensions>
      </trkpt>
      <trkpt lat="25.08610437624156475067138671875" lon="102.72326658479869365692138671875">
        <ele>1897.800048828125</ele>
        <time>2026-09-11T23:23:03.000Z</time>
        <extensions>
          <ns3:TrackPointExtension>
            <ns3:hr>130</ns3:hr>
            <ns3:cad>97</ns3:cad>
          </ns3:TrackPointExtension>
        </extensions>
      </trkpt>
      <trkpt lat="25.08607956580817699432373046875" lon="102.72325451485812664031982421875">
        <ele>1897.5999755859375</ele>
        <time>2026-09-11T23:23:04.000Z</time>
        <extensions>
          <ns3:TrackPointExtension>
            <ns3:hr>129</ns3:hr>
            <ns3:cad>95</ns3:cad>
          </ns3:TrackPointExtension>
        </extensions>
      </trkpt>
      <trkpt lat="25.0860479660332202911376953125" lon="102.72324462421238422393798828125">
        <ele>1897.5999755859375</ele>
        <time>2026-09-11T23:23:05.000Z</time>
        <extensions>
          <ns3:TrackPointExtension>
            <ns3:hr>129</ns3:hr>
            <ns3:cad>95</ns3:cad>
          </ns3:TrackPointExtension>
        </extensions>
      </trkpt>
      <trkpt lat="25.0860201381146907806396484375" lon="102.7232366614043712615966796875">
        <ele>1897.5999755859375</ele>
        <time>2026-09-11T23:23:06.000Z</time>
        <extensions>
          <ns3:TrackPointExtension>
            <ns3:hr>129</ns3:hr>
            <ns3:cad>95</ns3:cad>
          </ns3:TrackPointExtension>
        </extensions>
      </trkpt>
      <trkpt lat="25.085987113416194915771484375" lon="102.72322350181639194488525390625">
        <ele>1897.5999755859375</ele>
        <time>2026-09-11T23:23:07.000Z</time>
        <extensions>
          <ns3:TrackPointExtension>
            <ns3:hr>130</ns3:hr>
            <ns3:cad>95</ns3:cad>
          </ns3:TrackPointExtension>
        </extensions>
      </trkpt>
      <trkpt lat="25.08596121333539485931396484375" lon="102.72321495227515697479248046875">
        <ele>1897.5999755859375</ele>
        <time>2026-09-11T23:23:08.000Z</time>
        <extensions>
          <ns3:TrackPointExtension>
            <ns3:hr>129</ns3:hr>
            <ns3:cad>95</ns3:cad>
          </ns3:TrackPointExtension>
        </extensions>
      </trkpt>
      <trkpt lat="25.0859366543591022491455078125" lon="102.72320824675261974334716796875">
        <ele>1897.5999755859375</ele>
        <time>2026-09-11T23:23:09.000Z</time>
        <extensions>
          <ns3:TrackPointExtension>
            <ns3:hr>130</ns3:hr>
            <ns3:cad>95</ns3:cad>
          </ns3:TrackPointExtension>
        </extensions>
      </trkpt>
      <trkpt lat="25.0859084911644458770751953125" lon="102.72319366224110126495361328125">
        <ele>1897.5999755859375</ele>
        <time>2026-09-11T23:23:10.000Z</time>
        <extensions>
          <ns3:TrackPointExtension>
            <ns3:hr>131</ns3:hr>
            <ns3:cad>95</ns3:cad>
          </ns3:TrackPointExtension>
        </extensions>
      </trkpt>
      <trkpt lat="25.08588376455008983612060546875" lon="102.72317891009151935577392578125">
        <ele>1897.5999755859375</ele>
        <time>2026-09-11T23:23:11.000Z</time>
        <extensions>
          <ns3:TrackPointExtension>
            <ns3:hr>132</ns3:hr>
            <ns3:cad>96</ns3:cad>
          </ns3:TrackPointExtension>
        </extensions>
      </trkpt>
      <trkpt lat="25.085853002965450286865234375" lon="102.72316784597933292388916015625">
        <ele>1897.4000244140625</ele>
        <time>2026-09-11T23:23:12.000Z</time>
        <extensions>
          <ns3:TrackPointExtension>
            <ns3:hr>132</ns3:hr>
            <ns3:cad>96</ns3:cad>
          </ns3:TrackPointExtension>
        </extensions>
      </trkpt>
      <trkpt lat="25.0858263485133647918701171875" lon="102.7231605537235736846923828125">
        <ele>1897.4000244140625</ele>
        <time>2026-09-11T23:23:13.000Z</time>
        <extensions>
          <ns3:TrackPointExtension>
            <ns3:hr>133</ns3:hr>
            <ns3:cad>96</ns3:cad>
          </ns3:TrackPointExtension>
        </extensions>
      </trkpt>
      <trkpt lat="25.08580061607062816619873046875" lon="102.72314764559268951416015625">
        <ele>1897.4000244140625</ele>
        <time>2026-09-11T23:23:14.000Z</time>
        <extensions>
          <ns3:TrackPointExtension>
            <ns3:hr>134</ns3:hr>
            <ns3:cad>96</ns3:cad>
          </ns3:TrackPointExtension>
        </extensions>
      </trkpt>
      <trkpt lat="25.085771195590496063232421875" lon="102.72313901223242282867431640625">
        <ele>1897.4000244140625</ele>
        <time>2026-09-11T23:23:15.000Z</time>
        <extensions>
          <ns3:TrackPointExtension>
            <ns3:hr>135</ns3:hr>
            <ns3:cad>96</ns3:cad>
          </ns3:TrackPointExtension>
        </extensions>
      </trkpt>
      <trkpt lat="25.0857473909854888916015625" lon="102.72313130088150501251220703125">
        <ele>1897.199951171875</ele>
        <time>2026-09-11T23:23:16.000Z</time>
        <extensions>
          <ns3:TrackPointExtension>
            <ns3:hr>136</ns3:hr>
            <ns3:cad>96</ns3:cad>
          </ns3:TrackPointExtension>
        </extensions>
      </trkpt>
      <trkpt lat="25.08571445010602474212646484375" lon="102.72312006913125514984130859375">
        <ele>1897.199951171875</ele>
        <time>2026-09-11T23:23:17.000Z</time>
        <extensions>
          <ns3:TrackPointExtension>
            <ns3:hr>137</ns3:hr>
            <ns3:cad>96</ns3:cad>
          </ns3:TrackPointExtension>
        </extensions>
      </trkpt>
      <trkpt lat="25.08568829856812953948974609375" lon="102.7231136150658130645751953125">
        <ele>1897.199951171875</ele>
        <time>2026-09-11T23:23:18.000Z</time>
        <extensions>
          <ns3:TrackPointExtension>
            <ns3:hr>137</ns3:hr>
            <ns3:cad>96</ns3:cad>
          </ns3:TrackPointExtension>
        </extensions>
      </trkpt>
      <trkpt lat="25.085659213364124298095703125" lon="102.723103053867816925048828125">
        <ele>1897.199951171875</ele>
        <time>2026-09-11T23:23:19.000Z</time>
        <extensions>
          <ns3:TrackPointExtension>
            <ns3:hr>137</ns3:hr>
            <ns3:cad>96</ns3:cad>
          </ns3:TrackPointExtension>
        </extensions>
      </trkpt>
      <trkpt lat="25.0856295414268970489501953125" lon="102.723095007240772247314453125">
        <ele>1897.199951171875</ele>
        <time>2026-09-11T23:23:20.000Z</time>
        <extensions>
          <ns3:TrackPointExtension>
            <ns3:hr>138</ns3:hr>
            <ns3:cad>96</ns3:cad>
          </ns3:TrackPointExtension>
        </extensions>
      </trkpt>
      <trkpt lat="25.0856033898890018463134765625" lon="102.7230874635279178619384765625">
        <ele>1897.199951171875</ele>
        <time>2026-09-11T23:23:21.000Z</time>
        <extensions>
          <ns3:TrackPointExtension>
            <ns3:hr>138</ns3:hr>
            <ns3:cad>96</ns3:cad>
          </ns3:TrackPointExtension>
        </extensions>
      </trkpt>
      <trkpt lat="25.08557103574275970458984375" lon="102.72307832725346088409423828125">
        <ele>1897.199951171875</ele>
        <time>2026-09-11T23:23:22.000Z</time>
        <extensions>
          <ns3:TrackPointExtension>
            <ns3:hr>138</ns3:hr>
            <ns3:cad>96</ns3:cad>
          </ns3:TrackPointExtension>
        </extensions>
      </trkpt>
      <trkpt lat="25.08554421365261077880859375" lon="102.72307346574962139129638671875">
        <ele>1897.199951171875</ele>
        <time>2026-09-11T23:23:23.000Z</time>
        <extensions>
          <ns3:TrackPointExtension>
            <ns3:hr>138</ns3:hr>
            <ns3:cad>96</ns3:cad>
          </ns3:TrackPointExtension>
        </extensions>
      </trkpt>
      <trkpt lat="25.08551336824893951416015625" lon="102.723065502941608428955078125">
        <ele>1897.199951171875</ele>
        <time>2026-09-11T23:23:24.000Z</time>
        <extensions>
          <ns3:TrackPointExtension>
            <ns3:hr>138</ns3:hr>
            <ns3:cad>96</ns3:cad>
          </ns3:TrackPointExtension>
        </extensions>
      </trkpt>
      <trkpt lat="25.085485540330410003662109375" lon="102.723059467971324920654296875">
        <ele>1897</ele>
        <time>2026-09-11T23:23:25.000Z</time>
        <extensions>
          <ns3:TrackPointExtension>
            <ns3:hr>137</ns3:hr>
            <ns3:cad>96</ns3:cad>
          </ns3:TrackPointExtension>
        </extensions>
      </trkpt>
      <trkpt lat="25.08545997552573680877685546875" lon="102.7230495773255825042724609375">
        <ele>1897</ele>
        <time>2026-09-11T23:23:26.000Z</time>
        <extensions>
          <ns3:TrackPointExtension>
            <ns3:hr>138</ns3:hr>
            <ns3:cad>95</ns3:cad>
          </ns3:TrackPointExtension>
        </extensions>
      </trkpt>
      <trkpt lat="25.0854293815791606903076171875" lon="102.72303901612758636474609375">
        <ele>1897</ele>
        <time>2026-09-11T23:23:27.000Z</time>
        <extensions>
          <ns3:TrackPointExtension>
            <ns3:hr>138</ns3:hr>
            <ns3:cad>95</ns3:cad>
          </ns3:TrackPointExtension>
        </extensions>
      </trkpt>
      <trkpt lat="25.0854049064218997955322265625" lon="102.72303055040538311004638671875">
        <ele>1897</ele>
        <time>2026-09-11T23:23:28.000Z</time>
        <extensions>
          <ns3:TrackPointExtension>
            <ns3:hr>137</ns3:hr>
            <ns3:cad>95</ns3:cad>
          </ns3:TrackPointExtension>
        </extensions>
      </trkpt>
      <trkpt lat="25.08537598885595798492431640625" lon="102.7230173908174037933349609375">
        <ele>1897</ele>
        <time>2026-09-11T23:23:29.000Z</time>
        <extensions>
          <ns3:TrackPointExtension>
            <ns3:hr>137</ns3:hr>
            <ns3:cad>95</ns3:cad>
          </ns3:TrackPointExtension>
        </extensions>
      </trkpt>
      <trkpt lat="25.0853472389280796051025390625" lon="102.723005823791027069091796875">
        <ele>1896.800048828125</ele>
        <time>2026-09-11T23:23:30.000Z</time>
        <extensions>
          <ns3:TrackPointExtension>
            <ns3:hr>137</ns3:hr>
            <ns3:cad>96</ns3:cad>
          </ns3:TrackPointExtension>
        </extensions>
      </trkpt>
      <trkpt lat="25.0853197462856769561767578125" lon="102.7229996211826801300048828125">
        <ele>1897</ele>
        <time>2026-09-11T23:23:31.000Z</time>
        <extensions>
          <ns3:TrackPointExtension>
            <ns3:hr>137</ns3:hr>
            <ns3:cad>96</ns3:cad>
          </ns3:TrackPointExtension>
        </extensions>
      </trkpt>
      <trkpt lat="25.0852878950536251068115234375" lon="102.72299182601273059844970703125">
        <ele>1897</ele>
        <time>2026-09-11T23:23:32.000Z</time>
        <extensions>
          <ns3:TrackPointExtension>
            <ns3:hr>137</ns3:hr>
            <ns3:cad>96</ns3:cad>
          </ns3:TrackPointExtension>
        </extensions>
      </trkpt>
      <trkpt lat="25.08525813929736614227294921875" lon="102.7229825221002101898193359375">
        <ele>1896.800048828125</ele>
        <time>2026-09-11T23:23:33.000Z</time>
        <extensions>
          <ns3:TrackPointExtension>
            <ns3:hr>137</ns3:hr>
            <ns3:cad>96</ns3:cad>
          </ns3:TrackPointExtension>
        </extensions>
      </trkpt>
      <trkpt lat="25.08522561751306056976318359375" lon="102.72297154180705547332763671875">
        <ele>1896.800048828125</ele>
        <time>2026-09-11T23:23:34.000Z</time>
        <extensions>
          <ns3:TrackPointExtension>
            <ns3:hr>136</ns3:hr>
            <ns3:cad>96</ns3:cad>
          </ns3:TrackPointExtension>
        </extensions>
      </trkpt>
      <trkpt lat="25.085193850100040435791015625" lon="102.72296131588518619537353515625">
        <ele>1896.800048828125</ele>
        <time>2026-09-11T23:23:35.000Z</time>
        <extensions>
          <ns3:TrackPointExtension>
            <ns3:hr>136</ns3:hr>
            <ns3:cad>96</ns3:cad>
          </ns3:TrackPointExtension>
        </extensions>
      </trkpt>
      <trkpt lat="25.08516677655279636383056640625" lon="102.72294916212558746337890625">
        <ele>1896.800048828125</ele>
        <time>2026-09-11T23:23:36.000Z</time>
        <extensions>
          <ns3:TrackPointExtension>
            <ns3:hr>135</ns3:hr>
            <ns3:cad>96</ns3:cad>
          </ns3:TrackPointExtension>
        </extensions>
      </trkpt>
      <trkpt lat="25.08513459004461765289306640625" lon="102.7229372598230838775634765625">
        <ele>1896.800048828125</ele>
        <time>2026-09-11T23:23:37.000Z</time>
        <extensions>
          <ns3:TrackPointExtension>
            <ns3:hr>135</ns3:hr>
            <ns3:cad>96</ns3:cad>
          </ns3:TrackPointExtension>
        </extensions>
      </trkpt>
      <trkpt lat="25.0851055048406124114990234375" lon="102.72292979992926120758056640625">
        <ele>1896.800048828125</ele>
        <time>2026-09-11T23:23:38.000Z</time>
        <extensions>
          <ns3:TrackPointExtension>
            <ns3:hr>135</ns3:hr>
            <ns3:cad>96</ns3:cad>
          </ns3:TrackPointExtension>
        </extensions>
      </trkpt>
      <trkpt lat="25.08507256396114826202392578125" lon="102.7229181490838527679443359375">
        <ele>1896.800048828125</ele>
        <time>2026-09-11T23:23:39.000Z</time>
        <extensions>
          <ns3:TrackPointExtension>
            <ns3:hr>134</ns3:hr>
            <ns3:cad>96</ns3:cad>
          </ns3:TrackPointExtension>
        </extensions>
      </trkpt>
      <trkpt lat="25.08504020981490612030029296875" lon="102.72291052155196666717529296875">
        <ele>1896.800048828125</ele>
        <time>2026-09-11T23:23:40.000Z</time>
        <extensions>
          <ns3:TrackPointExtension>
            <ns3:hr>134</ns3:hr>
            <ns3:cad>96</ns3:cad>
          </ns3:TrackPointExtension>
        </extensions>
      </trkpt>
      <trkpt lat="25.0850159861147403717041015625" lon="102.72289761342108249664306640625">
        <ele>1896.800048828125</ele>
        <time>2026-09-11T23:23:41.000Z</time>
        <extensions>
          <ns3:TrackPointExtension>
            <ns3:hr>134</ns3:hr>
            <ns3:cad>96</ns3:cad>
          </ns3:TrackPointExtension>
        </extensions>
      </trkpt>
      <trkpt lat="25.08498354814946651458740234375" lon="102.72288344800472259521484375">
        <ele>1896.800048828125</ele>
        <time>2026-09-11T23:23:42.000Z</time>
        <extensions>
          <ns3:TrackPointExtension>
            <ns3:hr>134</ns3:hr>
            <ns3:cad>96</ns3:cad>
          </ns3:TrackPointExtension>
        </extensions>
      </trkpt>
      <trkpt lat="25.08495748043060302734375" lon="102.7228735573589801788330078125">
        <ele>1896.800048828125</ele>
        <time>2026-09-11T23:23:43.000Z</time>
        <extensions>
          <ns3:TrackPointExtension>
            <ns3:hr>134</ns3:hr>
            <ns3:cad>96</ns3:cad>
          </ns3:TrackPointExtension>
        </extensions>
      </trkpt>
      <trkpt lat="25.084924288094043731689453125" lon="102.7228631637990474700927734375">
        <ele>1896.800048828125</ele>
        <time>2026-09-11T23:23:44.000Z</time>
        <extensions>
          <ns3:TrackPointExtension>
            <ns3:hr>134</ns3:hr>
            <ns3:cad>96</ns3:cad>
          </ns3:TrackPointExtension>
        </extensions>
      </trkpt>
      <trkpt lat="25.0848983041942119598388671875" lon="102.72285352461040019989013671875">
        <ele>1896.800048828125</ele>
        <time>2026-09-11T23:23:45.000Z</time>
        <extensions>
          <ns3:TrackPointExtension>
            <ns3:hr>133</ns3:hr>
            <ns3:cad>96</ns3:cad>
          </ns3:TrackPointExtension>
        </extensions>
      </trkpt>
      <trkpt lat="25.08487223647534847259521484375" lon="102.72283927537500858306884765625">
        <ele>1896.800048828125</ele>
        <time>2026-09-11T23:23:46.000Z</time>
        <extensions>
          <ns3:TrackPointExtension>
            <ns3:hr>134</ns3:hr>
            <ns3:cad>96</ns3:cad>
          </ns3:TrackPointExtension>
        </extensions>
      </trkpt>
      <trkpt lat="25.0848439894616603851318359375" lon="102.72282904945313930511474609375">
        <ele>1896.800048828125</ele>
        <time>2026-09-11T23:23:47.000Z</time>
        <extensions>
          <ns3:TrackPointExtension>
            <ns3:hr>134</ns3:hr>
            <ns3:cad>93</ns3:cad>
          </ns3:TrackPointExtension>
        </extensions>
      </trkpt>
      <trkpt lat="25.08482194505631923675537109375" lon="102.7228210866451263427734375">
        <ele>1897</ele>
        <time>2026-09-11T23:23:48.000Z</time>
        <extensions>
          <ns3:TrackPointExtension>
            <ns3:hr>134</ns3:hr>
            <ns3:cad>93</ns3:cad>
          </ns3:TrackPointExtension>
        </extensions>
      </trkpt>
      <trkpt lat="25.08479160256683826446533203125" lon="102.722810693085193634033203125">
        <ele>1897</ele>
        <time>2026-09-11T23:23:49.000Z</time>
        <extensions>
          <ns3:TrackPointExtension>
            <ns3:hr>133</ns3:hr>
            <ns3:cad>95</ns3:cad>
          </ns3:TrackPointExtension>
        </extensions>
      </trkpt>
      <trkpt lat="25.08476695977151393890380859375" lon="102.72280809469521045684814453125">
        <ele>1897</ele>
        <time>2026-09-11T23:23:50.000Z</time>
        <extensions>
          <ns3:TrackPointExtension>
            <ns3:hr>134</ns3:hr>
            <ns3:cad>97</ns3:cad>
          </ns3:TrackPointExtension>
        </extensions>
      </trkpt>
      <trkpt lat="25.084742568433284759521484375" lon="102.72279493510723114013671875">
        <ele>1897</ele>
        <time>2026-09-11T23:23:51.000Z</time>
        <extensions>
          <ns3:TrackPointExtension>
            <ns3:hr>134</ns3:hr>
            <ns3:cad>97</ns3:cad>
          </ns3:TrackPointExtension>
        </extensions>
      </trkpt>
      <trkpt lat="25.084713399410247802734375" lon="102.72278831340372562408447265625">
        <ele>1896.800048828125</ele>
        <time>2026-09-11T23:23:52.000Z</time>
        <extensions>
          <ns3:TrackPointExtension>
            <ns3:hr>134</ns3:hr>
            <ns3:cad>96</ns3:cad>
          </ns3:TrackPointExtension>
        </extensions>
      </trkpt>
      <trkpt lat="25.084692277014255523681640625" lon="102.72278328426182270050048828125">
        <ele>1896.800048828125</ele>
        <time>2026-09-11T23:23:53.000Z</time>
        <extensions>
          <ns3:TrackPointExtension>
            <ns3:hr>133</ns3:hr>
            <ns3:cad>96</ns3:cad>
          </ns3:TrackPointExtension>
        </extensions>
      </trkpt>
      <trkpt lat="25.08466176688671112060546875" lon="102.7227769978344440460205078125">
        <ele>1897</ele>
        <time>2026-09-11T23:23:54.000Z</time>
        <extensions>
          <ns3:TrackPointExtension>
            <ns3:hr>134</ns3:hr>
            <ns3:cad>97</ns3:cad>
          </ns3:TrackPointExtension>
        </extensions>
      </trkpt>
      <trkpt lat="25.0846341066062450408935546875" lon="102.7227706275880336761474609375">
        <ele>1897</ele>
        <time>2026-09-11T23:23:55.000Z</time>
        <extensions>
          <ns3:TrackPointExtension>
            <ns3:hr>134</ns3:hr>
            <ns3:cad>97</ns3:cad>
          </ns3:TrackPointExtension>
        </extensions>
      </trkpt>
      <trkpt lat="25.084608457982540130615234375" lon="102.72275947965681552886962890625">
        <ele>1897</ele>
        <time>2026-09-11T23:23:56.000Z</time>
        <extensions>
          <ns3:TrackPointExtension>
            <ns3:hr>133</ns3:hr>
            <ns3:cad>97</ns3:cad>
          </ns3:TrackPointExtension>
        </extensions>
      </trkpt>
      <trkpt lat="25.0845774449408054351806640625" lon="102.7227498404681682586669921875">
        <ele>1897</ele>
        <time>2026-09-11T23:23:57.000Z</time>
        <extensions>
          <ns3:TrackPointExtension>
            <ns3:hr>133</ns3:hr>
            <ns3:cad>95</ns3:cad>
          </ns3:TrackPointExtension>
        </extensions>
      </trkpt>
      <trkpt lat="25.08455154486000537872314453125" lon="102.7227406203746795654296875">
        <ele>1897</ele>
        <time>2026-09-11T23:23:58.000Z</time>
        <extensions>
          <ns3:TrackPointExtension>
            <ns3:hr>133</ns3:hr>
            <ns3:cad>95</ns3:cad>
          </ns3:TrackPointExtension>
        </extensions>
      </trkpt>
      <trkpt lat="25.0845187716186046600341796875" lon="102.7227298915386199951171875">
        <ele>1897</ele>
        <time>2026-09-11T23:23:59.000Z</time>
        <extensions>
          <ns3:TrackPointExtension>
            <ns3:hr>133</ns3:hr>
            <ns3:cad>95</ns3:cad>
          </ns3:TrackPointExtension>
        </extensions>
      </trkpt>
      <trkpt lat="25.08449010550975799560546875" lon="102.72271924652159214019775390625">
        <ele>1897</ele>
        <time>2026-09-11T23:24:00.000Z</time>
        <extensions>
          <ns3:TrackPointExtension>
            <ns3:hr>134</ns3:hr>
            <ns3:cad>96</ns3:cad>
          </ns3:TrackPointExtension>
        </extensions>
      </trkpt>
      <trkpt lat="25.084461271762847900390625" lon="102.72270499728620052337646484375">
        <ele>1897</ele>
        <time>2026-09-11T23:24:01.000Z</time>
        <extensions>
          <ns3:TrackPointExtension>
            <ns3:hr>133</ns3:hr>
            <ns3:cad>96</ns3:cad>
          </ns3:TrackPointExtension>
        </extensions>
      </trkpt>
      <trkpt lat="25.08443185128271579742431640625" lon="102.7226958610117435455322265625">
        <ele>1897</ele>
        <time>2026-09-11T23:24:02.000Z</time>
        <extensions>
          <ns3:TrackPointExtension>
            <ns3:hr>133</ns3:hr>
            <ns3:cad>96</ns3:cad>
          </ns3:TrackPointExtension>
        </extensions>
      </trkpt>
      <trkpt lat="25.08440637029707431793212890625" lon="102.7226921729743480682373046875">
        <ele>1897</ele>
        <time>2026-09-11T23:24:03.000Z</time>
        <extensions>
          <ns3:TrackPointExtension>
            <ns3:hr>133</ns3:hr>
            <ns3:cad>96</ns3:cad>
          </ns3:TrackPointExtension>
        </extensions>
      </trkpt>
      <trkpt lat="25.084373094141483306884765625" lon="102.72268387489020824432373046875">
        <ele>1897</ele>
        <time>2026-09-11T23:24:04.000Z</time>
        <extensions>
          <ns3:TrackPointExtension>
            <ns3:hr>133</ns3:hr>
            <ns3:cad>96</ns3:cad>
          </ns3:TrackPointExtension>
        </extensions>
      </trkpt>
      <trkpt lat="25.0843437574803829193115234375" lon="102.7226774208247661590576171875">
        <ele>1897</ele>
        <time>2026-09-11T23:24:05.000Z</time>
        <extensions>
          <ns3:TrackPointExtension>
            <ns3:hr>133</ns3:hr>
            <ns3:cad>95</ns3:cad>
          </ns3:TrackPointExtension>
        </extensions>
      </trkpt>
      <trkpt lat="25.08431819267570972442626953125" lon="102.72266208194196224212646484375">
        <ele>1897</ele>
        <time>2026-09-11T23:24:06.000Z</time>
        <extensions>
          <ns3:TrackPointExtension>
            <ns3:hr>133</ns3:hr>
            <ns3:cad>95</ns3:cad>
          </ns3:TrackPointExtension>
        </extensions>
      </trkpt>
      <trkpt lat="25.08428248576819896697998046875" lon="102.722654454410076141357421875">
        <ele>1896.800048828125</ele>
        <time>2026-09-11T23:24:07.000Z</time>
        <extensions>
          <ns3:TrackPointExtension>
            <ns3:hr>133</ns3:hr>
            <ns3:cad>96</ns3:cad>
          </ns3:TrackPointExtension>
        </extensions>
      </trkpt>
      <trkpt lat="25.0842549093067646026611328125" lon="102.722653113305568695068359375">
        <ele>1896.800048828125</ele>
        <time>2026-09-11T23:24:08.000Z</time>
        <extensions>
          <ns3:TrackPointExtension>
            <ns3:hr>133</ns3:hr>
            <ns3:cad>96</ns3:cad>
          </ns3:TrackPointExtension>
        </extensions>
      </trkpt>
      <trkpt lat="25.084221549332141876220703125" lon="102.7226505987346172332763671875">
        <ele>1896.800048828125</ele>
        <time>2026-09-11T23:24:09.000Z</time>
        <extensions>
          <ns3:TrackPointExtension>
            <ns3:hr>134</ns3:hr>
            <ns3:cad>96</ns3:cad>
          </ns3:TrackPointExtension>
        </extensions>
      </trkpt>
      <trkpt lat="25.0841938890516757965087890625" lon="102.72264540195465087890625">
        <ele>1896.800048828125</ele>
        <time>2026-09-11T23:24:10.000Z</time>
        <extensions>
          <ns3:TrackPointExtension>
            <ns3:hr>134</ns3:hr>
            <ns3:cad>96</ns3:cad>
          </ns3:TrackPointExtension>
        </extensions>
      </trkpt>
      <trkpt lat="25.08417083881795406341552734375" lon="102.72262620739638805389404296875">
        <ele>1896.800048828125</ele>
        <time>2026-09-11T23:24:11.000Z</time>
        <extensions>
          <ns3:TrackPointExtension>
            <ns3:hr>134</ns3:hr>
            <ns3:cad>96</ns3:cad>
          </ns3:TrackPointExtension>
        </extensions>
      </trkpt>
      <trkpt lat="25.08414016105234622955322265625" lon="102.72260441444814205169677734375">
        <ele>1896.800048828125</ele>
        <time>2026-09-11T23:24:12.000Z</time>
        <extensions>
          <ns3:TrackPointExtension>
            <ns3:hr>133</ns3:hr>
            <ns3:cad>96</ns3:cad>
          </ns3:TrackPointExtension>
        </extensions>
      </trkpt>
      <trkpt lat="25.08411719463765621185302734375" lon="102.72258647717535495758056640625">
        <ele>1896.800048828125</ele>
        <time>2026-09-11T23:24:13.000Z</time>
        <extensions>
          <ns3:TrackPointExtension>
            <ns3:hr>134</ns3:hr>
            <ns3:cad>96</ns3:cad>
          </ns3:TrackPointExtension>
        </extensions>
      </trkpt>
      <trkpt lat="25.08408375084400177001953125" lon="102.722566612064838409423828125">
        <ele>1896.5999755859375</ele>
        <time>2026-09-11T23:24:14.000Z</time>
        <extensions>
          <ns3:TrackPointExtension>
            <ns3:hr>134</ns3:hr>
            <ns3:cad>96</ns3:cad>
          </ns3:TrackPointExtension>
        </extensions>
      </trkpt>
      <trkpt lat="25.08405282162129878997802734375" lon="102.72254473529756069183349609375">
        <ele>1896.4000244140625</ele>
        <time>2026-09-11T23:24:15.000Z</time>
        <extensions>
          <ns3:TrackPointExtension>
            <ns3:hr>134</ns3:hr>
            <ns3:cad>96</ns3:cad>
          </ns3:TrackPointExtension>
        </extensions>
      </trkpt>
      <trkpt lat="25.08403404615819454193115234375" lon="102.72252243943512439727783203125">
        <ele>1896.199951171875</ele>
        <time>2026-09-11T23:24:16.000Z</time>
        <extensions>
          <ns3:TrackPointExtension>
            <ns3:hr>134</ns3:hr>
            <ns3:cad>96</ns3:cad>
          </ns3:TrackPointExtension>
        </extensions>
      </trkpt>
      <trkpt lat="25.08400957100093364715576171875" lon="102.72249863483011722564697265625">
        <ele>1896</ele>
        <time>2026-09-11T23:24:17.000Z</time>
        <extensions>
          <ns3:TrackPointExtension>
            <ns3:hr>134</ns3:hr>
            <ns3:cad>96</ns3:cad>
          </ns3:TrackPointExtension>
        </extensions>
      </trkpt>
      <trkpt lat="25.0839860178530216217041015625" lon="102.72247483022511005401611328125">
        <ele>1895.5999755859375</ele>
        <time>2026-09-11T23:24:18.000Z</time>
        <extensions>
          <ns3:TrackPointExtension>
            <ns3:hr>134</ns3:hr>
            <ns3:cad>96</ns3:cad>
          </ns3:TrackPointExtension>
        </extensions>
      </trkpt>
      <trkpt lat="25.083960033953189849853515625" lon="102.722449265420436859130859375">
        <ele>1895.4000244140625</ele>
        <time>2026-09-11T23:24:19.000Z</time>
        <extensions>
          <ns3:TrackPointExtension>
            <ns3:hr>134</ns3:hr>
            <ns3:cad>96</ns3:cad>
          </ns3:TrackPointExtension>
        </extensions>
      </trkpt>
      <trkpt lat="25.08393329568207263946533203125" lon="102.7224236167967319488525390625">
        <ele>1895.199951171875</ele>
        <time>2026-09-11T23:24:20.000Z</time>
        <extensions>
          <ns3:TrackPointExtension>
            <ns3:hr>134</ns3:hr>
            <ns3:cad>98</ns3:cad>
          </ns3:TrackPointExtension>
        </extensions>
      </trkpt>
      <trkpt lat="25.083905719220638275146484375" lon="102.72239754907786846160888671875">
        <ele>1895.199951171875</ele>
        <time>2026-09-11T23:24:21.000Z</time>
        <extensions>
          <ns3:TrackPointExtension>
            <ns3:hr>134</ns3:hr>
            <ns3:cad>100</ns3:cad>
          </ns3:TrackPointExtension>
        </extensions>
      </trkpt>
      <trkpt lat="25.0838792324066162109375" lon="102.7223723195493221282958984375">
        <ele>1895.199951171875</ele>
        <time>2026-09-11T23:24:22.000Z</time>
        <extensions>
          <ns3:TrackPointExtension>
            <ns3:hr>134</ns3:hr>
            <ns3:cad>100</ns3:cad>
          </ns3:TrackPointExtension>
        </extensions>
      </trkpt>
      <trkpt lat="25.08385517634451389312744140625" lon="102.72234960459172725677490234375">
        <ele>1895.199951171875</ele>
        <time>2026-09-11T23:24:23.000Z</time>
        <extensions>
          <ns3:TrackPointExtension>
            <ns3:hr>134</ns3:hr>
            <ns3:cad>100</ns3:cad>
          </ns3:TrackPointExtension>
        </extensions>
      </trkpt>
      <trkpt lat="25.083833970129489898681640625" lon="102.72232613526284694671630859375">
        <ele>1895.4000244140625</ele>
        <time>2026-09-11T23:24:24.000Z</time>
        <extensions>
          <ns3:TrackPointExtension>
            <ns3:hr>134</ns3:hr>
            <ns3:cad>100</ns3:cad>
          </ns3:TrackPointExtension>
        </extensions>
      </trkpt>
      <trkpt lat="25.0838150270283222198486328125" lon="102.72231725044548511505126953125">
        <ele>1895.4000244140625</ele>
        <time>2026-09-11T23:24:25.000Z</time>
        <extensions>
          <ns3:TrackPointExtension>
            <ns3:hr>134</ns3:hr>
            <ns3:cad>100</ns3:cad>
          </ns3:TrackPointExtension>
        </extensions>
      </trkpt>
      <trkpt lat="25.083783008158206939697265625" lon="102.72230098955333232879638671875">
        <ele>1895.4000244140625</ele>
        <time>2026-09-11T23:24:26.000Z</time>
        <extensions>
          <ns3:TrackPointExtension>
            <ns3:hr>134</ns3:hr>
            <ns3:cad>100</ns3:cad>
          </ns3:TrackPointExtension>
        </extensions>
      </trkpt>
      <trkpt lat="25.08375115692615509033203125" lon="102.7222774364054203033447265625">
        <ele>1895.4000244140625</ele>
        <time>2026-09-11T23:24:27.000Z</time>
        <extensions>
          <ns3:TrackPointExtension>
            <ns3:hr>133</ns3:hr>
            <ns3:cad>100</ns3:cad>
          </ns3:TrackPointExtension>
        </extensions>
      </trkpt>
      <trkpt lat="25.08372701704502105712890625" lon="102.7222657017409801483154296875">
        <ele>1895.5999755859375</ele>
        <time>2026-09-11T23:24:28.000Z</time>
        <extensions>
          <ns3:TrackPointExtension>
            <ns3:hr>134</ns3:hr>
            <ns3:cad>100</ns3:cad>
          </ns3:TrackPointExtension>
        </extensions>
      </trkpt>
      <trkpt lat="25.083703212440013885498046875" lon="102.72223896346986293792724609375">
        <ele>1895.5999755859375</ele>
        <time>2026-09-11T23:24:29.000Z</time>
        <extensions>
          <ns3:TrackPointExtension>
            <ns3:hr>135</ns3:hr>
            <ns3:cad>95</ns3:cad>
          </ns3:TrackPointExtension>
        </extensions>
      </trkpt>
      <trkpt lat="25.08368066512048244476318359375" lon="102.7222197689116001129150390625">
        <ele>1895.800048828125</ele>
        <time>2026-09-11T23:24:30.000Z</time>
        <extensions>
          <ns3:TrackPointExtension>
            <ns3:hr>135</ns3:hr>
            <ns3:cad>95</ns3:cad>
          </ns3:TrackPointExtension>
        </extensions>
      </trkpt>
      <trkpt lat="25.08365820161998271942138671875" lon="102.72219772450625896453857421875">
        <ele>1896</ele>
        <time>2026-09-11T23:24:31.000Z</time>
        <extensions>
          <ns3:TrackPointExtension>
            <ns3:hr>136</ns3:hr>
            <ns3:cad>95</ns3:cad>
          </ns3:TrackPointExtension>
        </extensions>
      </trkpt>
      <trkpt lat="25.0836336426436901092529296875" lon="102.722181044518947601318359375">
        <ele>1896.199951171875</ele>
        <time>2026-09-11T23:24:32.000Z</time>
        <extensions>
          <ns3:TrackPointExtension>
            <ns3:hr>137</ns3:hr>
            <ns3:cad>94</ns3:cad>
          </ns3:TrackPointExtension>
        </extensions>
      </trkpt>
      <trkpt lat="25.08361411280930042266845703125" lon="102.72216000594198703765869140625">
        <ele>1896.199951171875</ele>
        <time>2026-09-11T23:24:33.000Z</time>
        <extensions>
          <ns3:TrackPointExtension>
            <ns3:hr>137</ns3:hr>
            <ns3:cad>94</ns3:cad>
          </ns3:TrackPointExtension>
        </extensions>
      </trkpt>
      <trkpt lat="25.08359299041330814361572265625" lon="102.72213553078472614288330078125">
        <ele>1896.199951171875</ele>
        <time>2026-09-11T23:24:34.000Z</time>
        <extensions>
          <ns3:TrackPointExtension>
            <ns3:hr>137</ns3:hr>
            <ns3:cad>94</ns3:cad>
          </ns3:TrackPointExtension>
        </extensions>
      </trkpt>
      <trkpt lat="25.0835753045976161956787109375" lon="102.72212077863514423370361328125">
        <ele>1896.4000244140625</ele>
        <time>2026-09-11T23:24:35.000Z</time>
        <extensions>
          <ns3:TrackPointExtension>
            <ns3:hr>137</ns3:hr>
            <ns3:cad>94</ns3:cad>
          </ns3:TrackPointExtension>
        </extensions>
      </trkpt>
      <trkpt lat="25.0835508294403553009033203125" lon="102.7221000753343105316162109375">
        <ele>1896.4000244140625</ele>
        <time>2026-09-11T23:24:36.000Z</time>
        <extensions>
          <ns3:TrackPointExtension>
            <ns3:hr>138</ns3:hr>
            <ns3:cad>94</ns3:cad>
          </ns3:TrackPointExtension>
        </extensions>
      </trkpt>
      <trkpt lat="25.083528868854045867919921875" lon="102.7220896817743778228759765625">
        <ele>1896.4000244140625</ele>
        <time>2026-09-11T23:24:37.000Z</time>
        <extensions>
          <ns3:TrackPointExtension>
            <ns3:hr>138</ns3:hr>
            <ns3:cad>94</ns3:cad>
          </ns3:TrackPointExtension>
        </extensions>
      </trkpt>
      <trkpt lat="25.08350783027708530426025390625" lon="102.72206931374967098236083984375">
        <ele>1896.4000244140625</ele>
        <time>2026-09-11T23:24:38.000Z</time>
        <extensions>
          <ns3:TrackPointExtension>
            <ns3:hr>138</ns3:hr>
            <ns3:cad>94</ns3:cad>
          </ns3:TrackPointExtension>
        </extensions>
      </trkpt>
      <trkpt lat="25.08348586969077587127685546875" lon="102.722047604620456695556640625">
        <ele>1896.4000244140625</ele>
        <time>2026-09-11T23:24:39.000Z</time>
        <extensions>
          <ns3:TrackPointExtension>
            <ns3:hr>138</ns3:hr>
            <ns3:cad>94</ns3:cad>
          </ns3:TrackPointExtension>
        </extensions>
      </trkpt>
      <trkpt lat="25.08346893824636936187744140625" lon="102.7220279909670352935791015625">
        <ele>1896.4000244140625</ele>
        <time>2026-09-11T23:24:40.000Z</time>
        <extensions>
          <ns3:TrackPointExtension>
            <ns3:hr>138</ns3:hr>
            <ns3:cad>94</ns3:cad>
          </ns3:TrackPointExtension>
        </extensions>
      </trkpt>
      <trkpt lat="25.0834438763558864593505859375" lon="102.72200108505785465240478515625">
        <ele>1896.4000244140625</ele>
        <time>2026-09-11T23:24:41.000Z</time>
        <extensions>
          <ns3:TrackPointExtension>
            <ns3:hr>138</ns3:hr>
            <ns3:cad>94</ns3:cad>
          </ns3:TrackPointExtension>
        </extensions>
      </trkpt>
      <trkpt lat="25.0834240950644016265869140625" lon="102.7219854108989238739013671875">
        <ele>1896.4000244140625</ele>
        <time>2026-09-11T23:24:42.000Z</time>
        <extensions>
          <ns3:TrackPointExtension>
            <ns3:hr>138</ns3:hr>
            <ns3:cad>94</ns3:cad>
          </ns3:TrackPointExtension>
        </extensions>
      </trkpt>
      <trkpt lat="25.08340171538293361663818359375" lon="102.7219609357416629791259765625">
        <ele>1896.4000244140625</ele>
        <time>2026-09-11T23:24:43.000Z</time>
        <extensions>
          <ns3:TrackPointExtension>
            <ns3:hr>138</ns3:hr>
            <ns3:cad>94</ns3:cad>
          </ns3:TrackPointExtension>
        </extensions>
      </trkpt>
      <trkpt lat="25.08337925188243389129638671875" lon="102.7219413220882415771484375">
        <ele>1896.4000244140625</ele>
        <time>2026-09-11T23:24:44.000Z</time>
        <extensions>
          <ns3:TrackPointExtension>
            <ns3:hr>138</ns3:hr>
            <ns3:cad>94</ns3:cad>
          </ns3:TrackPointExtension>
        </extensions>
      </trkpt>
      <trkpt lat="25.0833620689809322357177734375" lon="102.72192229516804218292236328125">
        <ele>1896.4000244140625</ele>
        <time>2026-09-11T23:24:45.000Z</time>
        <extensions>
          <ns3:TrackPointExtension>
            <ns3:hr>138</ns3:hr>
            <ns3:cad>95</ns3:cad>
          </ns3:TrackPointExtension>
        </extensions>
      </trkpt>
      <trkpt lat="25.08333868347108364105224609375" lon="102.72189832292497158050537109375">
        <ele>1896.4000244140625</ele>
        <time>2026-09-11T23:24:46.000Z</time>
        <extensions>
          <ns3:TrackPointExtension>
            <ns3:hr>138</ns3:hr>
            <ns3:cad>95</ns3:cad>
          </ns3:TrackPointExtension>
        </extensions>
      </trkpt>
      <trkpt lat="25.0833184830844402313232421875" lon="102.7218854986131191253662109375">
        <ele>1896.4000244140625</ele>
        <time>2026-09-11T23:24:47.000Z</time>
        <extensions>
          <ns3:TrackPointExtension>
            <ns3:hr>138</ns3:hr>
            <ns3:cad>95</ns3:cad>
          </ns3:TrackPointExtension>
        </extensions>
      </trkpt>
      <trkpt lat="25.08329786360263824462890625" lon="102.72186278365552425384521484375">
        <ele>1896.5999755859375</ele>
        <time>2026-09-11T23:24:48.000Z</time>
        <extensions>
          <ns3:TrackPointExtension>
            <ns3:hr>138</ns3:hr>
            <ns3:cad>96</ns3:cad>
          </ns3:TrackPointExtension>
        </extensions>
      </trkpt>
      <trkpt lat="25.08327716030180454254150390625" lon="102.7218445949256420135498046875">
        <ele>1896.5999755859375</ele>
        <time>2026-09-11T23:24:49.000Z</time>
        <extensions>
          <ns3:TrackPointExtension>
            <ns3:hr>137</ns3:hr>
            <ns3:cad>96</ns3:cad>
          </ns3:TrackPointExtension>
        </extensions>
      </trkpt>
      <trkpt lat="25.08326224051415920257568359375" lon="102.721821628510951995849609375">
        <ele>1896.5999755859375</ele>
        <time>2026-09-11T23:24:50.000Z</time>
        <extensions>
          <ns3:TrackPointExtension>
            <ns3:hr>137</ns3:hr>
            <ns3:cad>95</ns3:cad>
          </ns3:TrackPointExtension>
        </extensions>
      </trkpt>
      <trkpt lat="25.0832427106797695159912109375" lon="102.72179983556270599365234375">
        <ele>1896.800048828125</ele>
        <time>2026-09-11T23:24:51.000Z</time>
        <extensions>
          <ns3:TrackPointExtension>
            <ns3:hr>137</ns3:hr>
            <ns3:cad>95</ns3:cad>
          </ns3:TrackPointExtension>
        </extensions>
      </trkpt>
      <trkpt lat="25.0832266174256801605224609375" lon="102.72178231738507747650146484375">
        <ele>1896.800048828125</ele>
        <time>2026-09-11T23:24:52.000Z</time>
        <extensions>
          <ns3:TrackPointExtension>
            <ns3:hr>137</ns3:hr>
            <ns3:cad>95</ns3:cad>
          </ns3:TrackPointExtension>
        </extensions>
      </trkpt>
      <trkpt lat="25.08320708759129047393798828125" lon="102.72175717167556285858154296875">
        <ele>1896.800048828125</ele>
        <time>2026-09-11T23:24:53.000Z</time>
        <extensions>
          <ns3:TrackPointExtension>
            <ns3:hr>137</ns3:hr>
            <ns3:cad>94</ns3:cad>
          </ns3:TrackPointExtension>
        </extensions>
      </trkpt>
      <trkpt lat="25.0831907428801059722900390625" lon="102.72173973731696605682373046875">
        <ele>1896.800048828125</ele>
        <time>2026-09-11T23:24:54.000Z</time>
        <extensions>
          <ns3:TrackPointExtension>
            <ns3:hr>136</ns3:hr>
            <ns3:cad>94</ns3:cad>
          </ns3:TrackPointExtension>
        </extensions>
      </trkpt>
      <trkpt lat="25.083171464502811431884765625" lon="102.72171760909259319305419921875">
        <ele>1897</ele>
        <time>2026-09-11T23:24:55.000Z</time>
        <extensions>
          <ns3:TrackPointExtension>
            <ns3:hr>137</ns3:hr>
            <ns3:cad>94</ns3:cad>
          </ns3:TrackPointExtension>
        </extensions>
      </trkpt>
      <trkpt lat="25.0831501744687557220458984375" lon="102.7216960676014423370361328125">
        <ele>1897</ele>
        <time>2026-09-11T23:24:56.000Z</time>
        <extensions>
          <ns3:TrackPointExtension>
            <ns3:hr>137</ns3:hr>
            <ns3:cad>94</ns3:cad>
          </ns3:TrackPointExtension>
        </extensions>
      </trkpt>
      <trkpt lat="25.08313600905239582061767578125" lon="102.7216749452054500579833984375">
        <ele>1897</ele>
        <time>2026-09-11T23:24:57.000Z</time>
        <extensions>
          <ns3:TrackPointExtension>
            <ns3:hr>136</ns3:hr>
            <ns3:cad>95</ns3:cad>
          </ns3:TrackPointExtension>
        </extensions>
      </trkpt>
      <trkpt lat="25.083114802837371826171875" lon="102.7216504700481891632080078125">
        <ele>1897</ele>
        <time>2026-09-11T23:24:58.000Z</time>
        <extensions>
          <ns3:TrackPointExtension>
            <ns3:hr>136</ns3:hr>
            <ns3:cad>95</ns3:cad>
          </ns3:TrackPointExtension>
        </extensions>
      </trkpt>
      <trkpt lat="25.08309627883136272430419921875" lon="102.72163295187056064605712890625">
        <ele>1897</ele>
        <time>2026-09-11T23:24:59.000Z</time>
        <extensions>
          <ns3:TrackPointExtension>
            <ns3:hr>136</ns3:hr>
            <ns3:cad>95</ns3:cad>
          </ns3:TrackPointExtension>
        </extensions>
      </trkpt>
      <trkpt lat="25.0830747373402118682861328125" lon="102.7216055430471897125244140625">
        <ele>1897</ele>
        <time>2026-09-11T23:25:00.000Z</time>
        <extensions>
          <ns3:TrackPointExtension>
            <ns3:hr>137</ns3:hr>
            <ns3:cad>95</ns3:cad>
          </ns3:TrackPointExtension>
        </extensions>
      </trkpt>
      <trkpt lat="25.08305353112518787384033203125" lon="102.72158483974635601043701171875">
        <ele>1897.199951171875</ele>
        <time>2026-09-11T23:25:01.000Z</time>
        <extensions>
          <ns3:TrackPointExtension>
            <ns3:hr>136</ns3:hr>
            <ns3:cad>95</ns3:cad>
          </ns3:TrackPointExtension>
        </extensions>
      </trkpt>
      <trkpt lat="25.0830348394811153411865234375" lon="102.7215552516281604766845703125">
        <ele>1897.199951171875</ele>
        <time>2026-09-11T23:25:02.000Z</time>
        <extensions>
          <ns3:TrackPointExtension>
            <ns3:hr>136</ns3:hr>
            <ns3:cad>95</ns3:cad>
          </ns3:TrackPointExtension>
        </extensions>
      </trkpt>
      <trkpt lat="25.083014555275440216064453125" lon="102.7215237356722354888916015625">
        <ele>1897.199951171875</ele>
        <time>2026-09-11T23:25:03.000Z</time>
        <extensions>
          <ns3:TrackPointExtension>
            <ns3:hr>136</ns3:hr>
            <ns3:cad>95</ns3:cad>
          </ns3:TrackPointExtension>
        </extensions>
      </trkpt>
      <trkpt lat="25.08299519307911396026611328125" lon="102.72150035016238689422607421875">
        <ele>1897.199951171875</ele>
        <time>2026-09-11T23:25:04.000Z</time>
        <extensions>
          <ns3:TrackPointExtension>
            <ns3:hr>136</ns3:hr>
            <ns3:cad>96</ns3:cad>
          </ns3:TrackPointExtension>
        </extensions>
      </trkpt>
      <trkpt lat="25.08297323249280452728271484375" lon="102.721470929682254791259765625">
        <ele>1897.199951171875</ele>
        <time>2026-09-11T23:25:05.000Z</time>
        <extensions>
          <ns3:TrackPointExtension>
            <ns3:hr>136</ns3:hr>
            <ns3:cad>96</ns3:cad>
          </ns3:TrackPointExtension>
        </extensions>
      </trkpt>
      <trkpt lat="25.082952864468097686767578125" lon="102.7214424312114715576171875">
        <ele>1897.199951171875</ele>
        <time>2026-09-11T23:25:06.000Z</time>
        <extensions>
          <ns3:TrackPointExtension>
            <ns3:hr>136</ns3:hr>
            <ns3:cad>95</ns3:cad>
          </ns3:TrackPointExtension>
        </extensions>
      </trkpt>
      <trkpt lat="25.08294004015624523162841796875" lon="102.7214129269123077392578125">
        <ele>1897.199951171875</ele>
        <time>2026-09-11T23:25:07.000Z</time>
        <extensions>
          <ns3:TrackPointExtension>
            <ns3:hr>136</ns3:hr>
            <ns3:cad>95</ns3:cad>
          </ns3:TrackPointExtension>
        </extensions>
      </trkpt>
      <trkpt lat="25.082921683788299560546875" lon="102.72137872874736785888671875">
        <ele>1897.199951171875</ele>
        <time>2026-09-11T23:25:08.000Z</time>
        <extensions>
          <ns3:TrackPointExtension>
            <ns3:hr>137</ns3:hr>
            <ns3:cad>95</ns3:cad>
          </ns3:TrackPointExtension>
        </extensions>
      </trkpt>
      <trkpt lat="25.0828988850116729736328125" lon="102.7213592827320098876953125">
        <ele>1897.199951171875</ele>
        <time>2026-09-11T23:25:09.000Z</time>
        <extensions>
          <ns3:TrackPointExtension>
            <ns3:hr>137</ns3:hr>
            <ns3:cad>97</ns3:cad>
          </ns3:TrackPointExtension>
        </extensions>
      </trkpt>
      <trkpt lat="25.08287969045341014862060546875" lon="102.7213299460709095001220703125">
        <ele>1897.199951171875</ele>
        <time>2026-09-11T23:25:10.000Z</time>
        <extensions>
          <ns3:TrackPointExtension>
            <ns3:hr>137</ns3:hr>
            <ns3:cad>97</ns3:cad>
          </ns3:TrackPointExtension>
        </extensions>
      </trkpt>
      <trkpt lat="25.0828611664474010467529296875" lon="102.72130421362817287445068359375">
        <ele>1897.199951171875</ele>
        <time>2026-09-11T23:25:11.000Z</time>
        <extensions>
          <ns3:TrackPointExtension>
            <ns3:hr>137</ns3:hr>
            <ns3:cad>95</ns3:cad>
          </ns3:TrackPointExtension>
        </extensions>
      </trkpt>
      <trkpt lat="25.08284901268780231475830078125" lon="102.72127739153802394866943359375">
        <ele>1897.199951171875</ele>
        <time>2026-09-11T23:25:12.000Z</time>
        <extensions>
          <ns3:TrackPointExtension>
            <ns3:hr>137</ns3:hr>
            <ns3:cad>95</ns3:cad>
          </ns3:TrackPointExtension>
        </extensions>
      </trkpt>
      <trkpt lat="25.0828296504914760589599609375" lon="102.7212451212108135223388671875">
        <ele>1897.4000244140625</ele>
        <time>2026-09-11T23:25:13.000Z</time>
        <extensions>
          <ns3:TrackPointExtension>
            <ns3:hr>137</ns3:hr>
            <ns3:cad>95</ns3:cad>
          </ns3:TrackPointExtension>
        </extensions>
      </trkpt>
      <trkpt lat="25.08280961774289608001708984375" lon="102.72122056223452091217041015625">
        <ele>1897.4000244140625</ele>
        <time>2026-09-11T23:25:14.000Z</time>
        <extensions>
          <ns3:TrackPointExtension>
            <ns3:hr>137</ns3:hr>
            <ns3:cad>95</ns3:cad>
          </ns3:TrackPointExtension>
        </extensions>
      </trkpt>
      <trkpt lat="25.0827971287071704864501953125" lon="102.7211894653737545013427734375">
        <ele>1897.4000244140625</ele>
        <time>2026-09-11T23:25:15.000Z</time>
        <extensions>
          <ns3:TrackPointExtension>
            <ns3:hr>136</ns3:hr>
            <ns3:cad>95</ns3:cad>
          </ns3:TrackPointExtension>
        </extensions>
      </trkpt>
      <trkpt lat="25.0827817060053348541259765625" lon="102.7211554348468780517578125">
        <ele>1897.4000244140625</ele>
        <time>2026-09-11T23:25:16.000Z</time>
        <extensions>
          <ns3:TrackPointExtension>
            <ns3:hr>137</ns3:hr>
            <ns3:cad>97</ns3:cad>
          </ns3:TrackPointExtension>
        </extensions>
      </trkpt>
      <trkpt lat="25.08276485837996006011962890625" lon="102.72113271988928318023681640625">
        <ele>1897.5999755859375</ele>
        <time>2026-09-11T23:25:17.000Z</time>
        <extensions>
          <ns3:TrackPointExtension>
            <ns3:hr>137</ns3:hr>
            <ns3:cad>97</ns3:cad>
          </ns3:TrackPointExtension>
        </extensions>
      </trkpt>
      <trkpt lat="25.08274734020233154296875" lon="102.7211006172001361846923828125">
        <ele>1897.5999755859375</ele>
        <time>2026-09-11T23:25:18.000Z</time>
        <extensions>
          <ns3:TrackPointExtension>
            <ns3:hr>137</ns3:hr>
            <ns3:cad>97</ns3:cad>
          </ns3:TrackPointExtension>
        </extensions>
      </trkpt>
      <trkpt lat="25.08273233659565448760986328125" lon="102.72106952033936977386474609375">
        <ele>1897.5999755859375</ele>
        <time>2026-09-11T23:25:19.000Z</time>
        <extensions>
          <ns3:TrackPointExtension>
            <ns3:hr>136</ns3:hr>
            <ns3:cad>97</ns3:cad>
          </ns3:TrackPointExtension>
        </extensions>
      </trkpt>
      <trkpt lat="25.08271942846477031707763671875" lon="102.7210419438779354095458984375">
        <ele>1897.5999755859375</ele>
        <time>2026-09-11T23:25:20.000Z</time>
        <extensions>
          <ns3:TrackPointExtension>
            <ns3:hr>137</ns3:hr>
            <ns3:cad>97</ns3:cad>
          </ns3:TrackPointExtension>
        </extensions>
      </trkpt>
      <trkpt lat="25.0826977193355560302734375" lon="102.72100732661783695220947265625">
        <ele>1897.5999755859375</ele>
        <time>2026-09-11T23:25:21.000Z</time>
        <extensions>
          <ns3:TrackPointExtension>
            <ns3:hr>137</ns3:hr>
            <ns3:cad>97</ns3:cad>
          </ns3:TrackPointExtension>
        </extensions>
      </trkpt>
      <trkpt lat="25.08267693221569061279296875" lon="102.7209799177944660186767578125">
        <ele>1897.5999755859375</ele>
        <time>2026-09-11T23:25:22.000Z</time>
        <extensions>
          <ns3:TrackPointExtension>
            <ns3:hr>137</ns3:hr>
            <ns3:cad>97</ns3:cad>
          </ns3:TrackPointExtension>
        </extensions>
      </trkpt>
      <trkpt lat="25.08266829885542392730712890625" lon="102.7209490723907947540283203125">
        <ele>1897.5999755859375</ele>
        <time>2026-09-11T23:25:23.000Z</time>
        <extensions>
          <ns3:TrackPointExtension>
            <ns3:hr>136</ns3:hr>
            <ns3:cad>97</ns3:cad>
          </ns3:TrackPointExtension>
        </extensions>
      </trkpt>
      <trkpt lat="25.0826489366590976715087890625" lon="102.72091596387326717376708984375">
        <ele>1897.800048828125</ele>
        <time>2026-09-11T23:25:24.000Z</time>
        <extensions>
          <ns3:TrackPointExtension>
            <ns3:hr>137</ns3:hr>
            <ns3:cad>97</ns3:cad>
          </ns3:TrackPointExtension>
        </extensions>
      </trkpt>
      <trkpt lat="25.0826279819011688232421875" lon="102.72089182399213314056396484375">
        <ele>1897.800048828125</ele>
        <time>2026-09-11T23:25:25.000Z</time>
        <extensions>
          <ns3:TrackPointExtension>
            <ns3:hr>137</ns3:hr>
            <ns3:cad>99</ns3:cad>
          </ns3:TrackPointExtension>
        </extensions>
      </trkpt>
      <trkpt lat="25.082610882818698883056640625" lon="102.72086030803620815277099609375">
        <ele>1897.800048828125</ele>
        <time>2026-09-11T23:25:26.000Z</time>
        <extensions>
          <ns3:TrackPointExtension>
            <ns3:hr>138</ns3:hr>
            <ns3:cad>99</ns3:cad>
          </ns3:TrackPointExtension>
        </extensions>
      </trkpt>
      <trkpt lat="25.08259235881268978118896484375" lon="102.72082812152802944183349609375">
        <ele>1897.800048828125</ele>
        <time>2026-09-11T23:25:27.000Z</time>
        <extensions>
          <ns3:TrackPointExtension>
            <ns3:hr>138</ns3:hr>
            <ns3:cad>98</ns3:cad>
          </ns3:TrackPointExtension>
        </extensions>
      </trkpt>
      <trkpt lat="25.08257408626377582550048828125" lon="102.72080314345657825469970703125">
        <ele>1897.800048828125</ele>
        <time>2026-09-11T23:25:28.000Z</time>
        <extensions>
          <ns3:TrackPointExtension>
            <ns3:hr>138</ns3:hr>
            <ns3:cad>97</ns3:cad>
          </ns3:TrackPointExtension>
        </extensions>
      </trkpt>
      <trkpt lat="25.08255229331552982330322265625" lon="102.720770537853240966796875">
        <ele>1897.5999755859375</ele>
        <time>2026-09-11T23:25:29.000Z</time>
        <extensions>
          <ns3:TrackPointExtension>
            <ns3:hr>138</ns3:hr>
            <ns3:cad>97</ns3:cad>
          </ns3:TrackPointExtension>
        </extensions>
      </trkpt>
      <trkpt lat="25.082532428205013275146484375" lon="102.72074329666793346405029296875">
        <ele>1897.5999755859375</ele>
        <time>2026-09-11T23:25:30.000Z</time>
        <extensions>
          <ns3:TrackPointExtension>
            <ns3:hr>138</ns3:hr>
            <ns3:cad>99</ns3:cad>
          </ns3:TrackPointExtension>
        </extensions>
      </trkpt>
      <trkpt lat="25.08251591585576534271240234375" lon="102.72071354091167449951171875">
        <ele>1897.800048828125</ele>
        <time>2026-09-11T23:25:31.000Z</time>
        <extensions>
          <ns3:TrackPointExtension>
            <ns3:hr>138</ns3:hr>
            <ns3:cad>99</ns3:cad>
          </ns3:TrackPointExtension>
        </extensions>
      </trkpt>
      <trkpt lat="25.08249898441135883331298828125" lon="102.72067925892770290374755859375">
        <ele>1897.800048828125</ele>
        <time>2026-09-11T23:25:32.000Z</time>
        <extensions>
          <ns3:TrackPointExtension>
            <ns3:hr>138</ns3:hr>
            <ns3:cad>99</ns3:cad>
          </ns3:TrackPointExtension>
        </extensions>
      </trkpt>
      <trkpt lat="25.0824823044240474700927734375" lon="102.72064992226660251617431640625">
        <ele>1897.800048828125</ele>
        <time>2026-09-11T23:25:33.000Z</time>
        <extensions>
          <ns3:TrackPointExtension>
            <ns3:hr>138</ns3:hr>
            <ns3:cad>99</ns3:cad>
          </ns3:TrackPointExtension>
        </extensions>
      </trkpt>
      <trkpt lat="25.08246931247413158416748046875" lon="102.72061564028263092041015625">
        <ele>1897.800048828125</ele>
        <time>2026-09-11T23:25:34.000Z</time>
        <extensions>
          <ns3:TrackPointExtension>
            <ns3:hr>138</ns3:hr>
            <ns3:cad>99</ns3:cad>
          </ns3:TrackPointExtension>
        </extensions>
      </trkpt>
      <trkpt lat="25.0824548117816448211669921875" lon="102.72058135829865932464599609375">
        <ele>1897.800048828125</ele>
        <time>2026-09-11T23:25:35.000Z</time>
        <extensions>
          <ns3:TrackPointExtension>
            <ns3:hr>138</ns3:hr>
            <ns3:cad>98</ns3:cad>
          </ns3:TrackPointExtension>
        </extensions>
      </trkpt>
      <trkpt lat="25.0824387185275554656982421875" lon="102.72054950706660747528076171875">
        <ele>1898</ele>
        <time>2026-09-11T23:25:36.000Z</time>
        <extensions>
          <ns3:TrackPointExtension>
            <ns3:hr>139</ns3:hr>
            <ns3:cad>98</ns3:cad>
          </ns3:TrackPointExtension>
        </extensions>
      </trkpt>
      <trkpt lat="25.0824239663779735565185546875" lon="102.72051128558814525604248046875">
        <ele>1897.800048828125</ele>
        <time>2026-09-11T23:25:37.000Z</time>
        <extensions>
          <ns3:TrackPointExtension>
            <ns3:hr>139</ns3:hr>
            <ns3:cad>97</ns3:cad>
          </ns3:TrackPointExtension>
        </extensions>
      </trkpt>
      <trkpt lat="25.08240879513323307037353515625" lon="102.72047474049031734466552734375">
        <ele>1897.800048828125</ele>
        <time>2026-09-11T23:25:38.000Z</time>
        <extensions>
          <ns3:TrackPointExtension>
            <ns3:hr>139</ns3:hr>
            <ns3:cad>97</ns3:cad>
          </ns3:TrackPointExtension>
        </extensions>
      </trkpt>
      <trkpt lat="25.08239722810685634613037109375" lon="102.7204392850399017333984375">
        <ele>1897.800048828125</ele>
        <time>2026-09-11T23:25:39.000Z</time>
        <extensions>
          <ns3:TrackPointExtension>
            <ns3:hr>140</ns3:hr>
            <ns3:cad>97</ns3:cad>
          </ns3:TrackPointExtension>
        </extensions>
      </trkpt>
      <trkpt lat="25.08237811736762523651123046875" lon="102.72040265612304210662841796875">
        <ele>1897.800048828125</ele>
        <time>2026-09-11T23:25:40.000Z</time>
        <extensions>
          <ns3:TrackPointExtension>
            <ns3:hr>140</ns3:hr>
            <ns3:cad>97</ns3:cad>
          </ns3:TrackPointExtension>
        </extensions>
      </trkpt>
      <trkpt lat="25.0823579169809818267822265625" lon="102.7203723974525928497314453125">
        <ele>1897.800048828125</ele>
        <time>2026-09-11T23:25:41.000Z</time>
        <extensions>
          <ns3:TrackPointExtension>
            <ns3:hr>140</ns3:hr>
            <ns3:cad>97</ns3:cad>
          </ns3:TrackPointExtension>
        </extensions>
      </trkpt>
      <trkpt lat="25.08234090171754360198974609375" lon="102.72033627144992351531982421875">
        <ele>1897.800048828125</ele>
        <time>2026-09-11T23:25:42.000Z</time>
        <extensions>
          <ns3:TrackPointExtension>
            <ns3:hr>139</ns3:hr>
            <ns3:cad>97</ns3:cad>
          </ns3:TrackPointExtension>
        </extensions>
      </trkpt>
      <trkpt lat="25.08232313208281993865966796875" lon="102.72030073218047618865966796875">
        <ele>1897.800048828125</ele>
        <time>2026-09-11T23:25:43.000Z</time>
        <extensions>
          <ns3:TrackPointExtension>
            <ns3:hr>140</ns3:hr>
            <ns3:cad>97</ns3:cad>
          </ns3:TrackPointExtension>
        </extensions>
      </trkpt>
      <trkpt lat="25.08231156505644321441650390625" lon="102.72026938386261463165283203125">
        <ele>1897.800048828125</ele>
        <time>2026-09-11T23:25:44.000Z</time>
        <extensions>
          <ns3:TrackPointExtension>
            <ns3:hr>140</ns3:hr>
            <ns3:cad>97</ns3:cad>
          </ns3:TrackPointExtension>
        </extensions>
      </trkpt>
      <trkpt lat="25.08228935301303863525390625" lon="102.720231749117374420166015625">
        <ele>1897.5999755859375</ele>
        <time>2026-09-11T23:25:45.000Z</time>
        <extensions>
          <ns3:TrackPointExtension>
            <ns3:hr>140</ns3:hr>
            <ns3:cad>97</ns3:cad>
          </ns3:TrackPointExtension>
        </extensions>
      </trkpt>
      <trkpt lat="25.0822747685015201568603515625" lon="102.72020283155143260955810546875">
        <ele>1897.5999755859375</ele>
        <time>2026-09-11T23:25:46.000Z</time>
        <extensions>
          <ns3:TrackPointExtension>
            <ns3:hr>140</ns3:hr>
            <ns3:cad>97</ns3:cad>
          </ns3:TrackPointExtension>
        </extensions>
      </trkpt>
      <trkpt lat="25.0822670571506023406982421875" lon="102.72016704082489013671875">
        <ele>1897.5999755859375</ele>
        <time>2026-09-11T23:25:47.000Z</time>
        <extensions>
          <ns3:TrackPointExtension>
            <ns3:hr>140</ns3:hr>
            <ns3:cad>97</ns3:cad>
          </ns3:TrackPointExtension>
        </extensions>
      </trkpt>
      <trkpt lat="25.08225180208683013916015625" lon="102.720131836831569671630859375">
        <ele>1897.4000244140625</ele>
        <time>2026-09-11T23:25:48.000Z</time>
        <extensions>
          <ns3:TrackPointExtension>
            <ns3:hr>141</ns3:hr>
            <ns3:cad>97</ns3:cad>
          </ns3:TrackPointExtension>
        </extensions>
      </trkpt>
      <trkpt lat="25.08223612792789936065673828125" lon="102.72010342217981815338134765625">
        <ele>1897.4000244140625</ele>
        <time>2026-09-11T23:25:49.000Z</time>
        <extensions>
          <ns3:TrackPointExtension>
            <ns3:hr>141</ns3:hr>
            <ns3:cad>97</ns3:cad>
          </ns3:TrackPointExtension>
        </extensions>
      </trkpt>
      <trkpt lat="25.0822181068360805511474609375" lon="102.7200672961771488189697265625">
        <ele>1897.4000244140625</ele>
        <time>2026-09-11T23:25:50.000Z</time>
        <extensions>
          <ns3:TrackPointExtension>
            <ns3:hr>141</ns3:hr>
            <ns3:cad>97</ns3:cad>
          </ns3:TrackPointExtension>
        </extensions>
      </trkpt>
      <trkpt lat="25.08219673298299312591552734375" lon="102.7200361154973506927490234375">
        <ele>1897.4000244140625</ele>
        <time>2026-09-11T23:25:51.000Z</time>
        <extensions>
          <ns3:TrackPointExtension>
            <ns3:hr>141</ns3:hr>
            <ns3:cad>97</ns3:cad>
          </ns3:TrackPointExtension>
        </extensions>
      </trkpt>
      <trkpt lat="25.0821798853576183319091796875" lon="102.72000652737915515899658203125">
        <ele>1897.4000244140625</ele>
        <time>2026-09-11T23:25:52.000Z</time>
        <extensions>
          <ns3:TrackPointExtension>
            <ns3:hr>141</ns3:hr>
            <ns3:cad>97</ns3:cad>
          </ns3:TrackPointExtension>
        </extensions>
      </trkpt>
      <trkpt lat="25.08215717040002346038818359375" lon="102.71996998228132724761962890625">
        <ele>1897.4000244140625</ele>
        <time>2026-09-11T23:25:53.000Z</time>
        <extensions>
          <ns3:TrackPointExtension>
            <ns3:hr>141</ns3:hr>
            <ns3:cad>97</ns3:cad>
          </ns3:TrackPointExtension>
        </extensions>
      </trkpt>
      <trkpt lat="25.08213571272790431976318359375" lon="102.71994014270603656768798828125">
        <ele>1897.4000244140625</ele>
        <time>2026-09-11T23:25:54.000Z</time>
        <extensions>
          <ns3:TrackPointExtension>
            <ns3:hr>141</ns3:hr>
            <ns3:cad>97</ns3:cad>
          </ns3:TrackPointExtension>
        </extensions>
      </trkpt>
      <trkpt lat="25.0821188651025295257568359375" lon="102.71990862675011157989501953125">
        <ele>1897.4000244140625</ele>
        <time>2026-09-11T23:25:55.000Z</time>
        <extensions>
          <ns3:TrackPointExtension>
            <ns3:hr>141</ns3:hr>
            <ns3:cad>97</ns3:cad>
          </ns3:TrackPointExtension>
        </extensions>
      </trkpt>
      <trkpt lat="25.08210025727748870849609375" lon="102.719877026975154876708984375">
        <ele>1897.4000244140625</ele>
        <time>2026-09-11T23:25:56.000Z</time>
        <extensions>
          <ns3:TrackPointExtension>
            <ns3:hr>141</ns3:hr>
            <ns3:cad>97</ns3:cad>
          </ns3:TrackPointExtension>
        </extensions>
      </trkpt>
      <trkpt lat="25.0820850022137165069580078125" lon="102.71985364146530628204345703125">
        <ele>1897.4000244140625</ele>
        <time>2026-09-11T23:25:57.000Z</time>
        <extensions>
          <ns3:TrackPointExtension>
            <ns3:hr>142</ns3:hr>
            <ns3:cad>97</ns3:cad>
          </ns3:TrackPointExtension>
        </extensions>
      </trkpt>
      <trkpt lat="25.0820638798177242279052734375" lon="102.7198232151567935943603515625">
        <ele>1897.4000244140625</ele>
        <time>2026-09-11T23:25:58.000Z</time>
        <extensions>
          <ns3:TrackPointExtension>
            <ns3:hr>142</ns3:hr>
            <ns3:cad>97</ns3:cad>
          </ns3:TrackPointExtension>
        </extensions>
      </trkpt>
      <trkpt lat="25.08204401470720767974853515625" lon="102.7198004163801670074462890625">
        <ele>1897.4000244140625</ele>
        <time>2026-09-11T23:25:59.000Z</time>
        <extensions>
          <ns3:TrackPointExtension>
            <ns3:hr>142</ns3:hr>
            <ns3:cad>96</ns3:cad>
          </ns3:TrackPointExtension>
        </extensions>
      </trkpt>
      <trkpt lat="25.08202649652957916259765625" lon="102.71977250464260578155517578125">
        <ele>1897.4000244140625</ele>
        <time>2026-09-11T23:26:00.000Z</time>
        <extensions>
          <ns3:TrackPointExtension>
            <ns3:hr>143</ns3:hr>
            <ns3:cad>96</ns3:cad>
          </ns3:TrackPointExtension>
        </extensions>
      </trkpt>
      <trkpt lat="25.0820072181522846221923828125" lon="102.71974392235279083251953125">
        <ele>1897.4000244140625</ele>
        <time>2026-09-11T23:26:01.000Z</time>
        <extensions>
          <ns3:TrackPointExtension>
            <ns3:hr>143</ns3:hr>
            <ns3:cad>96</ns3:cad>
          </ns3:TrackPointExtension>
        </extensions>
      </trkpt>
      <trkpt lat="25.0819931365549564361572265625" lon="102.7197162620723247528076171875">
        <ele>1897.4000244140625</ele>
        <time>2026-09-11T23:26:02.000Z</time>
        <extensions>
          <ns3:TrackPointExtension>
            <ns3:hr>143</ns3:hr>
            <ns3:cad>96</ns3:cad>
          </ns3:TrackPointExtension>
        </extensions>
      </trkpt>
      <trkpt lat="25.08197578601539134979248046875" lon="102.7196850813925266265869140625">
        <ele>1897.4000244140625</ele>
        <time>2026-09-11T23:26:03.000Z</time>
        <extensions>
          <ns3:TrackPointExtension>
            <ns3:hr>143</ns3:hr>
            <ns3:cad>96</ns3:cad>
          </ns3:TrackPointExtension>
        </extensions>
      </trkpt>
      <trkpt lat="25.0819601118564605712890625" lon="102.71966001950204372406005859375">
        <ele>1897.4000244140625</ele>
        <time>2026-09-11T23:26:04.000Z</time>
        <extensions>
          <ns3:TrackPointExtension>
            <ns3:hr>143</ns3:hr>
            <ns3:cad>96</ns3:cad>
          </ns3:TrackPointExtension>
        </extensions>
      </trkpt>
      <trkpt lat="25.08194611407816410064697265625" lon="102.7196277491748332977294921875">
        <ele>1897.4000244140625</ele>
        <time>2026-09-11T23:26:05.000Z</time>
        <extensions>
          <ns3:TrackPointExtension>
            <ns3:hr>143</ns3:hr>
            <ns3:cad>96</ns3:cad>
          </ns3:TrackPointExtension>
        </extensions>
      </trkpt>
      <trkpt lat="25.08192733861505985260009765625" lon="102.71960101090371608734130859375">
        <ele>1897.199951171875</ele>
        <time>2026-09-11T23:26:06.000Z</time>
        <extensions>
          <ns3:TrackPointExtension>
            <ns3:hr>143</ns3:hr>
            <ns3:cad>96</ns3:cad>
          </ns3:TrackPointExtension>
        </extensions>
      </trkpt>
      <trkpt lat="25.08191191591322422027587890625" lon="102.7195734344422817230224609375">
        <ele>1897.199951171875</ele>
        <time>2026-09-11T23:26:07.000Z</time>
        <extensions>
          <ns3:TrackPointExtension>
            <ns3:hr>143</ns3:hr>
            <ns3:cad>96</ns3:cad>
          </ns3:TrackPointExtension>
        </extensions>
      </trkpt>
      <trkpt lat="25.081895403563976287841796875" lon="102.719542421400547027587890625">
        <ele>1897.199951171875</ele>
        <time>2026-09-11T23:26:08.000Z</time>
        <extensions>
          <ns3:TrackPointExtension>
            <ns3:hr>143</ns3:hr>
            <ns3:cad>96</ns3:cad>
          </ns3:TrackPointExtension>
        </extensions>
      </trkpt>
      <trkpt lat="25.08187755011022090911865234375" lon="102.7195147611200809478759765625">
        <ele>1897.199951171875</ele>
        <time>2026-09-11T23:26:09.000Z</time>
        <extensions>
          <ns3:TrackPointExtension>
            <ns3:hr>143</ns3:hr>
            <ns3:cad>96</ns3:cad>
          </ns3:TrackPointExtension>
        </extensions>
      </trkpt>
      <trkpt lat="25.0818613730370998382568359375" lon="102.7194855920970439910888671875">
        <ele>1897.199951171875</ele>
        <time>2026-09-11T23:26:10.000Z</time>
        <extensions>
          <ns3:TrackPointExtension>
            <ns3:hr>144</ns3:hr>
            <ns3:cad>96</ns3:cad>
          </ns3:TrackPointExtension>
        </extensions>
      </trkpt>
      <trkpt lat="25.08183999918401241302490234375" lon="102.71945801563560962677001953125">
        <ele>1897</ele>
        <time>2026-09-11T23:26:11.000Z</time>
        <extensions>
          <ns3:TrackPointExtension>
            <ns3:hr>143</ns3:hr>
            <ns3:cad>96</ns3:cad>
          </ns3:TrackPointExtension>
        </extensions>
      </trkpt>
      <trkpt lat="25.08182038553059101104736328125" lon="102.71943387575447559356689453125">
        <ele>1897</ele>
        <time>2026-09-11T23:26:12.000Z</time>
        <extensions>
          <ns3:TrackPointExtension>
            <ns3:hr>143</ns3:hr>
            <ns3:cad>96</ns3:cad>
          </ns3:TrackPointExtension>
        </extensions>
      </trkpt>
      <trkpt lat="25.08179691620171070098876953125" lon="102.7194074727594852447509765625">
        <ele>1897</ele>
        <time>2026-09-11T23:26:13.000Z</time>
        <extensions>
          <ns3:TrackPointExtension>
            <ns3:hr>143</ns3:hr>
            <ns3:cad>96</ns3:cad>
          </ns3:TrackPointExtension>
        </extensions>
      </trkpt>
      <trkpt lat="25.08177445270121097564697265625" lon="102.71938584744930267333984375">
        <ele>1897</ele>
        <time>2026-09-11T23:26:14.000Z</time>
        <extensions>
          <ns3:TrackPointExtension>
            <ns3:hr>143</ns3:hr>
            <ns3:cad>96</ns3:cad>
          </ns3:TrackPointExtension>
        </extensions>
      </trkpt>
      <trkpt lat="25.08175618015229701995849609375" lon="102.71936237812042236328125">
        <ele>1897</ele>
        <time>2026-09-11T23:26:15.000Z</time>
        <extensions>
          <ns3:TrackPointExtension>
            <ns3:hr>143</ns3:hr>
            <ns3:cad>96</ns3:cad>
          </ns3:TrackPointExtension>
        </extensions>
      </trkpt>
      <trkpt lat="25.08173589594662189483642578125" lon="102.71933781914412975311279296875">
        <ele>1897</ele>
        <time>2026-09-11T23:26:16.000Z</time>
        <extensions>
          <ns3:TrackPointExtension>
            <ns3:hr>142</ns3:hr>
            <ns3:cad>95</ns3:cad>
          </ns3:TrackPointExtension>
        </extensions>
      </trkpt>
      <trkpt lat="25.08171946741640567779541015625" lon="102.71931770257651805877685546875">
        <ele>1897</ele>
        <time>2026-09-11T23:26:17.000Z</time>
        <extensions>
          <ns3:TrackPointExtension>
            <ns3:hr>143</ns3:hr>
            <ns3:cad>95</ns3:cad>
          </ns3:TrackPointExtension>
        </extensions>
      </trkpt>
      <trkpt lat="25.08170035667717456817626953125" lon="102.71929004229605197906494140625">
        <ele>1897</ele>
        <time>2026-09-11T23:26:18.000Z</time>
        <extensions>
          <ns3:TrackPointExtension>
            <ns3:hr>143</ns3:hr>
            <ns3:cad>95</ns3:cad>
          </ns3:TrackPointExtension>
        </extensions>
      </trkpt>
      <trkpt lat="25.0816803239285945892333984375" lon="102.71926648914813995361328125">
        <ele>1897</ele>
        <time>2026-09-11T23:26:19.000Z</time>
        <extensions>
          <ns3:TrackPointExtension>
            <ns3:hr>142</ns3:hr>
            <ns3:cad>96</ns3:cad>
          </ns3:TrackPointExtension>
        </extensions>
      </trkpt>
      <trkpt lat="25.08166800253093242645263671875" lon="102.71923757158219814300537109375">
        <ele>1897</ele>
        <time>2026-09-11T23:26:20.000Z</time>
        <extensions>
          <ns3:TrackPointExtension>
            <ns3:hr>143</ns3:hr>
            <ns3:cad>96</ns3:cad>
          </ns3:TrackPointExtension>
        </extensions>
      </trkpt>
      <trkpt lat="25.08165157400071620941162109375" lon="102.71920890547335147857666015625">
        <ele>1897</ele>
        <time>2026-09-11T23:26:21.000Z</time>
        <extensions>
          <ns3:TrackPointExtension>
            <ns3:hr>143</ns3:hr>
            <ns3:cad>96</ns3:cad>
          </ns3:TrackPointExtension>
        </extensions>
      </trkpt>
      <trkpt lat="25.0816340558230876922607421875" lon="102.71918292157351970672607421875">
        <ele>1897</ele>
        <time>2026-09-11T23:26:22.000Z</time>
        <extensions>
          <ns3:TrackPointExtension>
            <ns3:hr>142</ns3:hr>
            <ns3:cad>96</ns3:cad>
          </ns3:TrackPointExtension>
        </extensions>
      </trkpt>
      <trkpt lat="25.081615112721920013427734375" lon="102.719153501093387603759765625">
        <ele>1897</ele>
        <time>2026-09-11T23:26:23.000Z</time>
        <extensions>
          <ns3:TrackPointExtension>
            <ns3:hr>142</ns3:hr>
            <ns3:cad>96</ns3:cad>
          </ns3:TrackPointExtension>
        </extensions>
      </trkpt>
      <trkpt lat="25.08159306831657886505126953125" lon="102.719128690659999847412109375">
        <ele>1896.800048828125</ele>
        <time>2026-09-11T23:26:24.000Z</time>
        <extensions>
          <ns3:TrackPointExtension>
            <ns3:hr>143</ns3:hr>
            <ns3:cad>96</ns3:cad>
          </ns3:TrackPointExtension>
        </extensions>
      </trkpt>
      <trkpt lat="25.08157663978636264801025390625" lon="102.71910312585532665252685546875">
        <ele>1896.800048828125</ele>
        <time>2026-09-11T23:26:25.000Z</time>
        <extensions>
          <ns3:TrackPointExtension>
            <ns3:hr>143</ns3:hr>
            <ns3:cad>95</ns3:cad>
          </ns3:TrackPointExtension>
        </extensions>
      </trkpt>
      <trkpt lat="25.08155752904713153839111328125" lon="102.7190701849758625030517578125">
        <ele>1896.800048828125</ele>
        <time>2026-09-11T23:26:26.000Z</time>
        <extensions>
          <ns3:TrackPointExtension>
            <ns3:hr>143</ns3:hr>
            <ns3:cad>95</ns3:cad>
          </ns3:TrackPointExtension>
        </extensions>
      </trkpt>
      <trkpt lat="25.08154571056365966796875" lon="102.719041518867015838623046875">
        <ele>1896.800048828125</ele>
        <time>2026-09-11T23:26:27.000Z</time>
        <extensions>
          <ns3:TrackPointExtension>
            <ns3:hr>142</ns3:hr>
            <ns3:cad>95</ns3:cad>
          </ns3:TrackPointExtension>
        </extensions>
      </trkpt>
      <trkpt lat="25.08152886293828487396240234375" lon="102.71901092492043972015380859375">
        <ele>1896.800048828125</ele>
        <time>2026-09-11T23:26:28.000Z</time>
        <extensions>
          <ns3:TrackPointExtension>
            <ns3:hr>143</ns3:hr>
            <ns3:cad>95</ns3:cad>
          </ns3:TrackPointExtension>
        </extensions>
      </trkpt>
      <trkpt lat="25.0815121829509735107421875" lon="102.71898485720157623291015625">
        <ele>1896.800048828125</ele>
        <time>2026-09-11T23:26:29.000Z</time>
        <extensions>
          <ns3:TrackPointExtension>
            <ns3:hr>142</ns3:hr>
            <ns3:cad>96</ns3:cad>
          </ns3:TrackPointExtension>
        </extensions>
      </trkpt>
      <trkpt lat="25.08150078356266021728515625" lon="102.71895560435950756072998046875">
        <ele>1896.800048828125</ele>
        <time>2026-09-11T23:26:30.000Z</time>
        <extensions>
          <ns3:TrackPointExtension>
            <ns3:hr>142</ns3:hr>
            <ns3:cad>96</ns3:cad>
          </ns3:TrackPointExtension>
        </extensions>
      </trkpt>
      <trkpt lat="25.0814818404614925384521484375" lon="102.71892274729907512664794921875">
        <ele>1896.800048828125</ele>
        <time>2026-09-11T23:26:31.000Z</time>
        <extensions>
          <ns3:TrackPointExtension>
            <ns3:hr>142</ns3:hr>
            <ns3:cad>96</ns3:cad>
          </ns3:TrackPointExtension>
        </extensions>
      </trkpt>
      <trkpt lat="25.08146331645548343658447265625" lon="102.71889726631343364715576171875">
        <ele>1896.800048828125</ele>
        <time>2026-09-11T23:26:32.000Z</time>
        <extensions>
          <ns3:TrackPointExtension>
            <ns3:hr>142</ns3:hr>
            <ns3:cad>97</ns3:cad>
          </ns3:TrackPointExtension>
        </extensions>
      </trkpt>
      <trkpt lat="25.08143909275531768798828125" lon="102.71886407397687435150146484375">
        <ele>1896.5999755859375</ele>
        <time>2026-09-11T23:26:33.000Z</time>
        <extensions>
          <ns3:TrackPointExtension>
            <ns3:hr>142</ns3:hr>
            <ns3:cad>97</ns3:cad>
          </ns3:TrackPointExtension>
        </extensions>
      </trkpt>
      <trkpt lat="25.08141755126416683197021484375" lon="102.71884731017053127288818359375">
        <ele>1896.5999755859375</ele>
        <time>2026-09-11T23:26:34.000Z</time>
        <extensions>
          <ns3:TrackPointExtension>
            <ns3:hr>142</ns3:hr>
            <ns3:cad>97</ns3:cad>
          </ns3:TrackPointExtension>
        </extensions>
      </trkpt>
      <trkpt lat="25.08138486184179782867431640625" lon="102.718845717608928680419921875">
        <ele>1896.5999755859375</ele>
        <time>2026-09-11T23:26:35.000Z</time>
        <extensions>
          <ns3:TrackPointExtension>
            <ns3:hr>142</ns3:hr>
            <ns3:cad>97</ns3:cad>
          </ns3:TrackPointExtension>
        </extensions>
      </trkpt>
      <trkpt lat="25.0813745521008968353271484375" lon="102.71886725910007953643798828125">
        <ele>1896.5999755859375</ele>
        <time>2026-09-11T23:26:36.000Z</time>
        <extensions>
          <ns3:TrackPointExtension>
            <ns3:hr>142</ns3:hr>
            <ns3:cad>97</ns3:cad>
          </ns3:TrackPointExtension>
        </extensions>
      </trkpt>
      <trkpt lat="25.08137547411024570465087890625" lon="102.718893997371196746826171875">
        <ele>1896.800048828125</ele>
        <time>2026-09-11T23:26:37.000Z</time>
        <extensions>
          <ns3:TrackPointExtension>
            <ns3:hr>141</ns3:hr>
            <ns3:cad>97</ns3:cad>
          </ns3:TrackPointExtension>
        </extensions>
      </trkpt>
      <trkpt lat="25.08138410747051239013671875" lon="102.71892593242228031158447265625">
        <ele>1896.800048828125</ele>
        <time>2026-09-11T23:26:38.000Z</time>
        <extensions>
          <ns3:TrackPointExtension>
            <ns3:hr>141</ns3:hr>
            <ns3:cad>95</ns3:cad>
          </ns3:TrackPointExtension>
        </extensions>
      </trkpt>
      <trkpt lat="25.08139081299304962158203125" lon="102.7189514972269535064697265625">
        <ele>1897</ele>
        <time>2026-09-11T23:26:39.000Z</time>
        <extensions>
          <ns3:TrackPointExtension>
            <ns3:hr>141</ns3:hr>
            <ns3:cad>95</ns3:cad>
          </ns3:TrackPointExtension>
        </extensions>
      </trkpt>
      <trkpt lat="25.0813968479633331298828125" lon="102.71898779086768627166748046875">
        <ele>1897</ele>
        <time>2026-09-11T23:26:40.000Z</time>
        <extensions>
          <ns3:TrackPointExtension>
            <ns3:hr>141</ns3:hr>
            <ns3:cad>91</ns3:cad>
          </ns3:TrackPointExtension>
        </extensions>
      </trkpt>
      <trkpt lat="25.08140179328620433807373046875" lon="102.7190162055194377899169921875">
        <ele>1897</ele>
        <time>2026-09-11T23:26:41.000Z</time>
        <extensions>
          <ns3:TrackPointExtension>
            <ns3:hr>141</ns3:hr>
            <ns3:cad>91</ns3:cad>
          </ns3:TrackPointExtension>
        </extensions>
      </trkpt>
      <trkpt lat="25.08140866644680500030517578125" lon="102.719050906598567962646484375">
        <ele>1897</ele>
        <time>2026-09-11T23:26:42.000Z</time>
        <extensions>
          <ns3:TrackPointExtension>
            <ns3:hr>141</ns3:hr>
            <ns3:cad>92</ns3:cad>
          </ns3:TrackPointExtension>
        </extensions>
      </trkpt>
      <trkpt lat="25.08141629397869110107421875" lon="102.719083093106746673583984375">
        <ele>1897</ele>
        <time>2026-09-11T23:26:43.000Z</time>
        <extensions>
          <ns3:TrackPointExtension>
            <ns3:hr>141</ns3:hr>
            <ns3:cad>95</ns3:cad>
          </ns3:TrackPointExtension>
        </extensions>
      </trkpt>
      <trkpt lat="25.08142760954797267913818359375" lon="102.719114609062671661376953125">
        <ele>1897.199951171875</ele>
        <time>2026-09-11T23:26:44.000Z</time>
        <extensions>
          <ns3:TrackPointExtension>
            <ns3:hr>140</ns3:hr>
            <ns3:cad>95</ns3:cad>
          </ns3:TrackPointExtension>
        </extensions>
      </trkpt>
      <trkpt lat="25.0814399309456348419189453125" lon="102.71915651857852935791015625">
        <ele>1897.199951171875</ele>
        <time>2026-09-11T23:26:45.000Z</time>
        <extensions>
          <ns3:TrackPointExtension>
            <ns3:hr>140</ns3:hr>
            <ns3:cad>96</ns3:cad>
          </ns3:TrackPointExtension>
        </extensions>
      </trkpt>
      <trkpt lat="25.081446468830108642578125" lon="102.7191928960382938385009765625">
        <ele>1897.199951171875</ele>
        <time>2026-09-11T23:26:46.000Z</time>
        <extensions>
          <ns3:TrackPointExtension>
            <ns3:hr>141</ns3:hr>
            <ns3:cad>96</ns3:cad>
          </ns3:TrackPointExtension>
        </extensions>
      </trkpt>
      <trkpt lat="25.0814365781843662261962890625" lon="102.7192234061658382415771484375">
        <ele>1897.199951171875</ele>
        <time>2026-09-11T23:26:47.000Z</time>
        <extensions>
          <ns3:TrackPointExtension>
            <ns3:hr>141</ns3:hr>
            <ns3:cad>96</ns3:cad>
          </ns3:TrackPointExtension>
        </extensions>
      </trkpt>
      <trkpt lat="25.08142073638737201690673828125" lon="102.71923656575381755828857421875">
        <ele>1897.4000244140625</ele>
        <time>2026-09-11T23:26:48.000Z</time>
        <extensions>
          <ns3:TrackPointExtension>
            <ns3:hr>141</ns3:hr>
            <ns3:cad>96</ns3:cad>
          </ns3:TrackPointExtension>
        </extensions>
      </trkpt>
      <trkpt lat="25.08140196092426776885986328125" lon="102.71922516636550426483154296875">
        <ele>1897.4000244140625</ele>
        <time>2026-09-11T23:26:49.000Z</time>
        <extensions>
          <ns3:TrackPointExtension>
            <ns3:hr>141</ns3:hr>
            <ns3:cad>96</ns3:cad>
          </ns3:TrackPointExtension>
        </extensions>
      </trkpt>
      <trkpt lat="25.08138570003211498260498046875" lon="102.71921343170106410980224609375">
        <ele>1897.5999755859375</ele>
        <time>2026-09-11T23:26:50.000Z</time>
        <extensions>
          <ns3:TrackPointExtension>
            <ns3:hr>141</ns3:hr>
            <ns3:cad>96</ns3:cad>
          </ns3:TrackPointExtension>
        </extensions>
      </trkpt>
      <trkpt lat="25.08135938085615634918212890625" lon="102.71919733844697475433349609375">
        <ele>1897.5999755859375</ele>
        <time>2026-09-11T23:26:51.000Z</time>
        <extensions>
          <ns3:TrackPointExtension>
            <ns3:hr>141</ns3:hr>
            <ns3:cad>94</ns3:cad>
          </ns3:TrackPointExtension>
        </extensions>
      </trkpt>
      <trkpt lat="25.081333816051483154296875" lon="102.71918342448770999908447265625">
        <ele>1897.5999755859375</ele>
        <time>2026-09-11T23:26:52.000Z</time>
        <extensions>
          <ns3:TrackPointExtension>
            <ns3:hr>141</ns3:hr>
            <ns3:cad>94</ns3:cad>
          </ns3:TrackPointExtension>
        </extensions>
      </trkpt>
      <trkpt lat="25.08130389265716075897216796875" lon="102.7191786468029022216796875">
        <ele>1897.5999755859375</ele>
        <time>2026-09-11T23:26:53.000Z</time>
        <extensions>
          <ns3:TrackPointExtension>
            <ns3:hr>141</ns3:hr>
            <ns3:cad>94</ns3:cad>
          </ns3:TrackPointExtension>
        </extensions>
      </trkpt>
      <trkpt lat="25.08127572946250438690185546875" lon="102.71918174810707569122314453125">
        <ele>1897.5999755859375</ele>
        <time>2026-09-11T23:26:54.000Z</time>
        <extensions>
          <ns3:TrackPointExtension>
            <ns3:hr>140</ns3:hr>
            <ns3:cad>90</ns3:cad>
          </ns3:TrackPointExtension>
        </extensions>
      </trkpt>
      <trkpt lat="25.08124329149723052978515625" lon="102.71919415332376956939697265625">
        <ele>1897.5999755859375</ele>
        <time>2026-09-11T23:26:55.000Z</time>
        <extensions>
          <ns3:TrackPointExtension>
            <ns3:hr>141</ns3:hr>
            <ns3:cad>89</ns3:cad>
          </ns3:TrackPointExtension>
        </extensions>
      </trkpt>
      <trkpt lat="25.0812149606645107269287109375" lon="102.7192197181284427642822265625">
        <ele>1897.4000244140625</ele>
        <time>2026-09-11T23:26:56.000Z</time>
        <extensions>
          <ns3:TrackPointExtension>
            <ns3:hr>141</ns3:hr>
            <ns3:cad>89</ns3:cad>
          </ns3:TrackPointExtension>
        </extensions>
      </trkpt>
      <trkpt lat="25.08119006641209125518798828125" lon="102.71923304535448551177978515625">
        <ele>1897.4000244140625</ele>
        <time>2026-09-11T23:26:57.000Z</time>
        <extensions>
          <ns3:TrackPointExtension>
            <ns3:hr>141</ns3:hr>
            <ns3:cad>89</ns3:cad>
          </ns3:TrackPointExtension>
        </extensions>
      </trkpt>
      <trkpt lat="25.08116307668387889862060546875" lon="102.7192495577037334442138671875">
        <ele>1897.199951171875</ele>
        <time>2026-09-11T23:26:58.000Z</time>
        <extensions>
          <ns3:TrackPointExtension>
            <ns3:hr>140</ns3:hr>
            <ns3:cad>91</ns3:cad>
          </ns3:TrackPointExtension>
        </extensions>
      </trkpt>
      <trkpt lat="25.08114698342978954315185546875" lon="102.719276212155818939208984375">
        <ele>1897</ele>
        <time>2026-09-11T23:26:59.000Z</time>
        <extensions>
          <ns3:TrackPointExtension>
            <ns3:hr>140</ns3:hr>
            <ns3:cad>93</ns3:cad>
          </ns3:TrackPointExtension>
        </extensions>
      </trkpt>
      <trkpt lat="25.0811304710805416107177734375" lon="102.71930672228336334228515625">
        <ele>1897</ele>
        <time>2026-09-11T23:27:00.000Z</time>
        <extensions>
          <ns3:TrackPointExtension>
            <ns3:hr>139</ns3:hr>
            <ns3:cad>93</ns3:cad>
          </ns3:TrackPointExtension>
        </extensions>
      </trkpt>
      <trkpt lat="25.08112049661576747894287109375" lon="102.71933882497251033782958984375">
        <ele>1897</ele>
        <time>2026-09-11T23:27:01.000Z</time>
        <extensions>
          <ns3:TrackPointExtension>
            <ns3:hr>140</ns3:hr>
            <ns3:cad>93</ns3:cad>
          </ns3:TrackPointExtension>
        </extensions>
      </trkpt>
      <trkpt lat="25.0811167247593402862548828125" lon="102.7193712629377841949462890625">
        <ele>1897.199951171875</ele>
        <time>2026-09-11T23:27:02.000Z</time>
        <extensions>
          <ns3:TrackPointExtension>
            <ns3:hr>140</ns3:hr>
            <ns3:cad>93</ns3:cad>
          </ns3:TrackPointExtension>
        </extensions>
      </trkpt>
      <trkpt lat="25.08111362345516681671142578125" lon="102.71940864622592926025390625">
        <ele>1897.199951171875</ele>
        <time>2026-09-11T23:27:03.000Z</time>
        <extensions>
          <ns3:TrackPointExtension>
            <ns3:hr>139</ns3:hr>
            <ns3:cad>93</ns3:cad>
          </ns3:TrackPointExtension>
        </extensions>
      </trkpt>
      <trkpt lat="25.08110624738037586212158203125" lon="102.7194388210773468017578125">
        <ele>1897.199951171875</ele>
        <time>2026-09-11T23:27:04.000Z</time>
        <extensions>
          <ns3:TrackPointExtension>
            <ns3:hr>139</ns3:hr>
            <ns3:cad>95</ns3:cad>
          </ns3:TrackPointExtension>
        </extensions>
      </trkpt>
      <trkpt lat="25.08108663372695446014404296875" lon="102.71946094930171966552734375">
        <ele>1897.199951171875</ele>
        <time>2026-09-11T23:27:05.000Z</time>
        <extensions>
          <ns3:TrackPointExtension>
            <ns3:hr>139</ns3:hr>
            <ns3:cad>95</ns3:cad>
          </ns3:TrackPointExtension>
        </extensions>
      </trkpt>
      <trkpt lat="25.08105687797069549560546875" lon="102.7194602787494659423828125">
        <ele>1897.199951171875</ele>
        <time>2026-09-11T23:27:06.000Z</time>
        <extensions>
          <ns3:TrackPointExtension>
            <ns3:hr>139</ns3:hr>
            <ns3:cad>95</ns3:cad>
          </ns3:TrackPointExtension>
        </extensions>
      </trkpt>
      <trkpt lat="25.081028044223785400390625" lon="102.7194651402533054351806640625">
        <ele>1897.199951171875</ele>
        <time>2026-09-11T23:27:07.000Z</time>
        <extensions>
          <ns3:TrackPointExtension>
            <ns3:hr>139</ns3:hr>
            <ns3:cad>95</ns3:cad>
          </ns3:TrackPointExtension>
        </extensions>
      </trkpt>
      <trkpt lat="25.08100331760942935943603515625" lon="102.7194587700068950653076171875">
        <ele>1897.199951171875</ele>
        <time>2026-09-11T23:27:08.000Z</time>
        <extensions>
          <ns3:TrackPointExtension>
            <ns3:hr>139</ns3:hr>
            <ns3:cad>95</ns3:cad>
          </ns3:TrackPointExtension>
        </extensions>
      </trkpt>
      <trkpt lat="25.0809735618531703948974609375" lon="102.7194554172456264495849609375">
        <ele>1897.4000244140625</ele>
        <time>2026-09-11T23:27:09.000Z</time>
        <extensions>
          <ns3:TrackPointExtension>
            <ns3:hr>139</ns3:hr>
            <ns3:cad>95</ns3:cad>
          </ns3:TrackPointExtension>
        </extensions>
      </trkpt>
      <trkpt lat="25.0809516012668609619140625" lon="102.71945382468402385711669921875">
        <ele>1897.4000244140625</ele>
        <time>2026-09-11T23:27:10.000Z</time>
        <extensions>
          <ns3:TrackPointExtension>
            <ns3:hr>140</ns3:hr>
            <ns3:cad>95</ns3:cad>
          </ns3:TrackPointExtension>
        </extensions>
      </trkpt>
      <trkpt lat="25.08092436008155345916748046875" lon="102.71944896318018436431884765625">
        <ele>1897.4000244140625</ele>
        <time>2026-09-11T23:27:11.000Z</time>
        <extensions>
          <ns3:TrackPointExtension>
            <ns3:hr>140</ns3:hr>
            <ns3:cad>95</ns3:cad>
          </ns3:TrackPointExtension>
        </extensions>
      </trkpt>
      <trkpt lat="25.0808971188962459564208984375" lon="102.71944309584796428680419921875">
        <ele>1897.4000244140625</ele>
        <time>2026-09-11T23:27:12.000Z</time>
        <extensions>
          <ns3:TrackPointExtension>
            <ns3:hr>141</ns3:hr>
            <ns3:cad>93</ns3:cad>
          </ns3:TrackPointExtension>
        </extensions>
      </trkpt>
      <trkpt lat="25.0808726437389850616455078125" lon="102.71943756379187107086181640625">
        <ele>1897.199951171875</ele>
        <time>2026-09-11T23:27:13.000Z</time>
        <extensions>
          <ns3:TrackPointExtension>
            <ns3:hr>142</ns3:hr>
            <ns3:cad>93</ns3:cad>
          </ns3:TrackPointExtension>
        </extensions>
      </trkpt>
      <trkpt lat="25.0808443129062652587890625" lon="102.71943169645965099334716796875">
        <ele>1897.199951171875</ele>
        <time>2026-09-11T23:27:14.000Z</time>
        <extensions>
          <ns3:TrackPointExtension>
            <ns3:hr>142</ns3:hr>
            <ns3:cad>93</ns3:cad>
          </ns3:TrackPointExtension>
        </extensions>
      </trkpt>
      <trkpt lat="25.08082293905317783355712890625" lon="102.71943219937384128570556640625">
        <ele>1897.199951171875</ele>
        <time>2026-09-11T23:27:15.000Z</time>
        <extensions>
          <ns3:TrackPointExtension>
            <ns3:hr>142</ns3:hr>
            <ns3:cad>93</ns3:cad>
          </ns3:TrackPointExtension>
        </extensions>
      </trkpt>
      <trkpt lat="25.08079938590526580810546875" lon="102.71943102590739727020263671875">
        <ele>1897.199951171875</ele>
        <time>2026-09-11T23:27:16.000Z</time>
        <extensions>
          <ns3:TrackPointExtension>
            <ns3:hr>142</ns3:hr>
            <ns3:cad>95</ns3:cad>
          </ns3:TrackPointExtension>
        </extensions>
      </trkpt>
      <trkpt lat="25.0807663612067699432373046875" lon="102.7194272540509700775146484375">
        <ele>1897.199951171875</ele>
        <time>2026-09-11T23:27:17.000Z</time>
        <extensions>
          <ns3:TrackPointExtension>
            <ns3:hr>141</ns3:hr>
            <ns3:cad>95</ns3:cad>
          </ns3:TrackPointExtension>
        </extensions>
      </trkpt>
      <trkpt lat="25.0807385332882404327392578125" lon="102.7194275893270969390869140625">
        <ele>1897.199951171875</ele>
        <time>2026-09-11T23:27:18.000Z</time>
        <extensions>
          <ns3:TrackPointExtension>
            <ns3:hr>141</ns3:hr>
            <ns3:cad>95</ns3:cad>
          </ns3:TrackPointExtension>
        </extensions>
      </trkpt>
      <trkpt lat="25.08070559240877628326416015625" lon="102.71942876279354095458984375">
        <ele>1897.199951171875</ele>
        <time>2026-09-11T23:27:19.000Z</time>
        <extensions>
          <ns3:TrackPointExtension>
            <ns3:hr>141</ns3:hr>
            <ns3:cad>95</ns3:cad>
          </ns3:TrackPointExtension>
        </extensions>
      </trkpt>
      <trkpt lat="25.080676339566707611083984375" lon="102.719435803592205047607421875">
        <ele>1897</ele>
        <time>2026-09-11T23:27:20.000Z</time>
        <extensions>
          <ns3:TrackPointExtension>
            <ns3:hr>141</ns3:hr>
            <ns3:cad>96</ns3:cad>
          </ns3:TrackPointExtension>
        </extensions>
      </trkpt>
      <trkpt lat="25.08064624853432178497314453125" lon="102.71943085826933383941650390625">
        <ele>1897</ele>
        <time>2026-09-11T23:27:21.000Z</time>
        <extensions>
          <ns3:TrackPointExtension>
            <ns3:hr>141</ns3:hr>
            <ns3:cad>96</ns3:cad>
          </ns3:TrackPointExtension>
        </extensions>
      </trkpt>
      <trkpt lat="25.08062747307121753692626953125" lon="102.719448544085025787353515625">
        <ele>1897</ele>
        <time>2026-09-11T23:27:22.000Z</time>
        <extensions>
          <ns3:TrackPointExtension>
            <ns3:hr>140</ns3:hr>
            <ns3:cad>96</ns3:cad>
          </ns3:TrackPointExtension>
        </extensions>
      </trkpt>
      <trkpt lat="25.0806181691586971282958984375" lon="102.71947612054646015167236328125">
        <ele>1897</ele>
        <time>2026-09-11T23:27:23.000Z</time>
        <extensions>
          <ns3:TrackPointExtension>
            <ns3:hr>141</ns3:hr>
            <ns3:cad>95</ns3:cad>
          </ns3:TrackPointExtension>
        </extensions>
      </trkpt>
      <trkpt lat="25.08061070926487445831298828125" lon="102.71951585076749324798583984375">
        <ele>1897</ele>
        <time>2026-09-11T23:27:24.000Z</time>
        <extensions>
          <ns3:TrackPointExtension>
            <ns3:hr>141</ns3:hr>
            <ns3:cad>95</ns3:cad>
          </ns3:TrackPointExtension>
        </extensions>
      </trkpt>
      <trkpt lat="25.08061121217906475067138671875" lon="102.71954854018986225128173828125">
        <ele>1897</ele>
        <time>2026-09-11T23:27:25.000Z</time>
        <extensions>
          <ns3:TrackPointExtension>
            <ns3:hr>140</ns3:hr>
            <ns3:cad>95</ns3:cad>
          </ns3:TrackPointExtension>
        </extensions>
      </trkpt>
      <trkpt lat="25.080608613789081573486328125" lon="102.71958575583994388580322265625">
        <ele>1897</ele>
        <time>2026-09-11T23:27:26.000Z</time>
        <extensions>
          <ns3:TrackPointExtension>
            <ns3:hr>140</ns3:hr>
            <ns3:cad>93</ns3:cad>
          </ns3:TrackPointExtension>
        </extensions>
      </trkpt>
      <trkpt lat="25.08060551248490810394287109375" lon="102.71961710415780544281005859375">
        <ele>1897</ele>
        <time>2026-09-11T23:27:27.000Z</time>
        <extensions>
          <ns3:TrackPointExtension>
            <ns3:hr>140</ns3:hr>
            <ns3:cad>93</ns3:cad>
          </ns3:TrackPointExtension>
        </extensions>
      </trkpt>
      <trkpt lat="25.08060098625719547271728515625" lon="102.719649374485015869140625">
        <ele>1897</ele>
        <time>2026-09-11T23:27:28.000Z</time>
        <extensions>
          <ns3:TrackPointExtension>
            <ns3:hr>139</ns3:hr>
            <ns3:cad>93</ns3:cad>
          </ns3:TrackPointExtension>
        </extensions>
      </trkpt>
      <trkpt lat="25.0805960409343242645263671875" lon="102.71968466229736804962158203125">
        <ele>1897</ele>
        <time>2026-09-11T23:27:29.000Z</time>
        <extensions>
          <ns3:TrackPointExtension>
            <ns3:hr>139</ns3:hr>
            <ns3:cad>93</ns3:cad>
          </ns3:TrackPointExtension>
        </extensions>
      </trkpt>
      <trkpt lat="25.080591849982738494873046875" lon="102.71971416659653186798095703125">
        <ele>1897</ele>
        <time>2026-09-11T23:27:30.000Z</time>
        <extensions>
          <ns3:TrackPointExtension>
            <ns3:hr>140</ns3:hr>
            <ns3:cad>93</ns3:cad>
          </ns3:TrackPointExtension>
        </extensions>
      </trkpt>
      <trkpt lat="25.08058941923081874847412109375" lon="102.719750292599201202392578125">
        <ele>1897</ele>
        <time>2026-09-11T23:27:31.000Z</time>
        <extensions>
          <ns3:TrackPointExtension>
            <ns3:hr>139</ns3:hr>
            <ns3:cad>93</ns3:cad>
          </ns3:TrackPointExtension>
        </extensions>
      </trkpt>
      <trkpt lat="25.08058757521212100982666015625" lon="102.719777785241603851318359375">
        <ele>1897</ele>
        <time>2026-09-11T23:27:32.000Z</time>
        <extensions>
          <ns3:TrackPointExtension>
            <ns3:hr>139</ns3:hr>
            <ns3:cad>93</ns3:cad>
          </ns3:TrackPointExtension>
        </extensions>
      </trkpt>
      <trkpt lat="25.08057936094701290130615234375" lon="102.719805277884006500244140625">
        <ele>1897</ele>
        <time>2026-09-11T23:27:33.000Z</time>
        <extensions>
          <ns3:TrackPointExtension>
            <ns3:hr>139</ns3:hr>
            <ns3:cad>93</ns3:cad>
          </ns3:TrackPointExtension>
        </extensions>
      </trkpt>
      <trkpt lat="25.08056871592998504638671875" lon="102.719836793839931488037109375">
        <ele>1897</ele>
        <time>2026-09-11T23:27:34.000Z</time>
        <extensions>
          <ns3:TrackPointExtension>
            <ns3:hr>139</ns3:hr>
            <ns3:cad>93</ns3:cad>
          </ns3:TrackPointExtension>
        </extensions>
      </trkpt>
      <trkpt lat="25.0805707275867462158203125" lon="102.71986621432006359100341796875">
        <ele>1897</ele>
        <time>2026-09-11T23:27:35.000Z</time>
        <extensions>
          <ns3:TrackPointExtension>
            <ns3:hr>139</ns3:hr>
            <ns3:cad>94</ns3:cad>
          </ns3:TrackPointExtension>
        </extensions>
      </trkpt>
      <trkpt lat="25.080563016235828399658203125" lon="102.71990644745528697967529296875">
        <ele>1897</ele>
        <time>2026-09-11T23:27:36.000Z</time>
        <extensions>
          <ns3:TrackPointExtension>
            <ns3:hr>139</ns3:hr>
            <ns3:cad>95</ns3:cad>
          </ns3:TrackPointExtension>
        </extensions>
      </trkpt>
      <trkpt lat="25.08056159131228923797607421875" lon="102.71993310190737247467041015625">
        <ele>1897</ele>
        <time>2026-09-11T23:27:37.000Z</time>
        <extensions>
          <ns3:TrackPointExtension>
            <ns3:hr>139</ns3:hr>
            <ns3:cad>95</ns3:cad>
          </ns3:TrackPointExtension>
        </extensions>
      </trkpt>
      <trkpt lat="25.0805532932281494140625" lon="102.719963528215885162353515625">
        <ele>1897</ele>
        <time>2026-09-11T23:27:38.000Z</time>
        <extensions>
          <ns3:TrackPointExtension>
            <ns3:hr>139</ns3:hr>
            <ns3:cad>95</ns3:cad>
          </ns3:TrackPointExtension>
        </extensions>
      </trkpt>
      <trkpt lat="25.08054851554334163665771484375" lon="102.71999361924827098846435546875">
        <ele>1897</ele>
        <time>2026-09-11T23:27:39.000Z</time>
        <extensions>
          <ns3:TrackPointExtension>
            <ns3:hr>139</ns3:hr>
            <ns3:cad>95</ns3:cad>
          </ns3:TrackPointExtension>
        </extensions>
      </trkpt>
      <trkpt lat="25.0805504433810710906982421875" lon="102.72002547048032283782958984375">
        <ele>1897</ele>
        <time>2026-09-11T23:27:40.000Z</time>
        <extensions>
          <ns3:TrackPointExtension>
            <ns3:hr>139</ns3:hr>
            <ns3:cad>95</ns3:cad>
          </ns3:TrackPointExtension>
        </extensions>
      </trkpt>
      <trkpt lat="25.0805457495152950286865234375" lon="102.720057070255279541015625">
        <ele>1897</ele>
        <time>2026-09-11T23:27:41.000Z</time>
        <extensions>
          <ns3:TrackPointExtension>
            <ns3:hr>139</ns3:hr>
            <ns3:cad>95</ns3:cad>
          </ns3:TrackPointExtension>
        </extensions>
      </trkpt>
      <trkpt lat="25.0805460847914218902587890625" lon="102.7200847305357456207275390625">
        <ele>1897</ele>
        <time>2026-09-11T23:27:42.000Z</time>
        <extensions>
          <ns3:TrackPointExtension>
            <ns3:hr>139</ns3:hr>
            <ns3:cad>95</ns3:cad>
          </ns3:TrackPointExtension>
        </extensions>
      </trkpt>
      <trkpt lat="25.08054331876337528228759765625" lon="102.72012085653841495513916015625">
        <ele>1897</ele>
        <time>2026-09-11T23:27:43.000Z</time>
        <extensions>
          <ns3:TrackPointExtension>
            <ns3:hr>138</ns3:hr>
            <ns3:cad>95</ns3:cad>
          </ns3:TrackPointExtension>
        </extensions>
      </trkpt>
      <trkpt lat="25.08054181002080440521240234375" lon="102.720153294503688812255859375">
        <ele>1897</ele>
        <time>2026-09-11T23:27:44.000Z</time>
        <extensions>
          <ns3:TrackPointExtension>
            <ns3:hr>138</ns3:hr>
            <ns3:cad>93</ns3:cad>
          </ns3:TrackPointExtension>
        </extensions>
      </trkpt>
      <trkpt lat="25.08053812198340892791748046875" lon="102.72018916904926300048828125">
        <ele>1897</ele>
        <time>2026-09-11T23:27:45.000Z</time>
        <extensions>
          <ns3:TrackPointExtension>
            <ns3:hr>138</ns3:hr>
            <ns3:cad>93</ns3:cad>
          </ns3:TrackPointExtension>
        </extensions>
      </trkpt>
      <trkpt lat="25.0805336795747280120849609375" lon="102.72022227756679058074951171875">
        <ele>1897</ele>
        <time>2026-09-11T23:27:46.000Z</time>
        <extensions>
          <ns3:TrackPointExtension>
            <ns3:hr>138</ns3:hr>
            <ns3:cad>93</ns3:cad>
          </ns3:TrackPointExtension>
        </extensions>
      </trkpt>
      <trkpt lat="25.080531500279903411865234375" lon="102.72024817764759063720703125">
        <ele>1897</ele>
        <time>2026-09-11T23:27:47.000Z</time>
        <extensions>
          <ns3:TrackPointExtension>
            <ns3:hr>138</ns3:hr>
            <ns3:cad>96</ns3:cad>
          </ns3:TrackPointExtension>
        </extensions>
      </trkpt>
      <trkpt lat="25.08052982389926910400390625" lon="102.7202825434505939483642578125">
        <ele>1897</ele>
        <time>2026-09-11T23:27:48.000Z</time>
        <extensions>
          <ns3:TrackPointExtension>
            <ns3:hr>138</ns3:hr>
            <ns3:cad>96</ns3:cad>
          </ns3:TrackPointExtension>
        </extensions>
      </trkpt>
      <trkpt lat="25.080524124205112457275390625" lon="102.7203060127794742584228515625">
        <ele>1897</ele>
        <time>2026-09-11T23:27:49.000Z</time>
        <extensions>
          <ns3:TrackPointExtension>
            <ns3:hr>139</ns3:hr>
            <ns3:cad>95</ns3:cad>
          </ns3:TrackPointExtension>
        </extensions>
      </trkpt>
      <trkpt lat="25.08051767013967037200927734375" lon="102.7203381992876529693603515625">
        <ele>1897</ele>
        <time>2026-09-11T23:27:50.000Z</time>
        <extensions>
          <ns3:TrackPointExtension>
            <ns3:hr>139</ns3:hr>
            <ns3:cad>94</ns3:cad>
          </ns3:TrackPointExtension>
        </extensions>
      </trkpt>
      <trkpt lat="25.080517418682575225830078125" lon="102.72037114016711711883544921875">
        <ele>1897</ele>
        <time>2026-09-11T23:27:51.000Z</time>
        <extensions>
          <ns3:TrackPointExtension>
            <ns3:hr>139</ns3:hr>
            <ns3:cad>94</ns3:cad>
          </ns3:TrackPointExtension>
        </extensions>
      </trkpt>
      <trkpt lat="25.08051716722548007965087890625" lon="102.7203992195427417755126953125">
        <ele>1897</ele>
        <time>2026-09-11T23:27:52.000Z</time>
        <extensions>
          <ns3:TrackPointExtension>
            <ns3:hr>138</ns3:hr>
            <ns3:cad>95</ns3:cad>
          </ns3:TrackPointExtension>
        </extensions>
      </trkpt>
      <trkpt lat="25.08051062934100627899169921875" lon="102.720433585345745086669921875">
        <ele>1897</ele>
        <time>2026-09-11T23:27:53.000Z</time>
        <extensions>
          <ns3:TrackPointExtension>
            <ns3:hr>138</ns3:hr>
            <ns3:cad>95</ns3:cad>
          </ns3:TrackPointExtension>
        </extensions>
      </trkpt>
      <trkpt lat="25.0805028341710567474365234375" lon="102.7204620838165283203125">
        <ele>1897</ele>
        <time>2026-09-11T23:27:54.000Z</time>
        <extensions>
          <ns3:TrackPointExtension>
            <ns3:hr>138</ns3:hr>
            <ns3:cad>95</ns3:cad>
          </ns3:TrackPointExtension>
        </extensions>
      </trkpt>
      <trkpt lat="25.08049654774367809295654296875" lon="102.72049502469599246978759765625">
        <ele>1897</ele>
        <time>2026-09-11T23:27:55.000Z</time>
        <extensions>
          <ns3:TrackPointExtension>
            <ns3:hr>138</ns3:hr>
            <ns3:cad>95</ns3:cad>
          </ns3:TrackPointExtension>
        </extensions>
      </trkpt>
      <trkpt lat="25.08049218915402889251708984375" lon="102.72052218206226825714111328125">
        <ele>1897</ele>
        <time>2026-09-11T23:27:56.000Z</time>
        <extensions>
          <ns3:TrackPointExtension>
            <ns3:hr>138</ns3:hr>
            <ns3:cad>95</ns3:cad>
          </ns3:TrackPointExtension>
        </extensions>
      </trkpt>
      <trkpt lat="25.08049068041145801544189453125" lon="102.720552273094654083251953125">
        <ele>1897</ele>
        <time>2026-09-11T23:27:57.000Z</time>
        <extensions>
          <ns3:TrackPointExtension>
            <ns3:hr>138</ns3:hr>
            <ns3:cad>95</ns3:cad>
          </ns3:TrackPointExtension>
        </extensions>
      </trkpt>
      <trkpt lat="25.08048766292631626129150390625" lon="102.7205802686512470245361328125">
        <ele>1897</ele>
        <time>2026-09-11T23:27:58.000Z</time>
        <extensions>
          <ns3:TrackPointExtension>
            <ns3:hr>138</ns3:hr>
            <ns3:cad>95</ns3:cad>
          </ns3:TrackPointExtension>
        </extensions>
      </trkpt>
      <trkpt lat="25.08048833347856998443603515625" lon="102.72060415707528591156005859375">
        <ele>1897</ele>
        <time>2026-09-11T23:27:59.000Z</time>
        <extensions>
          <ns3:TrackPointExtension>
            <ns3:hr>138</ns3:hr>
            <ns3:cad>95</ns3:cad>
          </ns3:TrackPointExtension>
        </extensions>
      </trkpt>
      <trkpt lat="25.0804803706705570220947265625" lon="102.72064003162086009979248046875">
        <ele>1897</ele>
        <time>2026-09-11T23:28:00.000Z</time>
        <extensions>
          <ns3:TrackPointExtension>
            <ns3:hr>138</ns3:hr>
            <ns3:cad>95</ns3:cad>
          </ns3:TrackPointExtension>
        </extensions>
      </trkpt>
      <trkpt lat="25.08047391660511493682861328125" lon="102.720666266977787017822265625">
        <ele>1897</ele>
        <time>2026-09-11T23:28:01.000Z</time>
        <extensions>
          <ns3:TrackPointExtension>
            <ns3:hr>137</ns3:hr>
            <ns3:cad>95</ns3:cad>
          </ns3:TrackPointExtension>
        </extensions>
      </trkpt>
      <trkpt lat="25.08047349750995635986328125" lon="102.72069149650633335113525390625">
        <ele>1897</ele>
        <time>2026-09-11T23:28:02.000Z</time>
        <extensions>
          <ns3:TrackPointExtension>
            <ns3:hr>138</ns3:hr>
            <ns3:cad>95</ns3:cad>
          </ns3:TrackPointExtension>
        </extensions>
      </trkpt>
      <trkpt lat="25.08047215640544891357421875" lon="102.72072158753871917724609375">
        <ele>1897</ele>
        <time>2026-09-11T23:28:03.000Z</time>
        <extensions>
          <ns3:TrackPointExtension>
            <ns3:hr>138</ns3:hr>
            <ns3:cad>95</ns3:cad>
          </ns3:TrackPointExtension>
        </extensions>
      </trkpt>
      <trkpt lat="25.08047877810895442962646484375" lon="102.72074547596275806427001953125">
        <ele>1897</ele>
        <time>2026-09-11T23:28:04.000Z</time>
        <extensions>
          <ns3:TrackPointExtension>
            <ns3:hr>137</ns3:hr>
            <ns3:cad>95</ns3:cad>
          </ns3:TrackPointExtension>
        </extensions>
      </trkpt>
      <trkpt lat="25.08046939037740230560302734375" lon="102.72078168578445911407470703125">
        <ele>1897</ele>
        <time>2026-09-11T23:28:05.000Z</time>
        <extensions>
          <ns3:TrackPointExtension>
            <ns3:hr>137</ns3:hr>
            <ns3:cad>95</ns3:cad>
          </ns3:TrackPointExtension>
        </extensions>
      </trkpt>
      <trkpt lat="25.0804649479687213897705078125" lon="102.72080347873270511627197265625">
        <ele>1897</ele>
        <time>2026-09-11T23:28:06.000Z</time>
        <extensions>
          <ns3:TrackPointExtension>
            <ns3:hr>137</ns3:hr>
            <ns3:cad>96</ns3:cad>
          </ns3:TrackPointExtension>
        </extensions>
      </trkpt>
      <trkpt lat="25.080456398427486419677734375" lon="102.72083155810832977294921875">
        <ele>1897</ele>
        <time>2026-09-11T23:28:07.000Z</time>
        <extensions>
          <ns3:TrackPointExtension>
            <ns3:hr>137</ns3:hr>
            <ns3:cad>96</ns3:cad>
          </ns3:TrackPointExtension>
        </extensions>
      </trkpt>
      <trkpt lat="25.08044960908591747283935546875" lon="102.72086240351200103759765625">
        <ele>1896.800048828125</ele>
        <time>2026-09-11T23:28:08.000Z</time>
        <extensions>
          <ns3:TrackPointExtension>
            <ns3:hr>136</ns3:hr>
            <ns3:cad>96</ns3:cad>
          </ns3:TrackPointExtension>
        </extensions>
      </trkpt>
      <trkpt lat="25.08044491522014141082763671875" lon="102.720893584191799163818359375">
        <ele>1896.800048828125</ele>
        <time>2026-09-11T23:28:09.000Z</time>
        <extensions>
          <ns3:TrackPointExtension>
            <ns3:hr>136</ns3:hr>
            <ns3:cad>96</ns3:cad>
          </ns3:TrackPointExtension>
        </extensions>
      </trkpt>
      <trkpt lat="25.08044089190661907196044921875" lon="102.72093172185122966766357421875">
        <ele>1896.800048828125</ele>
        <time>2026-09-11T23:28:10.000Z</time>
        <extensions>
          <ns3:TrackPointExtension>
            <ns3:hr>136</ns3:hr>
            <ns3:cad>96</ns3:cad>
          </ns3:TrackPointExtension>
        </extensions>
      </trkpt>
      <trkpt lat="25.080442316830158233642578125" lon="102.720962651073932647705078125">
        <ele>1897</ele>
        <time>2026-09-11T23:28:11.000Z</time>
        <extensions>
          <ns3:TrackPointExtension>
            <ns3:hr>137</ns3:hr>
            <ns3:cad>96</ns3:cad>
          </ns3:TrackPointExtension>
        </extensions>
      </trkpt>
      <trkpt lat="25.08043904788792133331298828125" lon="102.72100196219980716705322265625">
        <ele>1897</ele>
        <time>2026-09-11T23:28:12.000Z</time>
        <extensions>
          <ns3:TrackPointExtension>
            <ns3:hr>136</ns3:hr>
            <ns3:cad>95</ns3:cad>
          </ns3:TrackPointExtension>
        </extensions>
      </trkpt>
      <trkpt lat="25.0804351083934307098388671875" lon="102.72104018367826938629150390625">
        <ele>1897</ele>
        <time>2026-09-11T23:28:13.000Z</time>
        <extensions>
          <ns3:TrackPointExtension>
            <ns3:hr>136</ns3:hr>
            <ns3:cad>95</ns3:cad>
          </ns3:TrackPointExtension>
        </extensions>
      </trkpt>
      <trkpt lat="25.08042655885219573974609375" lon="102.72107237018644809722900390625">
        <ele>1897</ele>
        <time>2026-09-11T23:28:14.000Z</time>
        <extensions>
          <ns3:TrackPointExtension>
            <ns3:hr>136</ns3:hr>
            <ns3:cad>95</ns3:cad>
          </ns3:TrackPointExtension>
        </extensions>
      </trkpt>
      <trkpt lat="25.0804220326244831085205078125" lon="102.7211130224168300628662109375">
        <ele>1897</ele>
        <time>2026-09-11T23:28:15.000Z</time>
        <extensions>
          <ns3:TrackPointExtension>
            <ns3:hr>137</ns3:hr>
            <ns3:cad>95</ns3:cad>
          </ns3:TrackPointExtension>
        </extensions>
      </trkpt>
      <trkpt lat="25.08041440509259700775146484375" lon="102.721144370734691619873046875">
        <ele>1896.800048828125</ele>
        <time>2026-09-11T23:28:16.000Z</time>
        <extensions>
          <ns3:TrackPointExtension>
            <ns3:hr>136</ns3:hr>
            <ns3:cad>95</ns3:cad>
          </ns3:TrackPointExtension>
        </extensions>
      </trkpt>
      <trkpt lat="25.0804126448929309844970703125" lon="102.72118317894637584686279296875">
        <ele>1896.800048828125</ele>
        <time>2026-09-11T23:28:17.000Z</time>
        <extensions>
          <ns3:TrackPointExtension>
            <ns3:hr>136</ns3:hr>
            <ns3:cad>96</ns3:cad>
          </ns3:TrackPointExtension>
        </extensions>
      </trkpt>
      <trkpt lat="25.08041272871196269989013671875" lon="102.72121603600680828094482421875">
        <ele>1896.800048828125</ele>
        <time>2026-09-11T23:28:18.000Z</time>
        <extensions>
          <ns3:TrackPointExtension>
            <ns3:hr>137</ns3:hr>
            <ns3:cad>96</ns3:cad>
          </ns3:TrackPointExtension>
        </extensions>
      </trkpt>
      <trkpt lat="25.0804082863032817840576171875" lon="102.721251659095287322998046875">
        <ele>1896.800048828125</ele>
        <time>2026-09-11T23:28:19.000Z</time>
        <extensions>
          <ns3:TrackPointExtension>
            <ns3:hr>137</ns3:hr>
            <ns3:cad>96</ns3:cad>
          </ns3:TrackPointExtension>
        </extensions>
      </trkpt>
      <trkpt lat="25.0804017484188079833984375" lon="102.7212816663086414337158203125">
        <ele>1896.800048828125</ele>
        <time>2026-09-11T23:28:20.000Z</time>
        <extensions>
          <ns3:TrackPointExtension>
            <ns3:hr>137</ns3:hr>
            <ns3:cad>95</ns3:cad>
          </ns3:TrackPointExtension>
        </extensions>
      </trkpt>
      <trkpt lat="25.0803948752582073211669921875" lon="102.72130739875137805938720703125">
        <ele>1896.5999755859375</ele>
        <time>2026-09-11T23:28:21.000Z</time>
        <extensions>
          <ns3:TrackPointExtension>
            <ns3:hr>137</ns3:hr>
            <ns3:cad>95</ns3:cad>
          </ns3:TrackPointExtension>
        </extensions>
      </trkpt>
      <trkpt lat="25.08038473315536975860595703125" lon="102.72134243510663509368896484375">
        <ele>1896.5999755859375</ele>
        <time>2026-09-11T23:28:22.000Z</time>
        <extensions>
          <ns3:TrackPointExtension>
            <ns3:hr>136</ns3:hr>
            <ns3:cad>95</ns3:cad>
          </ns3:TrackPointExtension>
        </extensions>
      </trkpt>
      <trkpt lat="25.0803737528622150421142578125" lon="102.72136665880680084228515625">
        <ele>1896.5999755859375</ele>
        <time>2026-09-11T23:28:23.000Z</time>
        <extensions>
          <ns3:TrackPointExtension>
            <ns3:hr>137</ns3:hr>
            <ns3:cad>95</ns3:cad>
          </ns3:TrackPointExtension>
        </extensions>
      </trkpt>
      <trkpt lat="25.08035573177039623260498046875" lon="102.7213954925537109375">
        <ele>1896.800048828125</ele>
        <time>2026-09-11T23:28:24.000Z</time>
        <extensions>
          <ns3:TrackPointExtension>
            <ns3:hr>137</ns3:hr>
            <ns3:cad>93</ns3:cad>
          </ns3:TrackPointExtension>
        </extensions>
      </trkpt>
      <trkpt lat="25.0803392194211483001708984375" lon="102.7214211411774158477783203125">
        <ele>1896.800048828125</ele>
        <time>2026-09-11T23:28:25.000Z</time>
        <extensions>
          <ns3:TrackPointExtension>
            <ns3:hr>137</ns3:hr>
            <ns3:cad>92</ns3:cad>
          </ns3:TrackPointExtension>
        </extensions>
      </trkpt>
      <trkpt lat="25.08032253943383693695068359375" lon="102.72144720889627933502197265625">
        <ele>1896.800048828125</ele>
        <time>2026-09-11T23:28:26.000Z</time>
        <extensions>
          <ns3:TrackPointExtension>
            <ns3:hr>136</ns3:hr>
            <ns3:cad>92</ns3:cad>
          </ns3:TrackPointExtension>
        </extensions>
      </trkpt>
      <trkpt lat="25.08030963130295276641845703125" lon="102.72147621028125286102294921875">
        <ele>1897</ele>
        <time>2026-09-11T23:28:27.000Z</time>
        <extensions>
          <ns3:TrackPointExtension>
            <ns3:hr>136</ns3:hr>
            <ns3:cad>92</ns3:cad>
          </ns3:TrackPointExtension>
        </extensions>
      </trkpt>
      <trkpt lat="25.08030359633266925811767578125" lon="102.72150454111397266387939453125">
        <ele>1896.800048828125</ele>
        <time>2026-09-11T23:28:28.000Z</time>
        <extensions>
          <ns3:TrackPointExtension>
            <ns3:hr>136</ns3:hr>
            <ns3:cad>92</ns3:cad>
          </ns3:TrackPointExtension>
        </extensions>
      </trkpt>
      <trkpt lat="25.08028850890696048736572265625" lon="102.72153421305119991302490234375">
        <ele>1896.800048828125</ele>
        <time>2026-09-11T23:28:29.000Z</time>
        <extensions>
          <ns3:TrackPointExtension>
            <ns3:hr>136</ns3:hr>
            <ns3:cad>92</ns3:cad>
          </ns3:TrackPointExtension>
        </extensions>
      </trkpt>
      <trkpt lat="25.0802741758525371551513671875" lon="102.721558101475238800048828125">
        <ele>1896.800048828125</ele>
        <time>2026-09-11T23:28:30.000Z</time>
        <extensions>
          <ns3:TrackPointExtension>
            <ns3:hr>137</ns3:hr>
            <ns3:cad>92</ns3:cad>
          </ns3:TrackPointExtension>
        </extensions>
      </trkpt>
      <trkpt lat="25.08025766350328922271728515625" lon="102.7215847559273242950439453125">
        <ele>1896.800048828125</ele>
        <time>2026-09-11T23:28:31.000Z</time>
        <extensions>
          <ns3:TrackPointExtension>
            <ns3:hr>136</ns3:hr>
            <ns3:cad>94</ns3:cad>
          </ns3:TrackPointExtension>
        </extensions>
      </trkpt>
      <trkpt lat="25.08024073205888271331787109375" lon="102.72160965017974376678466796875">
        <ele>1896.800048828125</ele>
        <time>2026-09-11T23:28:32.000Z</time>
        <extensions>
          <ns3:TrackPointExtension>
            <ns3:hr>136</ns3:hr>
            <ns3:cad>93</ns3:cad>
          </ns3:TrackPointExtension>
        </extensions>
      </trkpt>
      <trkpt lat="25.080227740108966827392578125" lon="102.7216330356895923614501953125">
        <ele>1896.800048828125</ele>
        <time>2026-09-11T23:28:33.000Z</time>
        <extensions>
          <ns3:TrackPointExtension>
            <ns3:hr>137</ns3:hr>
            <ns3:cad>93</ns3:cad>
          </ns3:TrackPointExtension>
        </extensions>
      </trkpt>
      <trkpt lat="25.08021407760679721832275390625" lon="102.7216622047126293182373046875">
        <ele>1896.800048828125</ele>
        <time>2026-09-11T23:28:34.000Z</time>
        <extensions>
          <ns3:TrackPointExtension>
            <ns3:hr>136</ns3:hr>
            <ns3:cad>93</ns3:cad>
          </ns3:TrackPointExtension>
        </extensions>
      </trkpt>
      <trkpt lat="25.080206282436847686767578125" lon="102.72168726660311222076416015625">
        <ele>1896.5999755859375</ele>
        <time>2026-09-11T23:28:35.000Z</time>
        <extensions>
          <ns3:TrackPointExtension>
            <ns3:hr>136</ns3:hr>
            <ns3:cad>93</ns3:cad>
          </ns3:TrackPointExtension>
        </extensions>
      </trkpt>
      <trkpt lat="25.08019261993467807769775390625" lon="102.72172029130160808563232421875">
        <ele>1896.5999755859375</ele>
        <time>2026-09-11T23:28:36.000Z</time>
        <extensions>
          <ns3:TrackPointExtension>
            <ns3:hr>137</ns3:hr>
            <ns3:cad>96</ns3:cad>
          </ns3:TrackPointExtension>
        </extensions>
      </trkpt>
      <trkpt lat="25.0801792927086353302001953125" lon="102.7217482030391693115234375">
        <ele>1896.4000244140625</ele>
        <time>2026-09-11T23:28:37.000Z</time>
        <extensions>
          <ns3:TrackPointExtension>
            <ns3:hr>136</ns3:hr>
            <ns3:cad>96</ns3:cad>
          </ns3:TrackPointExtension>
        </extensions>
      </trkpt>
      <trkpt lat="25.0801603496074676513671875" lon="102.72177393548190593719482421875">
        <ele>1896.4000244140625</ele>
        <time>2026-09-11T23:28:38.000Z</time>
        <extensions>
          <ns3:TrackPointExtension>
            <ns3:hr>136</ns3:hr>
            <ns3:cad>95</ns3:cad>
          </ns3:TrackPointExtension>
        </extensions>
      </trkpt>
      <trkpt lat="25.0801415741443634033203125" lon="102.72180075757205486297607421875">
        <ele>1896.4000244140625</ele>
        <time>2026-09-11T23:28:39.000Z</time>
        <extensions>
          <ns3:TrackPointExtension>
            <ns3:hr>137</ns3:hr>
            <ns3:cad>95</ns3:cad>
          </ns3:TrackPointExtension>
        </extensions>
      </trkpt>
      <trkpt lat="25.0801273249089717864990234375" lon="102.7218241430819034576416015625">
        <ele>1896.4000244140625</ele>
        <time>2026-09-11T23:28:40.000Z</time>
        <extensions>
          <ns3:TrackPointExtension>
            <ns3:hr>136</ns3:hr>
            <ns3:cad>94</ns3:cad>
          </ns3:TrackPointExtension>
        </extensions>
      </trkpt>
      <trkpt lat="25.08009756915271282196044921875" lon="102.7218447625637054443359375">
        <ele>1896.4000244140625</ele>
        <time>2026-09-11T23:28:41.000Z</time>
        <extensions>
          <ns3:TrackPointExtension>
            <ns3:hr>135</ns3:hr>
            <ns3:cad>94</ns3:cad>
          </ns3:TrackPointExtension>
        </extensions>
      </trkpt>
      <trkpt lat="25.08007653057575225830078125" lon="102.72186462767422199249267578125">
        <ele>1896.4000244140625</ele>
        <time>2026-09-11T23:28:42.000Z</time>
        <extensions>
          <ns3:TrackPointExtension>
            <ns3:hr>135</ns3:hr>
            <ns3:cad>95</ns3:cad>
          </ns3:TrackPointExtension>
        </extensions>
      </trkpt>
      <trkpt lat="25.0800495408475399017333984375" lon="102.72188776172697544097900390625">
        <ele>1896.199951171875</ele>
        <time>2026-09-11T23:28:43.000Z</time>
        <extensions>
          <ns3:TrackPointExtension>
            <ns3:hr>135</ns3:hr>
            <ns3:cad>95</ns3:cad>
          </ns3:TrackPointExtension>
        </extensions>
      </trkpt>
      <trkpt lat="25.08002028800547122955322265625" lon="102.721918858587741851806640625">
        <ele>1896.199951171875</ele>
        <time>2026-09-11T23:28:44.000Z</time>
        <extensions>
          <ns3:TrackPointExtension>
            <ns3:hr>135</ns3:hr>
            <ns3:cad>95</ns3:cad>
          </ns3:TrackPointExtension>
        </extensions>
      </trkpt>
      <trkpt lat="25.07999815978109836578369140625" lon="102.72195163182914257049560546875">
        <ele>1896.199951171875</ele>
        <time>2026-09-11T23:28:45.000Z</time>
        <extensions>
          <ns3:TrackPointExtension>
            <ns3:hr>135</ns3:hr>
            <ns3:cad>95</ns3:cad>
          </ns3:TrackPointExtension>
        </extensions>
      </trkpt>
      <trkpt lat="25.07997552864253520965576171875" lon="102.7219855785369873046875">
        <ele>1896.199951171875</ele>
        <time>2026-09-11T23:28:46.000Z</time>
        <extensions>
          <ns3:TrackPointExtension>
            <ns3:hr>135</ns3:hr>
            <ns3:cad>95</ns3:cad>
          </ns3:TrackPointExtension>
        </extensions>
      </trkpt>
      <trkpt lat="25.0799576751887798309326171875" lon="102.72201583720743656158447265625">
        <ele>1896.199951171875</ele>
        <time>2026-09-11T23:28:47.000Z</time>
        <extensions>
          <ns3:TrackPointExtension>
            <ns3:hr>135</ns3:hr>
            <ns3:cad>95</ns3:cad>
          </ns3:TrackPointExtension>
        </extensions>
      </trkpt>
      <trkpt lat="25.0799385644495487213134765625" lon="102.7220434136688709259033203125">
        <ele>1896.199951171875</ele>
        <time>2026-09-11T23:28:48.000Z</time>
        <extensions>
          <ns3:TrackPointExtension>
            <ns3:hr>135</ns3:hr>
            <ns3:cad>95</ns3:cad>
          </ns3:TrackPointExtension>
        </extensions>
      </trkpt>
      <trkpt lat="25.07992205210030078887939453125" lon="102.72207702510058879852294921875">
        <ele>1896.199951171875</ele>
        <time>2026-09-11T23:28:49.000Z</time>
        <extensions>
          <ns3:TrackPointExtension>
            <ns3:hr>135</ns3:hr>
            <ns3:cad>97</ns3:cad>
          </ns3:TrackPointExtension>
        </extensions>
      </trkpt>
      <trkpt lat="25.07990679703652858734130859375" lon="102.72210351191461086273193359375">
        <ele>1896.199951171875</ele>
        <time>2026-09-11T23:28:50.000Z</time>
        <extensions>
          <ns3:TrackPointExtension>
            <ns3:hr>135</ns3:hr>
            <ns3:cad>97</ns3:cad>
          </ns3:TrackPointExtension>
        </extensions>
      </trkpt>
      <trkpt lat="25.0798909552395343780517578125" lon="102.7221356146037578582763671875">
        <ele>1896.199951171875</ele>
        <time>2026-09-11T23:28:51.000Z</time>
        <extensions>
          <ns3:TrackPointExtension>
            <ns3:hr>135</ns3:hr>
            <ns3:cad>96</ns3:cad>
          </ns3:TrackPointExtension>
        </extensions>
      </trkpt>
      <trkpt lat="25.079878382384777069091796875" lon="102.72216352634131908416748046875">
        <ele>1896.199951171875</ele>
        <time>2026-09-11T23:28:52.000Z</time>
        <extensions>
          <ns3:TrackPointExtension>
            <ns3:hr>135</ns3:hr>
            <ns3:cad>96</ns3:cad>
          </ns3:TrackPointExtension>
        </extensions>
      </trkpt>
      <trkpt lat="25.0798626244068145751953125" lon="102.72219219245016574859619140625">
        <ele>1896.4000244140625</ele>
        <time>2026-09-11T23:28:53.000Z</time>
        <extensions>
          <ns3:TrackPointExtension>
            <ns3:hr>135</ns3:hr>
            <ns3:cad>96</ns3:cad>
          </ns3:TrackPointExtension>
        </extensions>
      </trkpt>
      <trkpt lat="25.0798507221043109893798828125" lon="102.7222229540348052978515625">
        <ele>1896.4000244140625</ele>
        <time>2026-09-11T23:28:54.000Z</time>
        <extensions>
          <ns3:TrackPointExtension>
            <ns3:hr>135</ns3:hr>
            <ns3:cad>95</ns3:cad>
          </ns3:TrackPointExtension>
        </extensions>
      </trkpt>
      <trkpt lat="25.0798363052308559417724609375" lon="102.72225237451493740081787109375">
        <ele>1896.4000244140625</ele>
        <time>2026-09-11T23:28:55.000Z</time>
        <extensions>
          <ns3:TrackPointExtension>
            <ns3:hr>134</ns3:hr>
            <ns3:cad>94</ns3:cad>
          </ns3:TrackPointExtension>
        </extensions>
      </trkpt>
      <trkpt lat="25.079826079308986663818359375" lon="102.72228405810892581939697265625">
        <ele>1896.4000244140625</ele>
        <time>2026-09-11T23:28:56.000Z</time>
        <extensions>
          <ns3:TrackPointExtension>
            <ns3:hr>135</ns3:hr>
            <ns3:cad>94</ns3:cad>
          </ns3:TrackPointExtension>
        </extensions>
      </trkpt>
      <trkpt lat="25.07981275208294391632080078125" lon="102.7223099581897258758544921875">
        <ele>1896.4000244140625</ele>
        <time>2026-09-11T23:28:57.000Z</time>
        <extensions>
          <ns3:TrackPointExtension>
            <ns3:hr>135</ns3:hr>
            <ns3:cad>94</ns3:cad>
          </ns3:TrackPointExtension>
        </extensions>
      </trkpt>
      <trkpt lat="25.07980051450431346893310546875" lon="102.722338624298572540283203125">
        <ele>1896.4000244140625</ele>
        <time>2026-09-11T23:28:58.000Z</time>
        <extensions>
          <ns3:TrackPointExtension>
            <ns3:hr>135</ns3:hr>
            <ns3:cad>47</ns3:cad>
          </ns3:TrackPointExtension>
        </extensions>
      </trkpt>
      <trkpt lat="25.0797923840582370758056640625" lon="102.72236335091292858123779296875">
        <ele>1896.199951171875</ele>
        <time>2026-09-11T23:28:59.000Z</time>
        <extensions>
          <ns3:TrackPointExtension>
            <ns3:hr>135</ns3:hr>
            <ns3:cad>47</ns3:cad>
          </ns3:TrackPointExtension>
        </extensions>
      </trkpt>
      <trkpt lat="25.0797776319086551666259765625" lon="102.72239436395466327667236328125">
        <ele>1896.199951171875</ele>
        <time>2026-09-11T23:29:00.000Z</time>
        <extensions>
          <ns3:TrackPointExtension>
            <ns3:hr>135</ns3:hr>
            <ns3:cad>95</ns3:cad>
          </ns3:TrackPointExtension>
        </extensions>
      </trkpt>
      <trkpt lat="25.079767070710659027099609375" lon="102.7224252931773662567138671875">
        <ele>1896.4000244140625</ele>
        <time>2026-09-11T23:29:01.000Z</time>
        <extensions>
          <ns3:TrackPointExtension>
            <ns3:hr>135</ns3:hr>
            <ns3:cad>95</ns3:cad>
          </ns3:TrackPointExtension>
        </extensions>
      </trkpt>
      <trkpt lat="25.079757012426853179931640625" lon="102.72245429456233978271484375">
        <ele>1896.4000244140625</ele>
        <time>2026-09-11T23:29:02.000Z</time>
        <extensions>
          <ns3:TrackPointExtension>
            <ns3:hr>135</ns3:hr>
            <ns3:cad>95</ns3:cad>
          </ns3:TrackPointExtension>
        </extensions>
      </trkpt>
      <trkpt lat="25.07974351756274700164794921875" lon="102.72248723544180393218994140625">
        <ele>1896.4000244140625</ele>
        <time>2026-09-11T23:29:03.000Z</time>
        <extensions>
          <ns3:TrackPointExtension>
            <ns3:hr>136</ns3:hr>
            <ns3:cad>95</ns3:cad>
          </ns3:TrackPointExtension>
        </extensions>
      </trkpt>
      <trkpt lat="25.07973320782184600830078125" lon="102.72251824848353862762451171875">
        <ele>1896.4000244140625</ele>
        <time>2026-09-11T23:29:04.000Z</time>
        <extensions>
          <ns3:TrackPointExtension>
            <ns3:hr>136</ns3:hr>
            <ns3:cad>95</ns3:cad>
          </ns3:TrackPointExtension>
        </extensions>
      </trkpt>
      <trkpt lat="25.079722143709659576416015625" lon="102.72254414856433868408203125">
        <ele>1896.4000244140625</ele>
        <time>2026-09-11T23:29:05.000Z</time>
        <extensions>
          <ns3:TrackPointExtension>
            <ns3:hr>136</ns3:hr>
            <ns3:cad>95</ns3:cad>
          </ns3:TrackPointExtension>
        </extensions>
      </trkpt>
      <trkpt lat="25.07971233688294887542724609375" lon="102.7225748263299465179443359375">
        <ele>1896.199951171875</ele>
        <time>2026-09-11T23:29:06.000Z</time>
        <extensions>
          <ns3:TrackPointExtension>
            <ns3:hr>136</ns3:hr>
            <ns3:cad>95</ns3:cad>
          </ns3:TrackPointExtension>
        </extensions>
      </trkpt>
      <trkpt lat="25.07969976402819156646728515625" lon="102.72260139696300029754638671875">
        <ele>1896.199951171875</ele>
        <time>2026-09-11T23:29:07.000Z</time>
        <extensions>
          <ns3:TrackPointExtension>
            <ns3:hr>136</ns3:hr>
            <ns3:cad>95</ns3:cad>
          </ns3:TrackPointExtension>
        </extensions>
      </trkpt>
      <trkpt lat="25.0796840898692607879638671875" lon="102.7226291410624980926513671875">
        <ele>1896.199951171875</ele>
        <time>2026-09-11T23:29:08.000Z</time>
        <extensions>
          <ns3:TrackPointExtension>
            <ns3:hr>136</ns3:hr>
            <ns3:cad>96</ns3:cad>
          </ns3:TrackPointExtension>
        </extensions>
      </trkpt>
      <trkpt lat="25.0796730257570743560791015625" lon="102.722661495208740234375">
        <ele>1896.199951171875</ele>
        <time>2026-09-11T23:29:09.000Z</time>
        <extensions>
          <ns3:TrackPointExtension>
            <ns3:hr>136</ns3:hr>
            <ns3:cad>96</ns3:cad>
          </ns3:TrackPointExtension>
        </extensions>
      </trkpt>
      <trkpt lat="25.07965768687427043914794921875" lon="102.72269510664045810699462890625">
        <ele>1896.199951171875</ele>
        <time>2026-09-11T23:29:10.000Z</time>
        <extensions>
          <ns3:TrackPointExtension>
            <ns3:hr>137</ns3:hr>
            <ns3:cad>96</ns3:cad>
          </ns3:TrackPointExtension>
        </extensions>
      </trkpt>
      <trkpt lat="25.079641006886959075927734375" lon="102.722723186016082763671875">
        <ele>1896.199951171875</ele>
        <time>2026-09-11T23:29:11.000Z</time>
        <extensions>
          <ns3:TrackPointExtension>
            <ns3:hr>136</ns3:hr>
            <ns3:cad>95</ns3:cad>
          </ns3:TrackPointExtension>
        </extensions>
      </trkpt>
      <trkpt lat="25.079627595841884613037109375" lon="102.72274397313594818115234375">
        <ele>1896.199951171875</ele>
        <time>2026-09-11T23:29:12.000Z</time>
        <extensions>
          <ns3:TrackPointExtension>
            <ns3:hr>136</ns3:hr>
            <ns3:cad>96</ns3:cad>
          </ns3:TrackPointExtension>
        </extensions>
      </trkpt>
      <trkpt lat="25.07961460389196872711181640625" lon="102.72277490235865116119384765625">
        <ele>1896.199951171875</ele>
        <time>2026-09-11T23:29:13.000Z</time>
        <extensions>
          <ns3:TrackPointExtension>
            <ns3:hr>137</ns3:hr>
            <ns3:cad>95</ns3:cad>
          </ns3:TrackPointExtension>
        </extensions>
      </trkpt>
      <trkpt lat="25.07960446178913116455078125" lon="102.72279602475464344024658203125">
        <ele>1896.199951171875</ele>
        <time>2026-09-11T23:29:14.000Z</time>
        <extensions>
          <ns3:TrackPointExtension>
            <ns3:hr>136</ns3:hr>
            <ns3:cad>96</ns3:cad>
          </ns3:TrackPointExtension>
        </extensions>
      </trkpt>
      <trkpt lat="25.07958970963954925537109375" lon="102.72282888181507587432861328125">
        <ele>1896.199951171875</ele>
        <time>2026-09-11T23:29:15.000Z</time>
        <extensions>
          <ns3:TrackPointExtension>
            <ns3:hr>136</ns3:hr>
            <ns3:cad>96</ns3:cad>
          </ns3:TrackPointExtension>
        </extensions>
      </trkpt>
      <trkpt lat="25.07957906462252140045166015625" lon="102.722859643399715423583984375">
        <ele>1896.199951171875</ele>
        <time>2026-09-11T23:29:16.000Z</time>
        <extensions>
          <ns3:TrackPointExtension>
            <ns3:hr>137</ns3:hr>
            <ns3:cad>97</ns3:cad>
          </ns3:TrackPointExtension>
        </extensions>
      </trkpt>
      <trkpt lat="25.07956883870065212249755859375" lon="102.7228849567472934722900390625">
        <ele>1896.199951171875</ele>
        <time>2026-09-11T23:29:17.000Z</time>
        <extensions>
          <ns3:TrackPointExtension>
            <ns3:hr>136</ns3:hr>
            <ns3:cad>97</ns3:cad>
          </ns3:TrackPointExtension>
        </extensions>
      </trkpt>
      <trkpt lat="25.07955241017043590545654296875" lon="102.722914628684520721435546875">
        <ele>1896.199951171875</ele>
        <time>2026-09-11T23:29:18.000Z</time>
        <extensions>
          <ns3:TrackPointExtension>
            <ns3:hr>136</ns3:hr>
            <ns3:cad>96</ns3:cad>
          </ns3:TrackPointExtension>
        </extensions>
      </trkpt>
      <trkpt lat="25.079539082944393157958984375" lon="102.72293801419436931610107421875">
        <ele>1896.4000244140625</ele>
        <time>2026-09-11T23:29:19.000Z</time>
        <extensions>
          <ns3:TrackPointExtension>
            <ns3:hr>137</ns3:hr>
            <ns3:cad>96</ns3:cad>
          </ns3:TrackPointExtension>
        </extensions>
      </trkpt>
      <trkpt lat="25.079522989690303802490234375" lon="102.72296751849353313446044921875">
        <ele>1896.4000244140625</ele>
        <time>2026-09-11T23:29:20.000Z</time>
        <extensions>
          <ns3:TrackPointExtension>
            <ns3:hr>136</ns3:hr>
            <ns3:cad>95</ns3:cad>
          </ns3:TrackPointExtension>
        </extensions>
      </trkpt>
      <trkpt lat="25.07951485924422740936279296875" lon="102.722995094954967498779296875">
        <ele>1896.4000244140625</ele>
        <time>2026-09-11T23:29:21.000Z</time>
        <extensions>
          <ns3:TrackPointExtension>
            <ns3:hr>135</ns3:hr>
            <ns3:cad>95</ns3:cad>
          </ns3:TrackPointExtension>
        </extensions>
      </trkpt>
      <trkpt lat="25.0795040465891361236572265625" lon="102.72302082739770412445068359375">
        <ele>1896.4000244140625</ele>
        <time>2026-09-11T23:29:22.000Z</time>
        <extensions>
          <ns3:TrackPointExtension>
            <ns3:hr>135</ns3:hr>
            <ns3:cad>94</ns3:cad>
          </ns3:TrackPointExtension>
        </extensions>
      </trkpt>
      <trkpt lat="25.0794919766485691070556640625" lon="102.7230544388294219970703125">
        <ele>1896.4000244140625</ele>
        <time>2026-09-11T23:29:23.000Z</time>
        <extensions>
          <ns3:TrackPointExtension>
            <ns3:hr>135</ns3:hr>
            <ns3:cad>94</ns3:cad>
          </ns3:TrackPointExtension>
        </extensions>
      </trkpt>
      <trkpt lat="25.0794846005737781524658203125" lon="102.72307765670120716094970703125">
        <ele>1896.4000244140625</ele>
        <time>2026-09-11T23:29:24.000Z</time>
        <extensions>
          <ns3:TrackPointExtension>
            <ns3:hr>135</ns3:hr>
            <ns3:cad>94</ns3:cad>
          </ns3:TrackPointExtension>
        </extensions>
      </trkpt>
      <trkpt lat="25.07947294972836971282958984375" lon="102.7231107652187347412109375">
        <ele>1896.4000244140625</ele>
        <time>2026-09-11T23:29:25.000Z</time>
        <extensions>
          <ns3:TrackPointExtension>
            <ns3:hr>135</ns3:hr>
            <ns3:cad>96</ns3:cad>
          </ns3:TrackPointExtension>
        </extensions>
      </trkpt>
      <trkpt lat="25.07946590892970561981201171875" lon="102.72314001806080341339111328125">
        <ele>1896.5999755859375</ele>
        <time>2026-09-11T23:29:26.000Z</time>
        <extensions>
          <ns3:TrackPointExtension>
            <ns3:hr>135</ns3:hr>
            <ns3:cad>96</ns3:cad>
          </ns3:TrackPointExtension>
        </extensions>
      </trkpt>
      <trkpt lat="25.07944889366626739501953125" lon="102.7231749705970287322998046875">
        <ele>1896.5999755859375</ele>
        <time>2026-09-11T23:29:27.000Z</time>
        <extensions>
          <ns3:TrackPointExtension>
            <ns3:hr>135</ns3:hr>
            <ns3:cad>96</ns3:cad>
          </ns3:TrackPointExtension>
        </extensions>
      </trkpt>
      <trkpt lat="25.07943145930767059326171875" lon="102.7232115156948566436767578125">
        <ele>1896.5999755859375</ele>
        <time>2026-09-11T23:29:28.000Z</time>
        <extensions>
          <ns3:TrackPointExtension>
            <ns3:hr>135</ns3:hr>
            <ns3:cad>96</ns3:cad>
          </ns3:TrackPointExtension>
        </extensions>
      </trkpt>
      <trkpt lat="25.079404301941394805908203125" lon="102.7232406847178936004638671875">
        <ele>1896.5999755859375</ele>
        <time>2026-09-11T23:29:29.000Z</time>
        <extensions>
          <ns3:TrackPointExtension>
            <ns3:hr>134</ns3:hr>
            <ns3:cad>96</ns3:cad>
          </ns3:TrackPointExtension>
        </extensions>
      </trkpt>
      <trkpt lat="25.079380162060260772705078125" lon="102.72328485734760761260986328125">
        <ele>1896.4000244140625</ele>
        <time>2026-09-11T23:29:30.000Z</time>
        <extensions>
          <ns3:TrackPointExtension>
            <ns3:hr>135</ns3:hr>
            <ns3:cad>95</ns3:cad>
          </ns3:TrackPointExtension>
        </extensions>
      </trkpt>
      <trkpt lat="25.079364739358425140380859375" lon="102.7233265154063701629638671875">
        <ele>1896.4000244140625</ele>
        <time>2026-09-11T23:29:31.000Z</time>
        <extensions>
          <ns3:TrackPointExtension>
            <ns3:hr>135</ns3:hr>
            <ns3:cad>94</ns3:cad>
          </ns3:TrackPointExtension>
        </extensions>
      </trkpt>
      <trkpt lat="25.079338587820529937744140625" lon="102.723372280597686767578125">
        <ele>1896.4000244140625</ele>
        <time>2026-09-11T23:29:32.000Z</time>
        <extensions>
          <ns3:TrackPointExtension>
            <ns3:hr>135</ns3:hr>
            <ns3:cad>95</ns3:cad>
          </ns3:TrackPointExtension>
        </extensions>
      </trkpt>
      <trkpt lat="25.07931788451969623565673828125" lon="102.72341628558933734893798828125">
        <ele>1896.199951171875</ele>
        <time>2026-09-11T23:29:33.000Z</time>
        <extensions>
          <ns3:TrackPointExtension>
            <ns3:hr>135</ns3:hr>
            <ns3:cad>95</ns3:cad>
          </ns3:TrackPointExtension>
        </extensions>
      </trkpt>
      <trkpt lat="25.0793025456368923187255859375" lon="102.72345006465911865234375">
        <ele>1896.199951171875</ele>
        <time>2026-09-11T23:29:34.000Z</time>
        <extensions>
          <ns3:TrackPointExtension>
            <ns3:hr>135</ns3:hr>
            <ns3:cad>95</ns3:cad>
          </ns3:TrackPointExtension>
        </extensions>
      </trkpt>
      <trkpt lat="25.079286955296993255615234375" lon="102.7234908007085323333740234375">
        <ele>1896.199951171875</ele>
        <time>2026-09-11T23:29:35.000Z</time>
        <extensions>
          <ns3:TrackPointExtension>
            <ns3:hr>135</ns3:hr>
            <ns3:cad>95</ns3:cad>
          </ns3:TrackPointExtension>
        </extensions>
      </trkpt>
      <trkpt lat="25.07928167469799518585205078125" lon="102.72352223284542560577392578125">
        <ele>1896.199951171875</ele>
        <time>2026-09-11T23:29:36.000Z</time>
        <extensions>
          <ns3:TrackPointExtension>
            <ns3:hr>135</ns3:hr>
            <ns3:cad>95</ns3:cad>
          </ns3:TrackPointExtension>
        </extensions>
      </trkpt>
      <trkpt lat="25.07927882485091686248779296875" lon="102.72356665693223476409912109375">
        <ele>1896.4000244140625</ele>
        <time>2026-09-11T23:29:37.000Z</time>
        <extensions>
          <ns3:TrackPointExtension>
            <ns3:hr>135</ns3:hr>
            <ns3:cad>95</ns3:cad>
          </ns3:TrackPointExtension>
        </extensions>
      </trkpt>
      <trkpt lat="25.07928452454507350921630859375" lon="102.7236047945916652679443359375">
        <ele>1896.4000244140625</ele>
        <time>2026-09-11T23:29:38.000Z</time>
        <extensions>
          <ns3:TrackPointExtension>
            <ns3:hr>136</ns3:hr>
            <ns3:cad>95</ns3:cad>
          </ns3:TrackPointExtension>
        </extensions>
      </trkpt>
      <trkpt lat="25.07927865721285343170166015625" lon="102.723644189536571502685546875">
        <ele>1896.4000244140625</ele>
        <time>2026-09-11T23:29:39.000Z</time>
        <extensions>
          <ns3:TrackPointExtension>
            <ns3:hr>136</ns3:hr>
            <ns3:cad>95</ns3:cad>
          </ns3:TrackPointExtension>
        </extensions>
      </trkpt>
      <trkpt lat="25.07927916012704372406005859375" lon="102.723683416843414306640625">
        <ele>1896.4000244140625</ele>
        <time>2026-09-11T23:29:40.000Z</time>
        <extensions>
          <ns3:TrackPointExtension>
            <ns3:hr>137</ns3:hr>
            <ns3:cad>94</ns3:cad>
          </ns3:TrackPointExtension>
        </extensions>
      </trkpt>
      <trkpt lat="25.0792807526886463165283203125" lon="102.7237181179225444793701171875">
        <ele>1896.199951171875</ele>
        <time>2026-09-11T23:29:41.000Z</time>
        <extensions>
          <ns3:TrackPointExtension>
            <ns3:hr>137</ns3:hr>
            <ns3:cad>94</ns3:cad>
          </ns3:TrackPointExtension>
        </extensions>
      </trkpt>
      <trkpt lat="25.07928553037345409393310546875" lon="102.72375927306711673736572265625">
        <ele>1896.199951171875</ele>
        <time>2026-09-11T23:29:42.000Z</time>
        <extensions>
          <ns3:TrackPointExtension>
            <ns3:hr>138</ns3:hr>
            <ns3:cad>94</ns3:cad>
          </ns3:TrackPointExtension>
        </extensions>
      </trkpt>
      <trkpt lat="25.0792939960956573486328125" lon="102.7237875200808048248291015625">
        <ele>1896.199951171875</ele>
        <time>2026-09-11T23:29:43.000Z</time>
        <extensions>
          <ns3:TrackPointExtension>
            <ns3:hr>139</ns3:hr>
            <ns3:cad>94</ns3:cad>
          </ns3:TrackPointExtension>
        </extensions>
      </trkpt>
      <trkpt lat="25.079304389655590057373046875" lon="102.72382230497896671295166015625">
        <ele>1896.199951171875</ele>
        <time>2026-09-11T23:29:44.000Z</time>
        <extensions>
          <ns3:TrackPointExtension>
            <ns3:hr>140</ns3:hr>
            <ns3:cad>95</ns3:cad>
          </ns3:TrackPointExtension>
        </extensions>
      </trkpt>
      <trkpt lat="25.0793196447193622589111328125" lon="102.72384904325008392333984375">
        <ele>1896.199951171875</ele>
        <time>2026-09-11T23:29:45.000Z</time>
        <extensions>
          <ns3:TrackPointExtension>
            <ns3:hr>140</ns3:hr>
            <ns3:cad>95</ns3:cad>
          </ns3:TrackPointExtension>
        </extensions>
      </trkpt>
      <trkpt lat="25.0793286971747875213623046875" lon="102.72388282231986522674560546875">
        <ele>1896.199951171875</ele>
        <time>2026-09-11T23:29:46.000Z</time>
        <extensions>
          <ns3:TrackPointExtension>
            <ns3:hr>141</ns3:hr>
            <ns3:cad>95</ns3:cad>
          </ns3:TrackPointExtension>
        </extensions>
      </trkpt>
      <trkpt lat="25.07933783344924449920654296875" lon="102.72391618229448795318603515625">
        <ele>1896</ele>
        <time>2026-09-11T23:29:47.000Z</time>
        <extensions>
          <ns3:TrackPointExtension>
            <ns3:hr>142</ns3:hr>
            <ns3:cad>96</ns3:cad>
          </ns3:TrackPointExtension>
        </extensions>
      </trkpt>
      <trkpt lat="25.07934403605759143829345703125" lon="102.7239476144313812255859375">
        <ele>1896</ele>
        <time>2026-09-11T23:29:48.000Z</time>
        <extensions>
          <ns3:TrackPointExtension>
            <ns3:hr>142</ns3:hr>
            <ns3:cad>96</ns3:cad>
          </ns3:TrackPointExtension>
        </extensions>
      </trkpt>
      <trkpt lat="25.0793437846004962921142578125" lon="102.7239771187305450439453125">
        <ele>1896.199951171875</ele>
        <time>2026-09-11T23:29:49.000Z</time>
        <extensions>
          <ns3:TrackPointExtension>
            <ns3:hr>142</ns3:hr>
            <ns3:cad>96</ns3:cad>
          </ns3:TrackPointExtension>
        </extensions>
      </trkpt>
      <trkpt lat="25.079337246716022491455078125" lon="102.7239878475666046142578125">
        <ele>1896.199951171875</ele>
        <time>2026-09-11T23:29:50.000Z</time>
        <extensions>
          <ns3:TrackPointExtension>
            <ns3:hr>143</ns3:hr>
            <ns3:cad>96</ns3:cad>
          </ns3:TrackPointExtension>
        </extensions>
      </trkpt>
      <trkpt lat="25.079339258372783660888671875" lon="102.72399656474590301513671875">
        <ele>1896.4000244140625</ele>
        <time>2026-09-11T23:29:51.000Z</time>
        <extensions>
          <ns3:TrackPointExtension>
            <ns3:hr>143</ns3:hr>
            <ns3:cad>96</ns3:cad>
          </ns3:TrackPointExtension>
        </extensions>
      </trkpt>
      <trkpt lat="25.0794229097664356231689453125" lon="102.72395121864974498748779296875">
        <ele>1896.800048828125</ele>
        <time>2026-09-11T23:32:18.000Z</time>
        <extensions>
          <ns3:TrackPointExtension>
            <ns3:hr>91</ns3:hr>
            <ns3:cad>0</ns3:cad>
          </ns3:TrackPointExtension>
        </extensions>
      </trkpt>
      <trkpt lat="25.07943405769765377044677734375" lon="102.72396303713321685791015625">
        <ele>1896.800048828125</ele>
        <time>2026-09-11T23:32:19.000Z</time>
        <extensions>
          <ns3:TrackPointExtension>
            <ns3:hr>91</ns3:hr>
            <ns3:cad>0</ns3:cad>
          </ns3:TrackPointExtension>
        </extensions>
      </trkpt>
      <trkpt lat="25.07945283316075801849365234375" lon="102.7239782921969890594482421875">
        <ele>1897</ele>
        <time>2026-09-11T23:32:20.000Z</time>
        <extensions>
          <ns3:TrackPointExtension>
            <ns3:hr>91</ns3:hr>
            <ns3:cad>0</ns3:cad>
          </ns3:TrackPointExtension>
        </extensions>
      </trkpt>
      <trkpt lat="25.07947077043354511260986328125" lon="102.72399547509849071502685546875">
        <ele>1897</ele>
        <time>2026-09-11T23:32:21.000Z</time>
        <extensions>
          <ns3:TrackPointExtension>
            <ns3:hr>90</ns3:hr>
            <ns3:cad>0</ns3:cad>
          </ns3:TrackPointExtension>
        </extensions>
      </trkpt>
      <trkpt lat="25.0794924795627593994140625" lon="102.724016346037387847900390625">
        <ele>1896.800048828125</ele>
        <time>2026-09-11T23:32:22.000Z</time>
        <extensions>
          <ns3:TrackPointExtension>
            <ns3:hr>91</ns3:hr>
            <ns3:cad>0</ns3:cad>
          </ns3:TrackPointExtension>
        </extensions>
      </trkpt>
      <trkpt lat="25.079514943063259124755859375" lon="102.72403604350984096527099609375">
        <ele>1896.800048828125</ele>
        <time>2026-09-11T23:32:23.000Z</time>
        <extensions>
          <ns3:TrackPointExtension>
            <ns3:hr>91</ns3:hr>
            <ns3:cad>0</ns3:cad>
          </ns3:TrackPointExtension>
        </extensions>
      </trkpt>
      <trkpt lat="25.07953514344990253448486328125" lon="102.72405347786843776702880859375">
        <ele>1896.800048828125</ele>
        <time>2026-09-11T23:32:24.000Z</time>
        <extensions>
          <ns3:TrackPointExtension>
            <ns3:hr>92</ns3:hr>
            <ns3:cad>0</ns3:cad>
          </ns3:TrackPointExtension>
        </extensions>
      </trkpt>
      <trkpt lat="25.079553835093975067138671875" lon="102.72407359443604946136474609375">
        <ele>1896.800048828125</ele>
        <time>2026-09-11T23:32:25.000Z</time>
        <extensions>
          <ns3:TrackPointExtension>
            <ns3:hr>92</ns3:hr>
            <ns3:cad>91</ns3:cad>
          </ns3:TrackPointExtension>
        </extensions>
      </trkpt>
      <trkpt lat="25.079575292766094207763671875" lon="102.724092788994312286376953125">
        <ele>1896.800048828125</ele>
        <time>2026-09-11T23:32:26.000Z</time>
        <extensions>
          <ns3:TrackPointExtension>
            <ns3:hr>93</ns3:hr>
            <ns3:cad>93</ns3:cad>
          </ns3:TrackPointExtension>
        </extensions>
      </trkpt>
      <trkpt lat="25.079595744609832763671875" lon="102.7241117320954799652099609375">
        <ele>1896.800048828125</ele>
        <time>2026-09-11T23:32:27.000Z</time>
        <extensions>
          <ns3:TrackPointExtension>
            <ns3:hr>93</ns3:hr>
            <ns3:cad>94</ns3:cad>
          </ns3:TrackPointExtension>
        </extensions>
      </trkpt>
      <trkpt lat="25.0796197168529033660888671875" lon="102.72412857972085475921630859375">
        <ele>1896.800048828125</ele>
        <time>2026-09-11T23:32:28.000Z</time>
        <extensions>
          <ns3:TrackPointExtension>
            <ns3:hr>93</ns3:hr>
            <ns3:cad>95</ns3:cad>
          </ns3:TrackPointExtension>
        </extensions>
      </trkpt>
      <trkpt lat="25.07964544929563999176025390625" lon="102.72414542734622955322265625">
        <ele>1896.800048828125</ele>
        <time>2026-09-11T23:32:29.000Z</time>
        <extensions>
          <ns3:TrackPointExtension>
            <ns3:hr>93</ns3:hr>
            <ns3:cad>95</ns3:cad>
          </ns3:TrackPointExtension>
        </extensions>
      </trkpt>
      <trkpt lat="25.07967009209096431732177734375" lon="102.7241630293428897857666015625">
        <ele>1896.5999755859375</ele>
        <time>2026-09-11T23:32:30.000Z</time>
        <extensions>
          <ns3:TrackPointExtension>
            <ns3:hr>94</ns3:hr>
            <ns3:cad>95</ns3:cad>
          </ns3:TrackPointExtension>
        </extensions>
      </trkpt>
      <trkpt lat="25.07969456724822521209716796875" lon="102.72417568601667881011962890625">
        <ele>1896.5999755859375</ele>
        <time>2026-09-11T23:32:31.000Z</time>
        <extensions>
          <ns3:TrackPointExtension>
            <ns3:hr>93</ns3:hr>
            <ns3:cad>95</ns3:cad>
          </ns3:TrackPointExtension>
        </extensions>
      </trkpt>
      <trkpt lat="25.07972038350999355316162109375" lon="102.72418943233788013458251953125">
        <ele>1896.5999755859375</ele>
        <time>2026-09-11T23:32:32.000Z</time>
        <extensions>
          <ns3:TrackPointExtension>
            <ns3:hr>94</ns3:hr>
            <ns3:cad>96</ns3:cad>
          </ns3:TrackPointExtension>
        </extensions>
      </trkpt>
      <trkpt lat="25.07974284701049327850341796875" lon="102.72420016117393970489501953125">
        <ele>1896.800048828125</ele>
        <time>2026-09-11T23:32:33.000Z</time>
        <extensions>
          <ns3:TrackPointExtension>
            <ns3:hr>95</ns3:hr>
            <ns3:cad>96</ns3:cad>
          </ns3:TrackPointExtension>
        </extensions>
      </trkpt>
      <trkpt lat="25.0797665677964687347412109375" lon="102.72421826608479022979736328125">
        <ele>1896.800048828125</ele>
        <time>2026-09-11T23:32:34.000Z</time>
        <extensions>
          <ns3:TrackPointExtension>
            <ns3:hr>96</ns3:hr>
            <ns3:cad>96</ns3:cad>
          </ns3:TrackPointExtension>
        </extensions>
      </trkpt>
      <trkpt lat="25.079790540039539337158203125" lon="102.724237628281116485595703125">
        <ele>1896.800048828125</ele>
        <time>2026-09-11T23:32:35.000Z</time>
        <extensions>
          <ns3:TrackPointExtension>
            <ns3:hr>97</ns3:hr>
            <ns3:cad>96</ns3:cad>
          </ns3:TrackPointExtension>
        </extensions>
      </trkpt>
      <trkpt lat="25.07981258444488048553466796875" lon="102.72425866685807704925537109375">
        <ele>1897</ele>
        <time>2026-09-11T23:32:36.000Z</time>
        <extensions>
          <ns3:TrackPointExtension>
            <ns3:hr>98</ns3:hr>
            <ns3:cad>96</ns3:cad>
          </ns3:TrackPointExtension>
        </extensions>
      </trkpt>
      <trkpt lat="25.07983320392668247222900390625" lon="102.724278867244720458984375">
        <ele>1897</ele>
        <time>2026-09-11T23:32:37.000Z</time>
        <extensions>
          <ns3:TrackPointExtension>
            <ns3:hr>99</ns3:hr>
            <ns3:cad>96</ns3:cad>
          </ns3:TrackPointExtension>
        </extensions>
      </trkpt>
      <trkpt lat="25.0798580981791019439697265625" lon="102.72430233657360076904296875">
        <ele>1897</ele>
        <time>2026-09-11T23:32:38.000Z</time>
        <extensions>
          <ns3:TrackPointExtension>
            <ns3:hr>100</ns3:hr>
            <ns3:cad>96</ns3:cad>
          </ns3:TrackPointExtension>
        </extensions>
      </trkpt>
      <trkpt lat="25.079881735146045684814453125" lon="102.72431968711316585540771484375">
        <ele>1897</ele>
        <time>2026-09-11T23:32:39.000Z</time>
        <extensions>
          <ns3:TrackPointExtension>
            <ns3:hr>101</ns3:hr>
            <ns3:cad>96</ns3:cad>
          </ns3:TrackPointExtension>
        </extensions>
      </trkpt>
      <trkpt lat="25.0799055397510528564453125" lon="102.72433561272919178009033203125">
        <ele>1897</ele>
        <time>2026-09-11T23:32:40.000Z</time>
        <extensions>
          <ns3:TrackPointExtension>
            <ns3:hr>102</ns3:hr>
            <ns3:cad>96</ns3:cad>
          </ns3:TrackPointExtension>
        </extensions>
      </trkpt>
      <trkpt lat="25.07992691360414028167724609375" lon="102.72435254417359828948974609375">
        <ele>1897</ele>
        <time>2026-09-11T23:32:41.000Z</time>
        <extensions>
          <ns3:TrackPointExtension>
            <ns3:hr>104</ns3:hr>
            <ns3:cad>96</ns3:cad>
          </ns3:TrackPointExtension>
        </extensions>
      </trkpt>
      <trkpt lat="25.07994820363819599151611328125" lon="102.72436561994254589080810546875">
        <ele>1897</ele>
        <time>2026-09-11T23:32:42.000Z</time>
        <extensions>
          <ns3:TrackPointExtension>
            <ns3:hr>105</ns3:hr>
            <ns3:cad>95</ns3:cad>
          </ns3:TrackPointExtension>
        </extensions>
      </trkpt>
      <trkpt lat="25.07996932603418827056884765625" lon="102.72437953390181064605712890625">
        <ele>1897</ele>
        <time>2026-09-11T23:32:43.000Z</time>
        <extensions>
          <ns3:TrackPointExtension>
            <ns3:hr>106</ns3:hr>
            <ns3:cad>95</ns3:cad>
          </ns3:TrackPointExtension>
        </extensions>
      </trkpt>
      <trkpt lat="25.0799881853163242340087890625" lon="102.72439629770815372467041015625">
        <ele>1897</ele>
        <time>2026-09-11T23:32:44.000Z</time>
        <extensions>
          <ns3:TrackPointExtension>
            <ns3:hr>107</ns3:hr>
            <ns3:cad>96</ns3:cad>
          </ns3:TrackPointExtension>
        </extensions>
      </trkpt>
      <trkpt lat="25.08000721223652362823486328125" lon="102.72441222332417964935302734375">
        <ele>1896.800048828125</ele>
        <time>2026-09-11T23:32:45.000Z</time>
        <extensions>
          <ns3:TrackPointExtension>
            <ns3:hr>108</ns3:hr>
            <ns3:cad>96</ns3:cad>
          </ns3:TrackPointExtension>
        </extensions>
      </trkpt>
      <trkpt lat="25.080028586089611053466796875" lon="102.724431417882442474365234375">
        <ele>1896.800048828125</ele>
        <time>2026-09-11T23:32:46.000Z</time>
        <extensions>
          <ns3:TrackPointExtension>
            <ns3:hr>110</ns3:hr>
            <ns3:cad>96</ns3:cad>
          </ns3:TrackPointExtension>
        </extensions>
      </trkpt>
      <trkpt lat="25.08005063049495220184326171875" lon="102.72444893606007099151611328125">
        <ele>1896.800048828125</ele>
        <time>2026-09-11T23:32:47.000Z</time>
        <extensions>
          <ns3:TrackPointExtension>
            <ns3:hr>111</ns3:hr>
            <ns3:cad>95</ns3:cad>
          </ns3:TrackPointExtension>
        </extensions>
      </trkpt>
      <trkpt lat="25.08007544092833995819091796875" lon="102.7244625985622406005859375">
        <ele>1896.800048828125</ele>
        <time>2026-09-11T23:32:48.000Z</time>
        <extensions>
          <ns3:TrackPointExtension>
            <ns3:hr>115</ns3:hr>
            <ns3:cad>95</ns3:cad>
          </ns3:TrackPointExtension>
        </extensions>
      </trkpt>
      <trkpt lat="25.08009639568626880645751953125" lon="102.7244786918163299560546875">
        <ele>1896.800048828125</ele>
        <time>2026-09-11T23:32:49.000Z</time>
        <extensions>
          <ns3:TrackPointExtension>
            <ns3:hr>118</ns3:hr>
            <ns3:cad>96</ns3:cad>
          </ns3:TrackPointExtension>
        </extensions>
      </trkpt>
      <trkpt lat="25.0801179371774196624755859375" lon="102.72449788637459278106689453125">
        <ele>1896.800048828125</ele>
        <time>2026-09-11T23:32:50.000Z</time>
        <extensions>
          <ns3:TrackPointExtension>
            <ns3:hr>119</ns3:hr>
            <ns3:cad>96</ns3:cad>
          </ns3:TrackPointExtension>
        </extensions>
      </trkpt>
      <trkpt lat="25.08013562299311161041259765625" lon="102.72451783530414104461669921875">
        <ele>1897</ele>
        <time>2026-09-11T23:32:51.000Z</time>
        <extensions>
          <ns3:TrackPointExtension>
            <ns3:hr>120</ns3:hr>
            <ns3:cad>96</ns3:cad>
          </ns3:TrackPointExtension>
        </extensions>
      </trkpt>
      <trkpt lat="25.08015708066523075103759765625" lon="102.72453929297626018524169921875">
        <ele>1897</ele>
        <time>2026-09-11T23:32:52.000Z</time>
        <extensions>
          <ns3:TrackPointExtension>
            <ns3:hr>121</ns3:hr>
            <ns3:cad>96</ns3:cad>
          </ns3:TrackPointExtension>
        </extensions>
      </trkpt>
      <trkpt lat="25.08018189109861850738525390625" lon="102.72456309758126735687255859375">
        <ele>1897</ele>
        <time>2026-09-11T23:32:53.000Z</time>
        <extensions>
          <ns3:TrackPointExtension>
            <ns3:hr>122</ns3:hr>
            <ns3:cad>97</ns3:cad>
          </ns3:TrackPointExtension>
        </extensions>
      </trkpt>
      <trkpt lat="25.08020334877073764801025390625" lon="102.72458522580564022064208984375">
        <ele>1897</ele>
        <time>2026-09-11T23:32:54.000Z</time>
        <extensions>
          <ns3:TrackPointExtension>
            <ns3:hr>123</ns3:hr>
            <ns3:cad>97</ns3:cad>
          </ns3:TrackPointExtension>
        </extensions>
      </trkpt>
      <trkpt lat="25.0802252255380153656005859375" lon="102.7246106229722499847412109375">
        <ele>1897</ele>
        <time>2026-09-11T23:32:55.000Z</time>
        <extensions>
          <ns3:TrackPointExtension>
            <ns3:hr>124</ns3:hr>
            <ns3:cad>97</ns3:cad>
          </ns3:TrackPointExtension>
        </extensions>
      </trkpt>
      <trkpt lat="25.08024710230529308319091796875" lon="102.7246300689876079559326171875">
        <ele>1897.199951171875</ele>
        <time>2026-09-11T23:32:56.000Z</time>
        <extensions>
          <ns3:TrackPointExtension>
            <ns3:hr>125</ns3:hr>
            <ns3:cad>96</ns3:cad>
          </ns3:TrackPointExtension>
        </extensions>
      </trkpt>
      <trkpt lat="25.08026721887290477752685546875" lon="102.72464591078460216522216796875">
        <ele>1897.199951171875</ele>
        <time>2026-09-11T23:32:57.000Z</time>
        <extensions>
          <ns3:TrackPointExtension>
            <ns3:hr>125</ns3:hr>
            <ns3:cad>96</ns3:cad>
          </ns3:TrackPointExtension>
        </extensions>
      </trkpt>
      <trkpt lat="25.08029135875403881072998046875" lon="102.7246575616300106048583984375">
        <ele>1897.199951171875</ele>
        <time>2026-09-11T23:32:58.000Z</time>
        <extensions>
          <ns3:TrackPointExtension>
            <ns3:hr>125</ns3:hr>
            <ns3:cad>97</ns3:cad>
          </ns3:TrackPointExtension>
        </extensions>
      </trkpt>
      <trkpt lat="25.0803159177303314208984375" lon="102.72466720081865787506103515625">
        <ele>1897.4000244140625</ele>
        <time>2026-09-11T23:32:59.000Z</time>
        <extensions>
          <ns3:TrackPointExtension>
            <ns3:hr>126</ns3:hr>
            <ns3:cad>97</ns3:cad>
          </ns3:TrackPointExtension>
        </extensions>
      </trkpt>
      <trkpt lat="25.0803469307720661163330078125" lon="102.72467960603535175323486328125">
        <ele>1897.4000244140625</ele>
        <time>2026-09-11T23:33:00.000Z</time>
        <extensions>
          <ns3:TrackPointExtension>
            <ns3:hr>126</ns3:hr>
            <ns3:cad>96</ns3:cad>
          </ns3:TrackPointExtension>
        </extensions>
      </trkpt>
      <trkpt lat="25.08037291467189788818359375" lon="102.724691592156887054443359375">
        <ele>1897.4000244140625</ele>
        <time>2026-09-11T23:33:01.000Z</time>
        <extensions>
          <ns3:TrackPointExtension>
            <ns3:hr>126</ns3:hr>
            <ns3:cad>96</ns3:cad>
          </ns3:TrackPointExtension>
        </extensions>
      </trkpt>
      <trkpt lat="25.08040049113333225250244140625" lon="102.72470274008810520172119140625">
        <ele>1897.4000244140625</ele>
        <time>2026-09-11T23:33:02.000Z</time>
        <extensions>
          <ns3:TrackPointExtension>
            <ns3:hr>126</ns3:hr>
            <ns3:cad>96</ns3:cad>
          </ns3:TrackPointExtension>
        </extensions>
      </trkpt>
      <trkpt lat="25.0804273970425128936767578125" lon="102.7247169055044651031494140625">
        <ele>1897.199951171875</ele>
        <time>2026-09-11T23:33:03.000Z</time>
        <extensions>
          <ns3:TrackPointExtension>
            <ns3:hr>126</ns3:hr>
            <ns3:cad>95</ns3:cad>
          </ns3:TrackPointExtension>
        </extensions>
      </trkpt>
      <trkpt lat="25.08044843561947345733642578125" lon="102.724734842777252197265625">
        <ele>1897.199951171875</ele>
        <time>2026-09-11T23:33:04.000Z</time>
        <extensions>
          <ns3:TrackPointExtension>
            <ns3:hr>127</ns3:hr>
            <ns3:cad>94</ns3:cad>
          </ns3:TrackPointExtension>
        </extensions>
      </trkpt>
      <trkpt lat="25.0804716534912586212158203125" lon="102.72475303150713443756103515625">
        <ele>1897</ele>
        <time>2026-09-11T23:33:05.000Z</time>
        <extensions>
          <ns3:TrackPointExtension>
            <ns3:hr>126</ns3:hr>
            <ns3:cad>94</ns3:cad>
          </ns3:TrackPointExtension>
        </extensions>
      </trkpt>
      <trkpt lat="25.08049252443015575408935546875" lon="102.7247728966176509857177734375">
        <ele>1897.199951171875</ele>
        <time>2026-09-11T23:33:06.000Z</time>
        <extensions>
          <ns3:TrackPointExtension>
            <ns3:hr>126</ns3:hr>
            <ns3:cad>94</ns3:cad>
          </ns3:TrackPointExtension>
        </extensions>
      </trkpt>
      <trkpt lat="25.08051582612097263336181640625" lon="102.7247916720807552337646484375">
        <ele>1897.199951171875</ele>
        <time>2026-09-11T23:33:07.000Z</time>
        <extensions>
          <ns3:TrackPointExtension>
            <ns3:hr>127</ns3:hr>
            <ns3:cad>96</ns3:cad>
          </ns3:TrackPointExtension>
        </extensions>
      </trkpt>
      <trkpt lat="25.0805366970598697662353515625" lon="102.724810950458049774169921875">
        <ele>1897.199951171875</ele>
        <time>2026-09-11T23:33:08.000Z</time>
        <extensions>
          <ns3:TrackPointExtension>
            <ns3:hr>127</ns3:hr>
            <ns3:cad>96</ns3:cad>
          </ns3:TrackPointExtension>
        </extensions>
      </trkpt>
      <trkpt lat="25.08055672980844974517822265625" lon="102.72482939064502716064453125">
        <ele>1897.199951171875</ele>
        <time>2026-09-11T23:33:09.000Z</time>
        <extensions>
          <ns3:TrackPointExtension>
            <ns3:hr>128</ns3:hr>
            <ns3:cad>95</ns3:cad>
          </ns3:TrackPointExtension>
        </extensions>
      </trkpt>
      <trkpt lat="25.08057944476604461669921875" lon="102.72484925575554370880126953125">
        <ele>1897.199951171875</ele>
        <time>2026-09-11T23:33:10.000Z</time>
        <extensions>
          <ns3:TrackPointExtension>
            <ns3:hr>128</ns3:hr>
            <ns3:cad>95</ns3:cad>
          </ns3:TrackPointExtension>
        </extensions>
      </trkpt>
      <trkpt lat="25.0806000642478466033935546875" lon="102.72486962378025054931640625">
        <ele>1897.4000244140625</ele>
        <time>2026-09-11T23:33:11.000Z</time>
        <extensions>
          <ns3:TrackPointExtension>
            <ns3:hr>128</ns3:hr>
            <ns3:cad>97</ns3:cad>
          </ns3:TrackPointExtension>
        </extensions>
      </trkpt>
      <trkpt lat="25.0806252099573612213134765625" lon="102.72488747723400592803955078125">
        <ele>1897.4000244140625</ele>
        <time>2026-09-11T23:33:12.000Z</time>
        <extensions>
          <ns3:TrackPointExtension>
            <ns3:hr>128</ns3:hr>
            <ns3:cad>97</ns3:cad>
          </ns3:TrackPointExtension>
        </extensions>
      </trkpt>
      <trkpt lat="25.0806516967713832855224609375" lon="102.72490541450679302215576171875">
        <ele>1897.4000244140625</ele>
        <time>2026-09-11T23:33:13.000Z</time>
        <extensions>
          <ns3:TrackPointExtension>
            <ns3:hr>128</ns3:hr>
            <ns3:cad>95</ns3:cad>
          </ns3:TrackPointExtension>
        </extensions>
      </trkpt>
      <trkpt lat="25.08067198097705841064453125" lon="102.72491999901831150054931640625">
        <ele>1897.5999755859375</ele>
        <time>2026-09-11T23:33:14.000Z</time>
        <extensions>
          <ns3:TrackPointExtension>
            <ns3:hr>128</ns3:hr>
            <ns3:cad>95</ns3:cad>
          </ns3:TrackPointExtension>
        </extensions>
      </trkpt>
      <trkpt lat="25.080693773925304412841796875" lon="102.7249373495578765869140625">
        <ele>1897.5999755859375</ele>
        <time>2026-09-11T23:33:15.000Z</time>
        <extensions>
          <ns3:TrackPointExtension>
            <ns3:hr>128</ns3:hr>
            <ns3:cad>96</ns3:cad>
          </ns3:TrackPointExtension>
        </extensions>
      </trkpt>
      <trkpt lat="25.08071430958807468414306640625" lon="102.72495285607874393463134765625">
        <ele>1897.5999755859375</ele>
        <time>2026-09-11T23:33:16.000Z</time>
        <extensions>
          <ns3:TrackPointExtension>
            <ns3:hr>128</ns3:hr>
            <ns3:cad>96</ns3:cad>
          </ns3:TrackPointExtension>
        </extensions>
      </trkpt>
      <trkpt lat="25.08073727600276470184326171875" lon="102.72496609948575496673583984375">
        <ele>1897.800048828125</ele>
        <time>2026-09-11T23:33:17.000Z</time>
        <extensions>
          <ns3:TrackPointExtension>
            <ns3:hr>127</ns3:hr>
            <ns3:cad>96</ns3:cad>
          </ns3:TrackPointExtension>
        </extensions>
      </trkpt>
      <trkpt lat="25.08076359517872333526611328125" lon="102.72498303093016147613525390625">
        <ele>1897.800048828125</ele>
        <time>2026-09-11T23:33:18.000Z</time>
        <extensions>
          <ns3:TrackPointExtension>
            <ns3:hr>126</ns3:hr>
            <ns3:cad>96</ns3:cad>
          </ns3:TrackPointExtension>
        </extensions>
      </trkpt>
      <trkpt lat="25.08078823797404766082763671875" lon="102.724996693432331085205078125">
        <ele>1897.800048828125</ele>
        <time>2026-09-11T23:33:19.000Z</time>
        <extensions>
          <ns3:TrackPointExtension>
            <ns3:hr>126</ns3:hr>
            <ns3:cad>96</ns3:cad>
          </ns3:TrackPointExtension>
        </extensions>
      </trkpt>
      <trkpt lat="25.080819837749004364013671875" lon="102.72501085884869098663330078125">
        <ele>1897.5999755859375</ele>
        <time>2026-09-11T23:33:20.000Z</time>
        <extensions>
          <ns3:TrackPointExtension>
            <ns3:hr>126</ns3:hr>
            <ns3:cad>96</ns3:cad>
          </ns3:TrackPointExtension>
        </extensions>
      </trkpt>
      <trkpt lat="25.08084573782980442047119140625" lon="102.725024856626987457275390625">
        <ele>1897.5999755859375</ele>
        <time>2026-09-11T23:33:21.000Z</time>
        <extensions>
          <ns3:TrackPointExtension>
            <ns3:hr>126</ns3:hr>
            <ns3:cad>96</ns3:cad>
          </ns3:TrackPointExtension>
        </extensions>
      </trkpt>
      <trkpt lat="25.0808753259479999542236328125" lon="102.7250444702804088592529296875">
        <ele>1897.5999755859375</ele>
        <time>2026-09-11T23:33:22.000Z</time>
        <extensions>
          <ns3:TrackPointExtension>
            <ns3:hr>126</ns3:hr>
            <ns3:cad>96</ns3:cad>
          </ns3:TrackPointExtension>
        </extensions>
      </trkpt>
      <trkpt lat="25.080910027027130126953125" lon="102.7250639162957668304443359375">
        <ele>1897.5999755859375</ele>
        <time>2026-09-11T23:33:23.000Z</time>
        <extensions>
          <ns3:TrackPointExtension>
            <ns3:hr>126</ns3:hr>
            <ns3:cad>96</ns3:cad>
          </ns3:TrackPointExtension>
        </extensions>
      </trkpt>
      <trkpt lat="25.08093592710793018341064453125" lon="102.72508285939693450927734375">
        <ele>1897.5999755859375</ele>
        <time>2026-09-11T23:33:24.000Z</time>
        <extensions>
          <ns3:TrackPointExtension>
            <ns3:hr>127</ns3:hr>
            <ns3:cad>96</ns3:cad>
          </ns3:TrackPointExtension>
        </extensions>
      </trkpt>
      <trkpt lat="25.08096442557871341705322265625" lon="102.72510674782097339630126953125">
        <ele>1897.5999755859375</ele>
        <time>2026-09-11T23:33:25.000Z</time>
        <extensions>
          <ns3:TrackPointExtension>
            <ns3:hr>127</ns3:hr>
            <ns3:cad>96</ns3:cad>
          </ns3:TrackPointExtension>
        </extensions>
      </trkpt>
      <trkpt lat="25.0809824466705322265625" lon="102.7251289598643779754638671875">
        <ele>1897.5999755859375</ele>
        <time>2026-09-11T23:33:26.000Z</time>
        <extensions>
          <ns3:TrackPointExtension>
            <ns3:hr>127</ns3:hr>
            <ns3:cad>96</ns3:cad>
          </ns3:TrackPointExtension>
        </extensions>
      </trkpt>
      <trkpt lat="25.08100130595266819000244140625" lon="102.725153602659702301025390625">
        <ele>1897.5999755859375</ele>
        <time>2026-09-11T23:33:27.000Z</time>
        <extensions>
          <ns3:TrackPointExtension>
            <ns3:hr>128</ns3:hr>
            <ns3:cad>96</ns3:cad>
          </ns3:TrackPointExtension>
        </extensions>
      </trkpt>
      <trkpt lat="25.08101404644548892974853515625" lon="102.72519324906170368194580078125">
        <ele>1897.5999755859375</ele>
        <time>2026-09-11T23:33:28.000Z</time>
        <extensions>
          <ns3:TrackPointExtension>
            <ns3:hr>128</ns3:hr>
            <ns3:cad>96</ns3:cad>
          </ns3:TrackPointExtension>
        </extensions>
      </trkpt>
      <trkpt lat="25.081023015081882476806640625" lon="102.7252147905528545379638671875">
        <ele>1897.5999755859375</ele>
        <time>2026-09-11T23:33:29.000Z</time>
        <extensions>
          <ns3:TrackPointExtension>
            <ns3:hr>129</ns3:hr>
            <ns3:cad>95</ns3:cad>
          </ns3:TrackPointExtension>
        </extensions>
      </trkpt>
      <trkpt lat="25.08103349246084690093994140625" lon="102.72524110972881317138671875">
        <ele>1897.800048828125</ele>
        <time>2026-09-11T23:33:30.000Z</time>
        <extensions>
          <ns3:TrackPointExtension>
            <ns3:hr>129</ns3:hr>
            <ns3:cad>95</ns3:cad>
          </ns3:TrackPointExtension>
        </extensions>
      </trkpt>
      <trkpt lat="25.08104304783046245574951171875" lon="102.725262232124805450439453125">
        <ele>1898</ele>
        <time>2026-09-11T23:33:31.000Z</time>
        <extensions>
          <ns3:TrackPointExtension>
            <ns3:hr>130</ns3:hr>
            <ns3:cad>95</ns3:cad>
          </ns3:TrackPointExtension>
        </extensions>
      </trkpt>
      <trkpt lat="25.0810567103326320648193359375" lon="102.7252791635692119598388671875">
        <ele>1898</ele>
        <time>2026-09-11T23:33:32.000Z</time>
        <extensions>
          <ns3:TrackPointExtension>
            <ns3:hr>131</ns3:hr>
            <ns3:cad>95</ns3:cad>
          </ns3:TrackPointExtension>
        </extensions>
      </trkpt>
      <trkpt lat="25.081068612635135650634765625" lon="102.72529467009007930755615234375">
        <ele>1898.199951171875</ele>
        <time>2026-09-11T23:33:33.000Z</time>
        <extensions>
          <ns3:TrackPointExtension>
            <ns3:hr>132</ns3:hr>
            <ns3:cad>97</ns3:cad>
          </ns3:TrackPointExtension>
        </extensions>
      </trkpt>
      <trkpt lat="25.08107892237603664398193359375" lon="102.72531076334416866302490234375">
        <ele>1898.199951171875</ele>
        <time>2026-09-11T23:33:34.000Z</time>
        <extensions>
          <ns3:TrackPointExtension>
            <ns3:hr>133</ns3:hr>
            <ns3:cad>97</ns3:cad>
          </ns3:TrackPointExtension>
        </extensions>
      </trkpt>
      <trkpt lat="25.0810919143259525299072265625" lon="102.7253311313688755035400390625">
        <ele>1898.199951171875</ele>
        <time>2026-09-11T23:33:35.000Z</time>
        <extensions>
          <ns3:TrackPointExtension>
            <ns3:hr>133</ns3:hr>
            <ns3:cad>97</ns3:cad>
          </ns3:TrackPointExtension>
        </extensions>
      </trkpt>
      <trkpt lat="25.081110186874866485595703125" lon="102.7253477275371551513671875">
        <ele>1898.199951171875</ele>
        <time>2026-09-11T23:33:36.000Z</time>
        <extensions>
          <ns3:TrackPointExtension>
            <ns3:hr>133</ns3:hr>
            <ns3:cad>96</ns3:cad>
          </ns3:TrackPointExtension>
        </extensions>
      </trkpt>
      <trkpt lat="25.0811277888715267181396484375" lon="102.72536323405802249908447265625">
        <ele>1898.199951171875</ele>
        <time>2026-09-11T23:33:37.000Z</time>
        <extensions>
          <ns3:TrackPointExtension>
            <ns3:hr>134</ns3:hr>
            <ns3:cad>96</ns3:cad>
          </ns3:TrackPointExtension>
        </extensions>
      </trkpt>
      <trkpt lat="25.0811425410211086273193359375" lon="102.725382931530475616455078125">
        <ele>1898.199951171875</ele>
        <time>2026-09-11T23:33:38.000Z</time>
        <extensions>
          <ns3:TrackPointExtension>
            <ns3:hr>134</ns3:hr>
            <ns3:cad>96</ns3:cad>
          </ns3:TrackPointExtension>
        </extensions>
      </trkpt>
      <trkpt lat="25.08116827346384525299072265625" lon="102.72540262900292873382568359375">
        <ele>1898.199951171875</ele>
        <time>2026-09-11T23:33:39.000Z</time>
        <extensions>
          <ns3:TrackPointExtension>
            <ns3:hr>135</ns3:hr>
            <ns3:cad>96</ns3:cad>
          </ns3:TrackPointExtension>
        </extensions>
      </trkpt>
      <trkpt lat="25.08119165897369384765625" lon="102.72542408667504787445068359375">
        <ele>1898.199951171875</ele>
        <time>2026-09-11T23:33:40.000Z</time>
        <extensions>
          <ns3:TrackPointExtension>
            <ns3:hr>135</ns3:hr>
            <ns3:cad>48</ns3:cad>
          </ns3:TrackPointExtension>
        </extensions>
      </trkpt>
      <trkpt lat="25.081210434436798095703125" lon="102.72544227540493011474609375">
        <ele>1898.199951171875</ele>
        <time>2026-09-11T23:33:41.000Z</time>
        <extensions>
          <ns3:TrackPointExtension>
            <ns3:hr>135</ns3:hr>
            <ns3:cad>48</ns3:cad>
          </ns3:TrackPointExtension>
        </extensions>
      </trkpt>
      <trkpt lat="25.08124069310724735260009765625" lon="102.72546599619090557098388671875">
        <ele>1898.199951171875</ele>
        <time>2026-09-11T23:33:42.000Z</time>
        <extensions>
          <ns3:TrackPointExtension>
            <ns3:hr>136</ns3:hr>
            <ns3:cad>48</ns3:cad>
          </ns3:TrackPointExtension>
        </extensions>
      </trkpt>
      <trkpt lat="25.0812689401209354400634765625" lon="102.72549080662429332733154296875">
        <ele>1898.199951171875</ele>
        <time>2026-09-11T23:33:43.000Z</time>
        <extensions>
          <ns3:TrackPointExtension>
            <ns3:hr>137</ns3:hr>
            <ns3:cad>48</ns3:cad>
          </ns3:TrackPointExtension>
        </extensions>
      </trkpt>
      <trkpt lat="25.08130037225782871246337890625" lon="102.72550488822162151336669921875">
        <ele>1898.199951171875</ele>
        <time>2026-09-11T23:33:44.000Z</time>
        <extensions>
          <ns3:TrackPointExtension>
            <ns3:hr>137</ns3:hr>
            <ns3:cad>48</ns3:cad>
          </ns3:TrackPointExtension>
        </extensions>
      </trkpt>
      <trkpt lat="25.081333480775356292724609375" lon="102.72551226429641246795654296875">
        <ele>1898</ele>
        <time>2026-09-11T23:33:45.000Z</time>
        <extensions>
          <ns3:TrackPointExtension>
            <ns3:hr>138</ns3:hr>
            <ns3:cad>48</ns3:cad>
          </ns3:TrackPointExtension>
        </extensions>
      </trkpt>
      <trkpt lat="25.0813668407499790191650390625" lon="102.72550337947905063629150390625">
        <ele>1898</ele>
        <time>2026-09-11T23:33:46.000Z</time>
        <extensions>
          <ns3:TrackPointExtension>
            <ns3:hr>138</ns3:hr>
            <ns3:cad>48</ns3:cad>
          </ns3:TrackPointExtension>
        </extensions>
      </trkpt>
      <trkpt lat="25.0813852809369564056396484375" lon="102.72547136060893535614013671875">
        <ele>1898</ele>
        <time>2026-09-11T23:33:47.000Z</time>
        <extensions>
          <ns3:TrackPointExtension>
            <ns3:hr>138</ns3:hr>
            <ns3:cad>49</ns3:cad>
          </ns3:TrackPointExtension>
        </extensions>
      </trkpt>
      <trkpt lat="25.08140154182910919189453125" lon="102.72545811720192432403564453125">
        <ele>1898.199951171875</ele>
        <time>2026-09-11T23:33:48.000Z</time>
        <extensions>
          <ns3:TrackPointExtension>
            <ns3:hr>138</ns3:hr>
            <ns3:cad>49</ns3:cad>
          </ns3:TrackPointExtension>
        </extensions>
      </trkpt>
      <trkpt lat="25.0814178027212619781494140625" lon="102.72544051520526409149169921875">
        <ele>1898.199951171875</ele>
        <time>2026-09-11T23:33:49.000Z</time>
        <extensions>
          <ns3:TrackPointExtension>
            <ns3:hr>138</ns3:hr>
            <ns3:cad>49</ns3:cad>
          </ns3:TrackPointExtension>
        </extensions>
      </trkpt>
      <trkpt lat="25.0814330577850341796875" lon="102.725424505770206451416015625">
        <ele>1898.199951171875</ele>
        <time>2026-09-11T23:33:50.000Z</time>
        <extensions>
          <ns3:TrackPointExtension>
            <ns3:hr>138</ns3:hr>
            <ns3:cad>49</ns3:cad>
          </ns3:TrackPointExtension>
        </extensions>
      </trkpt>
      <trkpt lat="25.0814412720501422882080078125" lon="102.72541570477187633514404296875">
        <ele>1898.4000244140625</ele>
        <time>2026-09-11T23:33:51.000Z</time>
        <extensions>
          <ns3:TrackPointExtension>
            <ns3:hr>138</ns3:hr>
            <ns3:cad>49</ns3:cad>
          </ns3:TrackPointExtension>
        </extensions>
      </trkpt>
      <trkpt lat="25.08144579827785491943359375" lon="102.72541352547705173492431640625">
        <ele>1898.4000244140625</ele>
        <time>2026-09-11T23:33:52.000Z</time>
        <extensions>
          <ns3:TrackPointExtension>
            <ns3:hr>138</ns3:hr>
            <ns3:cad>49</ns3:cad>
          </ns3:TrackPointExtension>
        </extensions>
      </trkpt>
      <trkpt lat="25.08145811967551708221435546875" lon="102.7253991924226284027099609375">
        <ele>1898.4000244140625</ele>
        <time>2026-09-11T23:33:53.000Z</time>
        <extensions>
          <ns3:TrackPointExtension>
            <ns3:hr>138</ns3:hr>
            <ns3:cad>71</ns3:cad>
          </ns3:TrackPointExtension>
        </extensions>
      </trkpt>
      <trkpt lat="25.08146784268319606781005859375" lon="102.72538318298757076263427734375">
        <ele>1898.4000244140625</ele>
        <time>2026-09-11T23:33:54.000Z</time>
        <extensions>
          <ns3:TrackPointExtension>
            <ns3:hr>137</ns3:hr>
            <ns3:cad>71</ns3:cad>
          </ns3:TrackPointExtension>
        </extensions>
      </trkpt>
      <trkpt lat="25.081479661166667938232421875" lon="102.7253665030002593994140625">
        <ele>1898.4000244140625</ele>
        <time>2026-09-11T23:33:55.000Z</time>
        <extensions>
          <ns3:TrackPointExtension>
            <ns3:hr>137</ns3:hr>
            <ns3:cad>71</ns3:cad>
          </ns3:TrackPointExtension>
        </extensions>
      </trkpt>
      <trkpt lat="25.08149131201207637786865234375" lon="102.72534848190844058990478515625">
        <ele>1898.5999755859375</ele>
        <time>2026-09-11T23:33:56.000Z</time>
        <extensions>
          <ns3:TrackPointExtension>
            <ns3:hr>137</ns3:hr>
            <ns3:cad>71</ns3:cad>
          </ns3:TrackPointExtension>
        </extensions>
      </trkpt>
      <trkpt lat="25.0814878754317760467529296875" lon="102.7253197319805622100830078125">
        <ele>1898.5999755859375</ele>
        <time>2026-09-11T23:33:57.000Z</time>
        <extensions>
          <ns3:TrackPointExtension>
            <ns3:hr>137</ns3:hr>
            <ns3:cad>93</ns3:cad>
          </ns3:TrackPointExtension>
        </extensions>
      </trkpt>
      <trkpt lat="25.08148410357534885406494140625" lon="102.7252976037561893463134765625">
        <ele>1898.800048828125</ele>
        <time>2026-09-11T23:33:58.000Z</time>
        <extensions>
          <ns3:TrackPointExtension>
            <ns3:hr>137</ns3:hr>
            <ns3:cad>93</ns3:cad>
          </ns3:TrackPointExtension>
        </extensions>
      </trkpt>
      <trkpt lat="25.08147354237735271453857421875" lon="102.7252771519124507904052734375">
        <ele>1898.800048828125</ele>
        <time>2026-09-11T23:33:59.000Z</time>
        <extensions>
          <ns3:TrackPointExtension>
            <ns3:hr>137</ns3:hr>
            <ns3:cad>95</ns3:cad>
          </ns3:TrackPointExtension>
        </extensions>
      </trkpt>
      <trkpt lat="25.0814687646925449371337890625" lon="102.72526063956320285797119140625">
        <ele>1899</ele>
        <time>2026-09-11T23:34:00.000Z</time>
        <extensions>
          <ns3:TrackPointExtension>
            <ns3:hr>137</ns3:hr>
            <ns3:cad>95</ns3:cad>
          </ns3:TrackPointExtension>
        </extensions>
      </trkpt>
      <trkpt lat="25.081460215151309967041015625" lon="102.72523582912981510162353515625">
        <ele>1899.199951171875</ele>
        <time>2026-09-11T23:34:01.000Z</time>
        <extensions>
          <ns3:TrackPointExtension>
            <ns3:hr>137</ns3:hr>
            <ns3:cad>95</ns3:cad>
          </ns3:TrackPointExtension>
        </extensions>
      </trkpt>
      <trkpt lat="25.08145409636199474334716796875" lon="102.72522057406604290008544921875">
        <ele>1899.199951171875</ele>
        <time>2026-09-11T23:34:02.000Z</time>
        <extensions>
          <ns3:TrackPointExtension>
            <ns3:hr>136</ns3:hr>
            <ns3:cad>47</ns3:cad>
          </ns3:TrackPointExtension>
        </extensions>
      </trkpt>
      <trkpt lat="25.081439428031444549560546875" lon="102.72521604783833026885986328125">
        <ele>1899.199951171875</ele>
        <time>2026-09-11T23:34:03.000Z</time>
        <extensions>
          <ns3:TrackPointExtension>
            <ns3:hr>136</ns3:hr>
            <ns3:cad>47</ns3:cad>
          </ns3:TrackPointExtension>
        </extensions>
      </trkpt>
      <trkpt lat="25.08143381215631961822509765625" lon="102.72521018050611019134521484375">
        <ele>1899.199951171875</ele>
        <time>2026-09-11T23:34:04.000Z</time>
        <extensions>
          <ns3:TrackPointExtension>
            <ns3:hr>136</ns3:hr>
            <ns3:cad>47</ns3:cad>
          </ns3:TrackPointExtension>
        </extensions>
      </trkpt>
      <trkpt lat="25.08142844773828983306884765625" lon="102.7252030558884143829345703125">
        <ele>1899.199951171875</ele>
        <time>2026-09-11T23:34:05.000Z</time>
        <extensions>
          <ns3:TrackPointExtension>
            <ns3:hr>136</ns3:hr>
            <ns3:cad>47</ns3:cad>
          </ns3:TrackPointExtension>
        </extensions>
      </trkpt>
      <trkpt lat="25.08142677135765552520751953125" lon="102.72519693709909915924072265625">
        <ele>1899.199951171875</ele>
        <time>2026-09-11T23:34:06.000Z</time>
        <extensions>
          <ns3:TrackPointExtension>
            <ns3:hr>137</ns3:hr>
            <ns3:cad>47</ns3:cad>
          </ns3:TrackPointExtension>
        </extensions>
      </trkpt>
      <trkpt lat="25.0814238376915454864501953125" lon="102.72519308142364025115966796875">
        <ele>1899.199951171875</ele>
        <time>2026-09-11T23:34:07.000Z</time>
        <extensions>
          <ns3:TrackPointExtension>
            <ns3:hr>137</ns3:hr>
            <ns3:cad>0</ns3:cad>
          </ns3:TrackPointExtension>
        </extensions>
      </trkpt>
      <trkpt lat="25.0814235024154186248779296875" lon="102.72519425489008426666259765625">
        <ele>1899.199951171875</ele>
        <time>2026-09-11T23:34:08.000Z</time>
        <extensions>
          <ns3:TrackPointExtension>
            <ns3:hr>136</ns3:hr>
            <ns3:cad>0</ns3:cad>
          </ns3:TrackPointExtension>
        </extensions>
      </trkpt>
    </trkseg>
  </trk>
</gpx>
