<gpx xmlns:ns3="http://www.garmin.com/xmlschemas/TrackPointExtension/v1" xmlns="http://www.topografix.com/GPX/1/1" xmlns:xsi="http://www.w3.org/2001/XMLSchema-instance" xmlns:ns2="http://www.garmin.com/xmlschemas/GpxExtensions/v3" creator="Garmin Connect" version="1.1" xsi:schemaLocation="http://www.topografix.com/GPX/1/1 http://www.topografix.com/GPX/11.xsd">
  <extensions>
<distance>8670.83</distance>
<average_hr>140.0</average_hr>
<average_speed>3.4110000133514404</average_speed>
<start_time>2026-10-04T22:54:08+00:00</start_time>
<end_time>2026-10-04T23:36:29.765000+00:00</end_time>
<moving_time>2540.153</moving_time>
<elapsed_time>2541.765</elapsed_time>
</extensions>
<metadata>
    <link href="connect.garmin.com">
      <text>Garmin Connect</text>
    </link>
    <time>2026-10-04T22:54:08.000Z</time>
  </metadata>
  <trk>
    <name>昆明市 - 基础训练</name>
    <type>running</type>
    <trkseg>
      <trkpt lat="25.08095319382846355438232421875" lon="102.7251758985221385955810546875">
        <ele>1901</ele>
        <time>2026-10-04T22:54:08.000Z</time>
        <extensions>
          <ns3:TrackPointExtension>
            <ns3:hr>61</ns3:hr>
            <ns3:cad>50</ns3:cad>
          </ns3:TrackPointExtension>
        </extensions>
      </trkpt>
      <trkpt lat="25.08094699122011661529541015625" lon="102.72515787743031978607177734375">
        <ele>1901</ele>
        <time>2026-10-04T22:54:09.000Z</time>
        <extensions>
          <ns3:TrackPointExtension>
            <ns3:hr>61</ns3:hr>
            <ns3:cad>52</ns3:cad>
          </ns3:TrackPointExtension>
        </extensions>
      </trkpt>
      <trkpt lat="25.0809435546398162841796875" lon="102.7251333184540271759033203125">
        <ele>1901</ele>
        <time>2026-10-04T22:54:10.000Z</time>
        <extensions>
          <ns3:TrackPointExtension>
            <ns3:hr>61</ns3:hr>
            <ns3:cad>52</ns3:cad>
          </ns3:TrackPointExtension>
        </extensions>
      </trkpt>
      <trkpt lat="25.08092871867120265960693359375" lon="102.7251098491251468658447265625">
        <ele>1901</ele>
        <time>2026-10-04T22:54:11.000Z</time>
        <extensions>
          <ns3:TrackPointExtension>
            <ns3:hr>61</ns3:hr>
            <ns3:cad>53</ns3:cad>
          </ns3:TrackPointExtension>
        </extensions>
      </trkpt>
      <trkpt lat="25.08091379888355731964111328125" lon="102.725088559091091156005859375">
        <ele>1900.800048828125</ele>
        <time>2026-10-04T22:54:12.000Z</time>
        <extensions>
          <ns3:TrackPointExtension>
            <ns3:hr>62</ns3:hr>
            <ns3:cad>53</ns3:cad>
          </ns3:TrackPointExtension>
        </extensions>
      </trkpt>
      <trkpt lat="25.08090256713330745697021484375" lon="102.72505327127873897552490234375">
        <ele>1900.5999755859375</ele>
        <time>2026-10-04T22:54:13.000Z</time>
        <extensions>
          <ns3:TrackPointExtension>
            <ns3:hr>63</ns3:hr>
            <ns3:cad>97</ns3:cad>
          </ns3:TrackPointExtension>
        </extensions>
      </trkpt>
      <trkpt lat="25.0808952748775482177734375" lon="102.7250136248767375946044921875">
        <ele>1900.4000244140625</ele>
        <time>2026-10-04T22:54:14.000Z</time>
        <extensions>
          <ns3:TrackPointExtension>
            <ns3:hr>64</ns3:hr>
            <ns3:cad>97</ns3:cad>
          </ns3:TrackPointExtension>
        </extensions>
      </trkpt>
      <trkpt lat="25.080902315676212310791015625" lon="102.72497330792248249053955078125">
        <ele>1900.4000244140625</ele>
        <time>2026-10-04T22:54:15.000Z</time>
        <extensions>
          <ns3:TrackPointExtension>
            <ns3:hr>65</ns3:hr>
            <ns3:cad>97</ns3:cad>
          </ns3:TrackPointExtension>
        </extensions>
      </trkpt>
      <trkpt lat="25.0809011422097682952880859375" lon="102.72494497708976268768310546875">
        <ele>1900.4000244140625</ele>
        <time>2026-10-04T22:54:16.000Z</time>
        <extensions>
          <ns3:TrackPointExtension>
            <ns3:hr>66</ns3:hr>
            <ns3:cad>93</ns3:cad>
          </ns3:TrackPointExtension>
        </extensions>
      </trkpt>
      <trkpt lat="25.080908350646495819091796875" lon="102.7249066717922687530517578125">
        <ele>1900.4000244140625</ele>
        <time>2026-10-04T22:54:17.000Z</time>
        <extensions>
          <ns3:TrackPointExtension>
            <ns3:hr>67</ns3:hr>
            <ns3:cad>93</ns3:cad>
          </ns3:TrackPointExtension>
        </extensions>
      </trkpt>
      <trkpt lat="25.080908350646495819091796875" lon="102.724878676235675811767578125">
        <ele>1900.5999755859375</ele>
        <time>2026-10-04T22:54:18.000Z</time>
        <extensions>
          <ns3:TrackPointExtension>
            <ns3:hr>68</ns3:hr>
            <ns3:cad>94</ns3:cad>
          </ns3:TrackPointExtension>
        </extensions>
      </trkpt>
      <trkpt lat="25.08091681636869907379150390625" lon="102.7248463220894336700439453125">
        <ele>1900.5999755859375</ele>
        <time>2026-10-04T22:54:19.000Z</time>
        <extensions>
          <ns3:TrackPointExtension>
            <ns3:hr>69</ns3:hr>
            <ns3:cad>94</ns3:cad>
          </ns3:TrackPointExtension>
        </extensions>
      </trkpt>
      <trkpt lat="25.0809155590832233428955078125" lon="102.72480935789644718170166015625">
        <ele>1900.5999755859375</ele>
        <time>2026-10-04T22:54:20.000Z</time>
        <extensions>
          <ns3:TrackPointExtension>
            <ns3:hr>71</ns3:hr>
            <ns3:cad>93</ns3:cad>
          </ns3:TrackPointExtension>
        </extensions>
      </trkpt>
      <trkpt lat="25.08091899566352367401123046875" lon="102.724777758121490478515625">
        <ele>1900.5999755859375</ele>
        <time>2026-10-04T22:54:21.000Z</time>
        <extensions>
          <ns3:TrackPointExtension>
            <ns3:hr>72</ns3:hr>
            <ns3:cad>93</ns3:cad>
          </ns3:TrackPointExtension>
        </extensions>
      </trkpt>
      <trkpt lat="25.0809194147586822509765625" lon="102.72473995573818683624267578125">
        <ele>1900.5999755859375</ele>
        <time>2026-10-04T22:54:22.000Z</time>
        <extensions>
          <ns3:TrackPointExtension>
            <ns3:hr>74</ns3:hr>
            <ns3:cad>94</ns3:cad>
          </ns3:TrackPointExtension>
        </extensions>
      </trkpt>
      <trkpt lat="25.08091933093965053558349609375" lon="102.724714390933513641357421875">
        <ele>1900.4000244140625</ele>
        <time>2026-10-04T22:54:23.000Z</time>
        <extensions>
          <ns3:TrackPointExtension>
            <ns3:hr>75</ns3:hr>
            <ns3:cad>94</ns3:cad>
          </ns3:TrackPointExtension>
        </extensions>
      </trkpt>
      <trkpt lat="25.08092536590993404388427734375" lon="102.724675498902797698974609375">
        <ele>1900.4000244140625</ele>
        <time>2026-10-04T22:54:24.000Z</time>
        <extensions>
          <ns3:TrackPointExtension>
            <ns3:hr>77</ns3:hr>
            <ns3:cad>91</ns3:cad>
          </ns3:TrackPointExtension>
        </extensions>
      </trkpt>
      <trkpt lat="25.0809262879192829132080078125" lon="102.7246503531932830810546875">
        <ele>1900.4000244140625</ele>
        <time>2026-10-04T22:54:25.000Z</time>
        <extensions>
          <ns3:TrackPointExtension>
            <ns3:hr>79</ns3:hr>
            <ns3:cad>91</ns3:cad>
          </ns3:TrackPointExtension>
        </extensions>
      </trkpt>
      <trkpt lat="25.08093760348856449127197265625" lon="102.724611125886440277099609375">
        <ele>1900.4000244140625</ele>
        <time>2026-10-04T22:54:26.000Z</time>
        <extensions>
          <ns3:TrackPointExtension>
            <ns3:hr>80</ns3:hr>
            <ns3:cad>91</ns3:cad>
          </ns3:TrackPointExtension>
        </extensions>
      </trkpt>
      <trkpt lat="25.08093995042145252227783203125" lon="102.72458438761532306671142578125">
        <ele>1900.4000244140625</ele>
        <time>2026-10-04T22:54:27.000Z</time>
        <extensions>
          <ns3:TrackPointExtension>
            <ns3:hr>82</ns3:hr>
            <ns3:cad>91</ns3:cad>
          </ns3:TrackPointExtension>
        </extensions>
      </trkpt>
      <trkpt lat="25.08094950579106807708740234375" lon="102.72454549558460712432861328125">
        <ele>1900.4000244140625</ele>
        <time>2026-10-04T22:54:28.000Z</time>
        <extensions>
          <ns3:TrackPointExtension>
            <ns3:hr>84</ns3:hr>
            <ns3:cad>91</ns3:cad>
          </ns3:TrackPointExtension>
        </extensions>
      </trkpt>
      <trkpt lat="25.08094866760075092315673828125" lon="102.724516578018665313720703125">
        <ele>1900.4000244140625</ele>
        <time>2026-10-04T22:54:29.000Z</time>
        <extensions>
          <ns3:TrackPointExtension>
            <ns3:hr>86</ns3:hr>
            <ns3:cad>91</ns3:cad>
          </ns3:TrackPointExtension>
        </extensions>
      </trkpt>
      <trkpt lat="25.08095704950392246246337890625" lon="102.72448363713920116424560546875">
        <ele>1900.4000244140625</ele>
        <time>2026-10-04T22:54:30.000Z</time>
        <extensions>
          <ns3:TrackPointExtension>
            <ns3:hr>87</ns3:hr>
            <ns3:cad>94</ns3:cad>
          </ns3:TrackPointExtension>
        </extensions>
      </trkpt>
      <trkpt lat="25.080958306789398193359375" lon="102.72445530630648136138916015625">
        <ele>1900.4000244140625</ele>
        <time>2026-10-04T22:54:31.000Z</time>
        <extensions>
          <ns3:TrackPointExtension>
            <ns3:hr>88</ns3:hr>
            <ns3:cad>94</ns3:cad>
          </ns3:TrackPointExtension>
        </extensions>
      </trkpt>
      <trkpt lat="25.0809665210545063018798828125" lon="102.72441909648478031158447265625">
        <ele>1900.4000244140625</ele>
        <time>2026-10-04T22:54:32.000Z</time>
        <extensions>
          <ns3:TrackPointExtension>
            <ns3:hr>90</ns3:hr>
            <ns3:cad>94</ns3:cad>
          </ns3:TrackPointExtension>
        </extensions>
      </trkpt>
      <trkpt lat="25.0809715501964092254638671875" lon="102.724386490881443023681640625">
        <ele>1900.199951171875</ele>
        <time>2026-10-04T22:54:33.000Z</time>
        <extensions>
          <ns3:TrackPointExtension>
            <ns3:hr>91</ns3:hr>
            <ns3:cad>94</ns3:cad>
          </ns3:TrackPointExtension>
        </extensions>
      </trkpt>
      <trkpt lat="25.08097800426185131072998046875" lon="102.72436260245740413665771484375">
        <ele>1900.199951171875</ele>
        <time>2026-10-04T22:54:34.000Z</time>
        <extensions>
          <ns3:TrackPointExtension>
            <ns3:hr>93</ns3:hr>
            <ns3:cad>94</ns3:cad>
          </ns3:TrackPointExtension>
        </extensions>
      </trkpt>
      <trkpt lat="25.08098579943180084228515625" lon="102.72432505153119564056396484375">
        <ele>1900.199951171875</ele>
        <time>2026-10-04T22:54:35.000Z</time>
        <extensions>
          <ns3:TrackPointExtension>
            <ns3:hr>94</ns3:hr>
            <ns3:cad>94</ns3:cad>
          </ns3:TrackPointExtension>
        </extensions>
      </trkpt>
      <trkpt lat="25.08098538033664226531982421875" lon="102.72429294884204864501953125">
        <ele>1900.199951171875</ele>
        <time>2026-10-04T22:54:36.000Z</time>
        <extensions>
          <ns3:TrackPointExtension>
            <ns3:hr>94</ns3:hr>
            <ns3:cad>93</ns3:cad>
          </ns3:TrackPointExtension>
        </extensions>
      </trkpt>
      <trkpt lat="25.08099342696368694305419921875" lon="102.7242572419345378875732421875">
        <ele>1900.199951171875</ele>
        <time>2026-10-04T22:54:37.000Z</time>
        <extensions>
          <ns3:TrackPointExtension>
            <ns3:hr>95</ns3:hr>
            <ns3:cad>93</ns3:cad>
          </ns3:TrackPointExtension>
        </extensions>
      </trkpt>
      <trkpt lat="25.08099007420241832733154296875" lon="102.72422731854021549224853515625">
        <ele>1900.199951171875</ele>
        <time>2026-10-04T22:54:38.000Z</time>
        <extensions>
          <ns3:TrackPointExtension>
            <ns3:hr>96</ns3:hr>
            <ns3:cad>93</ns3:cad>
          </ns3:TrackPointExtension>
        </extensions>
      </trkpt>
      <trkpt lat="25.08100147359073162078857421875" lon="102.72419563494622707366943359375">
        <ele>1900.199951171875</ele>
        <time>2026-10-04T22:54:39.000Z</time>
        <extensions>
          <ns3:TrackPointExtension>
            <ns3:hr>97</ns3:hr>
            <ns3:cad>93</ns3:cad>
          </ns3:TrackPointExtension>
        </extensions>
      </trkpt>
      <trkpt lat="25.08100365288555622100830078125" lon="102.7241613529622554779052734375">
        <ele>1900.199951171875</ele>
        <time>2026-10-04T22:54:40.000Z</time>
        <extensions>
          <ns3:TrackPointExtension>
            <ns3:hr>99</ns3:hr>
            <ns3:cad>94</ns3:cad>
          </ns3:TrackPointExtension>
        </extensions>
      </trkpt>
      <trkpt lat="25.081007592380046844482421875" lon="102.7241331897675991058349609375">
        <ele>1900.199951171875</ele>
        <time>2026-10-04T22:54:41.000Z</time>
        <extensions>
          <ns3:TrackPointExtension>
            <ns3:hr>100</ns3:hr>
            <ns3:cad>94</ns3:cad>
          </ns3:TrackPointExtension>
        </extensions>
      </trkpt>
      <trkpt lat="25.0810114480555057525634765625" lon="102.72409723140299320220947265625">
        <ele>1900.199951171875</ele>
        <time>2026-10-04T22:54:42.000Z</time>
        <extensions>
          <ns3:TrackPointExtension>
            <ns3:hr>102</ns3:hr>
            <ns3:cad>93</ns3:cad>
          </ns3:TrackPointExtension>
        </extensions>
      </trkpt>
      <trkpt lat="25.081011615693569183349609375" lon="102.72406940348446369171142578125">
        <ele>1900.199951171875</ele>
        <time>2026-10-04T22:54:43.000Z</time>
        <extensions>
          <ns3:TrackPointExtension>
            <ns3:hr>103</ns3:hr>
            <ns3:cad>93</ns3:cad>
          </ns3:TrackPointExtension>
        </extensions>
      </trkpt>
      <trkpt lat="25.08101790212094783782958984375" lon="102.72403319366276264190673828125">
        <ele>1900.199951171875</ele>
        <time>2026-10-04T22:54:44.000Z</time>
        <extensions>
          <ns3:TrackPointExtension>
            <ns3:hr>104</ns3:hr>
            <ns3:cad>93</ns3:cad>
          </ns3:TrackPointExtension>
        </extensions>
      </trkpt>
      <trkpt lat="25.08101941086351871490478515625" lon="102.72400729358196258544921875">
        <ele>1900.199951171875</ele>
        <time>2026-10-04T22:54:45.000Z</time>
        <extensions>
          <ns3:TrackPointExtension>
            <ns3:hr>105</ns3:hr>
            <ns3:cad>93</ns3:cad>
          </ns3:TrackPointExtension>
        </extensions>
      </trkpt>
      <trkpt lat="25.08102410472929477691650390625" lon="102.7239752747118473052978515625">
        <ele>1900.199951171875</ele>
        <time>2026-10-04T22:54:46.000Z</time>
        <extensions>
          <ns3:TrackPointExtension>
            <ns3:hr>106</ns3:hr>
            <ns3:cad>93</ns3:cad>
          </ns3:TrackPointExtension>
        </extensions>
      </trkpt>
      <trkpt lat="25.08102695457637310028076171875" lon="102.723943926393985748291015625">
        <ele>1900</ele>
        <time>2026-10-04T22:54:47.000Z</time>
        <extensions>
          <ns3:TrackPointExtension>
            <ns3:hr>108</ns3:hr>
            <ns3:cad>93</ns3:cad>
          </ns3:TrackPointExtension>
        </extensions>
      </trkpt>
      <trkpt lat="25.08103366009891033172607421875" lon="102.72391769103705883026123046875">
        <ele>1900</ele>
        <time>2026-10-04T22:54:48.000Z</time>
        <extensions>
          <ns3:TrackPointExtension>
            <ns3:hr>108</ns3:hr>
            <ns3:cad>93</ns3:cad>
          </ns3:TrackPointExtension>
        </extensions>
      </trkpt>
      <trkpt lat="25.0810409523546695709228515625" lon="102.72388257086277008056640625">
        <ele>1900</ele>
        <time>2026-10-04T22:54:49.000Z</time>
        <extensions>
          <ns3:TrackPointExtension>
            <ns3:hr>109</ns3:hr>
            <ns3:cad>93</ns3:cad>
          </ns3:TrackPointExtension>
        </extensions>
      </trkpt>
      <trkpt lat="25.081041790544986724853515625" lon="102.723855078220367431640625">
        <ele>1900</ele>
        <time>2026-10-04T22:54:50.000Z</time>
        <extensions>
          <ns3:TrackPointExtension>
            <ns3:hr>110</ns3:hr>
            <ns3:cad>93</ns3:cad>
          </ns3:TrackPointExtension>
        </extensions>
      </trkpt>
      <trkpt lat="25.08104774169623851776123046875" lon="102.72381727583706378936767578125">
        <ele>1900</ele>
        <time>2026-10-04T22:54:51.000Z</time>
        <extensions>
          <ns3:TrackPointExtension>
            <ns3:hr>111</ns3:hr>
            <ns3:cad>94</ns3:cad>
          </ns3:TrackPointExtension>
        </extensions>
      </trkpt>
      <trkpt lat="25.08105176500976085662841796875" lon="102.723790369927883148193359375">
        <ele>1900</ele>
        <time>2026-10-04T22:54:52.000Z</time>
        <extensions>
          <ns3:TrackPointExtension>
            <ns3:hr>112</ns3:hr>
            <ns3:cad>95</ns3:cad>
          </ns3:TrackPointExtension>
        </extensions>
      </trkpt>
      <trkpt lat="25.08106132037937641143798828125" lon="102.72375256754457950592041015625">
        <ele>1900</ele>
        <time>2026-10-04T22:54:53.000Z</time>
        <extensions>
          <ns3:TrackPointExtension>
            <ns3:hr>113</ns3:hr>
            <ns3:cad>94</ns3:cad>
          </ns3:TrackPointExtension>
        </extensions>
      </trkpt>
      <trkpt lat="25.081061236560344696044921875" lon="102.7237211354076862335205078125">
        <ele>1900</ele>
        <time>2026-10-04T22:54:54.000Z</time>
        <extensions>
          <ns3:TrackPointExtension>
            <ns3:hr>114</ns3:hr>
            <ns3:cad>94</ns3:cad>
          </ns3:TrackPointExtension>
        </extensions>
      </trkpt>
      <trkpt lat="25.0810714624822139739990234375" lon="102.72368752397596836090087890625">
        <ele>1900</ele>
        <time>2026-10-04T22:54:55.000Z</time>
        <extensions>
          <ns3:TrackPointExtension>
            <ns3:hr>115</ns3:hr>
            <ns3:cad>94</ns3:cad>
          </ns3:TrackPointExtension>
        </extensions>
      </trkpt>
      <trkpt lat="25.081074647605419158935546875" lon="102.723650224506855010986328125">
        <ele>1900</ele>
        <time>2026-10-04T22:54:56.000Z</time>
        <extensions>
          <ns3:TrackPointExtension>
            <ns3:hr>115</ns3:hr>
            <ns3:cad>94</ns3:cad>
          </ns3:TrackPointExtension>
        </extensions>
      </trkpt>
      <trkpt lat="25.08107422851026058197021484375" lon="102.72362063638865947723388671875">
        <ele>1900.199951171875</ele>
        <time>2026-10-04T22:54:57.000Z</time>
        <extensions>
          <ns3:TrackPointExtension>
            <ns3:hr>116</ns3:hr>
            <ns3:cad>94</ns3:cad>
          </ns3:TrackPointExtension>
        </extensions>
      </trkpt>
      <trkpt lat="25.0810788385570049285888671875" lon="102.72358224727213382720947265625">
        <ele>1900</ele>
        <time>2026-10-04T22:54:58.000Z</time>
        <extensions>
          <ns3:TrackPointExtension>
            <ns3:hr>117</ns3:hr>
            <ns3:cad>93</ns3:cad>
          </ns3:TrackPointExtension>
        </extensions>
      </trkpt>
      <trkpt lat="25.08107707835733890533447265625" lon="102.7235551737248897552490234375">
        <ele>1900</ele>
        <time>2026-10-04T22:54:59.000Z</time>
        <extensions>
          <ns3:TrackPointExtension>
            <ns3:hr>118</ns3:hr>
            <ns3:cad>93</ns3:cad>
          </ns3:TrackPointExtension>
        </extensions>
      </trkpt>
      <trkpt lat="25.0810754857957363128662109375" lon="102.723512761294841766357421875">
        <ele>1900</ele>
        <time>2026-10-04T22:55:00.000Z</time>
        <extensions>
          <ns3:TrackPointExtension>
            <ns3:hr>119</ns3:hr>
            <ns3:cad>93</ns3:cad>
          </ns3:TrackPointExtension>
        </extensions>
      </trkpt>
      <trkpt lat="25.08106919936835765838623046875" lon="102.723484933376312255859375">
        <ele>1900</ele>
        <time>2026-10-04T22:55:01.000Z</time>
        <extensions>
          <ns3:TrackPointExtension>
            <ns3:hr>119</ns3:hr>
            <ns3:cad>94</ns3:cad>
          </ns3:TrackPointExtension>
        </extensions>
      </trkpt>
      <trkpt lat="25.081067942082881927490234375" lon="102.723446376621723175048828125">
        <ele>1899.800048828125</ele>
        <time>2026-10-04T22:55:02.000Z</time>
        <extensions>
          <ns3:TrackPointExtension>
            <ns3:hr>120</ns3:hr>
            <ns3:cad>94</ns3:cad>
          </ns3:TrackPointExtension>
        </extensions>
      </trkpt>
      <trkpt lat="25.081061236560344696044921875" lon="102.7234150283038616180419921875">
        <ele>1899.800048828125</ele>
        <time>2026-10-04T22:55:03.000Z</time>
        <extensions>
          <ns3:TrackPointExtension>
            <ns3:hr>121</ns3:hr>
            <ns3:cad>94</ns3:cad>
          </ns3:TrackPointExtension>
        </extensions>
      </trkpt>
      <trkpt lat="25.0810647569596767425537109375" lon="102.7233838476240634918212890625">
        <ele>1899.800048828125</ele>
        <time>2026-10-04T22:55:04.000Z</time>
        <extensions>
          <ns3:TrackPointExtension>
            <ns3:hr>121</ns3:hr>
            <ns3:cad>94</ns3:cad>
          </ns3:TrackPointExtension>
        </extensions>
      </trkpt>
      <trkpt lat="25.08106634952127933502197265625" lon="102.7233513258397579193115234375">
        <ele>1900</ele>
        <time>2026-10-04T22:55:05.000Z</time>
        <extensions>
          <ns3:TrackPointExtension>
            <ns3:hr>122</ns3:hr>
            <ns3:cad>94</ns3:cad>
          </ns3:TrackPointExtension>
        </extensions>
      </trkpt>
      <trkpt lat="25.081069283187389373779296875" lon="102.72331955842673778533935546875">
        <ele>1900</ele>
        <time>2026-10-04T22:55:06.000Z</time>
        <extensions>
          <ns3:TrackPointExtension>
            <ns3:hr>123</ns3:hr>
            <ns3:cad>94</ns3:cad>
          </ns3:TrackPointExtension>
        </extensions>
      </trkpt>
      <trkpt lat="25.08107188157737255096435546875" lon="102.72327966056764125823974609375">
        <ele>1900</ele>
        <time>2026-10-04T22:55:07.000Z</time>
        <extensions>
          <ns3:TrackPointExtension>
            <ns3:hr>123</ns3:hr>
            <ns3:cad>92</ns3:cad>
          </ns3:TrackPointExtension>
        </extensions>
      </trkpt>
      <trkpt lat="25.08107020519673824310302734375" lon="102.723251245915889739990234375">
        <ele>1900</ele>
        <time>2026-10-04T22:55:08.000Z</time>
        <extensions>
          <ns3:TrackPointExtension>
            <ns3:hr>124</ns3:hr>
            <ns3:cad>92</ns3:cad>
          </ns3:TrackPointExtension>
        </extensions>
      </trkpt>
      <trkpt lat="25.08107473142445087432861328125" lon="102.7232138626277446746826171875">
        <ele>1900</ele>
        <time>2026-10-04T22:55:09.000Z</time>
        <extensions>
          <ns3:TrackPointExtension>
            <ns3:hr>124</ns3:hr>
            <ns3:cad>92</ns3:cad>
          </ns3:TrackPointExtension>
        </extensions>
      </trkpt>
      <trkpt lat="25.081075318157672882080078125" lon="102.7231860347092151641845703125">
        <ele>1900</ele>
        <time>2026-10-04T22:55:10.000Z</time>
        <extensions>
          <ns3:TrackPointExtension>
            <ns3:hr>125</ns3:hr>
            <ns3:cad>93</ns3:cad>
          </ns3:TrackPointExtension>
        </extensions>
      </trkpt>
      <trkpt lat="25.08108529262244701385498046875" lon="102.72314890287816524505615234375">
        <ele>1900</ele>
        <time>2026-10-04T22:55:11.000Z</time>
        <extensions>
          <ns3:TrackPointExtension>
            <ns3:hr>126</ns3:hr>
            <ns3:cad>93</ns3:cad>
          </ns3:TrackPointExtension>
        </extensions>
      </trkpt>
      <trkpt lat="25.08108713664114475250244140625" lon="102.7231169678270816802978515625">
        <ele>1900</ele>
        <time>2026-10-04T22:55:12.000Z</time>
        <extensions>
          <ns3:TrackPointExtension>
            <ns3:hr>126</ns3:hr>
            <ns3:cad>93</ns3:cad>
          </ns3:TrackPointExtension>
        </extensions>
      </trkpt>
      <trkpt lat="25.0810897350311279296875" lon="102.72308251820504665374755859375">
        <ele>1900</ele>
        <time>2026-10-04T22:55:13.000Z</time>
        <extensions>
          <ns3:TrackPointExtension>
            <ns3:hr>127</ns3:hr>
            <ns3:cad>93</ns3:cad>
          </ns3:TrackPointExtension>
        </extensions>
      </trkpt>
      <trkpt lat="25.0810862146317958831787109375" lon="102.7230432070791721343994140625">
        <ele>1900</ele>
        <time>2026-10-04T22:55:14.000Z</time>
        <extensions>
          <ns3:TrackPointExtension>
            <ns3:hr>127</ns3:hr>
            <ns3:cad>94</ns3:cad>
          </ns3:TrackPointExtension>
        </extensions>
      </trkpt>
      <trkpt lat="25.08108596317470073699951171875" lon="102.72301831282675266265869140625">
        <ele>1899.800048828125</ele>
        <time>2026-10-04T22:55:15.000Z</time>
        <extensions>
          <ns3:TrackPointExtension>
            <ns3:hr>127</ns3:hr>
            <ns3:cad>95</ns3:cad>
          </ns3:TrackPointExtension>
        </extensions>
      </trkpt>
      <trkpt lat="25.08108478970825672149658203125" lon="102.72298109717667102813720703125">
        <ele>1899.800048828125</ele>
        <time>2026-10-04T22:55:16.000Z</time>
        <extensions>
          <ns3:TrackPointExtension>
            <ns3:hr>128</ns3:hr>
            <ns3:cad>95</ns3:cad>
          </ns3:TrackPointExtension>
        </extensions>
      </trkpt>
      <trkpt lat="25.081080012023448944091796875" lon="102.7229553647339344024658203125">
        <ele>1899.800048828125</ele>
        <time>2026-10-04T22:55:17.000Z</time>
        <extensions>
          <ns3:TrackPointExtension>
            <ns3:hr>128</ns3:hr>
            <ns3:cad>95</ns3:cad>
          </ns3:TrackPointExtension>
        </extensions>
      </trkpt>
      <trkpt lat="25.08108126930892467498779296875" lon="102.72291068919003009796142578125">
        <ele>1899.800048828125</ele>
        <time>2026-10-04T22:55:18.000Z</time>
        <extensions>
          <ns3:TrackPointExtension>
            <ns3:hr>126</ns3:hr>
            <ns3:cad>95</ns3:cad>
          </ns3:TrackPointExtension>
        </extensions>
      </trkpt>
      <trkpt lat="25.08107909001410007476806640625" lon="102.72288135252892971038818359375">
        <ele>1900</ele>
        <time>2026-10-04T22:55:19.000Z</time>
        <extensions>
          <ns3:TrackPointExtension>
            <ns3:hr>126</ns3:hr>
            <ns3:cad>92</ns3:cad>
          </ns3:TrackPointExtension>
        </extensions>
      </trkpt>
      <trkpt lat="25.08107624016702175140380859375" lon="102.7228403650224208831787109375">
        <ele>1900</ele>
        <time>2026-10-04T22:55:20.000Z</time>
        <extensions>
          <ns3:TrackPointExtension>
            <ns3:hr>126</ns3:hr>
            <ns3:cad>92</ns3:cad>
          </ns3:TrackPointExtension>
        </extensions>
      </trkpt>
      <trkpt lat="25.08106760680675506591796875" lon="102.72281060926616191864013671875">
        <ele>1900.199951171875</ele>
        <time>2026-10-04T22:55:21.000Z</time>
        <extensions>
          <ns3:TrackPointExtension>
            <ns3:hr>126</ns3:hr>
            <ns3:cad>92</ns3:cad>
          </ns3:TrackPointExtension>
        </extensions>
      </trkpt>
      <trkpt lat="25.0810603983700275421142578125" lon="102.72277138195931911468505859375">
        <ele>1900.199951171875</ele>
        <time>2026-10-04T22:55:22.000Z</time>
        <extensions>
          <ns3:TrackPointExtension>
            <ns3:hr>126</ns3:hr>
            <ns3:cad>92</ns3:cad>
          </ns3:TrackPointExtension>
        </extensions>
      </trkpt>
      <trkpt lat="25.081049837172031402587890625" lon="102.72274196147918701171875">
        <ele>1900.199951171875</ele>
        <time>2026-10-04T22:55:23.000Z</time>
        <extensions>
          <ns3:TrackPointExtension>
            <ns3:hr>126</ns3:hr>
            <ns3:cad>91</ns3:cad>
          </ns3:TrackPointExtension>
        </extensions>
      </trkpt>
      <trkpt lat="25.08103701286017894744873046875" lon="102.722714133560657501220703125">
        <ele>1900.199951171875</ele>
        <time>2026-10-04T22:55:24.000Z</time>
        <extensions>
          <ns3:TrackPointExtension>
            <ns3:hr>127</ns3:hr>
            <ns3:cad>91</ns3:cad>
          </ns3:TrackPointExtension>
        </extensions>
      </trkpt>
      <trkpt lat="25.08102192543447017669677734375" lon="102.72268840111792087554931640625">
        <ele>1900</ele>
        <time>2026-10-04T22:55:25.000Z</time>
        <extensions>
          <ns3:TrackPointExtension>
            <ns3:hr>127</ns3:hr>
            <ns3:cad>91</ns3:cad>
          </ns3:TrackPointExtension>
        </extensions>
      </trkpt>
      <trkpt lat="25.08100365288555622100830078125" lon="102.72266962565481662750244140625">
        <ele>1900</ele>
        <time>2026-10-04T22:55:26.000Z</time>
        <extensions>
          <ns3:TrackPointExtension>
            <ns3:hr>127</ns3:hr>
            <ns3:cad>91</ns3:cad>
          </ns3:TrackPointExtension>
        </extensions>
      </trkpt>
      <trkpt lat="25.08098085410892963409423828125" lon="102.722649089992046356201171875">
        <ele>1900</ele>
        <time>2026-10-04T22:55:27.000Z</time>
        <extensions>
          <ns3:TrackPointExtension>
            <ns3:hr>128</ns3:hr>
            <ns3:cad>91</ns3:cad>
          </ns3:TrackPointExtension>
        </extensions>
      </trkpt>
      <trkpt lat="25.08095688186585903167724609375" lon="102.72263727150857448577880859375">
        <ele>1900</ele>
        <time>2026-10-04T22:55:28.000Z</time>
        <extensions>
          <ns3:TrackPointExtension>
            <ns3:hr>128</ns3:hr>
            <ns3:cad>91</ns3:cad>
          </ns3:TrackPointExtension>
        </extensions>
      </trkpt>
      <trkpt lat="25.08092720992863178253173828125" lon="102.7226167358458042144775390625">
        <ele>1900</ele>
        <time>2026-10-04T22:55:29.000Z</time>
        <extensions>
          <ns3:TrackPointExtension>
            <ns3:hr>128</ns3:hr>
            <ns3:cad>91</ns3:cad>
          </ns3:TrackPointExtension>
        </extensions>
      </trkpt>
      <trkpt lat="25.08091044612228870391845703125" lon="102.7226033248007297515869140625">
        <ele>1900</ele>
        <time>2026-10-04T22:55:30.000Z</time>
        <extensions>
          <ns3:TrackPointExtension>
            <ns3:hr>127</ns3:hr>
            <ns3:cad>93</ns3:cad>
          </ns3:TrackPointExtension>
        </extensions>
      </trkpt>
      <trkpt lat="25.08088530041277408599853515625" lon="102.72258077748119831085205078125">
        <ele>1899.800048828125</ele>
        <time>2026-10-04T22:55:31.000Z</time>
        <extensions>
          <ns3:TrackPointExtension>
            <ns3:hr>127</ns3:hr>
            <ns3:cad>93</ns3:cad>
          </ns3:TrackPointExtension>
        </extensions>
      </trkpt>
      <trkpt lat="25.08086468093097209930419921875" lon="102.7225637622177600860595703125">
        <ele>1899.800048828125</ele>
        <time>2026-10-04T22:55:32.000Z</time>
        <extensions>
          <ns3:TrackPointExtension>
            <ns3:hr>127</ns3:hr>
            <ns3:cad>93</ns3:cad>
          </ns3:TrackPointExtension>
        </extensions>
      </trkpt>
      <trkpt lat="25.08084590546786785125732421875" lon="102.72254456765949726104736328125">
        <ele>1899.800048828125</ele>
        <time>2026-10-04T22:55:33.000Z</time>
        <extensions>
          <ns3:TrackPointExtension>
            <ns3:hr>126</ns3:hr>
            <ns3:cad>93</ns3:cad>
          </ns3:TrackPointExtension>
        </extensions>
      </trkpt>
      <trkpt lat="25.0808213464915752410888671875" lon="102.722523026168346405029296875">
        <ele>1899.800048828125</ele>
        <time>2026-10-04T22:55:34.000Z</time>
        <extensions>
          <ns3:TrackPointExtension>
            <ns3:hr>126</ns3:hr>
            <ns3:cad>93</ns3:cad>
          </ns3:TrackPointExtension>
        </extensions>
      </trkpt>
      <trkpt lat="25.08080349303781986236572265625" lon="102.7225047536194324493408203125">
        <ele>1900</ele>
        <time>2026-10-04T22:55:35.000Z</time>
        <extensions>
          <ns3:TrackPointExtension>
            <ns3:hr>127</ns3:hr>
            <ns3:cad>93</ns3:cad>
          </ns3:TrackPointExtension>
        </extensions>
      </trkpt>
      <trkpt lat="25.08077885024249553680419921875" lon="102.722481787204742431640625">
        <ele>1900</ele>
        <time>2026-10-04T22:55:36.000Z</time>
        <extensions>
          <ns3:TrackPointExtension>
            <ns3:hr>127</ns3:hr>
            <ns3:cad>93</ns3:cad>
          </ns3:TrackPointExtension>
        </extensions>
      </trkpt>
      <trkpt lat="25.080755464732646942138671875" lon="102.72246778942644596099853515625">
        <ele>1899.800048828125</ele>
        <time>2026-10-04T22:55:37.000Z</time>
        <extensions>
          <ns3:TrackPointExtension>
            <ns3:hr>127</ns3:hr>
            <ns3:cad>93</ns3:cad>
          </ns3:TrackPointExtension>
        </extensions>
      </trkpt>
      <trkpt lat="25.08072989992797374725341796875" lon="102.72244867868721485137939453125">
        <ele>1899.800048828125</ele>
        <time>2026-10-04T22:55:38.000Z</time>
        <extensions>
          <ns3:TrackPointExtension>
            <ns3:hr>127</ns3:hr>
            <ns3:cad>93</ns3:cad>
          </ns3:TrackPointExtension>
        </extensions>
      </trkpt>
      <trkpt lat="25.08070609532296657562255859375" lon="102.72243476472795009613037109375">
        <ele>1899.800048828125</ele>
        <time>2026-10-04T22:55:39.000Z</time>
        <extensions>
          <ns3:TrackPointExtension>
            <ns3:hr>128</ns3:hr>
            <ns3:cad>94</ns3:cad>
          </ns3:TrackPointExtension>
        </extensions>
      </trkpt>
      <trkpt lat="25.08068027906119823455810546875" lon="102.72241028957068920135498046875">
        <ele>1899.5999755859375</ele>
        <time>2026-10-04T22:55:40.000Z</time>
        <extensions>
          <ns3:TrackPointExtension>
            <ns3:hr>128</ns3:hr>
            <ns3:cad>94</ns3:cad>
          </ns3:TrackPointExtension>
        </extensions>
      </trkpt>
      <trkpt lat="25.080655552446842193603515625" lon="102.72239302285015583038330078125">
        <ele>1899.5999755859375</ele>
        <time>2026-10-04T22:55:41.000Z</time>
        <extensions>
          <ns3:TrackPointExtension>
            <ns3:hr>128</ns3:hr>
            <ns3:cad>93</ns3:cad>
          </ns3:TrackPointExtension>
        </extensions>
      </trkpt>
      <trkpt lat="25.08063367567956447601318359375" lon="102.722374498844146728515625">
        <ele>1899.4000244140625</ele>
        <time>2026-10-04T22:55:42.000Z</time>
        <extensions>
          <ns3:TrackPointExtension>
            <ns3:hr>128</ns3:hr>
            <ns3:cad>93</ns3:cad>
          </ns3:TrackPointExtension>
        </extensions>
      </trkpt>
      <trkpt lat="25.08060626685619354248046875" lon="102.7223528735339641571044921875">
        <ele>1899.4000244140625</ele>
        <time>2026-10-04T22:55:43.000Z</time>
        <extensions>
          <ns3:TrackPointExtension>
            <ns3:hr>128</ns3:hr>
            <ns3:cad>93</ns3:cad>
          </ns3:TrackPointExtension>
        </extensions>
      </trkpt>
      <trkpt lat="25.0805879943072795867919921875" lon="102.72233719937503337860107421875">
        <ele>1899.4000244140625</ele>
        <time>2026-10-04T22:55:44.000Z</time>
        <extensions>
          <ns3:TrackPointExtension>
            <ns3:hr>128</ns3:hr>
            <ns3:cad>93</ns3:cad>
          </ns3:TrackPointExtension>
        </extensions>
      </trkpt>
      <trkpt lat="25.080561675131320953369140625" lon="102.72231750190258026123046875">
        <ele>1899.4000244140625</ele>
        <time>2026-10-04T22:55:45.000Z</time>
        <extensions>
          <ns3:TrackPointExtension>
            <ns3:hr>128</ns3:hr>
            <ns3:cad>94</ns3:cad>
          </ns3:TrackPointExtension>
        </extensions>
      </trkpt>
      <trkpt lat="25.0805407203733921051025390625" lon="102.72230333648622035980224609375">
        <ele>1899.4000244140625</ele>
        <time>2026-10-04T22:55:46.000Z</time>
        <extensions>
          <ns3:TrackPointExtension>
            <ns3:hr>128</ns3:hr>
            <ns3:cad>94</ns3:cad>
          </ns3:TrackPointExtension>
        </extensions>
      </trkpt>
      <trkpt lat="25.08051448501646518707275390625" lon="102.72228137589991092681884765625">
        <ele>1899.5999755859375</ele>
        <time>2026-10-04T22:55:47.000Z</time>
        <extensions>
          <ns3:TrackPointExtension>
            <ns3:hr>128</ns3:hr>
            <ns3:cad>94</ns3:cad>
          </ns3:TrackPointExtension>
        </extensions>
      </trkpt>
      <trkpt lat="25.08049118332564830780029296875" lon="102.72226612083613872528076171875">
        <ele>1899.5999755859375</ele>
        <time>2026-10-04T22:55:48.000Z</time>
        <extensions>
          <ns3:TrackPointExtension>
            <ns3:hr>128</ns3:hr>
            <ns3:cad>94</ns3:cad>
          </ns3:TrackPointExtension>
        </extensions>
      </trkpt>
      <trkpt lat="25.0804662890732288360595703125" lon="102.72224265150725841522216796875">
        <ele>1899.5999755859375</ele>
        <time>2026-10-04T22:55:49.000Z</time>
        <extensions>
          <ns3:TrackPointExtension>
            <ns3:hr>129</ns3:hr>
            <ns3:cad>94</ns3:cad>
          </ns3:TrackPointExtension>
        </extensions>
      </trkpt>
      <trkpt lat="25.08043854497373104095458984375" lon="102.72222287021577358245849609375">
        <ele>1899.800048828125</ele>
        <time>2026-10-04T22:55:50.000Z</time>
        <extensions>
          <ns3:TrackPointExtension>
            <ns3:hr>129</ns3:hr>
            <ns3:cad>94</ns3:cad>
          </ns3:TrackPointExtension>
        </extensions>
      </trkpt>
      <trkpt lat="25.08041675202548503875732421875" lon="102.72220526821911334991455078125">
        <ele>1899.800048828125</ele>
        <time>2026-10-04T22:55:51.000Z</time>
        <extensions>
          <ns3:TrackPointExtension>
            <ns3:hr>129</ns3:hr>
            <ns3:cad>94</ns3:cad>
          </ns3:TrackPointExtension>
        </extensions>
      </trkpt>
      <trkpt lat="25.08038842119276523590087890625" lon="102.72218565456569194793701171875">
        <ele>1899.800048828125</ele>
        <time>2026-10-04T22:55:52.000Z</time>
        <extensions>
          <ns3:TrackPointExtension>
            <ns3:hr>129</ns3:hr>
            <ns3:cad>94</ns3:cad>
          </ns3:TrackPointExtension>
        </extensions>
      </trkpt>
      <trkpt lat="25.08036830462515354156494140625" lon="102.72217534482479095458984375">
        <ele>1899.800048828125</ele>
        <time>2026-10-04T22:55:53.000Z</time>
        <extensions>
          <ns3:TrackPointExtension>
            <ns3:hr>129</ns3:hr>
            <ns3:cad>94</ns3:cad>
          </ns3:TrackPointExtension>
        </extensions>
      </trkpt>
      <trkpt lat="25.080339051783084869384765625" lon="102.72215388715267181396484375">
        <ele>1899.800048828125</ele>
        <time>2026-10-04T22:55:54.000Z</time>
        <extensions>
          <ns3:TrackPointExtension>
            <ns3:hr>130</ns3:hr>
            <ns3:cad>94</ns3:cad>
          </ns3:TrackPointExtension>
        </extensions>
      </trkpt>
      <trkpt lat="25.080316253006458282470703125" lon="102.72214307449758052825927734375">
        <ele>1899.800048828125</ele>
        <time>2026-10-04T22:55:55.000Z</time>
        <extensions>
          <ns3:TrackPointExtension>
            <ns3:hr>130</ns3:hr>
            <ns3:cad>94</ns3:cad>
          </ns3:TrackPointExtension>
        </extensions>
      </trkpt>
      <trkpt lat="25.08029043674468994140625" lon="102.72212295792996883392333984375">
        <ele>1899.800048828125</ele>
        <time>2026-10-04T22:55:56.000Z</time>
        <extensions>
          <ns3:TrackPointExtension>
            <ns3:hr>130</ns3:hr>
            <ns3:cad>94</ns3:cad>
          </ns3:TrackPointExtension>
        </extensions>
      </trkpt>
      <trkpt lat="25.0802649557590484619140625" lon="102.7221030928194522857666015625">
        <ele>1899.800048828125</ele>
        <time>2026-10-04T22:55:57.000Z</time>
        <extensions>
          <ns3:TrackPointExtension>
            <ns3:hr>130</ns3:hr>
            <ns3:cad>94</ns3:cad>
          </ns3:TrackPointExtension>
        </extensions>
      </trkpt>
      <trkpt lat="25.080242156982421875" lon="102.72208272479474544525146484375">
        <ele>1899.800048828125</ele>
        <time>2026-10-04T22:55:58.000Z</time>
        <extensions>
          <ns3:TrackPointExtension>
            <ns3:hr>130</ns3:hr>
            <ns3:cad>94</ns3:cad>
          </ns3:TrackPointExtension>
        </extensions>
      </trkpt>
      <trkpt lat="25.080216340720653533935546875" lon="102.72205975838005542755126953125">
        <ele>1899.800048828125</ele>
        <time>2026-10-04T22:55:59.000Z</time>
        <extensions>
          <ns3:TrackPointExtension>
            <ns3:hr>131</ns3:hr>
            <ns3:cad>94</ns3:cad>
          </ns3:TrackPointExtension>
        </extensions>
      </trkpt>
      <trkpt lat="25.08019412867724895477294921875" lon="102.72204332984983921051025390625">
        <ele>1899.800048828125</ele>
        <time>2026-10-04T22:56:00.000Z</time>
        <extensions>
          <ns3:TrackPointExtension>
            <ns3:hr>131</ns3:hr>
            <ns3:cad>95</ns3:cad>
          </ns3:TrackPointExtension>
        </extensions>
      </trkpt>
      <trkpt lat="25.08016638457775115966796875" lon="102.7220175974071025848388671875">
        <ele>1899.800048828125</ele>
        <time>2026-10-04T22:56:01.000Z</time>
        <extensions>
          <ns3:TrackPointExtension>
            <ns3:hr>131</ns3:hr>
            <ns3:cad>95</ns3:cad>
          </ns3:TrackPointExtension>
        </extensions>
      </trkpt>
      <trkpt lat="25.08014266379177570343017578125" lon="102.72199873812496662139892578125">
        <ele>1899.800048828125</ele>
        <time>2026-10-04T22:56:02.000Z</time>
        <extensions>
          <ns3:TrackPointExtension>
            <ns3:hr>130</ns3:hr>
            <ns3:cad>94</ns3:cad>
          </ns3:TrackPointExtension>
        </extensions>
      </trkpt>
      <trkpt lat="25.08011030964553356170654296875" lon="102.7219719998538494110107421875">
        <ele>1899.800048828125</ele>
        <time>2026-10-04T22:56:03.000Z</time>
        <extensions>
          <ns3:TrackPointExtension>
            <ns3:hr>130</ns3:hr>
            <ns3:cad>94</ns3:cad>
          </ns3:TrackPointExtension>
        </extensions>
      </trkpt>
      <trkpt lat="25.08008382283151149749755859375" lon="102.72195431403815746307373046875">
        <ele>1899.800048828125</ele>
        <time>2026-10-04T22:56:04.000Z</time>
        <extensions>
          <ns3:TrackPointExtension>
            <ns3:hr>131</ns3:hr>
            <ns3:cad>93</ns3:cad>
          </ns3:TrackPointExtension>
        </extensions>
      </trkpt>
      <trkpt lat="25.080055408179759979248046875" lon="102.7219317667186260223388671875">
        <ele>1899.800048828125</ele>
        <time>2026-10-04T22:56:05.000Z</time>
        <extensions>
          <ns3:TrackPointExtension>
            <ns3:hr>131</ns3:hr>
            <ns3:cad>93</ns3:cad>
          </ns3:TrackPointExtension>
        </extensions>
      </trkpt>
      <trkpt lat="25.080029927194118499755859375" lon="102.72191659547388553619384765625">
        <ele>1899.800048828125</ele>
        <time>2026-10-04T22:56:06.000Z</time>
        <extensions>
          <ns3:TrackPointExtension>
            <ns3:hr>131</ns3:hr>
            <ns3:cad>93</ns3:cad>
          </ns3:TrackPointExtension>
        </extensions>
      </trkpt>
      <trkpt lat="25.08000503294169902801513671875" lon="102.72189631126821041107177734375">
        <ele>1899.800048828125</ele>
        <time>2026-10-04T22:56:07.000Z</time>
        <extensions>
          <ns3:TrackPointExtension>
            <ns3:hr>130</ns3:hr>
            <ns3:cad>93</ns3:cad>
          </ns3:TrackPointExtension>
        </extensions>
      </trkpt>
      <trkpt lat="25.07997938431799411773681640625" lon="102.72187250666320323944091796875">
        <ele>1899.5999755859375</ele>
        <time>2026-10-04T22:56:08.000Z</time>
        <extensions>
          <ns3:TrackPointExtension>
            <ns3:hr>130</ns3:hr>
            <ns3:cad>93</ns3:cad>
          </ns3:TrackPointExtension>
        </extensions>
      </trkpt>
      <trkpt lat="25.07995205931365489959716796875" lon="102.7218479476869106292724609375">
        <ele>1899.5999755859375</ele>
        <time>2026-10-04T22:56:09.000Z</time>
        <extensions>
          <ns3:TrackPointExtension>
            <ns3:hr>130</ns3:hr>
            <ns3:cad>93</ns3:cad>
          </ns3:TrackPointExtension>
        </extensions>
      </trkpt>
      <trkpt lat="25.079925321042537689208984375" lon="102.72181886248290538787841796875">
        <ele>1899.5999755859375</ele>
        <time>2026-10-04T22:56:10.000Z</time>
        <extensions>
          <ns3:TrackPointExtension>
            <ns3:hr>130</ns3:hr>
            <ns3:cad>93</ns3:cad>
          </ns3:TrackPointExtension>
        </extensions>
      </trkpt>
      <trkpt lat="25.07990092970430850982666015625" lon="102.7217979915440082550048828125">
        <ele>1899.5999755859375</ele>
        <time>2026-10-04T22:56:11.000Z</time>
        <extensions>
          <ns3:TrackPointExtension>
            <ns3:hr>130</ns3:hr>
            <ns3:cad>92</ns3:cad>
          </ns3:TrackPointExtension>
        </extensions>
      </trkpt>
      <trkpt lat="25.07986790500581264495849609375" lon="102.7217696607112884521484375">
        <ele>1899.5999755859375</ele>
        <time>2026-10-04T22:56:12.000Z</time>
        <extensions>
          <ns3:TrackPointExtension>
            <ns3:hr>130</ns3:hr>
            <ns3:cad>92</ns3:cad>
          </ns3:TrackPointExtension>
        </extensions>
      </trkpt>
      <trkpt lat="25.07984192110598087310791015625" lon="102.721749879419803619384765625">
        <ele>1899.5999755859375</ele>
        <time>2026-10-04T22:56:13.000Z</time>
        <extensions>
          <ns3:TrackPointExtension>
            <ns3:hr>130</ns3:hr>
            <ns3:cad>92</ns3:cad>
          </ns3:TrackPointExtension>
        </extensions>
      </trkpt>
      <trkpt lat="25.07981275208294391632080078125" lon="102.721726410090923309326171875">
        <ele>1899.5999755859375</ele>
        <time>2026-10-04T22:56:14.000Z</time>
        <extensions>
          <ns3:TrackPointExtension>
            <ns3:hr>129</ns3:hr>
            <ns3:cad>92</ns3:cad>
          </ns3:TrackPointExtension>
        </extensions>
      </trkpt>
      <trkpt lat="25.0797930546104907989501953125" lon="102.7217104844748973846435546875">
        <ele>1899.5999755859375</ele>
        <time>2026-10-04T22:56:15.000Z</time>
        <extensions>
          <ns3:TrackPointExtension>
            <ns3:hr>129</ns3:hr>
            <ns3:cad>94</ns3:cad>
          </ns3:TrackPointExtension>
        </extensions>
      </trkpt>
      <trkpt lat="25.07976614870131015777587890625" lon="102.72169011645019054412841796875">
        <ele>1899.5999755859375</ele>
        <time>2026-10-04T22:56:16.000Z</time>
        <extensions>
          <ns3:TrackPointExtension>
            <ns3:hr>129</ns3:hr>
            <ns3:cad>94</ns3:cad>
          </ns3:TrackPointExtension>
        </extensions>
      </trkpt>
      <trkpt lat="25.0797427631914615631103515625" lon="102.72167921997606754302978515625">
        <ele>1899.5999755859375</ele>
        <time>2026-10-04T22:56:17.000Z</time>
        <extensions>
          <ns3:TrackPointExtension>
            <ns3:hr>130</ns3:hr>
            <ns3:cad>94</ns3:cad>
          </ns3:TrackPointExtension>
        </extensions>
      </trkpt>
      <trkpt lat="25.0797177851200103759765625" lon="102.7216648869216442108154296875">
        <ele>1899.5999755859375</ele>
        <time>2026-10-04T22:56:18.000Z</time>
        <extensions>
          <ns3:TrackPointExtension>
            <ns3:hr>130</ns3:hr>
            <ns3:cad>93</ns3:cad>
          </ns3:TrackPointExtension>
        </extensions>
      </trkpt>
      <trkpt lat="25.079692304134368896484375" lon="102.72165340371429920196533203125">
        <ele>1899.5999755859375</ele>
        <time>2026-10-04T22:56:19.000Z</time>
        <extensions>
          <ns3:TrackPointExtension>
            <ns3:hr>130</ns3:hr>
            <ns3:cad>92</ns3:cad>
          </ns3:TrackPointExtension>
        </extensions>
      </trkpt>
      <trkpt lat="25.07967310957610607147216796875" lon="102.7216400764882564544677734375">
        <ele>1899.5999755859375</ele>
        <time>2026-10-04T22:56:20.000Z</time>
        <extensions>
          <ns3:TrackPointExtension>
            <ns3:hr>130</ns3:hr>
            <ns3:cad>92</ns3:cad>
          </ns3:TrackPointExtension>
        </extensions>
      </trkpt>
      <trkpt lat="25.0796502269804477691650390625" lon="102.72162322886288166046142578125">
        <ele>1899.800048828125</ele>
        <time>2026-10-04T22:56:21.000Z</time>
        <extensions>
          <ns3:TrackPointExtension>
            <ns3:hr>130</ns3:hr>
            <ns3:cad>92</ns3:cad>
          </ns3:TrackPointExtension>
        </extensions>
      </trkpt>
      <trkpt lat="25.07963304407894611358642578125" lon="102.72161719389259815216064453125">
        <ele>1899.5999755859375</ele>
        <time>2026-10-04T22:56:22.000Z</time>
        <extensions>
          <ns3:TrackPointExtension>
            <ns3:hr>130</ns3:hr>
            <ns3:cad>92</ns3:cad>
          </ns3:TrackPointExtension>
        </extensions>
      </trkpt>
      <trkpt lat="25.0796063058078289031982421875" lon="102.72159506566822528839111328125">
        <ele>1899.800048828125</ele>
        <time>2026-10-04T22:56:23.000Z</time>
        <extensions>
          <ns3:TrackPointExtension>
            <ns3:hr>131</ns3:hr>
            <ns3:cad>92</ns3:cad>
          </ns3:TrackPointExtension>
        </extensions>
      </trkpt>
      <trkpt lat="25.07958459667861461639404296875" lon="102.72158081643283367156982421875">
        <ele>1899.800048828125</ele>
        <time>2026-10-04T22:56:24.000Z</time>
        <extensions>
          <ns3:TrackPointExtension>
            <ns3:hr>131</ns3:hr>
            <ns3:cad>94</ns3:cad>
          </ns3:TrackPointExtension>
        </extensions>
      </trkpt>
      <trkpt lat="25.079557858407497406005859375" lon="102.72155600599944591522216796875">
        <ele>1899.800048828125</ele>
        <time>2026-10-04T22:56:25.000Z</time>
        <extensions>
          <ns3:TrackPointExtension>
            <ns3:hr>133</ns3:hr>
            <ns3:cad>94</ns3:cad>
          </ns3:TrackPointExtension>
        </extensions>
      </trkpt>
      <trkpt lat="25.07953715510666370391845703125" lon="102.72154309786856174468994140625">
        <ele>1899.5999755859375</ele>
        <time>2026-10-04T22:56:26.000Z</time>
        <extensions>
          <ns3:TrackPointExtension>
            <ns3:hr>133</ns3:hr>
            <ns3:cad>93</ns3:cad>
          </ns3:TrackPointExtension>
        </extensions>
      </trkpt>
      <trkpt lat="25.07951184175908565521240234375" lon="102.72151476703584194183349609375">
        <ele>1899.5999755859375</ele>
        <time>2026-10-04T22:56:27.000Z</time>
        <extensions>
          <ns3:TrackPointExtension>
            <ns3:hr>134</ns3:hr>
            <ns3:cad>93</ns3:cad>
          </ns3:TrackPointExtension>
        </extensions>
      </trkpt>
      <trkpt lat="25.079486779868602752685546875" lon="102.7214972488582134246826171875">
        <ele>1899.5999755859375</ele>
        <time>2026-10-04T22:56:28.000Z</time>
        <extensions>
          <ns3:TrackPointExtension>
            <ns3:hr>134</ns3:hr>
            <ns3:cad>93</ns3:cad>
          </ns3:TrackPointExtension>
        </extensions>
      </trkpt>
      <trkpt lat="25.079461634159088134765625" lon="102.721480317413806915283203125">
        <ele>1899.5999755859375</ele>
        <time>2026-10-04T22:56:29.000Z</time>
        <extensions>
          <ns3:TrackPointExtension>
            <ns3:hr>134</ns3:hr>
            <ns3:cad>93</ns3:cad>
          </ns3:TrackPointExtension>
        </extensions>
      </trkpt>
      <trkpt lat="25.07943456061184406280517578125" lon="102.72145760245621204376220703125">
        <ele>1899.5999755859375</ele>
        <time>2026-10-04T22:56:30.000Z</time>
        <extensions>
          <ns3:TrackPointExtension>
            <ns3:hr>134</ns3:hr>
            <ns3:cad>93</ns3:cad>
          </ns3:TrackPointExtension>
        </extensions>
      </trkpt>
      <trkpt lat="25.0794151984155178070068359375" lon="102.72144033573567867279052734375">
        <ele>1899.5999755859375</ele>
        <time>2026-10-04T22:56:31.000Z</time>
        <extensions>
          <ns3:TrackPointExtension>
            <ns3:hr>134</ns3:hr>
            <ns3:cad>93</ns3:cad>
          </ns3:TrackPointExtension>
        </extensions>
      </trkpt>
      <trkpt lat="25.07938644848763942718505859375" lon="102.72141636349260807037353515625">
        <ele>1899.5999755859375</ele>
        <time>2026-10-04T22:56:32.000Z</time>
        <extensions>
          <ns3:TrackPointExtension>
            <ns3:hr>134</ns3:hr>
            <ns3:cad>93</ns3:cad>
          </ns3:TrackPointExtension>
        </extensions>
      </trkpt>
      <trkpt lat="25.0793635658919811248779296875" lon="102.7214073948562145233154296875">
        <ele>1899.5999755859375</ele>
        <time>2026-10-04T22:56:33.000Z</time>
        <extensions>
          <ns3:TrackPointExtension>
            <ns3:hr>134</ns3:hr>
            <ns3:cad>92</ns3:cad>
          </ns3:TrackPointExtension>
        </extensions>
      </trkpt>
      <trkpt lat="25.07933330722153186798095703125" lon="102.7213906310498714447021484375">
        <ele>1899.5999755859375</ele>
        <time>2026-10-04T22:56:34.000Z</time>
        <extensions>
          <ns3:TrackPointExtension>
            <ns3:hr>134</ns3:hr>
            <ns3:cad>92</ns3:cad>
          </ns3:TrackPointExtension>
        </extensions>
      </trkpt>
      <trkpt lat="25.07930983789265155792236328125" lon="102.72137814201414585113525390625">
        <ele>1899.5999755859375</ele>
        <time>2026-10-04T22:56:35.000Z</time>
        <extensions>
          <ns3:TrackPointExtension>
            <ns3:hr>134</ns3:hr>
            <ns3:cad>92</ns3:cad>
          </ns3:TrackPointExtension>
        </extensions>
      </trkpt>
      <trkpt lat="25.079280920326709747314453125" lon="102.721355594694614410400390625">
        <ele>1899.4000244140625</ele>
        <time>2026-10-04T22:56:36.000Z</time>
        <extensions>
          <ns3:TrackPointExtension>
            <ns3:hr>134</ns3:hr>
            <ns3:cad>93</ns3:cad>
          </ns3:TrackPointExtension>
        </extensions>
      </trkpt>
      <trkpt lat="25.07925770245492458343505859375" lon="102.72133924998342990875244140625">
        <ele>1899.4000244140625</ele>
        <time>2026-10-04T22:56:37.000Z</time>
        <extensions>
          <ns3:TrackPointExtension>
            <ns3:hr>133</ns3:hr>
            <ns3:cad>93</ns3:cad>
          </ns3:TrackPointExtension>
        </extensions>
      </trkpt>
      <trkpt lat="25.07923507131636142730712890625" lon="102.72131913341581821441650390625">
        <ele>1899.4000244140625</ele>
        <time>2026-10-04T22:56:38.000Z</time>
        <extensions>
          <ns3:TrackPointExtension>
            <ns3:hr>133</ns3:hr>
            <ns3:cad>93</ns3:cad>
          </ns3:TrackPointExtension>
        </extensions>
      </trkpt>
      <trkpt lat="25.079213194549083709716796875" lon="102.721296250820159912109375">
        <ele>1899.4000244140625</ele>
        <time>2026-10-04T22:56:39.000Z</time>
        <extensions>
          <ns3:TrackPointExtension>
            <ns3:hr>133</ns3:hr>
            <ns3:cad>93</ns3:cad>
          </ns3:TrackPointExtension>
        </extensions>
      </trkpt>
      <trkpt lat="25.07919416762888431549072265625" lon="102.72127655334770679473876953125">
        <ele>1899.4000244140625</ele>
        <time>2026-10-04T22:56:40.000Z</time>
        <extensions>
          <ns3:TrackPointExtension>
            <ns3:hr>133</ns3:hr>
            <ns3:cad>93</ns3:cad>
          </ns3:TrackPointExtension>
        </extensions>
      </trkpt>
      <trkpt lat="25.07916717790067195892333984375" lon="102.7212541736662387847900390625">
        <ele>1899.4000244140625</ele>
        <time>2026-10-04T22:56:41.000Z</time>
        <extensions>
          <ns3:TrackPointExtension>
            <ns3:hr>132</ns3:hr>
            <ns3:cad>94</ns3:cad>
          </ns3:TrackPointExtension>
        </extensions>
      </trkpt>
      <trkpt lat="25.0791459716856479644775390625" lon="102.72124017588794231414794921875">
        <ele>1899.4000244140625</ele>
        <time>2026-10-04T22:56:42.000Z</time>
        <extensions>
          <ns3:TrackPointExtension>
            <ns3:hr>132</ns3:hr>
            <ns3:cad>94</ns3:cad>
          </ns3:TrackPointExtension>
        </extensions>
      </trkpt>
      <trkpt lat="25.07911923341453075408935546875" lon="102.72121846675872802734375">
        <ele>1899.199951171875</ele>
        <time>2026-10-04T22:56:43.000Z</time>
        <extensions>
          <ns3:TrackPointExtension>
            <ns3:hr>132</ns3:hr>
            <ns3:cad>94</ns3:cad>
          </ns3:TrackPointExtension>
        </extensions>
      </trkpt>
      <trkpt lat="25.07909660227596759796142578125" lon="102.7212012000381946563720703125">
        <ele>1899.199951171875</ele>
        <time>2026-10-04T22:56:44.000Z</time>
        <extensions>
          <ns3:TrackPointExtension>
            <ns3:hr>132</ns3:hr>
            <ns3:cad>93</ns3:cad>
          </ns3:TrackPointExtension>
        </extensions>
      </trkpt>
      <trkpt lat="25.07907246239483356475830078125" lon="102.72117865271866321563720703125">
        <ele>1899.4000244140625</ele>
        <time>2026-10-04T22:56:45.000Z</time>
        <extensions>
          <ns3:TrackPointExtension>
            <ns3:hr>132</ns3:hr>
            <ns3:cad>94</ns3:cad>
          </ns3:TrackPointExtension>
        </extensions>
      </trkpt>
      <trkpt lat="25.07904924452304840087890625" lon="102.72115753032267093658447265625">
        <ele>1899.4000244140625</ele>
        <time>2026-10-04T22:56:46.000Z</time>
        <extensions>
          <ns3:TrackPointExtension>
            <ns3:hr>133</ns3:hr>
            <ns3:cad>94</ns3:cad>
          </ns3:TrackPointExtension>
        </extensions>
      </trkpt>
      <trkpt lat="25.07902954705059528350830078125" lon="102.7211385034024715423583984375">
        <ele>1899.4000244140625</ele>
        <time>2026-10-04T22:56:47.000Z</time>
        <extensions>
          <ns3:TrackPointExtension>
            <ns3:hr>132</ns3:hr>
            <ns3:cad>94</ns3:cad>
          </ns3:TrackPointExtension>
        </extensions>
      </trkpt>
      <trkpt lat="25.07900188677012920379638671875" lon="102.72111545316874980926513671875">
        <ele>1899.5999755859375</ele>
        <time>2026-10-04T22:56:48.000Z</time>
        <extensions>
          <ns3:TrackPointExtension>
            <ns3:hr>132</ns3:hr>
            <ns3:cad>94</ns3:cad>
          </ns3:TrackPointExtension>
        </extensions>
      </trkpt>
      <trkpt lat="25.07898151874542236328125" lon="102.72109634242951869964599609375">
        <ele>1899.5999755859375</ele>
        <time>2026-10-04T22:56:49.000Z</time>
        <extensions>
          <ns3:TrackPointExtension>
            <ns3:hr>132</ns3:hr>
            <ns3:cad>94</ns3:cad>
          </ns3:TrackPointExtension>
        </extensions>
      </trkpt>
      <trkpt lat="25.07895478047430515289306640625" lon="102.7210737951099872589111328125">
        <ele>1899.5999755859375</ele>
        <time>2026-10-04T22:56:50.000Z</time>
        <extensions>
          <ns3:TrackPointExtension>
            <ns3:hr>132</ns3:hr>
            <ns3:cad>95</ns3:cad>
          </ns3:TrackPointExtension>
        </extensions>
      </trkpt>
      <trkpt lat="25.07893248461186885833740234375" lon="102.7210660837590694427490234375">
        <ele>1899.4000244140625</ele>
        <time>2026-10-04T22:56:51.000Z</time>
        <extensions>
          <ns3:TrackPointExtension>
            <ns3:hr>132</ns3:hr>
            <ns3:cad>95</ns3:cad>
          </ns3:TrackPointExtension>
        </extensions>
      </trkpt>
      <trkpt lat="25.078907422721385955810546875" lon="102.72105091251432895660400390625">
        <ele>1899.5999755859375</ele>
        <time>2026-10-04T22:56:52.000Z</time>
        <extensions>
          <ns3:TrackPointExtension>
            <ns3:hr>132</ns3:hr>
            <ns3:cad>94</ns3:cad>
          </ns3:TrackPointExtension>
        </extensions>
      </trkpt>
      <trkpt lat="25.078882612287998199462890625" lon="102.7210375852882862091064453125">
        <ele>1899.5999755859375</ele>
        <time>2026-10-04T22:56:53.000Z</time>
        <extensions>
          <ns3:TrackPointExtension>
            <ns3:hr>132</ns3:hr>
            <ns3:cad>94</ns3:cad>
          </ns3:TrackPointExtension>
        </extensions>
      </trkpt>
      <trkpt lat="25.07885738275945186614990234375" lon="102.72102073766291141510009765625">
        <ele>1899.4000244140625</ele>
        <time>2026-10-04T22:56:54.000Z</time>
        <extensions>
          <ns3:TrackPointExtension>
            <ns3:hr>132</ns3:hr>
            <ns3:cad>94</ns3:cad>
          </ns3:TrackPointExtension>
        </extensions>
      </trkpt>
      <trkpt lat="25.0788311474025249481201171875" lon="102.721001543104648590087890625">
        <ele>1899.4000244140625</ele>
        <time>2026-10-04T22:56:55.000Z</time>
        <extensions>
          <ns3:TrackPointExtension>
            <ns3:hr>131</ns3:hr>
            <ns3:cad>94</ns3:cad>
          </ns3:TrackPointExtension>
        </extensions>
      </trkpt>
      <trkpt lat="25.0788093544542789459228515625" lon="102.72097715176641941070556640625">
        <ele>1899.4000244140625</ele>
        <time>2026-10-04T22:56:56.000Z</time>
        <extensions>
          <ns3:TrackPointExtension>
            <ns3:hr>131</ns3:hr>
            <ns3:cad>93</ns3:cad>
          </ns3:TrackPointExtension>
        </extensions>
      </trkpt>
      <trkpt lat="25.07878161035478115081787109375" lon="102.72095267660915851593017578125">
        <ele>1899.4000244140625</ele>
        <time>2026-10-04T22:56:57.000Z</time>
        <extensions>
          <ns3:TrackPointExtension>
            <ns3:hr>131</ns3:hr>
            <ns3:cad>93</ns3:cad>
          </ns3:TrackPointExtension>
        </extensions>
      </trkpt>
      <trkpt lat="25.07875881157815456390380859375" lon="102.72093348205089569091796875">
        <ele>1899.4000244140625</ele>
        <time>2026-10-04T22:56:58.000Z</time>
        <extensions>
          <ns3:TrackPointExtension>
            <ns3:hr>131</ns3:hr>
            <ns3:cad>93</ns3:cad>
          </ns3:TrackPointExtension>
        </extensions>
      </trkpt>
      <trkpt lat="25.07872897200286388397216796875" lon="102.72090925835072994232177734375">
        <ele>1899.4000244140625</ele>
        <time>2026-10-04T22:56:59.000Z</time>
        <extensions>
          <ns3:TrackPointExtension>
            <ns3:hr>131</ns3:hr>
            <ns3:cad>93</ns3:cad>
          </ns3:TrackPointExtension>
        </extensions>
      </trkpt>
      <trkpt lat="25.07870592176914215087890625" lon="102.72089484147727489471435546875">
        <ele>1899.5999755859375</ele>
        <time>2026-10-04T22:57:00.000Z</time>
        <extensions>
          <ns3:TrackPointExtension>
            <ns3:hr>130</ns3:hr>
            <ns3:cad>92</ns3:cad>
          </ns3:TrackPointExtension>
        </extensions>
      </trkpt>
      <trkpt lat="25.07868002168834209442138671875" lon="102.72086718119680881500244140625">
        <ele>1899.5999755859375</ele>
        <time>2026-10-04T22:57:01.000Z</time>
        <extensions>
          <ns3:TrackPointExtension>
            <ns3:hr>131</ns3:hr>
            <ns3:cad>92</ns3:cad>
          </ns3:TrackPointExtension>
        </extensions>
      </trkpt>
      <trkpt lat="25.0786568038165569305419921875" lon="102.72084622643887996673583984375">
        <ele>1899.4000244140625</ele>
        <time>2026-10-04T22:57:02.000Z</time>
        <extensions>
          <ns3:TrackPointExtension>
            <ns3:hr>131</ns3:hr>
            <ns3:cad>92</ns3:cad>
          </ns3:TrackPointExtension>
        </extensions>
      </trkpt>
      <trkpt lat="25.0786326639354228973388671875" lon="102.72082191891968250274658203125">
        <ele>1899.4000244140625</ele>
        <time>2026-10-04T22:57:03.000Z</time>
        <extensions>
          <ns3:TrackPointExtension>
            <ns3:hr>131</ns3:hr>
            <ns3:cad>93</ns3:cad>
          </ns3:TrackPointExtension>
        </extensions>
      </trkpt>
      <trkpt lat="25.0786113739013671875" lon="102.7207960188388824462890625">
        <ele>1899.4000244140625</ele>
        <time>2026-10-04T22:57:04.000Z</time>
        <extensions>
          <ns3:TrackPointExtension>
            <ns3:hr>131</ns3:hr>
            <ns3:cad>92</ns3:cad>
          </ns3:TrackPointExtension>
        </extensions>
      </trkpt>
      <trkpt lat="25.07858916185796260833740234375" lon="102.720774225890636444091796875">
        <ele>1899.4000244140625</ele>
        <time>2026-10-04T22:57:05.000Z</time>
        <extensions>
          <ns3:TrackPointExtension>
            <ns3:hr>131</ns3:hr>
            <ns3:cad>93</ns3:cad>
          </ns3:TrackPointExtension>
        </extensions>
      </trkpt>
      <trkpt lat="25.07856099866330623626708984375" lon="102.72075201384723186492919921875">
        <ele>1899.4000244140625</ele>
        <time>2026-10-04T22:57:06.000Z</time>
        <extensions>
          <ns3:TrackPointExtension>
            <ns3:hr>131</ns3:hr>
            <ns3:cad>92</ns3:cad>
          </ns3:TrackPointExtension>
        </extensions>
      </trkpt>
      <trkpt lat="25.078534595668315887451171875" lon="102.7207351662218570709228515625">
        <ele>1899.4000244140625</ele>
        <time>2026-10-04T22:57:07.000Z</time>
        <extensions>
          <ns3:TrackPointExtension>
            <ns3:hr>132</ns3:hr>
            <ns3:cad>93</ns3:cad>
          </ns3:TrackPointExtension>
        </extensions>
      </trkpt>
      <trkpt lat="25.07850836031138896942138671875" lon="102.720711864531040191650390625">
        <ele>1899.4000244140625</ele>
        <time>2026-10-04T22:57:08.000Z</time>
        <extensions>
          <ns3:TrackPointExtension>
            <ns3:hr>132</ns3:hr>
            <ns3:cad>93</ns3:cad>
          </ns3:TrackPointExtension>
        </extensions>
      </trkpt>
      <trkpt lat="25.07848036475479602813720703125" lon="102.7206929214298725128173828125">
        <ele>1899.4000244140625</ele>
        <time>2026-10-04T22:57:09.000Z</time>
        <extensions>
          <ns3:TrackPointExtension>
            <ns3:hr>132</ns3:hr>
            <ns3:cad>95</ns3:cad>
          </ns3:TrackPointExtension>
        </extensions>
      </trkpt>
      <trkpt lat="25.0784542970359325408935546875" lon="102.72068093530833721160888671875">
        <ele>1899.4000244140625</ele>
        <time>2026-10-04T22:57:10.000Z</time>
        <extensions>
          <ns3:TrackPointExtension>
            <ns3:hr>132</ns3:hr>
            <ns3:cad>95</ns3:cad>
          </ns3:TrackPointExtension>
        </extensions>
      </trkpt>
      <trkpt lat="25.0784351862967014312744140625" lon="102.7206593938171863555908203125">
        <ele>1899.4000244140625</ele>
        <time>2026-10-04T22:57:11.000Z</time>
        <extensions>
          <ns3:TrackPointExtension>
            <ns3:hr>132</ns3:hr>
            <ns3:cad>95</ns3:cad>
          </ns3:TrackPointExtension>
        </extensions>
      </trkpt>
      <trkpt lat="25.07841548882424831390380859375" lon="102.72064589895308017730712890625">
        <ele>1899.5999755859375</ele>
        <time>2026-10-04T22:57:12.000Z</time>
        <extensions>
          <ns3:TrackPointExtension>
            <ns3:hr>132</ns3:hr>
            <ns3:cad>94</ns3:cad>
          </ns3:TrackPointExtension>
        </extensions>
      </trkpt>
      <trkpt lat="25.07838715799152851104736328125" lon="102.72062796168029308319091796875">
        <ele>1899.5999755859375</ele>
        <time>2026-10-04T22:57:13.000Z</time>
        <extensions>
          <ns3:TrackPointExtension>
            <ns3:hr>132</ns3:hr>
            <ns3:cad>94</ns3:cad>
          </ns3:TrackPointExtension>
        </extensions>
      </trkpt>
      <trkpt lat="25.0783624313771724700927734375" lon="102.72061890922486782073974609375">
        <ele>1899.5999755859375</ele>
        <time>2026-10-04T22:57:14.000Z</time>
        <extensions>
          <ns3:TrackPointExtension>
            <ns3:hr>132</ns3:hr>
            <ns3:cad>94</ns3:cad>
          </ns3:TrackPointExtension>
        </extensions>
      </trkpt>
      <trkpt lat="25.07833971641957759857177734375" lon="102.72060348652303218841552734375">
        <ele>1899.5999755859375</ele>
        <time>2026-10-04T22:57:15.000Z</time>
        <extensions>
          <ns3:TrackPointExtension>
            <ns3:hr>132</ns3:hr>
            <ns3:cad>95</ns3:cad>
          </ns3:TrackPointExtension>
        </extensions>
      </trkpt>
      <trkpt lat="25.07831859402358531951904296875" lon="102.72058747708797454833984375">
        <ele>1899.5999755859375</ele>
        <time>2026-10-04T22:57:16.000Z</time>
        <extensions>
          <ns3:TrackPointExtension>
            <ns3:hr>132</ns3:hr>
            <ns3:cad>95</ns3:cad>
          </ns3:TrackPointExtension>
        </extensions>
      </trkpt>
      <trkpt lat="25.07829495705664157867431640625" lon="102.72056895308196544647216796875">
        <ele>1899.5999755859375</ele>
        <time>2026-10-04T22:57:17.000Z</time>
        <extensions>
          <ns3:TrackPointExtension>
            <ns3:hr>132</ns3:hr>
            <ns3:cad>94</ns3:cad>
          </ns3:TrackPointExtension>
        </extensions>
      </trkpt>
      <trkpt lat="25.0782719068229198455810546875" lon="102.7205494232475757598876953125">
        <ele>1899.5999755859375</ele>
        <time>2026-10-04T22:57:18.000Z</time>
        <extensions>
          <ns3:TrackPointExtension>
            <ns3:hr>132</ns3:hr>
            <ns3:cad>95</ns3:cad>
          </ns3:TrackPointExtension>
        </extensions>
      </trkpt>
      <trkpt lat="25.0782479345798492431640625" lon="102.7205283008515834808349609375">
        <ele>1899.5999755859375</ele>
        <time>2026-10-04T22:57:19.000Z</time>
        <extensions>
          <ns3:TrackPointExtension>
            <ns3:hr>132</ns3:hr>
            <ns3:cad>95</ns3:cad>
          </ns3:TrackPointExtension>
        </extensions>
      </trkpt>
      <trkpt lat="25.07822371087968349456787109375" lon="102.7205101959407329559326171875">
        <ele>1899.5999755859375</ele>
        <time>2026-10-04T22:57:20.000Z</time>
        <extensions>
          <ns3:TrackPointExtension>
            <ns3:hr>132</ns3:hr>
            <ns3:cad>95</ns3:cad>
          </ns3:TrackPointExtension>
        </extensions>
      </trkpt>
      <trkpt lat="25.078199990093708038330078125" lon="102.7204964496195316314697265625">
        <ele>1899.5999755859375</ele>
        <time>2026-10-04T22:57:21.000Z</time>
        <extensions>
          <ns3:TrackPointExtension>
            <ns3:hr>132</ns3:hr>
            <ns3:cad>94</ns3:cad>
          </ns3:TrackPointExtension>
        </extensions>
      </trkpt>
      <trkpt lat="25.07817425765097141265869140625" lon="102.72047541104257106781005859375">
        <ele>1899.5999755859375</ele>
        <time>2026-10-04T22:57:22.000Z</time>
        <extensions>
          <ns3:TrackPointExtension>
            <ns3:hr>132</ns3:hr>
            <ns3:cad>94</ns3:cad>
          </ns3:TrackPointExtension>
        </extensions>
      </trkpt>
      <trkpt lat="25.07814911194145679473876953125" lon="102.72045797668397426605224609375">
        <ele>1899.5999755859375</ele>
        <time>2026-10-04T22:57:23.000Z</time>
        <extensions>
          <ns3:TrackPointExtension>
            <ns3:hr>132</ns3:hr>
            <ns3:cad>94</ns3:cad>
          </ns3:TrackPointExtension>
        </extensions>
      </trkpt>
      <trkpt lat="25.078122876584529876708984375" lon="102.72043618373572826385498046875">
        <ele>1899.5999755859375</ele>
        <time>2026-10-04T22:57:24.000Z</time>
        <extensions>
          <ns3:TrackPointExtension>
            <ns3:hr>132</ns3:hr>
            <ns3:cad>94</ns3:cad>
          </ns3:TrackPointExtension>
        </extensions>
      </trkpt>
      <trkpt lat="25.078098066151142120361328125" lon="102.72041506133973598480224609375">
        <ele>1899.5999755859375</ele>
        <time>2026-10-04T22:57:25.000Z</time>
        <extensions>
          <ns3:TrackPointExtension>
            <ns3:hr>132</ns3:hr>
            <ns3:cad>94</ns3:cad>
          </ns3:TrackPointExtension>
        </extensions>
      </trkpt>
      <trkpt lat="25.0780761055648326873779296875" lon="102.72039159201085567474365234375">
        <ele>1899.5999755859375</ele>
        <time>2026-10-04T22:57:26.000Z</time>
        <extensions>
          <ns3:TrackPointExtension>
            <ns3:hr>132</ns3:hr>
            <ns3:cad>94</ns3:cad>
          </ns3:TrackPointExtension>
        </extensions>
      </trkpt>
      <trkpt lat="25.07804743945598602294921875" lon="102.72036627866327762603759765625">
        <ele>1899.5999755859375</ele>
        <time>2026-10-04T22:57:27.000Z</time>
        <extensions>
          <ns3:TrackPointExtension>
            <ns3:hr>132</ns3:hr>
            <ns3:cad>94</ns3:cad>
          </ns3:TrackPointExtension>
        </extensions>
      </trkpt>
      <trkpt lat="25.07802522741258144378662109375" lon="102.72035353817045688629150390625">
        <ele>1899.5999755859375</ele>
        <time>2026-10-04T22:57:28.000Z</time>
        <extensions>
          <ns3:TrackPointExtension>
            <ns3:hr>132</ns3:hr>
            <ns3:cad>94</ns3:cad>
          </ns3:TrackPointExtension>
        </extensions>
      </trkpt>
      <trkpt lat="25.0779953040182590484619140625" lon="102.720328979194164276123046875">
        <ele>1899.5999755859375</ele>
        <time>2026-10-04T22:57:29.000Z</time>
        <extensions>
          <ns3:TrackPointExtension>
            <ns3:hr>132</ns3:hr>
            <ns3:cad>94</ns3:cad>
          </ns3:TrackPointExtension>
        </extensions>
      </trkpt>
      <trkpt lat="25.07796831429004669189453125" lon="102.720309197902679443359375">
        <ele>1899.4000244140625</ele>
        <time>2026-10-04T22:57:30.000Z</time>
        <extensions>
          <ns3:TrackPointExtension>
            <ns3:hr>132</ns3:hr>
            <ns3:cad>94</ns3:cad>
          </ns3:TrackPointExtension>
        </extensions>
      </trkpt>
      <trkpt lat="25.0779393129050731658935546875" lon="102.720282040536403656005859375">
        <ele>1899.4000244140625</ele>
        <time>2026-10-04T22:57:31.000Z</time>
        <extensions>
          <ns3:TrackPointExtension>
            <ns3:hr>132</ns3:hr>
            <ns3:cad>94</ns3:cad>
          </ns3:TrackPointExtension>
        </extensions>
      </trkpt>
      <trkpt lat="25.07791223935782909393310546875" lon="102.72026066668331623077392578125">
        <ele>1899.4000244140625</ele>
        <time>2026-10-04T22:57:32.000Z</time>
        <extensions>
          <ns3:TrackPointExtension>
            <ns3:hr>131</ns3:hr>
            <ns3:cad>95</ns3:cad>
          </ns3:TrackPointExtension>
        </extensions>
      </trkpt>
      <trkpt lat="25.07788357324898242950439453125" lon="102.7202339284121990203857421875">
        <ele>1899.4000244140625</ele>
        <time>2026-10-04T22:57:33.000Z</time>
        <extensions>
          <ns3:TrackPointExtension>
            <ns3:hr>131</ns3:hr>
            <ns3:cad>95</ns3:cad>
          </ns3:TrackPointExtension>
        </extensions>
      </trkpt>
      <trkpt lat="25.07785163819789886474609375" lon="102.7202044241130352020263671875">
        <ele>1899.4000244140625</ele>
        <time>2026-10-04T22:57:34.000Z</time>
        <extensions>
          <ns3:TrackPointExtension>
            <ns3:hr>131</ns3:hr>
            <ns3:cad>95</ns3:cad>
          </ns3:TrackPointExtension>
        </extensions>
      </trkpt>
      <trkpt lat="25.0778256542980670928955078125" lon="102.7201802842319011688232421875">
        <ele>1899.4000244140625</ele>
        <time>2026-10-04T22:57:35.000Z</time>
        <extensions>
          <ns3:TrackPointExtension>
            <ns3:hr>131</ns3:hr>
            <ns3:cad>95</ns3:cad>
          </ns3:TrackPointExtension>
        </extensions>
      </trkpt>
      <trkpt lat="25.0777904503047466278076171875" lon="102.72015069611370563507080078125">
        <ele>1899.4000244140625</ele>
        <time>2026-10-04T22:57:36.000Z</time>
        <extensions>
          <ns3:TrackPointExtension>
            <ns3:hr>131</ns3:hr>
            <ns3:cad>94</ns3:cad>
          </ns3:TrackPointExtension>
        </extensions>
      </trkpt>
      <trkpt lat="25.07776488550007343292236328125" lon="102.720132172107696533203125">
        <ele>1899.4000244140625</ele>
        <time>2026-10-04T22:57:37.000Z</time>
        <extensions>
          <ns3:TrackPointExtension>
            <ns3:hr>132</ns3:hr>
            <ns3:cad>94</ns3:cad>
          </ns3:TrackPointExtension>
        </extensions>
      </trkpt>
      <trkpt lat="25.07773420773446559906005859375" lon="102.72010333836078643798828125">
        <ele>1899.4000244140625</ele>
        <time>2026-10-04T22:57:38.000Z</time>
        <extensions>
          <ns3:TrackPointExtension>
            <ns3:hr>131</ns3:hr>
            <ns3:cad>94</ns3:cad>
          </ns3:TrackPointExtension>
        </extensions>
      </trkpt>
      <trkpt lat="25.07770872674882411956787109375" lon="102.72008665837347507476806640625">
        <ele>1899.4000244140625</ele>
        <time>2026-10-04T22:57:39.000Z</time>
        <extensions>
          <ns3:TrackPointExtension>
            <ns3:hr>131</ns3:hr>
            <ns3:cad>92</ns3:cad>
          </ns3:TrackPointExtension>
        </extensions>
      </trkpt>
      <trkpt lat="25.07768559269607067108154296875" lon="102.72006654180586338043212890625">
        <ele>1899.4000244140625</ele>
        <time>2026-10-04T22:57:40.000Z</time>
        <extensions>
          <ns3:TrackPointExtension>
            <ns3:hr>132</ns3:hr>
            <ns3:cad>92</ns3:cad>
          </ns3:TrackPointExtension>
        </extensions>
      </trkpt>
      <trkpt lat="25.07765692658722400665283203125" lon="102.7200444974005222320556640625">
        <ele>1899.4000244140625</ele>
        <time>2026-10-04T22:57:41.000Z</time>
        <extensions>
          <ns3:TrackPointExtension>
            <ns3:hr>132</ns3:hr>
            <ns3:cad>93</ns3:cad>
          </ns3:TrackPointExtension>
        </extensions>
      </trkpt>
      <trkpt lat="25.07763513363897800445556640625" lon="102.7200294099748134613037109375">
        <ele>1899.4000244140625</ele>
        <time>2026-10-04T22:57:42.000Z</time>
        <extensions>
          <ns3:TrackPointExtension>
            <ns3:hr>132</ns3:hr>
            <ns3:cad>93</ns3:cad>
          </ns3:TrackPointExtension>
        </extensions>
      </trkpt>
      <trkpt lat="25.0776060484349727630615234375" lon="102.72000920958817005157470703125">
        <ele>1899.4000244140625</ele>
        <time>2026-10-04T22:57:43.000Z</time>
        <extensions>
          <ns3:TrackPointExtension>
            <ns3:hr>133</ns3:hr>
            <ns3:cad>94</ns3:cad>
          </ns3:TrackPointExtension>
        </extensions>
      </trkpt>
      <trkpt lat="25.07758207619190216064453125" lon="102.719996385276317596435546875">
        <ele>1899.4000244140625</ele>
        <time>2026-10-04T22:57:44.000Z</time>
        <extensions>
          <ns3:TrackPointExtension>
            <ns3:hr>133</ns3:hr>
            <ns3:cad>94</ns3:cad>
          </ns3:TrackPointExtension>
        </extensions>
      </trkpt>
      <trkpt lat="25.07755684666335582733154296875" lon="102.7199833095073699951171875">
        <ele>1899.5999755859375</ele>
        <time>2026-10-04T22:57:45.000Z</time>
        <extensions>
          <ns3:TrackPointExtension>
            <ns3:hr>133</ns3:hr>
            <ns3:cad>94</ns3:cad>
          </ns3:TrackPointExtension>
        </extensions>
      </trkpt>
      <trkpt lat="25.07753136567771434783935546875" lon="102.7199657075107097625732421875">
        <ele>1899.5999755859375</ele>
        <time>2026-10-04T22:57:46.000Z</time>
        <extensions>
          <ns3:TrackPointExtension>
            <ns3:hr>133</ns3:hr>
            <ns3:cad>96</ns3:cad>
          </ns3:TrackPointExtension>
        </extensions>
      </trkpt>
      <trkpt lat="25.0775145180523395538330078125" lon="102.71994777023792266845703125">
        <ele>1899.5999755859375</ele>
        <time>2026-10-04T22:57:47.000Z</time>
        <extensions>
          <ns3:TrackPointExtension>
            <ns3:hr>133</ns3:hr>
            <ns3:cad>96</ns3:cad>
          </ns3:TrackPointExtension>
        </extensions>
      </trkpt>
      <trkpt lat="25.07748627103865146636962890625" lon="102.71992539055645465850830078125">
        <ele>1899.5999755859375</ele>
        <time>2026-10-04T22:57:48.000Z</time>
        <extensions>
          <ns3:TrackPointExtension>
            <ns3:hr>134</ns3:hr>
            <ns3:cad>95</ns3:cad>
          </ns3:TrackPointExtension>
        </extensions>
      </trkpt>
      <trkpt lat="25.07746565155684947967529296875" lon="102.7199207805097103118896484375">
        <ele>1899.5999755859375</ele>
        <time>2026-10-04T22:57:49.000Z</time>
        <extensions>
          <ns3:TrackPointExtension>
            <ns3:hr>134</ns3:hr>
            <ns3:cad>94</ns3:cad>
          </ns3:TrackPointExtension>
        </extensions>
      </trkpt>
      <trkpt lat="25.0774350576102733612060546875" lon="102.71990527398884296417236328125">
        <ele>1899.5999755859375</ele>
        <time>2026-10-04T22:57:50.000Z</time>
        <extensions>
          <ns3:TrackPointExtension>
            <ns3:hr>134</ns3:hr>
            <ns3:cad>94</ns3:cad>
          </ns3:TrackPointExtension>
        </extensions>
      </trkpt>
      <trkpt lat="25.077407397329807281494140625" lon="102.71988700143992900848388671875">
        <ele>1899.5999755859375</ele>
        <time>2026-10-04T22:57:51.000Z</time>
        <extensions>
          <ns3:TrackPointExtension>
            <ns3:hr>135</ns3:hr>
            <ns3:cad>94</ns3:cad>
          </ns3:TrackPointExtension>
        </extensions>
      </trkpt>
      <trkpt lat="25.07738267071545124053955078125" lon="102.7198691479861736297607421875">
        <ele>1899.4000244140625</ele>
        <time>2026-10-04T22:57:52.000Z</time>
        <extensions>
          <ns3:TrackPointExtension>
            <ns3:hr>135</ns3:hr>
            <ns3:cad>94</ns3:cad>
          </ns3:TrackPointExtension>
        </extensions>
      </trkpt>
      <trkpt lat="25.07735920138657093048095703125" lon="102.7198466844856739044189453125">
        <ele>1899.4000244140625</ele>
        <time>2026-10-04T22:57:53.000Z</time>
        <extensions>
          <ns3:TrackPointExtension>
            <ns3:hr>135</ns3:hr>
            <ns3:cad>95</ns3:cad>
          </ns3:TrackPointExtension>
        </extensions>
      </trkpt>
      <trkpt lat="25.07733958773314952850341796875" lon="102.71982883103191852569580078125">
        <ele>1899.4000244140625</ele>
        <time>2026-10-04T22:57:54.000Z</time>
        <extensions>
          <ns3:TrackPointExtension>
            <ns3:hr>135</ns3:hr>
            <ns3:cad>95</ns3:cad>
          </ns3:TrackPointExtension>
        </extensions>
      </trkpt>
      <trkpt lat="25.07731192745268344879150390625" lon="102.7198062837123870849609375">
        <ele>1899.4000244140625</ele>
        <time>2026-10-04T22:57:55.000Z</time>
        <extensions>
          <ns3:TrackPointExtension>
            <ns3:hr>135</ns3:hr>
            <ns3:cad>95</ns3:cad>
          </ns3:TrackPointExtension>
        </extensions>
      </trkpt>
      <trkpt lat="25.07729046978056430816650390625" lon="102.71978725679218769073486328125">
        <ele>1899.4000244140625</ele>
        <time>2026-10-04T22:57:56.000Z</time>
        <extensions>
          <ns3:TrackPointExtension>
            <ns3:hr>135</ns3:hr>
            <ns3:cad>95</ns3:cad>
          </ns3:TrackPointExtension>
        </extensions>
      </trkpt>
      <trkpt lat="25.07726381532847881317138671875" lon="102.71976043470203876495361328125">
        <ele>1899.4000244140625</ele>
        <time>2026-10-04T22:57:57.000Z</time>
        <extensions>
          <ns3:TrackPointExtension>
            <ns3:hr>135</ns3:hr>
            <ns3:cad>95</ns3:cad>
          </ns3:TrackPointExtension>
        </extensions>
      </trkpt>
      <trkpt lat="25.07724017836153507232666015625" lon="102.71974124014377593994140625">
        <ele>1899.4000244140625</ele>
        <time>2026-10-04T22:57:58.000Z</time>
        <extensions>
          <ns3:TrackPointExtension>
            <ns3:hr>134</ns3:hr>
            <ns3:cad>93</ns3:cad>
          </ns3:TrackPointExtension>
        </extensions>
      </trkpt>
      <trkpt lat="25.07721754722297191619873046875" lon="102.719708718359470367431640625">
        <ele>1899.4000244140625</ele>
        <time>2026-10-04T22:57:59.000Z</time>
        <extensions>
          <ns3:TrackPointExtension>
            <ns3:hr>134</ns3:hr>
            <ns3:cad>93</ns3:cad>
          </ns3:TrackPointExtension>
        </extensions>
      </trkpt>
      <trkpt lat="25.07719038985669612884521484375" lon="102.71968382410705089569091796875">
        <ele>1899.4000244140625</ele>
        <time>2026-10-04T22:58:00.000Z</time>
        <extensions>
          <ns3:TrackPointExtension>
            <ns3:hr>134</ns3:hr>
            <ns3:cad>93</ns3:cad>
          </ns3:TrackPointExtension>
        </extensions>
      </trkpt>
      <trkpt lat="25.07716624997556209564208984375" lon="102.71966345608234405517578125">
        <ele>1899.4000244140625</ele>
        <time>2026-10-04T22:58:01.000Z</time>
        <extensions>
          <ns3:TrackPointExtension>
            <ns3:hr>134</ns3:hr>
            <ns3:cad>95</ns3:cad>
          </ns3:TrackPointExtension>
        </extensions>
      </trkpt>
      <trkpt lat="25.07713272236287593841552734375" lon="102.71964375860989093780517578125">
        <ele>1899.4000244140625</ele>
        <time>2026-10-04T22:58:02.000Z</time>
        <extensions>
          <ns3:TrackPointExtension>
            <ns3:hr>134</ns3:hr>
            <ns3:cad>95</ns3:cad>
          </ns3:TrackPointExtension>
        </extensions>
      </trkpt>
      <trkpt lat="25.077106654644012451171875" lon="102.719628252089023590087890625">
        <ele>1899.4000244140625</ele>
        <time>2026-10-04T22:58:03.000Z</time>
        <extensions>
          <ns3:TrackPointExtension>
            <ns3:hr>134</ns3:hr>
            <ns3:cad>95</ns3:cad>
          </ns3:TrackPointExtension>
        </extensions>
      </trkpt>
      <trkpt lat="25.0770763121545314788818359375" lon="102.7195969037711620330810546875">
        <ele>1899.199951171875</ele>
        <time>2026-10-04T22:58:04.000Z</time>
        <extensions>
          <ns3:TrackPointExtension>
            <ns3:hr>133</ns3:hr>
            <ns3:cad>95</ns3:cad>
          </ns3:TrackPointExtension>
        </extensions>
      </trkpt>
      <trkpt lat="25.077051334083080291748046875" lon="102.71957519464194774627685546875">
        <ele>1899.199951171875</ele>
        <time>2026-10-04T22:58:05.000Z</time>
        <extensions>
          <ns3:TrackPointExtension>
            <ns3:hr>134</ns3:hr>
            <ns3:cad>95</ns3:cad>
          </ns3:TrackPointExtension>
        </extensions>
      </trkpt>
      <trkpt lat="25.07702442817389965057373046875" lon="102.71954954601824283599853515625">
        <ele>1899.199951171875</ele>
        <time>2026-10-04T22:58:06.000Z</time>
        <extensions>
          <ns3:TrackPointExtension>
            <ns3:hr>134</ns3:hr>
            <ns3:cad>95</ns3:cad>
          </ns3:TrackPointExtension>
        </extensions>
      </trkpt>
      <trkpt lat="25.076995007693767547607421875" lon="102.7195241488516330718994140625">
        <ele>1899.199951171875</ele>
        <time>2026-10-04T22:58:07.000Z</time>
        <extensions>
          <ns3:TrackPointExtension>
            <ns3:hr>133</ns3:hr>
            <ns3:cad>95</ns3:cad>
          </ns3:TrackPointExtension>
        </extensions>
      </trkpt>
      <trkpt lat="25.07697044871747493743896484375" lon="102.71950562484562397003173828125">
        <ele>1899.4000244140625</ele>
        <time>2026-10-04T22:58:08.000Z</time>
        <extensions>
          <ns3:TrackPointExtension>
            <ns3:hr>134</ns3:hr>
            <ns3:cad>95</ns3:cad>
          </ns3:TrackPointExtension>
        </extensions>
      </trkpt>
      <trkpt lat="25.07693977095186710357666015625" lon="102.7194798924028873443603515625">
        <ele>1899.4000244140625</ele>
        <time>2026-10-04T22:58:09.000Z</time>
        <extensions>
          <ns3:TrackPointExtension>
            <ns3:hr>134</ns3:hr>
            <ns3:cad>95</ns3:cad>
          </ns3:TrackPointExtension>
        </extensions>
      </trkpt>
      <trkpt lat="25.0769123621284961700439453125" lon="102.71946002729237079620361328125">
        <ele>1899.4000244140625</ele>
        <time>2026-10-04T22:58:10.000Z</time>
        <extensions>
          <ns3:TrackPointExtension>
            <ns3:hr>134</ns3:hr>
            <ns3:cad>95</ns3:cad>
          </ns3:TrackPointExtension>
        </extensions>
      </trkpt>
      <trkpt lat="25.07688847370445728302001953125" lon="102.7194316126406192779541015625">
        <ele>1899.4000244140625</ele>
        <time>2026-10-04T22:58:11.000Z</time>
        <extensions>
          <ns3:TrackPointExtension>
            <ns3:hr>134</ns3:hr>
            <ns3:cad>95</ns3:cad>
          </ns3:TrackPointExtension>
        </extensions>
      </trkpt>
      <trkpt lat="25.076859891414642333984375" lon="102.7194094844162464141845703125">
        <ele>1899.4000244140625</ele>
        <time>2026-10-04T22:58:12.000Z</time>
        <extensions>
          <ns3:TrackPointExtension>
            <ns3:hr>134</ns3:hr>
            <ns3:cad>94</ns3:cad>
          </ns3:TrackPointExtension>
        </extensions>
      </trkpt>
      <trkpt lat="25.07683415897190570831298828125" lon="102.7193893678486347198486328125">
        <ele>1899.4000244140625</ele>
        <time>2026-10-04T22:58:13.000Z</time>
        <extensions>
          <ns3:TrackPointExtension>
            <ns3:hr>135</ns3:hr>
            <ns3:cad>93</ns3:cad>
          </ns3:TrackPointExtension>
        </extensions>
      </trkpt>
      <trkpt lat="25.076806247234344482421875" lon="102.71936883218586444854736328125">
        <ele>1899.4000244140625</ele>
        <time>2026-10-04T22:58:14.000Z</time>
        <extensions>
          <ns3:TrackPointExtension>
            <ns3:hr>136</ns3:hr>
            <ns3:cad>94</ns3:cad>
          </ns3:TrackPointExtension>
        </extensions>
      </trkpt>
      <trkpt lat="25.07678252644836902618408203125" lon="102.7193528227508068084716796875">
        <ele>1899.4000244140625</ele>
        <time>2026-10-04T22:58:15.000Z</time>
        <extensions>
          <ns3:TrackPointExtension>
            <ns3:hr>136</ns3:hr>
            <ns3:cad>95</ns3:cad>
          </ns3:TrackPointExtension>
        </extensions>
      </trkpt>
      <trkpt lat="25.0767547823488712310791015625" lon="102.71932859905064105987548828125">
        <ele>1899.199951171875</ele>
        <time>2026-10-04T22:58:16.000Z</time>
        <extensions>
          <ns3:TrackPointExtension>
            <ns3:hr>136</ns3:hr>
            <ns3:cad>95</ns3:cad>
          </ns3:TrackPointExtension>
        </extensions>
      </trkpt>
      <trkpt lat="25.07672913372516632080078125" lon="102.7193089015781879425048828125">
        <ele>1899.199951171875</ele>
        <time>2026-10-04T22:58:17.000Z</time>
        <extensions>
          <ns3:TrackPointExtension>
            <ns3:hr>137</ns3:hr>
            <ns3:cad>95</ns3:cad>
          </ns3:TrackPointExtension>
        </extensions>
      </trkpt>
      <trkpt lat="25.07670641876757144927978515625" lon="102.719282917678356170654296875">
        <ele>1899.199951171875</ele>
        <time>2026-10-04T22:58:18.000Z</time>
        <extensions>
          <ns3:TrackPointExtension>
            <ns3:hr>137</ns3:hr>
            <ns3:cad>95</ns3:cad>
          </ns3:TrackPointExtension>
        </extensions>
      </trkpt>
      <trkpt lat="25.07668160833418369293212890625" lon="102.7192562632262706756591796875">
        <ele>1899.199951171875</ele>
        <time>2026-10-04T22:58:19.000Z</time>
        <extensions>
          <ns3:TrackPointExtension>
            <ns3:hr>137</ns3:hr>
            <ns3:cad>95</ns3:cad>
          </ns3:TrackPointExtension>
        </extensions>
      </trkpt>
      <trkpt lat="25.07666610181331634521484375" lon="102.7192297764122486114501953125">
        <ele>1899</ele>
        <time>2026-10-04T22:58:20.000Z</time>
        <extensions>
          <ns3:TrackPointExtension>
            <ns3:hr>137</ns3:hr>
            <ns3:cad>95</ns3:cad>
          </ns3:TrackPointExtension>
        </extensions>
      </trkpt>
      <trkpt lat="25.07665579207241535186767578125" lon="102.71918728016316890716552734375">
        <ele>1899</ele>
        <time>2026-10-04T22:58:21.000Z</time>
        <extensions>
          <ns3:TrackPointExtension>
            <ns3:hr>137</ns3:hr>
            <ns3:cad>96</ns3:cad>
          </ns3:TrackPointExtension>
        </extensions>
      </trkpt>
      <trkpt lat="25.0766412913799285888671875" lon="102.7191586978733539581298828125">
        <ele>1899</ele>
        <time>2026-10-04T22:58:22.000Z</time>
        <extensions>
          <ns3:TrackPointExtension>
            <ns3:hr>137</ns3:hr>
            <ns3:cad>96</ns3:cad>
          </ns3:TrackPointExtension>
        </extensions>
      </trkpt>
      <trkpt lat="25.0766327418386936187744140625" lon="102.7191238291561603546142578125">
        <ele>1899</ele>
        <time>2026-10-04T22:58:23.000Z</time>
        <extensions>
          <ns3:TrackPointExtension>
            <ns3:hr>137</ns3:hr>
            <ns3:cad>96</ns3:cad>
          </ns3:TrackPointExtension>
        </extensions>
      </trkpt>
      <trkpt lat="25.07662829943001270294189453125" lon="102.7190874516963958740234375">
        <ele>1899</ele>
        <time>2026-10-04T22:58:24.000Z</time>
        <extensions>
          <ns3:TrackPointExtension>
            <ns3:hr>136</ns3:hr>
            <ns3:cad>96</ns3:cad>
          </ns3:TrackPointExtension>
        </extensions>
      </trkpt>
      <trkpt lat="25.07663148455321788787841796875" lon="102.7190561033785343170166015625">
        <ele>1899</ele>
        <time>2026-10-04T22:58:25.000Z</time>
        <extensions>
          <ns3:TrackPointExtension>
            <ns3:hr>136</ns3:hr>
            <ns3:cad>95</ns3:cad>
          </ns3:TrackPointExtension>
        </extensions>
      </trkpt>
      <trkpt lat="25.07663701660931110382080078125" lon="102.7190172113478183746337890625">
        <ele>1899.199951171875</ele>
        <time>2026-10-04T22:58:26.000Z</time>
        <extensions>
          <ns3:TrackPointExtension>
            <ns3:hr>136</ns3:hr>
            <ns3:cad>95</ns3:cad>
          </ns3:TrackPointExtension>
        </extensions>
      </trkpt>
      <trkpt lat="25.0766439735889434814453125" lon="102.71898963488638401031494140625">
        <ele>1899.199951171875</ele>
        <time>2026-10-04T22:58:27.000Z</time>
        <extensions>
          <ns3:TrackPointExtension>
            <ns3:hr>136</ns3:hr>
            <ns3:cad>95</ns3:cad>
          </ns3:TrackPointExtension>
        </extensions>
      </trkpt>
      <trkpt lat="25.0766575522720813751220703125" lon="102.71895023994147777557373046875">
        <ele>1899.199951171875</ele>
        <time>2026-10-04T22:58:28.000Z</time>
        <extensions>
          <ns3:TrackPointExtension>
            <ns3:hr>135</ns3:hr>
            <ns3:cad>95</ns3:cad>
          </ns3:TrackPointExtension>
        </extensions>
      </trkpt>
      <trkpt lat="25.07667414844036102294921875" lon="102.7189179696142673492431640625">
        <ele>1899.199951171875</ele>
        <time>2026-10-04T22:58:29.000Z</time>
        <extensions>
          <ns3:TrackPointExtension>
            <ns3:hr>136</ns3:hr>
            <ns3:cad>95</ns3:cad>
          </ns3:TrackPointExtension>
        </extensions>
      </trkpt>
      <trkpt lat="25.0766843743622303009033203125" lon="102.71888335235416889190673828125">
        <ele>1899.199951171875</ele>
        <time>2026-10-04T22:58:30.000Z</time>
        <extensions>
          <ns3:TrackPointExtension>
            <ns3:hr>135</ns3:hr>
            <ns3:cad>95</ns3:cad>
          </ns3:TrackPointExtension>
        </extensions>
      </trkpt>
      <trkpt lat="25.076697282493114471435546875" lon="102.71885150112211704254150390625">
        <ele>1899.199951171875</ele>
        <time>2026-10-04T22:58:31.000Z</time>
        <extensions>
          <ns3:TrackPointExtension>
            <ns3:hr>135</ns3:hr>
            <ns3:cad>95</ns3:cad>
          </ns3:TrackPointExtension>
        </extensions>
      </trkpt>
      <trkpt lat="25.0767065025866031646728515625" lon="102.718823589384555816650390625">
        <ele>1899.199951171875</ele>
        <time>2026-10-04T22:58:32.000Z</time>
        <extensions>
          <ns3:TrackPointExtension>
            <ns3:hr>135</ns3:hr>
            <ns3:cad>95</ns3:cad>
          </ns3:TrackPointExtension>
        </extensions>
      </trkpt>
      <trkpt lat="25.0767329894006252288818359375" lon="102.71879115141928195953369140625">
        <ele>1899.4000244140625</ele>
        <time>2026-10-04T22:58:33.000Z</time>
        <extensions>
          <ns3:TrackPointExtension>
            <ns3:hr>135</ns3:hr>
            <ns3:cad>95</ns3:cad>
          </ns3:TrackPointExtension>
        </extensions>
      </trkpt>
      <trkpt lat="25.07674497552216053009033203125" lon="102.71876902319490909576416015625">
        <ele>1899.5999755859375</ele>
        <time>2026-10-04T22:58:34.000Z</time>
        <extensions>
          <ns3:TrackPointExtension>
            <ns3:hr>135</ns3:hr>
            <ns3:cad>95</ns3:cad>
          </ns3:TrackPointExtension>
        </extensions>
      </trkpt>
      <trkpt lat="25.07676308043301105499267578125" lon="102.718738429248332977294921875">
        <ele>1899.5999755859375</ele>
        <time>2026-10-04T22:58:35.000Z</time>
        <extensions>
          <ns3:TrackPointExtension>
            <ns3:hr>135</ns3:hr>
            <ns3:cad>94</ns3:cad>
          </ns3:TrackPointExtension>
        </extensions>
      </trkpt>
      <trkpt lat="25.07677397690713405609130859375" lon="102.718714959919452667236328125">
        <ele>1899.5999755859375</ele>
        <time>2026-10-04T22:58:36.000Z</time>
        <extensions>
          <ns3:TrackPointExtension>
            <ns3:hr>135</ns3:hr>
            <ns3:cad>94</ns3:cad>
          </ns3:TrackPointExtension>
        </extensions>
      </trkpt>
      <trkpt lat="25.07678621448576450347900390625" lon="102.71869341842830181121826171875">
        <ele>1899.5999755859375</ele>
        <time>2026-10-04T22:58:37.000Z</time>
        <extensions>
          <ns3:TrackPointExtension>
            <ns3:hr>135</ns3:hr>
            <ns3:cad>95</ns3:cad>
          </ns3:TrackPointExtension>
        </extensions>
      </trkpt>
      <trkpt lat="25.07681203074753284454345703125" lon="102.71866944618523120880126953125">
        <ele>1899.5999755859375</ele>
        <time>2026-10-04T22:58:38.000Z</time>
        <extensions>
          <ns3:TrackPointExtension>
            <ns3:hr>136</ns3:hr>
            <ns3:cad>95</ns3:cad>
          </ns3:TrackPointExtension>
        </extensions>
      </trkpt>
      <trkpt lat="25.07682627998292446136474609375" lon="102.7186500839889049530029296875">
        <ele>1899.5999755859375</ele>
        <time>2026-10-04T22:58:39.000Z</time>
        <extensions>
          <ns3:TrackPointExtension>
            <ns3:hr>135</ns3:hr>
            <ns3:cad>95</ns3:cad>
          </ns3:TrackPointExtension>
        </extensions>
      </trkpt>
      <trkpt lat="25.0768526829779148101806640625" lon="102.71862368099391460418701171875">
        <ele>1899.5999755859375</ele>
        <time>2026-10-04T22:58:40.000Z</time>
        <extensions>
          <ns3:TrackPointExtension>
            <ns3:hr>135</ns3:hr>
            <ns3:cad>95</ns3:cad>
          </ns3:TrackPointExtension>
        </extensions>
      </trkpt>
      <trkpt lat="25.076858885586261749267578125" lon="102.71860373206436634063720703125">
        <ele>1899.800048828125</ele>
        <time>2026-10-04T22:58:41.000Z</time>
        <extensions>
          <ns3:TrackPointExtension>
            <ns3:hr>135</ns3:hr>
            <ns3:cad>95</ns3:cad>
          </ns3:TrackPointExtension>
        </extensions>
      </trkpt>
      <trkpt lat="25.076874308288097381591796875" lon="102.71857288666069507598876953125">
        <ele>1899.800048828125</ele>
        <time>2026-10-04T22:58:42.000Z</time>
        <extensions>
          <ns3:TrackPointExtension>
            <ns3:hr>136</ns3:hr>
            <ns3:cad>95</ns3:cad>
          </ns3:TrackPointExtension>
        </extensions>
      </trkpt>
      <trkpt lat="25.0768872164189815521240234375" lon="102.7185404486954212188720703125">
        <ele>1899.800048828125</ele>
        <time>2026-10-04T22:58:43.000Z</time>
        <extensions>
          <ns3:TrackPointExtension>
            <ns3:hr>135</ns3:hr>
            <ns3:cad>95</ns3:cad>
          </ns3:TrackPointExtension>
        </extensions>
      </trkpt>
      <trkpt lat="25.07690213620662689208984375" lon="102.7185054123401641845703125">
        <ele>1899.5999755859375</ele>
        <time>2026-10-04T22:58:44.000Z</time>
        <extensions>
          <ns3:TrackPointExtension>
            <ns3:hr>135</ns3:hr>
            <ns3:cad>95</ns3:cad>
          </ns3:TrackPointExtension>
        </extensions>
      </trkpt>
      <trkpt lat="25.0769167207181453704833984375" lon="102.718469202518463134765625">
        <ele>1899.5999755859375</ele>
        <time>2026-10-04T22:58:45.000Z</time>
        <extensions>
          <ns3:TrackPointExtension>
            <ns3:hr>136</ns3:hr>
            <ns3:cad>95</ns3:cad>
          </ns3:TrackPointExtension>
        </extensions>
      </trkpt>
      <trkpt lat="25.07692384533584117889404296875" lon="102.71843609400093555450439453125">
        <ele>1899.5999755859375</ele>
        <time>2026-10-04T22:58:46.000Z</time>
        <extensions>
          <ns3:TrackPointExtension>
            <ns3:hr>135</ns3:hr>
            <ns3:cad>95</ns3:cad>
          </ns3:TrackPointExtension>
        </extensions>
      </trkpt>
      <trkpt lat="25.07694127969443798065185546875" lon="102.718402482569217681884765625">
        <ele>1899.5999755859375</ele>
        <time>2026-10-04T22:58:47.000Z</time>
        <extensions>
          <ns3:TrackPointExtension>
            <ns3:hr>135</ns3:hr>
            <ns3:cad>95</ns3:cad>
          </ns3:TrackPointExtension>
        </extensions>
      </trkpt>
      <trkpt lat="25.0769525952637195587158203125" lon="102.7183707989752292633056640625">
        <ele>1899.5999755859375</ele>
        <time>2026-10-04T22:58:48.000Z</time>
        <extensions>
          <ns3:TrackPointExtension>
            <ns3:hr>135</ns3:hr>
            <ns3:cad>95</ns3:cad>
          </ns3:TrackPointExtension>
        </extensions>
      </trkpt>
      <trkpt lat="25.076971538364887237548828125" lon="102.71833802573382854461669921875">
        <ele>1899.5999755859375</ele>
        <time>2026-10-04T22:58:49.000Z</time>
        <extensions>
          <ns3:TrackPointExtension>
            <ns3:hr>136</ns3:hr>
            <ns3:cad>95</ns3:cad>
          </ns3:TrackPointExtension>
        </extensions>
      </trkpt>
      <trkpt lat="25.07698687724769115447998046875" lon="102.718306593596935272216796875">
        <ele>1899.5999755859375</ele>
        <time>2026-10-04T22:58:50.000Z</time>
        <extensions>
          <ns3:TrackPointExtension>
            <ns3:hr>136</ns3:hr>
            <ns3:cad>95</ns3:cad>
          </ns3:TrackPointExtension>
        </extensions>
      </trkpt>
      <trkpt lat="25.0770007073879241943359375" lon="102.71827633492648601531982421875">
        <ele>1899.5999755859375</ele>
        <time>2026-10-04T22:58:51.000Z</time>
        <extensions>
          <ns3:TrackPointExtension>
            <ns3:hr>136</ns3:hr>
            <ns3:cad>95</ns3:cad>
          </ns3:TrackPointExtension>
        </extensions>
      </trkpt>
      <trkpt lat="25.07701789028942584991455078125" lon="102.718247584998607635498046875">
        <ele>1899.4000244140625</ele>
        <time>2026-10-04T22:58:52.000Z</time>
        <extensions>
          <ns3:TrackPointExtension>
            <ns3:hr>136</ns3:hr>
            <ns3:cad>95</ns3:cad>
          </ns3:TrackPointExtension>
        </extensions>
      </trkpt>
      <trkpt lat="25.07702895440161228179931640625" lon="102.7182185836136341094970703125">
        <ele>1899.4000244140625</ele>
        <time>2026-10-04T22:58:53.000Z</time>
        <extensions>
          <ns3:TrackPointExtension>
            <ns3:hr>136</ns3:hr>
            <ns3:cad>95</ns3:cad>
          </ns3:TrackPointExtension>
        </extensions>
      </trkpt>
      <trkpt lat="25.0770481489598751068115234375" lon="102.718187905848026275634765625">
        <ele>1899.4000244140625</ele>
        <time>2026-10-04T22:58:54.000Z</time>
        <extensions>
          <ns3:TrackPointExtension>
            <ns3:hr>136</ns3:hr>
            <ns3:cad>95</ns3:cad>
          </ns3:TrackPointExtension>
        </extensions>
      </trkpt>
      <trkpt lat="25.07706231437623500823974609375" lon="102.71816653199493885040283203125">
        <ele>1899.4000244140625</ele>
        <time>2026-10-04T22:58:55.000Z</time>
        <extensions>
          <ns3:TrackPointExtension>
            <ns3:hr>136</ns3:hr>
            <ns3:cad>95</ns3:cad>
          </ns3:TrackPointExtension>
        </extensions>
      </trkpt>
      <trkpt lat="25.0770771503448486328125" lon="102.71814004518091678619384765625">
        <ele>1899.5999755859375</ele>
        <time>2026-10-04T22:58:56.000Z</time>
        <extensions>
          <ns3:TrackPointExtension>
            <ns3:hr>136</ns3:hr>
            <ns3:cad>95</ns3:cad>
          </ns3:TrackPointExtension>
        </extensions>
      </trkpt>
      <trkpt lat="25.0770950876176357269287109375" lon="102.718112468719482421875">
        <ele>1899.5999755859375</ele>
        <time>2026-10-04T22:58:57.000Z</time>
        <extensions>
          <ns3:TrackPointExtension>
            <ns3:hr>136</ns3:hr>
            <ns3:cad>95</ns3:cad>
          </ns3:TrackPointExtension>
        </extensions>
      </trkpt>
      <trkpt lat="25.07711134850978851318359375" lon="102.71809302270412445068359375">
        <ele>1899.5999755859375</ele>
        <time>2026-10-04T22:58:58.000Z</time>
        <extensions>
          <ns3:TrackPointExtension>
            <ns3:hr>135</ns3:hr>
            <ns3:cad>95</ns3:cad>
          </ns3:TrackPointExtension>
        </extensions>
      </trkpt>
      <trkpt lat="25.07713238708674907684326171875" lon="102.71807014010846614837646484375">
        <ele>1899.4000244140625</ele>
        <time>2026-10-04T22:58:59.000Z</time>
        <extensions>
          <ns3:TrackPointExtension>
            <ns3:hr>136</ns3:hr>
            <ns3:cad>95</ns3:cad>
          </ns3:TrackPointExtension>
        </extensions>
      </trkpt>
      <trkpt lat="25.077150575816631317138671875" lon="102.718045413494110107421875">
        <ele>1899.4000244140625</ele>
        <time>2026-10-04T22:59:00.000Z</time>
        <extensions>
          <ns3:TrackPointExtension>
            <ns3:hr>136</ns3:hr>
            <ns3:cad>95</ns3:cad>
          </ns3:TrackPointExtension>
        </extensions>
      </trkpt>
      <trkpt lat="25.0771685130894184112548828125" lon="102.71802152507007122039794921875">
        <ele>1899.4000244140625</ele>
        <time>2026-10-04T22:59:01.000Z</time>
        <extensions>
          <ns3:TrackPointExtension>
            <ns3:hr>135</ns3:hr>
            <ns3:cad>95</ns3:cad>
          </ns3:TrackPointExtension>
        </extensions>
      </trkpt>
      <trkpt lat="25.077189467847347259521484375" lon="102.7179942838847637176513671875">
        <ele>1899.4000244140625</ele>
        <time>2026-10-04T22:59:02.000Z</time>
        <extensions>
          <ns3:TrackPointExtension>
            <ns3:hr>135</ns3:hr>
            <ns3:cad>95</ns3:cad>
          </ns3:TrackPointExtension>
        </extensions>
      </trkpt>
      <trkpt lat="25.0772060640156269073486328125" lon="102.7179721556603908538818359375">
        <ele>1899.4000244140625</ele>
        <time>2026-10-04T22:59:03.000Z</time>
        <extensions>
          <ns3:TrackPointExtension>
            <ns3:hr>135</ns3:hr>
            <ns3:cad>95</ns3:cad>
          </ns3:TrackPointExtension>
        </extensions>
      </trkpt>
      <trkpt lat="25.07722534239292144775390625" lon="102.7179460041224956512451171875">
        <ele>1899.5999755859375</ele>
        <time>2026-10-04T22:59:04.000Z</time>
        <extensions>
          <ns3:TrackPointExtension>
            <ns3:hr>135</ns3:hr>
            <ns3:cad>95</ns3:cad>
          </ns3:TrackPointExtension>
        </extensions>
      </trkpt>
      <trkpt lat="25.0772432796657085418701171875" lon="102.71792194806039333343505859375">
        <ele>1899.5999755859375</ele>
        <time>2026-10-04T22:59:05.000Z</time>
        <extensions>
          <ns3:TrackPointExtension>
            <ns3:hr>135</ns3:hr>
            <ns3:cad>95</ns3:cad>
          </ns3:TrackPointExtension>
        </extensions>
      </trkpt>
      <trkpt lat="25.07725912146270275115966796875" lon="102.7178960479795932769775390625">
        <ele>1899.5999755859375</ele>
        <time>2026-10-04T22:59:06.000Z</time>
        <extensions>
          <ns3:TrackPointExtension>
            <ns3:hr>135</ns3:hr>
            <ns3:cad>95</ns3:cad>
          </ns3:TrackPointExtension>
        </extensions>
      </trkpt>
      <trkpt lat="25.07727772928774356842041015625" lon="102.71786880679428577423095703125">
        <ele>1899.5999755859375</ele>
        <time>2026-10-04T22:59:07.000Z</time>
        <extensions>
          <ns3:TrackPointExtension>
            <ns3:hr>135</ns3:hr>
            <ns3:cad>95</ns3:cad>
          </ns3:TrackPointExtension>
        </extensions>
      </trkpt>
      <trkpt lat="25.077292062342166900634765625" lon="102.717846594750881195068359375">
        <ele>1899.5999755859375</ele>
        <time>2026-10-04T22:59:08.000Z</time>
        <extensions>
          <ns3:TrackPointExtension>
            <ns3:hr>135</ns3:hr>
            <ns3:cad>95</ns3:cad>
          </ns3:TrackPointExtension>
        </extensions>
      </trkpt>
      <trkpt lat="25.0773066468536853790283203125" lon="102.71782438270747661590576171875">
        <ele>1899.5999755859375</ele>
        <time>2026-10-04T22:59:09.000Z</time>
        <extensions>
          <ns3:TrackPointExtension>
            <ns3:hr>135</ns3:hr>
            <ns3:cad>95</ns3:cad>
          </ns3:TrackPointExtension>
        </extensions>
      </trkpt>
      <trkpt lat="25.07731930352747440338134765625" lon="102.7178048528730869293212890625">
        <ele>1899.5999755859375</ele>
        <time>2026-10-04T22:59:10.000Z</time>
        <extensions>
          <ns3:TrackPointExtension>
            <ns3:hr>135</ns3:hr>
            <ns3:cad>96</ns3:cad>
          </ns3:TrackPointExtension>
        </extensions>
      </trkpt>
      <trkpt lat="25.07734176702797412872314453125" lon="102.717774175107479095458984375">
        <ele>1899.5999755859375</ele>
        <time>2026-10-04T22:59:11.000Z</time>
        <extensions>
          <ns3:TrackPointExtension>
            <ns3:hr>135</ns3:hr>
            <ns3:cad>96</ns3:cad>
          </ns3:TrackPointExtension>
        </extensions>
      </trkpt>
      <trkpt lat="25.07735970430076122283935546875" lon="102.71774140186607837677001953125">
        <ele>1899.4000244140625</ele>
        <time>2026-10-04T22:59:12.000Z</time>
        <extensions>
          <ns3:TrackPointExtension>
            <ns3:hr>135</ns3:hr>
            <ns3:cad>96</ns3:cad>
          </ns3:TrackPointExtension>
        </extensions>
      </trkpt>
      <trkpt lat="25.07738116197288036346435546875" lon="102.71770812571048736572265625">
        <ele>1899.4000244140625</ele>
        <time>2026-10-04T22:59:13.000Z</time>
        <extensions>
          <ns3:TrackPointExtension>
            <ns3:hr>135</ns3:hr>
            <ns3:cad>96</ns3:cad>
          </ns3:TrackPointExtension>
        </extensions>
      </trkpt>
      <trkpt lat="25.07740614004433155059814453125" lon="102.71767434664070606231689453125">
        <ele>1899.4000244140625</ele>
        <time>2026-10-04T22:59:14.000Z</time>
        <extensions>
          <ns3:TrackPointExtension>
            <ns3:hr>135</ns3:hr>
            <ns3:cad>96</ns3:cad>
          </ns3:TrackPointExtension>
        </extensions>
      </trkpt>
      <trkpt lat="25.0774296931922435760498046875" lon="102.71764517761766910552978515625">
        <ele>1899.4000244140625</ele>
        <time>2026-10-04T22:59:15.000Z</time>
        <extensions>
          <ns3:TrackPointExtension>
            <ns3:hr>135</ns3:hr>
            <ns3:cad>96</ns3:cad>
          </ns3:TrackPointExtension>
        </extensions>
      </trkpt>
      <trkpt lat="25.0774545036256313323974609375" lon="102.71760997362434864044189453125">
        <ele>1899.4000244140625</ele>
        <time>2026-10-04T22:59:16.000Z</time>
        <extensions>
          <ns3:TrackPointExtension>
            <ns3:hr>135</ns3:hr>
            <ns3:cad>96</ns3:cad>
          </ns3:TrackPointExtension>
        </extensions>
      </trkpt>
      <trkpt lat="25.07747453637421131134033203125" lon="102.717582397162914276123046875">
        <ele>1899.4000244140625</ele>
        <time>2026-10-04T22:59:17.000Z</time>
        <extensions>
          <ns3:TrackPointExtension>
            <ns3:hr>135</ns3:hr>
            <ns3:cad>95</ns3:cad>
          </ns3:TrackPointExtension>
        </extensions>
      </trkpt>
      <trkpt lat="25.07750102318823337554931640625" lon="102.717551551759243011474609375">
        <ele>1899.4000244140625</ele>
        <time>2026-10-04T22:59:18.000Z</time>
        <extensions>
          <ns3:TrackPointExtension>
            <ns3:hr>135</ns3:hr>
            <ns3:cad>95</ns3:cad>
          </ns3:TrackPointExtension>
        </extensions>
      </trkpt>
      <trkpt lat="25.07752097211778163909912109375" lon="102.7175215445458889007568359375">
        <ele>1899.4000244140625</ele>
        <time>2026-10-04T22:59:19.000Z</time>
        <extensions>
          <ns3:TrackPointExtension>
            <ns3:hr>135</ns3:hr>
            <ns3:cad>95</ns3:cad>
          </ns3:TrackPointExtension>
        </extensions>
      </trkpt>
      <trkpt lat="25.0775450281798839569091796875" lon="102.717492878437042236328125">
        <ele>1899.4000244140625</ele>
        <time>2026-10-04T22:59:20.000Z</time>
        <extensions>
          <ns3:TrackPointExtension>
            <ns3:hr>135</ns3:hr>
            <ns3:cad>95</ns3:cad>
          </ns3:TrackPointExtension>
        </extensions>
      </trkpt>
      <trkpt lat="25.07756807841360569000244140625" lon="102.717465721070766448974609375">
        <ele>1899.4000244140625</ele>
        <time>2026-10-04T22:59:21.000Z</time>
        <extensions>
          <ns3:TrackPointExtension>
            <ns3:hr>135</ns3:hr>
            <ns3:cad>92</ns3:cad>
          </ns3:TrackPointExtension>
        </extensions>
      </trkpt>
      <trkpt lat="25.07759012281894683837890625" lon="102.7174377255141735076904296875">
        <ele>1899.4000244140625</ele>
        <time>2026-10-04T22:59:22.000Z</time>
        <extensions>
          <ns3:TrackPointExtension>
            <ns3:hr>135</ns3:hr>
            <ns3:cad>92</ns3:cad>
          </ns3:TrackPointExtension>
        </extensions>
      </trkpt>
      <trkpt lat="25.07761317305266857147216796875" lon="102.71740679629147052764892578125">
        <ele>1899.4000244140625</ele>
        <time>2026-10-04T22:59:23.000Z</time>
        <extensions>
          <ns3:TrackPointExtension>
            <ns3:hr>135</ns3:hr>
            <ns3:cad>92</ns3:cad>
          </ns3:TrackPointExtension>
        </extensions>
      </trkpt>
      <trkpt lat="25.07762909866869449615478515625" lon="102.717378549277782440185546875">
        <ele>1899.4000244140625</ele>
        <time>2026-10-04T22:59:24.000Z</time>
        <extensions>
          <ns3:TrackPointExtension>
            <ns3:hr>135</ns3:hr>
            <ns3:cad>92</ns3:cad>
          </ns3:TrackPointExtension>
        </extensions>
      </trkpt>
      <trkpt lat="25.07765022106468677520751953125" lon="102.7173485420644283294677734375">
        <ele>1899.4000244140625</ele>
        <time>2026-10-04T22:59:25.000Z</time>
        <extensions>
          <ns3:TrackPointExtension>
            <ns3:hr>135</ns3:hr>
            <ns3:cad>93</ns3:cad>
          </ns3:TrackPointExtension>
        </extensions>
      </trkpt>
      <trkpt lat="25.0776657275855541229248046875" lon="102.717321217060089111328125">
        <ele>1899.4000244140625</ele>
        <time>2026-10-04T22:59:26.000Z</time>
        <extensions>
          <ns3:TrackPointExtension>
            <ns3:hr>135</ns3:hr>
            <ns3:cad>94</ns3:cad>
          </ns3:TrackPointExtension>
        </extensions>
      </trkpt>
      <trkpt lat="25.07768777199089527130126953125" lon="102.71729313768446445465087890625">
        <ele>1899.4000244140625</ele>
        <time>2026-10-04T22:59:27.000Z</time>
        <extensions>
          <ns3:TrackPointExtension>
            <ns3:hr>136</ns3:hr>
            <ns3:cad>94</ns3:cad>
          </ns3:TrackPointExtension>
        </extensions>
      </trkpt>
      <trkpt lat="25.07770956493914127349853515625" lon="102.7172637172043323516845703125">
        <ele>1899.4000244140625</ele>
        <time>2026-10-04T22:59:28.000Z</time>
        <extensions>
          <ns3:TrackPointExtension>
            <ns3:hr>136</ns3:hr>
            <ns3:cad>94</ns3:cad>
          </ns3:TrackPointExtension>
        </extensions>
      </trkpt>
      <trkpt lat="25.0777267478406429290771484375" lon="102.71723764948546886444091796875">
        <ele>1899.4000244140625</ele>
        <time>2026-10-04T22:59:29.000Z</time>
        <extensions>
          <ns3:TrackPointExtension>
            <ns3:hr>137</ns3:hr>
            <ns3:cad>95</ns3:cad>
          </ns3:TrackPointExtension>
        </extensions>
      </trkpt>
      <trkpt lat="25.07774644531309604644775390625" lon="102.71720521152019500732421875">
        <ele>1899.4000244140625</ele>
        <time>2026-10-04T22:59:30.000Z</time>
        <extensions>
          <ns3:TrackPointExtension>
            <ns3:hr>137</ns3:hr>
            <ns3:cad>95</ns3:cad>
          </ns3:TrackPointExtension>
        </extensions>
      </trkpt>
      <trkpt lat="25.0777579285204410552978515625" lon="102.7171745337545871734619140625">
        <ele>1899.4000244140625</ele>
        <time>2026-10-04T22:59:31.000Z</time>
        <extensions>
          <ns3:TrackPointExtension>
            <ns3:hr>138</ns3:hr>
            <ns3:cad>95</ns3:cad>
          </ns3:TrackPointExtension>
        </extensions>
      </trkpt>
      <trkpt lat="25.07777729071676731109619140625" lon="102.7171413414180278778076171875">
        <ele>1899.4000244140625</ele>
        <time>2026-10-04T22:59:32.000Z</time>
        <extensions>
          <ns3:TrackPointExtension>
            <ns3:hr>138</ns3:hr>
            <ns3:cad>95</ns3:cad>
          </ns3:TrackPointExtension>
        </extensions>
      </trkpt>
      <trkpt lat="25.07779707200825214385986328125" lon="102.71710194647312164306640625">
        <ele>1899.5999755859375</ele>
        <time>2026-10-04T22:59:33.000Z</time>
        <extensions>
          <ns3:TrackPointExtension>
            <ns3:hr>138</ns3:hr>
            <ns3:cad>95</ns3:cad>
          </ns3:TrackPointExtension>
        </extensions>
      </trkpt>
      <trkpt lat="25.07781249471008777618408203125" lon="102.717068754136562347412109375">
        <ele>1899.4000244140625</ele>
        <time>2026-10-04T22:59:34.000Z</time>
        <extensions>
          <ns3:TrackPointExtension>
            <ns3:hr>139</ns3:hr>
            <ns3:cad>95</ns3:cad>
          </ns3:TrackPointExtension>
        </extensions>
      </trkpt>
      <trkpt lat="25.07783328182995319366455078125" lon="102.71702726371586322784423828125">
        <ele>1899.5999755859375</ele>
        <time>2026-10-04T22:59:35.000Z</time>
        <extensions>
          <ns3:TrackPointExtension>
            <ns3:hr>139</ns3:hr>
            <ns3:cad>96</ns3:cad>
          </ns3:TrackPointExtension>
        </extensions>
      </trkpt>
      <trkpt lat="25.0778434239327907562255859375" lon="102.716996669769287109375">
        <ele>1899.5999755859375</ele>
        <time>2026-10-04T22:59:36.000Z</time>
        <extensions>
          <ns3:TrackPointExtension>
            <ns3:hr>139</ns3:hr>
            <ns3:cad>96</ns3:cad>
          </ns3:TrackPointExtension>
        </extensions>
      </trkpt>
      <trkpt lat="25.077860690653324127197265625" lon="102.71696372888982295989990234375">
        <ele>1899.5999755859375</ele>
        <time>2026-10-04T22:59:37.000Z</time>
        <extensions>
          <ns3:TrackPointExtension>
            <ns3:hr>138</ns3:hr>
            <ns3:cad>96</ns3:cad>
          </ns3:TrackPointExtension>
        </extensions>
      </trkpt>
      <trkpt lat="25.07787577807903289794921875" lon="102.7169324643909931182861328125">
        <ele>1899.5999755859375</ele>
        <time>2026-10-04T22:59:38.000Z</time>
        <extensions>
          <ns3:TrackPointExtension>
            <ns3:hr>138</ns3:hr>
            <ns3:cad>95</ns3:cad>
          </ns3:TrackPointExtension>
        </extensions>
      </trkpt>
      <trkpt lat="25.07789312861859798431396484375" lon="102.7169073186814785003662109375">
        <ele>1899.5999755859375</ele>
        <time>2026-10-04T22:59:39.000Z</time>
        <extensions>
          <ns3:TrackPointExtension>
            <ns3:hr>138</ns3:hr>
            <ns3:cad>95</ns3:cad>
          </ns3:TrackPointExtension>
        </extensions>
      </trkpt>
      <trkpt lat="25.07791391573846340179443359375" lon="102.7168774791061878204345703125">
        <ele>1899.5999755859375</ele>
        <time>2026-10-04T22:59:40.000Z</time>
        <extensions>
          <ns3:TrackPointExtension>
            <ns3:hr>137</ns3:hr>
            <ns3:cad>95</ns3:cad>
          </ns3:TrackPointExtension>
        </extensions>
      </trkpt>
      <trkpt lat="25.0779225490987300872802734375" lon="102.71685174666345119476318359375">
        <ele>1899.5999755859375</ele>
        <time>2026-10-04T22:59:41.000Z</time>
        <extensions>
          <ns3:TrackPointExtension>
            <ns3:hr>137</ns3:hr>
            <ns3:cad>95</ns3:cad>
          </ns3:TrackPointExtension>
        </extensions>
      </trkpt>
      <trkpt lat="25.07794207893311977386474609375" lon="102.716819308698177337646484375">
        <ele>1899.5999755859375</ele>
        <time>2026-10-04T22:59:42.000Z</time>
        <extensions>
          <ns3:TrackPointExtension>
            <ns3:hr>137</ns3:hr>
            <ns3:cad>95</ns3:cad>
          </ns3:TrackPointExtension>
        </extensions>
      </trkpt>
      <trkpt lat="25.077953226864337921142578125" lon="102.716791816055774688720703125">
        <ele>1899.5999755859375</ele>
        <time>2026-10-04T22:59:43.000Z</time>
        <extensions>
          <ns3:TrackPointExtension>
            <ns3:hr>137</ns3:hr>
            <ns3:cad>96</ns3:cad>
          </ns3:TrackPointExtension>
        </extensions>
      </trkpt>
      <trkpt lat="25.07797057740390300750732421875" lon="102.7167695201933383941650390625">
        <ele>1899.5999755859375</ele>
        <time>2026-10-04T22:59:44.000Z</time>
        <extensions>
          <ns3:TrackPointExtension>
            <ns3:hr>137</ns3:hr>
            <ns3:cad>96</ns3:cad>
          </ns3:TrackPointExtension>
        </extensions>
      </trkpt>
      <trkpt lat="25.0779899396002292633056640625" lon="102.71673808805644512176513671875">
        <ele>1899.5999755859375</ele>
        <time>2026-10-04T22:59:45.000Z</time>
        <extensions>
          <ns3:TrackPointExtension>
            <ns3:hr>137</ns3:hr>
            <ns3:cad>95</ns3:cad>
          </ns3:TrackPointExtension>
        </extensions>
      </trkpt>
      <trkpt lat="25.07800318300724029541015625" lon="102.71671026013791561126708984375">
        <ele>1899.5999755859375</ele>
        <time>2026-10-04T22:59:46.000Z</time>
        <extensions>
          <ns3:TrackPointExtension>
            <ns3:hr>137</ns3:hr>
            <ns3:cad>95</ns3:cad>
          </ns3:TrackPointExtension>
        </extensions>
      </trkpt>
      <trkpt lat="25.078021623194217681884765625" lon="102.71667354740202426910400390625">
        <ele>1899.5999755859375</ele>
        <time>2026-10-04T22:59:47.000Z</time>
        <extensions>
          <ns3:TrackPointExtension>
            <ns3:hr>137</ns3:hr>
            <ns3:cad>95</ns3:cad>
          </ns3:TrackPointExtension>
        </extensions>
      </trkpt>
      <trkpt lat="25.07803377695381641387939453125" lon="102.71664890460669994354248046875">
        <ele>1899.5999755859375</ele>
        <time>2026-10-04T22:59:48.000Z</time>
        <extensions>
          <ns3:TrackPointExtension>
            <ns3:hr>137</ns3:hr>
            <ns3:cad>95</ns3:cad>
          </ns3:TrackPointExtension>
        </extensions>
      </trkpt>
      <trkpt lat="25.07805883884429931640625" lon="102.71662459708750247955322265625">
        <ele>1899.5999755859375</ele>
        <time>2026-10-04T22:59:49.000Z</time>
        <extensions>
          <ns3:TrackPointExtension>
            <ns3:hr>137</ns3:hr>
            <ns3:cad>95</ns3:cad>
          </ns3:TrackPointExtension>
        </extensions>
      </trkpt>
      <trkpt lat="25.078077949583530426025390625" lon="102.71659274585545063018798828125">
        <ele>1899.5999755859375</ele>
        <time>2026-10-04T22:59:50.000Z</time>
        <extensions>
          <ns3:TrackPointExtension>
            <ns3:hr>136</ns3:hr>
            <ns3:cad>95</ns3:cad>
          </ns3:TrackPointExtension>
        </extensions>
      </trkpt>
      <trkpt lat="25.07809060625731945037841796875" lon="102.716564834117889404296875">
        <ele>1899.800048828125</ele>
        <time>2026-10-04T22:59:51.000Z</time>
        <extensions>
          <ns3:TrackPointExtension>
            <ns3:hr>135</ns3:hr>
            <ns3:cad>95</ns3:cad>
          </ns3:TrackPointExtension>
        </extensions>
      </trkpt>
      <trkpt lat="25.078106112778186798095703125" lon="102.71652803756296634674072265625">
        <ele>1899.800048828125</ele>
        <time>2026-10-04T22:59:52.000Z</time>
        <extensions>
          <ns3:TrackPointExtension>
            <ns3:hr>134</ns3:hr>
            <ns3:cad>96</ns3:cad>
          </ns3:TrackPointExtension>
        </extensions>
      </trkpt>
      <trkpt lat="25.0781143270432949066162109375" lon="102.716498114168643951416015625">
        <ele>1899.800048828125</ele>
        <time>2026-10-04T22:59:53.000Z</time>
        <extensions>
          <ns3:TrackPointExtension>
            <ns3:hr>134</ns3:hr>
            <ns3:cad>96</ns3:cad>
          </ns3:TrackPointExtension>
        </extensions>
      </trkpt>
      <trkpt lat="25.07813519798219203948974609375" lon="102.71647120825946331024169921875">
        <ele>1899.800048828125</ele>
        <time>2026-10-04T22:59:54.000Z</time>
        <extensions>
          <ns3:TrackPointExtension>
            <ns3:hr>134</ns3:hr>
            <ns3:cad>96</ns3:cad>
          </ns3:TrackPointExtension>
        </extensions>
      </trkpt>
      <trkpt lat="25.07815246470272541046142578125" lon="102.716444469988346099853515625">
        <ele>1899.800048828125</ele>
        <time>2026-10-04T22:59:55.000Z</time>
        <extensions>
          <ns3:TrackPointExtension>
            <ns3:hr>134</ns3:hr>
            <ns3:cad>96</ns3:cad>
          </ns3:TrackPointExtension>
        </extensions>
      </trkpt>
      <trkpt lat="25.07816755212843418121337890625" lon="102.7164213359355926513671875">
        <ele>1899.800048828125</ele>
        <time>2026-10-04T22:59:56.000Z</time>
        <extensions>
          <ns3:TrackPointExtension>
            <ns3:hr>135</ns3:hr>
            <ns3:cad>96</ns3:cad>
          </ns3:TrackPointExtension>
        </extensions>
      </trkpt>
      <trkpt lat="25.0781860761344432830810546875" lon="102.7163883112370967864990234375">
        <ele>1899.5999755859375</ele>
        <time>2026-10-04T22:59:57.000Z</time>
        <extensions>
          <ns3:TrackPointExtension>
            <ns3:hr>135</ns3:hr>
            <ns3:cad>96</ns3:cad>
          </ns3:TrackPointExtension>
        </extensions>
      </trkpt>
      <trkpt lat="25.07819387130439281463623046875" lon="102.7163614891469478607177734375">
        <ele>1899.800048828125</ele>
        <time>2026-10-04T22:59:58.000Z</time>
        <extensions>
          <ns3:TrackPointExtension>
            <ns3:hr>136</ns3:hr>
            <ns3:cad>96</ns3:cad>
          </ns3:TrackPointExtension>
        </extensions>
      </trkpt>
      <trkpt lat="25.078210048377513885498046875" lon="102.71632888354361057281494140625">
        <ele>1899.5999755859375</ele>
        <time>2026-10-04T22:59:59.000Z</time>
        <extensions>
          <ns3:TrackPointExtension>
            <ns3:hr>136</ns3:hr>
            <ns3:cad>95</ns3:cad>
          </ns3:TrackPointExtension>
        </extensions>
      </trkpt>
      <trkpt lat="25.07822178304195404052734375" lon="102.7162977866828441619873046875">
        <ele>1899.5999755859375</ele>
        <time>2026-10-04T23:00:00.000Z</time>
        <extensions>
          <ns3:TrackPointExtension>
            <ns3:hr>136</ns3:hr>
            <ns3:cad>95</ns3:cad>
          </ns3:TrackPointExtension>
        </extensions>
      </trkpt>
      <trkpt lat="25.07823712192475795745849609375" lon="102.716272808611392974853515625">
        <ele>1899.5999755859375</ele>
        <time>2026-10-04T23:00:01.000Z</time>
        <extensions>
          <ns3:TrackPointExtension>
            <ns3:hr>136</ns3:hr>
            <ns3:cad>95</ns3:cad>
          </ns3:TrackPointExtension>
        </extensions>
      </trkpt>
      <trkpt lat="25.07825824432075023651123046875" lon="102.71623819135129451751708984375">
        <ele>1899.5999755859375</ele>
        <time>2026-10-04T23:00:02.000Z</time>
        <extensions>
          <ns3:TrackPointExtension>
            <ns3:hr>136</ns3:hr>
            <ns3:cad>95</ns3:cad>
          </ns3:TrackPointExtension>
        </extensions>
      </trkpt>
      <trkpt lat="25.07827081717550754547119140625" lon="102.7162119559943675994873046875">
        <ele>1899.5999755859375</ele>
        <time>2026-10-04T23:00:03.000Z</time>
        <extensions>
          <ns3:TrackPointExtension>
            <ns3:hr>137</ns3:hr>
            <ns3:cad>95</ns3:cad>
          </ns3:TrackPointExtension>
        </extensions>
      </trkpt>
      <trkpt lat="25.07829177193343639373779296875" lon="102.7161774225533008575439453125">
        <ele>1899.5999755859375</ele>
        <time>2026-10-04T23:00:04.000Z</time>
        <extensions>
          <ns3:TrackPointExtension>
            <ns3:hr>137</ns3:hr>
            <ns3:cad>95</ns3:cad>
          </ns3:TrackPointExtension>
        </extensions>
      </trkpt>
      <trkpt lat="25.07830752991139888763427734375" lon="102.7161469124257564544677734375">
        <ele>1899.5999755859375</ele>
        <time>2026-10-04T23:00:05.000Z</time>
        <extensions>
          <ns3:TrackPointExtension>
            <ns3:hr>138</ns3:hr>
            <ns3:cad>95</ns3:cad>
          </ns3:TrackPointExtension>
        </extensions>
      </trkpt>
      <trkpt lat="25.0783305801451206207275390625" lon="102.7161197550594806671142578125">
        <ele>1899.800048828125</ele>
        <time>2026-10-04T23:00:06.000Z</time>
        <extensions>
          <ns3:TrackPointExtension>
            <ns3:hr>139</ns3:hr>
            <ns3:cad>95</ns3:cad>
          </ns3:TrackPointExtension>
        </extensions>
      </trkpt>
      <trkpt lat="25.07835363037884235382080078125" lon="102.71608731709420680999755859375">
        <ele>1899.800048828125</ele>
        <time>2026-10-04T23:00:07.000Z</time>
        <extensions>
          <ns3:TrackPointExtension>
            <ns3:hr>139</ns3:hr>
            <ns3:cad>95</ns3:cad>
          </ns3:TrackPointExtension>
        </extensions>
      </trkpt>
      <trkpt lat="25.0783674605190753936767578125" lon="102.7160597406327724456787109375">
        <ele>1899.800048828125</ele>
        <time>2026-10-04T23:00:08.000Z</time>
        <extensions>
          <ns3:TrackPointExtension>
            <ns3:hr>139</ns3:hr>
            <ns3:cad>95</ns3:cad>
          </ns3:TrackPointExtension>
        </extensions>
      </trkpt>
      <trkpt lat="25.07838833145797252655029296875" lon="102.71602596156299114227294921875">
        <ele>1899.800048828125</ele>
        <time>2026-10-04T23:00:09.000Z</time>
        <extensions>
          <ns3:TrackPointExtension>
            <ns3:hr>139</ns3:hr>
            <ns3:cad>95</ns3:cad>
          </ns3:TrackPointExtension>
        </extensions>
      </trkpt>
      <trkpt lat="25.0784023292362689971923828125" lon="102.71599964238703250885009765625">
        <ele>1899.5999755859375</ele>
        <time>2026-10-04T23:00:10.000Z</time>
        <extensions>
          <ns3:TrackPointExtension>
            <ns3:hr>140</ns3:hr>
            <ns3:cad>95</ns3:cad>
          </ns3:TrackPointExtension>
        </extensions>
      </trkpt>
      <trkpt lat="25.078423283994197845458984375" lon="102.71597600542008876800537109375">
        <ele>1899.800048828125</ele>
        <time>2026-10-04T23:00:11.000Z</time>
        <extensions>
          <ns3:TrackPointExtension>
            <ns3:hr>140</ns3:hr>
            <ns3:cad>95</ns3:cad>
          </ns3:TrackPointExtension>
        </extensions>
      </trkpt>
      <trkpt lat="25.078440718352794647216796875" lon="102.71594750694930553436279296875">
        <ele>1899.800048828125</ele>
        <time>2026-10-04T23:00:12.000Z</time>
        <extensions>
          <ns3:TrackPointExtension>
            <ns3:hr>140</ns3:hr>
            <ns3:cad>95</ns3:cad>
          </ns3:TrackPointExtension>
        </extensions>
      </trkpt>
      <trkpt lat="25.07845656014978885650634765625" lon="102.7159226126968860626220703125">
        <ele>1899.800048828125</ele>
        <time>2026-10-04T23:00:13.000Z</time>
        <extensions>
          <ns3:TrackPointExtension>
            <ns3:hr>140</ns3:hr>
            <ns3:cad>95</ns3:cad>
          </ns3:TrackPointExtension>
        </extensions>
      </trkpt>
      <trkpt lat="25.07847315631806850433349609375" lon="102.71588631905615329742431640625">
        <ele>1899.800048828125</ele>
        <time>2026-10-04T23:00:14.000Z</time>
        <extensions>
          <ns3:TrackPointExtension>
            <ns3:hr>140</ns3:hr>
            <ns3:cad>96</ns3:cad>
          </ns3:TrackPointExtension>
        </extensions>
      </trkpt>
      <trkpt lat="25.07848354987800121307373046875" lon="102.7158555574715137481689453125">
        <ele>1900</ele>
        <time>2026-10-04T23:00:15.000Z</time>
        <extensions>
          <ns3:TrackPointExtension>
            <ns3:hr>140</ns3:hr>
            <ns3:cad>96</ns3:cad>
          </ns3:TrackPointExtension>
        </extensions>
      </trkpt>
      <trkpt lat="25.078506432473659515380859375" lon="102.71582697518169879913330078125">
        <ele>1900</ele>
        <time>2026-10-04T23:00:16.000Z</time>
        <extensions>
          <ns3:TrackPointExtension>
            <ns3:hr>141</ns3:hr>
            <ns3:cad>96</ns3:cad>
          </ns3:TrackPointExtension>
        </extensions>
      </trkpt>
      <trkpt lat="25.078524537384510040283203125" lon="102.71579612977802753448486328125">
        <ele>1900</ele>
        <time>2026-10-04T23:00:17.000Z</time>
        <extensions>
          <ns3:TrackPointExtension>
            <ns3:hr>140</ns3:hr>
            <ns3:cad>96</ns3:cad>
          </ns3:TrackPointExtension>
        </extensions>
      </trkpt>
      <trkpt lat="25.07853887043893337249755859375" lon="102.71576729603111743927001953125">
        <ele>1900</ele>
        <time>2026-10-04T23:00:18.000Z</time>
        <extensions>
          <ns3:TrackPointExtension>
            <ns3:hr>140</ns3:hr>
            <ns3:cad>96</ns3:cad>
          </ns3:TrackPointExtension>
        </extensions>
      </trkpt>
      <trkpt lat="25.07855714298784732818603515625" lon="102.71572823636233806610107421875">
        <ele>1900</ele>
        <time>2026-10-04T23:00:19.000Z</time>
        <extensions>
          <ns3:TrackPointExtension>
            <ns3:hr>141</ns3:hr>
            <ns3:cad>95</ns3:cad>
          </ns3:TrackPointExtension>
        </extensions>
      </trkpt>
      <trkpt lat="25.0785635970532894134521484375" lon="102.71569621749222278594970703125">
        <ele>1900</ele>
        <time>2026-10-04T23:00:20.000Z</time>
        <extensions>
          <ns3:TrackPointExtension>
            <ns3:hr>140</ns3:hr>
            <ns3:cad>95</ns3:cad>
          </ns3:TrackPointExtension>
        </extensions>
      </trkpt>
      <trkpt lat="25.07858254015445709228515625" lon="102.71566604264080524444580078125">
        <ele>1900</ele>
        <time>2026-10-04T23:00:21.000Z</time>
        <extensions>
          <ns3:TrackPointExtension>
            <ns3:hr>140</ns3:hr>
            <ns3:cad>95</ns3:cad>
          </ns3:TrackPointExtension>
        </extensions>
      </trkpt>
      <trkpt lat="25.0785974599421024322509765625" lon="102.71563653834164142608642578125">
        <ele>1900</ele>
        <time>2026-10-04T23:00:22.000Z</time>
        <extensions>
          <ns3:TrackPointExtension>
            <ns3:hr>140</ns3:hr>
            <ns3:cad>95</ns3:cad>
          </ns3:TrackPointExtension>
        </extensions>
      </trkpt>
      <trkpt lat="25.07861204445362091064453125" lon="102.7156108058989048004150390625">
        <ele>1900</ele>
        <time>2026-10-04T23:00:23.000Z</time>
        <extensions>
          <ns3:TrackPointExtension>
            <ns3:hr>141</ns3:hr>
            <ns3:cad>95</ns3:cad>
          </ns3:TrackPointExtension>
        </extensions>
      </trkpt>
      <trkpt lat="25.0786293111741542816162109375" lon="102.71557451225817203521728515625">
        <ele>1900</ele>
        <time>2026-10-04T23:00:24.000Z</time>
        <extensions>
          <ns3:TrackPointExtension>
            <ns3:hr>141</ns3:hr>
            <ns3:cad>95</ns3:cad>
          </ns3:TrackPointExtension>
        </extensions>
      </trkpt>
      <trkpt lat="25.0786403752863407135009765625" lon="102.7155434153974056243896484375">
        <ele>1900</ele>
        <time>2026-10-04T23:00:25.000Z</time>
        <extensions>
          <ns3:TrackPointExtension>
            <ns3:hr>141</ns3:hr>
            <ns3:cad>95</ns3:cad>
          </ns3:TrackPointExtension>
        </extensions>
      </trkpt>
      <trkpt lat="25.078659318387508392333984375" lon="102.7155035175383090972900390625">
        <ele>1900</ele>
        <time>2026-10-04T23:00:26.000Z</time>
        <extensions>
          <ns3:TrackPointExtension>
            <ns3:hr>140</ns3:hr>
            <ns3:cad>95</ns3:cad>
          </ns3:TrackPointExtension>
        </extensions>
      </trkpt>
      <trkpt lat="25.07867239415645599365234375" lon="102.7154726721346378326416015625">
        <ele>1900</ele>
        <time>2026-10-04T23:00:27.000Z</time>
        <extensions>
          <ns3:TrackPointExtension>
            <ns3:hr>140</ns3:hr>
            <ns3:cad>95</ns3:cad>
          </ns3:TrackPointExtension>
        </extensions>
      </trkpt>
      <trkpt lat="25.0786873139441013336181640625" lon="102.71544425748288631439208984375">
        <ele>1900</ele>
        <time>2026-10-04T23:00:28.000Z</time>
        <extensions>
          <ns3:TrackPointExtension>
            <ns3:hr>140</ns3:hr>
            <ns3:cad>95</ns3:cad>
          </ns3:TrackPointExtension>
        </extensions>
      </trkpt>
      <trkpt lat="25.07870717905461788177490234375" lon="102.715409137308597564697265625">
        <ele>1899.800048828125</ele>
        <time>2026-10-04T23:00:29.000Z</time>
        <extensions>
          <ns3:TrackPointExtension>
            <ns3:hr>140</ns3:hr>
            <ns3:cad>95</ns3:cad>
          </ns3:TrackPointExtension>
        </extensions>
      </trkpt>
      <trkpt lat="25.0787245295941829681396484375" lon="102.7153754420578479766845703125">
        <ele>1899.800048828125</ele>
        <time>2026-10-04T23:00:30.000Z</time>
        <extensions>
          <ns3:TrackPointExtension>
            <ns3:hr>139</ns3:hr>
            <ns3:cad>95</ns3:cad>
          </ns3:TrackPointExtension>
        </extensions>
      </trkpt>
      <trkpt lat="25.07874707691371440887451171875" lon="102.71534099243581295013427734375">
        <ele>1899.800048828125</ele>
        <time>2026-10-04T23:00:31.000Z</time>
        <extensions>
          <ns3:TrackPointExtension>
            <ns3:hr>140</ns3:hr>
            <ns3:cad>96</ns3:cad>
          </ns3:TrackPointExtension>
        </extensions>
      </trkpt>
      <trkpt lat="25.07876182906329631805419921875" lon="102.71531048230826854705810546875">
        <ele>1899.800048828125</ele>
        <time>2026-10-04T23:00:32.000Z</time>
        <extensions>
          <ns3:TrackPointExtension>
            <ns3:hr>140</ns3:hr>
            <ns3:cad>96</ns3:cad>
          </ns3:TrackPointExtension>
        </extensions>
      </trkpt>
      <trkpt lat="25.0787791796028614044189453125" lon="102.7152813971042633056640625">
        <ele>1899.800048828125</ele>
        <time>2026-10-04T23:00:33.000Z</time>
        <extensions>
          <ns3:TrackPointExtension>
            <ns3:hr>140</ns3:hr>
            <ns3:cad>96</ns3:cad>
          </ns3:TrackPointExtension>
        </extensions>
      </trkpt>
      <trkpt lat="25.0788049958646297454833984375" lon="102.7152492105960845947265625">
        <ele>1899.800048828125</ele>
        <time>2026-10-04T23:00:34.000Z</time>
        <extensions>
          <ns3:TrackPointExtension>
            <ns3:hr>140</ns3:hr>
            <ns3:cad>96</ns3:cad>
          </ns3:TrackPointExtension>
        </extensions>
      </trkpt>
      <trkpt lat="25.07881949655711650848388671875" lon="102.71522163413465023040771484375">
        <ele>1899.800048828125</ele>
        <time>2026-10-04T23:00:35.000Z</time>
        <extensions>
          <ns3:TrackPointExtension>
            <ns3:hr>139</ns3:hr>
            <ns3:cad>96</ns3:cad>
          </ns3:TrackPointExtension>
        </extensions>
      </trkpt>
      <trkpt lat="25.0788358412683010101318359375" lon="102.71518341265618801116943359375">
        <ele>1899.800048828125</ele>
        <time>2026-10-04T23:00:36.000Z</time>
        <extensions>
          <ns3:TrackPointExtension>
            <ns3:hr>139</ns3:hr>
            <ns3:cad>96</ns3:cad>
          </ns3:TrackPointExtension>
        </extensions>
      </trkpt>
      <trkpt lat="25.07884833030402660369873046875" lon="102.715153992176055908203125">
        <ele>1899.800048828125</ele>
        <time>2026-10-04T23:00:37.000Z</time>
        <extensions>
          <ns3:TrackPointExtension>
            <ns3:hr>139</ns3:hr>
            <ns3:cad>96</ns3:cad>
          </ns3:TrackPointExtension>
        </extensions>
      </trkpt>
      <trkpt lat="25.0788702070713043212890625" lon="102.71512784063816070556640625">
        <ele>1900</ele>
        <time>2026-10-04T23:00:38.000Z</time>
        <extensions>
          <ns3:TrackPointExtension>
            <ns3:hr>139</ns3:hr>
            <ns3:cad>96</ns3:cad>
          </ns3:TrackPointExtension>
        </extensions>
      </trkpt>
      <trkpt lat="25.07888973690569400787353515625" lon="102.71509825251996517181396484375">
        <ele>1900</ele>
        <time>2026-10-04T23:00:39.000Z</time>
        <extensions>
          <ns3:TrackPointExtension>
            <ns3:hr>140</ns3:hr>
            <ns3:cad>96</ns3:cad>
          </ns3:TrackPointExtension>
        </extensions>
      </trkpt>
      <trkpt lat="25.07890247739851474761962890625" lon="102.71507629193365573883056640625">
        <ele>1899.800048828125</ele>
        <time>2026-10-04T23:00:40.000Z</time>
        <extensions>
          <ns3:TrackPointExtension>
            <ns3:hr>139</ns3:hr>
            <ns3:cad>95</ns3:cad>
          </ns3:TrackPointExtension>
        </extensions>
      </trkpt>
      <trkpt lat="25.0789203308522701263427734375" lon="102.71504477597773075103759765625">
        <ele>1899.800048828125</ele>
        <time>2026-10-04T23:00:41.000Z</time>
        <extensions>
          <ns3:TrackPointExtension>
            <ns3:hr>139</ns3:hr>
            <ns3:cad>95</ns3:cad>
          </ns3:TrackPointExtension>
        </extensions>
      </trkpt>
      <trkpt lat="25.07892779074609279632568359375" lon="102.71502130664885044097900390625">
        <ele>1900</ele>
        <time>2026-10-04T23:00:42.000Z</time>
        <extensions>
          <ns3:TrackPointExtension>
            <ns3:hr>139</ns3:hr>
            <ns3:cad>95</ns3:cad>
          </ns3:TrackPointExtension>
        </extensions>
      </trkpt>
      <trkpt lat="25.0789431296288967132568359375" lon="102.7149903774261474609375">
        <ele>1900</ele>
        <time>2026-10-04T23:00:43.000Z</time>
        <extensions>
          <ns3:TrackPointExtension>
            <ns3:hr>139</ns3:hr>
            <ns3:cad>95</ns3:cad>
          </ns3:TrackPointExtension>
        </extensions>
      </trkpt>
      <trkpt lat="25.0789506733417510986328125" lon="102.714962549507617950439453125">
        <ele>1899.800048828125</ele>
        <time>2026-10-04T23:00:44.000Z</time>
        <extensions>
          <ns3:TrackPointExtension>
            <ns3:hr>139</ns3:hr>
            <ns3:cad>96</ns3:cad>
          </ns3:TrackPointExtension>
        </extensions>
      </trkpt>
      <trkpt lat="25.0789662636816501617431640625" lon="102.71494100801646709442138671875">
        <ele>1900</ele>
        <time>2026-10-04T23:00:45.000Z</time>
        <extensions>
          <ns3:TrackPointExtension>
            <ns3:hr>138</ns3:hr>
            <ns3:cad>96</ns3:cad>
          </ns3:TrackPointExtension>
        </extensions>
      </trkpt>
      <trkpt lat="25.0789853744208812713623046875" lon="102.7149094082415103912353515625">
        <ele>1900</ele>
        <time>2026-10-04T23:00:46.000Z</time>
        <extensions>
          <ns3:TrackPointExtension>
            <ns3:hr>138</ns3:hr>
            <ns3:cad>96</ns3:cad>
          </ns3:TrackPointExtension>
        </extensions>
      </trkpt>
      <trkpt lat="25.07899819873273372650146484375" lon="102.714880071580410003662109375">
        <ele>1900</ele>
        <time>2026-10-04T23:00:47.000Z</time>
        <extensions>
          <ns3:TrackPointExtension>
            <ns3:hr>138</ns3:hr>
            <ns3:cad>95</ns3:cad>
          </ns3:TrackPointExtension>
        </extensions>
      </trkpt>
      <trkpt lat="25.07900339551270008087158203125" lon="102.7148406766355037689208984375">
        <ele>1900</ele>
        <time>2026-10-04T23:00:48.000Z</time>
        <extensions>
          <ns3:TrackPointExtension>
            <ns3:hr>139</ns3:hr>
            <ns3:cad>94</ns3:cad>
          </ns3:TrackPointExtension>
        </extensions>
      </trkpt>
      <trkpt lat="25.07899719290435314178466796875" lon="102.71481293253600597381591796875">
        <ele>1900</ele>
        <time>2026-10-04T23:00:49.000Z</time>
        <extensions>
          <ns3:TrackPointExtension>
            <ns3:hr>138</ns3:hr>
            <ns3:cad>93</ns3:cad>
          </ns3:TrackPointExtension>
        </extensions>
      </trkpt>
      <trkpt lat="25.07899434305727481842041015625" lon="102.71477387286722660064697265625">
        <ele>1900</ele>
        <time>2026-10-04T23:00:50.000Z</time>
        <extensions>
          <ns3:TrackPointExtension>
            <ns3:hr>138</ns3:hr>
            <ns3:cad>93</ns3:cad>
          </ns3:TrackPointExtension>
        </extensions>
      </trkpt>
      <trkpt lat="25.07896115072071552276611328125" lon="102.7147353999316692352294921875">
        <ele>1899.800048828125</ele>
        <time>2026-10-04T23:00:51.000Z</time>
        <extensions>
          <ns3:TrackPointExtension>
            <ns3:hr>138</ns3:hr>
            <ns3:cad>93</ns3:cad>
          </ns3:TrackPointExtension>
        </extensions>
      </trkpt>
      <trkpt lat="25.078937597572803497314453125" lon="102.7147032134234905242919921875">
        <ele>1900</ele>
        <time>2026-10-04T23:00:52.000Z</time>
        <extensions>
          <ns3:TrackPointExtension>
            <ns3:hr>138</ns3:hr>
            <ns3:cad>93</ns3:cad>
          </ns3:TrackPointExtension>
        </extensions>
      </trkpt>
      <trkpt lat="25.078917481005191802978515625" lon="102.71466381847858428955078125">
        <ele>1900</ele>
        <time>2026-10-04T23:00:53.000Z</time>
        <extensions>
          <ns3:TrackPointExtension>
            <ns3:hr>139</ns3:hr>
            <ns3:cad>93</ns3:cad>
          </ns3:TrackPointExtension>
        </extensions>
      </trkpt>
      <trkpt lat="25.07890666835010051727294921875" lon="102.714631967246532440185546875">
        <ele>1900</ele>
        <time>2026-10-04T23:00:54.000Z</time>
        <extensions>
          <ns3:TrackPointExtension>
            <ns3:hr>138</ns3:hr>
            <ns3:cad>93</ns3:cad>
          </ns3:TrackPointExtension>
        </extensions>
      </trkpt>
      <trkpt lat="25.07889459840953350067138671875" lon="102.71460019983351230621337890625">
        <ele>1900</ele>
        <time>2026-10-04T23:00:55.000Z</time>
        <extensions>
          <ns3:TrackPointExtension>
            <ns3:hr>138</ns3:hr>
            <ns3:cad>94</ns3:cad>
          </ns3:TrackPointExtension>
        </extensions>
      </trkpt>
      <trkpt lat="25.07888101972639560699462890625" lon="102.71456784568727016448974609375">
        <ele>1900.199951171875</ele>
        <time>2026-10-04T23:00:56.000Z</time>
        <extensions>
          <ns3:TrackPointExtension>
            <ns3:hr>138</ns3:hr>
            <ns3:cad>95</ns3:cad>
          </ns3:TrackPointExtension>
        </extensions>
      </trkpt>
      <trkpt lat="25.0788650102913379669189453125" lon="102.714536078274250030517578125">
        <ele>1900.199951171875</ele>
        <time>2026-10-04T23:00:57.000Z</time>
        <extensions>
          <ns3:TrackPointExtension>
            <ns3:hr>138</ns3:hr>
            <ns3:cad>95</ns3:cad>
          </ns3:TrackPointExtension>
        </extensions>
      </trkpt>
      <trkpt lat="25.0788489170372486114501953125" lon="102.71451093256473541259765625">
        <ele>1900.199951171875</ele>
        <time>2026-10-04T23:00:58.000Z</time>
        <extensions>
          <ns3:TrackPointExtension>
            <ns3:hr>138</ns3:hr>
            <ns3:cad>95</ns3:cad>
          </ns3:TrackPointExtension>
        </extensions>
      </trkpt>
      <trkpt lat="25.07882519625127315521240234375" lon="102.71448788233101367950439453125">
        <ele>1900.199951171875</ele>
        <time>2026-10-04T23:00:59.000Z</time>
        <extensions>
          <ns3:TrackPointExtension>
            <ns3:hr>138</ns3:hr>
            <ns3:cad>95</ns3:cad>
          </ns3:TrackPointExtension>
        </extensions>
      </trkpt>
      <trkpt lat="25.07880474440753459930419921875" lon="102.71446575410664081573486328125">
        <ele>1900.4000244140625</ele>
        <time>2026-10-04T23:01:00.000Z</time>
        <extensions>
          <ns3:TrackPointExtension>
            <ns3:hr>138</ns3:hr>
            <ns3:cad>95</ns3:cad>
          </ns3:TrackPointExtension>
        </extensions>
      </trkpt>
      <trkpt lat="25.0787868909537792205810546875" lon="102.7144423685967922210693359375">
        <ele>1900.199951171875</ele>
        <time>2026-10-04T23:01:01.000Z</time>
        <extensions>
          <ns3:TrackPointExtension>
            <ns3:hr>139</ns3:hr>
            <ns3:cad>95</ns3:cad>
          </ns3:TrackPointExtension>
        </extensions>
      </trkpt>
      <trkpt lat="25.07876652292907238006591796875" lon="102.7144257724285125732421875">
        <ele>1900.199951171875</ele>
        <time>2026-10-04T23:01:02.000Z</time>
        <extensions>
          <ns3:TrackPointExtension>
            <ns3:hr>139</ns3:hr>
            <ns3:cad>95</ns3:cad>
          </ns3:TrackPointExtension>
        </extensions>
      </trkpt>
      <trkpt lat="25.0787508487701416015625" lon="102.71441428922116756439208984375">
        <ele>1900.199951171875</ele>
        <time>2026-10-04T23:01:03.000Z</time>
        <extensions>
          <ns3:TrackPointExtension>
            <ns3:hr>139</ns3:hr>
            <ns3:cad>95</ns3:cad>
          </ns3:TrackPointExtension>
        </extensions>
      </trkpt>
      <trkpt lat="25.0787292234599590301513671875" lon="102.71439299918711185455322265625">
        <ele>1900.199951171875</ele>
        <time>2026-10-04T23:01:04.000Z</time>
        <extensions>
          <ns3:TrackPointExtension>
            <ns3:hr>139</ns3:hr>
            <ns3:cad>95</ns3:cad>
          </ns3:TrackPointExtension>
        </extensions>
      </trkpt>
      <trkpt lat="25.07867641746997833251953125" lon="102.7143877185881137847900390625">
        <ele>1900.199951171875</ele>
        <time>2026-10-04T23:01:05.000Z</time>
        <extensions>
          <ns3:TrackPointExtension>
            <ns3:hr>139</ns3:hr>
            <ns3:cad>95</ns3:cad>
          </ns3:TrackPointExtension>
        </extensions>
      </trkpt>
      <trkpt lat="25.07865956984460353851318359375" lon="102.714400626718997955322265625">
        <ele>1900.199951171875</ele>
        <time>2026-10-04T23:01:06.000Z</time>
        <extensions>
          <ns3:TrackPointExtension>
            <ns3:hr>139</ns3:hr>
            <ns3:cad>95</ns3:cad>
          </ns3:TrackPointExtension>
        </extensions>
      </trkpt>
      <trkpt lat="25.07864900864660739898681640625" lon="102.71440288983285427093505859375">
        <ele>1900</ele>
        <time>2026-10-04T23:01:07.000Z</time>
        <extensions>
          <ns3:TrackPointExtension>
            <ns3:hr>139</ns3:hr>
            <ns3:cad>95</ns3:cad>
          </ns3:TrackPointExtension>
        </extensions>
      </trkpt>
      <trkpt lat="25.07863056845963001251220703125" lon="102.71438411436975002288818359375">
        <ele>1900</ele>
        <time>2026-10-04T23:01:08.000Z</time>
        <extensions>
          <ns3:TrackPointExtension>
            <ns3:hr>139</ns3:hr>
            <ns3:cad>95</ns3:cad>
          </ns3:TrackPointExtension>
        </extensions>
      </trkpt>
      <trkpt lat="25.07862822152674198150634765625" lon="102.71435477770864963531494140625">
        <ele>1900</ele>
        <time>2026-10-04T23:01:09.000Z</time>
        <extensions>
          <ns3:TrackPointExtension>
            <ns3:hr>139</ns3:hr>
            <ns3:cad>95</ns3:cad>
          </ns3:TrackPointExtension>
        </extensions>
      </trkpt>
      <trkpt lat="25.078622438013553619384765625" lon="102.7143142931163311004638671875">
        <ele>1900</ele>
        <time>2026-10-04T23:01:10.000Z</time>
        <extensions>
          <ns3:TrackPointExtension>
            <ns3:hr>139</ns3:hr>
            <ns3:cad>95</ns3:cad>
          </ns3:TrackPointExtension>
        </extensions>
      </trkpt>
      <trkpt lat="25.07862746715545654296875" lon="102.71427531726658344268798828125">
        <ele>1900.199951171875</ele>
        <time>2026-10-04T23:01:11.000Z</time>
        <extensions>
          <ns3:TrackPointExtension>
            <ns3:hr>139</ns3:hr>
            <ns3:cad>95</ns3:cad>
          </ns3:TrackPointExtension>
        </extensions>
      </trkpt>
      <trkpt lat="25.07863911800086498260498046875" lon="102.714231312274932861328125">
        <ele>1900.199951171875</ele>
        <time>2026-10-04T23:01:12.000Z</time>
        <extensions>
          <ns3:TrackPointExtension>
            <ns3:hr>138</ns3:hr>
            <ns3:cad>95</ns3:cad>
          </ns3:TrackPointExtension>
        </extensions>
      </trkpt>
      <trkpt lat="25.0786534510552883148193359375" lon="102.71419937722384929656982421875">
        <ele>1900.199951171875</ele>
        <time>2026-10-04T23:01:13.000Z</time>
        <extensions>
          <ns3:TrackPointExtension>
            <ns3:hr>138</ns3:hr>
            <ns3:cad>95</ns3:cad>
          </ns3:TrackPointExtension>
        </extensions>
      </trkpt>
      <trkpt lat="25.07867507636547088623046875" lon="102.7141624130308628082275390625">
        <ele>1900.199951171875</ele>
        <time>2026-10-04T23:01:14.000Z</time>
        <extensions>
          <ns3:TrackPointExtension>
            <ns3:hr>138</ns3:hr>
            <ns3:cad>95</ns3:cad>
          </ns3:TrackPointExtension>
        </extensions>
      </trkpt>
      <trkpt lat="25.0786883197724819183349609375" lon="102.714131735265254974365234375">
        <ele>1900.199951171875</ele>
        <time>2026-10-04T23:01:15.000Z</time>
        <extensions>
          <ns3:TrackPointExtension>
            <ns3:hr>139</ns3:hr>
            <ns3:cad>95</ns3:cad>
          </ns3:TrackPointExtension>
        </extensions>
      </trkpt>
      <trkpt lat="25.07870282046496868133544921875" lon="102.714100889861583709716796875">
        <ele>1900.199951171875</ele>
        <time>2026-10-04T23:01:16.000Z</time>
        <extensions>
          <ns3:TrackPointExtension>
            <ns3:hr>139</ns3:hr>
            <ns3:cad>95</ns3:cad>
          </ns3:TrackPointExtension>
        </extensions>
      </trkpt>
      <trkpt lat="25.078720338642597198486328125" lon="102.71406962536275386810302734375">
        <ele>1900.199951171875</ele>
        <time>2026-10-04T23:01:17.000Z</time>
        <extensions>
          <ns3:TrackPointExtension>
            <ns3:hr>139</ns3:hr>
            <ns3:cad>96</ns3:cad>
          </ns3:TrackPointExtension>
        </extensions>
      </trkpt>
      <trkpt lat="25.0787339173257350921630859375" lon="102.71404087543487548828125">
        <ele>1900.4000244140625</ele>
        <time>2026-10-04T23:01:18.000Z</time>
        <extensions>
          <ns3:TrackPointExtension>
            <ns3:hr>139</ns3:hr>
            <ns3:cad>96</ns3:cad>
          </ns3:TrackPointExtension>
        </extensions>
      </trkpt>
      <trkpt lat="25.0787526927888393402099609375" lon="102.71401195786893367767333984375">
        <ele>1900.4000244140625</ele>
        <time>2026-10-04T23:01:19.000Z</time>
        <extensions>
          <ns3:TrackPointExtension>
            <ns3:hr>139</ns3:hr>
            <ns3:cad>96</ns3:cad>
          </ns3:TrackPointExtension>
        </extensions>
      </trkpt>
      <trkpt lat="25.07876694202423095703125" lon="102.71398832090198993682861328125">
        <ele>1900.4000244140625</ele>
        <time>2026-10-04T23:01:20.000Z</time>
        <extensions>
          <ns3:TrackPointExtension>
            <ns3:hr>139</ns3:hr>
            <ns3:cad>96</ns3:cad>
          </ns3:TrackPointExtension>
        </extensions>
      </trkpt>
      <trkpt lat="25.07878110744059085845947265625" lon="102.71395848132669925689697265625">
        <ele>1900.4000244140625</ele>
        <time>2026-10-04T23:01:21.000Z</time>
        <extensions>
          <ns3:TrackPointExtension>
            <ns3:hr>139</ns3:hr>
            <ns3:cad>95</ns3:cad>
          </ns3:TrackPointExtension>
        </extensions>
      </trkpt>
      <trkpt lat="25.07879937998950481414794921875" lon="102.71393802948296070098876953125">
        <ele>1900.5999755859375</ele>
        <time>2026-10-04T23:01:22.000Z</time>
        <extensions>
          <ns3:TrackPointExtension>
            <ns3:hr>139</ns3:hr>
            <ns3:cad>95</ns3:cad>
          </ns3:TrackPointExtension>
        </extensions>
      </trkpt>
      <trkpt lat="25.07881396450102329254150390625" lon="102.7139186672866344451904296875">
        <ele>1900.5999755859375</ele>
        <time>2026-10-04T23:01:23.000Z</time>
        <extensions>
          <ns3:TrackPointExtension>
            <ns3:hr>138</ns3:hr>
            <ns3:cad>95</ns3:cad>
          </ns3:TrackPointExtension>
        </extensions>
      </trkpt>
      <trkpt lat="25.078832991421222686767578125" lon="102.7138925157487392425537109375">
        <ele>1900.5999755859375</ele>
        <time>2026-10-04T23:01:24.000Z</time>
        <extensions>
          <ns3:TrackPointExtension>
            <ns3:hr>138</ns3:hr>
            <ns3:cad>95</ns3:cad>
          </ns3:TrackPointExtension>
        </extensions>
      </trkpt>
      <trkpt lat="25.07884564809501171112060546875" lon="102.713872231543064117431640625">
        <ele>1900.5999755859375</ele>
        <time>2026-10-04T23:01:25.000Z</time>
        <extensions>
          <ns3:TrackPointExtension>
            <ns3:hr>138</ns3:hr>
            <ns3:cad>96</ns3:cad>
          </ns3:TrackPointExtension>
        </extensions>
      </trkpt>
      <trkpt lat="25.078863836824893951416015625" lon="102.713841386139392852783203125">
        <ele>1900.5999755859375</ele>
        <time>2026-10-04T23:01:26.000Z</time>
        <extensions>
          <ns3:TrackPointExtension>
            <ns3:hr>138</ns3:hr>
            <ns3:cad>96</ns3:cad>
          </ns3:TrackPointExtension>
        </extensions>
      </trkpt>
      <trkpt lat="25.07887967862188816070556640625" lon="102.71381665952503681182861328125">
        <ele>1900.5999755859375</ele>
        <time>2026-10-04T23:01:27.000Z</time>
        <extensions>
          <ns3:TrackPointExtension>
            <ns3:hr>138</ns3:hr>
            <ns3:cad>96</ns3:cad>
          </ns3:TrackPointExtension>
        </extensions>
      </trkpt>
      <trkpt lat="25.07889769971370697021484375" lon="102.71379671059548854827880859375">
        <ele>1900.5999755859375</ele>
        <time>2026-10-04T23:01:28.000Z</time>
        <extensions>
          <ns3:TrackPointExtension>
            <ns3:hr>137</ns3:hr>
            <ns3:cad>96</ns3:cad>
          </ns3:TrackPointExtension>
        </extensions>
      </trkpt>
      <trkpt lat="25.0789136253297328948974609375" lon="102.7137791924178600311279296875">
        <ele>1900.5999755859375</ele>
        <time>2026-10-04T23:01:29.000Z</time>
        <extensions>
          <ns3:TrackPointExtension>
            <ns3:hr>137</ns3:hr>
            <ns3:cad>96</ns3:cad>
          </ns3:TrackPointExtension>
        </extensions>
      </trkpt>
      <trkpt lat="25.07892695255577564239501953125" lon="102.71376402117311954498291015625">
        <ele>1900.5999755859375</ele>
        <time>2026-10-04T23:01:30.000Z</time>
        <extensions>
          <ns3:TrackPointExtension>
            <ns3:hr>137</ns3:hr>
            <ns3:cad>96</ns3:cad>
          </ns3:TrackPointExtension>
        </extensions>
      </trkpt>
      <trkpt lat="25.078948996961116790771484375" lon="102.71373585797846317291259765625">
        <ele>1900.800048828125</ele>
        <time>2026-10-04T23:01:31.000Z</time>
        <extensions>
          <ns3:TrackPointExtension>
            <ns3:hr>137</ns3:hr>
            <ns3:cad>95</ns3:cad>
          </ns3:TrackPointExtension>
        </extensions>
      </trkpt>
      <trkpt lat="25.07895528338849544525146484375" lon="102.71370803005993366241455078125">
        <ele>1900.800048828125</ele>
        <time>2026-10-04T23:01:32.000Z</time>
        <extensions>
          <ns3:TrackPointExtension>
            <ns3:hr>137</ns3:hr>
            <ns3:cad>95</ns3:cad>
          </ns3:TrackPointExtension>
        </extensions>
      </trkpt>
      <trkpt lat="25.078962408006191253662109375" lon="102.71367651410400867462158203125">
        <ele>1900.800048828125</ele>
        <time>2026-10-04T23:01:33.000Z</time>
        <extensions>
          <ns3:TrackPointExtension>
            <ns3:hr>137</ns3:hr>
            <ns3:cad>95</ns3:cad>
          </ns3:TrackPointExtension>
        </extensions>
      </trkpt>
      <trkpt lat="25.07896986790001392364501953125" lon="102.71364097483456134796142578125">
        <ele>1900.800048828125</ele>
        <time>2026-10-04T23:01:34.000Z</time>
        <extensions>
          <ns3:TrackPointExtension>
            <ns3:hr>137</ns3:hr>
            <ns3:cad>95</ns3:cad>
          </ns3:TrackPointExtension>
        </extensions>
      </trkpt>
      <trkpt lat="25.07898227311670780181884765625" lon="102.7136149071156978607177734375">
        <ele>1901</ele>
        <time>2026-10-04T23:01:35.000Z</time>
        <extensions>
          <ns3:TrackPointExtension>
            <ns3:hr>137</ns3:hr>
            <ns3:cad>95</ns3:cad>
          </ns3:TrackPointExtension>
        </extensions>
      </trkpt>
      <trkpt lat="25.07900155149400234222412109375" lon="102.713583894073963165283203125">
        <ele>1901</ele>
        <time>2026-10-04T23:01:36.000Z</time>
        <extensions>
          <ns3:TrackPointExtension>
            <ns3:hr>136</ns3:hr>
            <ns3:cad>95</ns3:cad>
          </ns3:TrackPointExtension>
        </extensions>
      </trkpt>
      <trkpt lat="25.0790098495781421661376953125" lon="102.71355598233640193939208984375">
        <ele>1901</ele>
        <time>2026-10-04T23:01:37.000Z</time>
        <extensions>
          <ns3:TrackPointExtension>
            <ns3:hr>136</ns3:hr>
            <ns3:cad>95</ns3:cad>
          </ns3:TrackPointExtension>
        </extensions>
      </trkpt>
      <trkpt lat="25.0790235958993434906005859375" lon="102.713523209095001220703125">
        <ele>1901</ele>
        <time>2026-10-04T23:01:38.000Z</time>
        <extensions>
          <ns3:TrackPointExtension>
            <ns3:hr>136</ns3:hr>
            <ns3:cad>95</ns3:cad>
          </ns3:TrackPointExtension>
        </extensions>
      </trkpt>
      <trkpt lat="25.0790353305637836456298828125" lon="102.71349647082388401031494140625">
        <ele>1901</ele>
        <time>2026-10-04T23:01:39.000Z</time>
        <extensions>
          <ns3:TrackPointExtension>
            <ns3:hr>137</ns3:hr>
            <ns3:cad>95</ns3:cad>
          </ns3:TrackPointExtension>
        </extensions>
      </trkpt>
      <trkpt lat="25.07905100472271442413330078125" lon="102.71347316913306713104248046875">
        <ele>1901.199951171875</ele>
        <time>2026-10-04T23:01:40.000Z</time>
        <extensions>
          <ns3:TrackPointExtension>
            <ns3:hr>136</ns3:hr>
            <ns3:cad>96</ns3:cad>
          </ns3:TrackPointExtension>
        </extensions>
      </trkpt>
      <trkpt lat="25.0790628232061862945556640625" lon="102.713447101414203643798828125">
        <ele>1901.199951171875</ele>
        <time>2026-10-04T23:01:41.000Z</time>
        <extensions>
          <ns3:TrackPointExtension>
            <ns3:hr>136</ns3:hr>
            <ns3:cad>96</ns3:cad>
          </ns3:TrackPointExtension>
        </extensions>
      </trkpt>
      <trkpt lat="25.0790727138519287109375" lon="102.7134284935891628265380859375">
        <ele>1901.199951171875</ele>
        <time>2026-10-04T23:01:42.000Z</time>
        <extensions>
          <ns3:TrackPointExtension>
            <ns3:hr>137</ns3:hr>
            <ns3:cad>96</ns3:cad>
          </ns3:TrackPointExtension>
        </extensions>
      </trkpt>
      <trkpt lat="25.0790933333337306976318359375" lon="102.71340225823223590850830078125">
        <ele>1901.4000244140625</ele>
        <time>2026-10-04T23:01:43.000Z</time>
        <extensions>
          <ns3:TrackPointExtension>
            <ns3:hr>137</ns3:hr>
            <ns3:cad>95</ns3:cad>
          </ns3:TrackPointExtension>
        </extensions>
      </trkpt>
      <trkpt lat="25.0791040621697902679443359375" lon="102.71337761543691158294677734375">
        <ele>1901.4000244140625</ele>
        <time>2026-10-04T23:01:44.000Z</time>
        <extensions>
          <ns3:TrackPointExtension>
            <ns3:hr>137</ns3:hr>
            <ns3:cad>95</ns3:cad>
          </ns3:TrackPointExtension>
        </extensions>
      </trkpt>
      <trkpt lat="25.07911722175776958465576171875" lon="102.7133470214903354644775390625">
        <ele>1901.4000244140625</ele>
        <time>2026-10-04T23:01:45.000Z</time>
        <extensions>
          <ns3:TrackPointExtension>
            <ns3:hr>136</ns3:hr>
            <ns3:cad>93</ns3:cad>
          </ns3:TrackPointExtension>
        </extensions>
      </trkpt>
      <trkpt lat="25.079129375517368316650390625" lon="102.71331994794309139251708984375">
        <ele>1901.5999755859375</ele>
        <time>2026-10-04T23:01:46.000Z</time>
        <extensions>
          <ns3:TrackPointExtension>
            <ns3:hr>137</ns3:hr>
            <ns3:cad>93</ns3:cad>
          </ns3:TrackPointExtension>
        </extensions>
      </trkpt>
      <trkpt lat="25.07914739660918712615966796875" lon="102.71329186856746673583984375">
        <ele>1901.5999755859375</ele>
        <time>2026-10-04T23:01:47.000Z</time>
        <extensions>
          <ns3:TrackPointExtension>
            <ns3:hr>137</ns3:hr>
            <ns3:cad>95</ns3:cad>
          </ns3:TrackPointExtension>
        </extensions>
      </trkpt>
      <trkpt lat="25.079159550368785858154296875" lon="102.71326144225895404815673828125">
        <ele>1901.800048828125</ele>
        <time>2026-10-04T23:01:48.000Z</time>
        <extensions>
          <ns3:TrackPointExtension>
            <ns3:hr>137</ns3:hr>
            <ns3:cad>95</ns3:cad>
          </ns3:TrackPointExtension>
        </extensions>
      </trkpt>
      <trkpt lat="25.079173631966114044189453125" lon="102.71323210559785366058349609375">
        <ele>1901.800048828125</ele>
        <time>2026-10-04T23:01:49.000Z</time>
        <extensions>
          <ns3:TrackPointExtension>
            <ns3:hr>138</ns3:hr>
            <ns3:cad>95</ns3:cad>
          </ns3:TrackPointExtension>
        </extensions>
      </trkpt>
      <trkpt lat="25.0791872106492519378662109375" lon="102.7131998352706432342529296875">
        <ele>1901.800048828125</ele>
        <time>2026-10-04T23:01:50.000Z</time>
        <extensions>
          <ns3:TrackPointExtension>
            <ns3:hr>138</ns3:hr>
            <ns3:cad>95</ns3:cad>
          </ns3:TrackPointExtension>
        </extensions>
      </trkpt>
      <trkpt lat="25.0791996158659458160400390625" lon="102.71317527629435062408447265625">
        <ele>1901.800048828125</ele>
        <time>2026-10-04T23:01:51.000Z</time>
        <extensions>
          <ns3:TrackPointExtension>
            <ns3:hr>138</ns3:hr>
            <ns3:cad>95</ns3:cad>
          </ns3:TrackPointExtension>
        </extensions>
      </trkpt>
      <trkpt lat="25.07921864278614521026611328125" lon="102.7131421677768230438232421875">
        <ele>1901.800048828125</ele>
        <time>2026-10-04T23:01:52.000Z</time>
        <extensions>
          <ns3:TrackPointExtension>
            <ns3:hr>138</ns3:hr>
            <ns3:cad>94</ns3:cad>
          </ns3:TrackPointExtension>
        </extensions>
      </trkpt>
      <trkpt lat="25.079228617250919342041015625" lon="102.7131150104105472564697265625">
        <ele>1901.800048828125</ele>
        <time>2026-10-04T23:01:53.000Z</time>
        <extensions>
          <ns3:TrackPointExtension>
            <ns3:hr>138</ns3:hr>
            <ns3:cad>94</ns3:cad>
          </ns3:TrackPointExtension>
        </extensions>
      </trkpt>
      <trkpt lat="25.07924378849565982818603515625" lon="102.7130806446075439453125">
        <ele>1901.800048828125</ele>
        <time>2026-10-04T23:01:54.000Z</time>
        <extensions>
          <ns3:TrackPointExtension>
            <ns3:hr>138</ns3:hr>
            <ns3:cad>94</ns3:cad>
          </ns3:TrackPointExtension>
        </extensions>
      </trkpt>
      <trkpt lat="25.07925619371235370635986328125" lon="102.71305181086063385009765625">
        <ele>1901.800048828125</ele>
        <time>2026-10-04T23:01:55.000Z</time>
        <extensions>
          <ns3:TrackPointExtension>
            <ns3:hr>138</ns3:hr>
            <ns3:cad>94</ns3:cad>
          </ns3:TrackPointExtension>
        </extensions>
      </trkpt>
      <trkpt lat="25.07926574908196926116943359375" lon="102.7130229771137237548828125">
        <ele>1902</ele>
        <time>2026-10-04T23:01:56.000Z</time>
        <extensions>
          <ns3:TrackPointExtension>
            <ns3:hr>138</ns3:hr>
            <ns3:cad>95</ns3:cad>
          </ns3:TrackPointExtension>
        </extensions>
      </trkpt>
      <trkpt lat="25.07927781902253627777099609375" lon="102.712993137538433074951171875">
        <ele>1902</ele>
        <time>2026-10-04T23:01:57.000Z</time>
        <extensions>
          <ns3:TrackPointExtension>
            <ns3:hr>138</ns3:hr>
            <ns3:cad>95</ns3:cad>
          </ns3:TrackPointExtension>
        </extensions>
      </trkpt>
      <trkpt lat="25.0792884640395641326904296875" lon="102.71296757273375988006591796875">
        <ele>1901.800048828125</ele>
        <time>2026-10-04T23:01:58.000Z</time>
        <extensions>
          <ns3:TrackPointExtension>
            <ns3:hr>138</ns3:hr>
            <ns3:cad>95</ns3:cad>
          </ns3:TrackPointExtension>
        </extensions>
      </trkpt>
      <trkpt lat="25.0793074071407318115234375" lon="102.7129396609961986541748046875">
        <ele>1902</ele>
        <time>2026-10-04T23:01:59.000Z</time>
        <extensions>
          <ns3:TrackPointExtension>
            <ns3:hr>138</ns3:hr>
            <ns3:cad>95</ns3:cad>
          </ns3:TrackPointExtension>
        </extensions>
      </trkpt>
      <trkpt lat="25.07932844571769237518310546875" lon="102.71291459910571575164794921875">
        <ele>1902</ele>
        <time>2026-10-04T23:02:00.000Z</time>
        <extensions>
          <ns3:TrackPointExtension>
            <ns3:hr>138</ns3:hr>
            <ns3:cad>95</ns3:cad>
          </ns3:TrackPointExtension>
        </extensions>
      </trkpt>
      <trkpt lat="25.079353339970111846923828125" lon="102.71288794465363025665283203125">
        <ele>1902</ele>
        <time>2026-10-04T23:02:01.000Z</time>
        <extensions>
          <ns3:TrackPointExtension>
            <ns3:hr>139</ns3:hr>
            <ns3:cad>96</ns3:cad>
          </ns3:TrackPointExtension>
        </extensions>
      </trkpt>
      <trkpt lat="25.07937974296510219573974609375" lon="102.71286196075379848480224609375">
        <ele>1902</ele>
        <time>2026-10-04T23:02:02.000Z</time>
        <extensions>
          <ns3:TrackPointExtension>
            <ns3:hr>138</ns3:hr>
            <ns3:cad>96</ns3:cad>
          </ns3:TrackPointExtension>
        </extensions>
      </trkpt>
      <trkpt lat="25.079396925866603851318359375" lon="102.71283396519720554351806640625">
        <ele>1902.199951171875</ele>
        <time>2026-10-04T23:02:03.000Z</time>
        <extensions>
          <ns3:TrackPointExtension>
            <ns3:hr>138</ns3:hr>
            <ns3:cad>96</ns3:cad>
          </ns3:TrackPointExtension>
        </extensions>
      </trkpt>
      <trkpt lat="25.079416371881961822509765625" lon="102.71280278451740741729736328125">
        <ele>1902.199951171875</ele>
        <time>2026-10-04T23:02:04.000Z</time>
        <extensions>
          <ns3:TrackPointExtension>
            <ns3:hr>138</ns3:hr>
            <ns3:cad>96</ns3:cad>
          </ns3:TrackPointExtension>
        </extensions>
      </trkpt>
      <trkpt lat="25.07943212985992431640625" lon="102.71277328021824359893798828125">
        <ele>1902</ele>
        <time>2026-10-04T23:02:05.000Z</time>
        <extensions>
          <ns3:TrackPointExtension>
            <ns3:hr>138</ns3:hr>
            <ns3:cad>94</ns3:cad>
          </ns3:TrackPointExtension>
        </extensions>
      </trkpt>
      <trkpt lat="25.07945065386593341827392578125" lon="102.71274142898619174957275390625">
        <ele>1902</ele>
        <time>2026-10-04T23:02:06.000Z</time>
        <extensions>
          <ns3:TrackPointExtension>
            <ns3:hr>138</ns3:hr>
            <ns3:cad>94</ns3:cad>
          </ns3:TrackPointExtension>
        </extensions>
      </trkpt>
      <trkpt lat="25.0794634781777858734130859375" lon="102.71270890720188617706298828125">
        <ele>1902</ele>
        <time>2026-10-04T23:02:07.000Z</time>
        <extensions>
          <ns3:TrackPointExtension>
            <ns3:hr>137</ns3:hr>
            <ns3:cad>94</ns3:cad>
          </ns3:TrackPointExtension>
        </extensions>
      </trkpt>
      <trkpt lat="25.079477727413177490234375" lon="102.712682671844959259033203125">
        <ele>1902.199951171875</ele>
        <time>2026-10-04T23:02:08.000Z</time>
        <extensions>
          <ns3:TrackPointExtension>
            <ns3:hr>137</ns3:hr>
            <ns3:cad>94</ns3:cad>
          </ns3:TrackPointExtension>
        </extensions>
      </trkpt>
      <trkpt lat="25.0794882886111736297607421875" lon="102.71264989860355854034423828125">
        <ele>1902.199951171875</ele>
        <time>2026-10-04T23:02:09.000Z</time>
        <extensions>
          <ns3:TrackPointExtension>
            <ns3:hr>137</ns3:hr>
            <ns3:cad>94</ns3:cad>
          </ns3:TrackPointExtension>
        </extensions>
      </trkpt>
      <trkpt lat="25.07950044237077236175537109375" lon="102.7126231603324413299560546875">
        <ele>1902.199951171875</ele>
        <time>2026-10-04T23:02:10.000Z</time>
        <extensions>
          <ns3:TrackPointExtension>
            <ns3:hr>138</ns3:hr>
            <ns3:cad>94</ns3:cad>
          </ns3:TrackPointExtension>
        </extensions>
      </trkpt>
      <trkpt lat="25.0795194692909717559814453125" lon="102.7125911414623260498046875">
        <ele>1902.4000244140625</ele>
        <time>2026-10-04T23:02:11.000Z</time>
        <extensions>
          <ns3:TrackPointExtension>
            <ns3:hr>138</ns3:hr>
            <ns3:cad>95</ns3:cad>
          </ns3:TrackPointExtension>
        </extensions>
      </trkpt>
      <trkpt lat="25.079536400735378265380859375" lon="102.71256423555314540863037109375">
        <ele>1902.4000244140625</ele>
        <time>2026-10-04T23:02:12.000Z</time>
        <extensions>
          <ns3:TrackPointExtension>
            <ns3:hr>137</ns3:hr>
            <ns3:cad>95</ns3:cad>
          </ns3:TrackPointExtension>
        </extensions>
      </trkpt>
      <trkpt lat="25.07955006323754787445068359375" lon="102.71253707818686962127685546875">
        <ele>1902.4000244140625</ele>
        <time>2026-10-04T23:02:13.000Z</time>
        <extensions>
          <ns3:TrackPointExtension>
            <ns3:hr>137</ns3:hr>
            <ns3:cad>95</ns3:cad>
          </ns3:TrackPointExtension>
        </extensions>
      </trkpt>
      <trkpt lat="25.0795664079487323760986328125" lon="102.71250874735414981842041015625">
        <ele>1902.5999755859375</ele>
        <time>2026-10-04T23:02:14.000Z</time>
        <extensions>
          <ns3:TrackPointExtension>
            <ns3:hr>138</ns3:hr>
            <ns3:cad>93</ns3:cad>
          </ns3:TrackPointExtension>
        </extensions>
      </trkpt>
      <trkpt lat="25.07958300411701202392578125" lon="102.71248779259622097015380859375">
        <ele>1902.5999755859375</ele>
        <time>2026-10-04T23:02:15.000Z</time>
        <extensions>
          <ns3:TrackPointExtension>
            <ns3:hr>138</ns3:hr>
            <ns3:cad>93</ns3:cad>
          </ns3:TrackPointExtension>
        </extensions>
      </trkpt>
      <trkpt lat="25.0795985944569110870361328125" lon="102.712459377944469451904296875">
        <ele>1902.5999755859375</ele>
        <time>2026-10-04T23:02:16.000Z</time>
        <extensions>
          <ns3:TrackPointExtension>
            <ns3:hr>138</ns3:hr>
            <ns3:cad>93</ns3:cad>
          </ns3:TrackPointExtension>
        </extensions>
      </trkpt>
      <trkpt lat="25.079613514244556427001953125" lon="102.71243314258754253387451171875">
        <ele>1902.5999755859375</ele>
        <time>2026-10-04T23:02:17.000Z</time>
        <extensions>
          <ns3:TrackPointExtension>
            <ns3:hr>137</ns3:hr>
            <ns3:cad>96</ns3:cad>
          </ns3:TrackPointExtension>
        </extensions>
      </trkpt>
      <trkpt lat="25.07962902076542377471923828125" lon="102.71241051144897937774658203125">
        <ele>1902.5999755859375</ele>
        <time>2026-10-04T23:02:18.000Z</time>
        <extensions>
          <ns3:TrackPointExtension>
            <ns3:hr>137</ns3:hr>
            <ns3:cad>97</ns3:cad>
          </ns3:TrackPointExtension>
        </extensions>
      </trkpt>
      <trkpt lat="25.07964561693370342254638671875" lon="102.7123800851404666900634765625">
        <ele>1902.800048828125</ele>
        <time>2026-10-04T23:02:19.000Z</time>
        <extensions>
          <ns3:TrackPointExtension>
            <ns3:hr>137</ns3:hr>
            <ns3:cad>97</ns3:cad>
          </ns3:TrackPointExtension>
        </extensions>
      </trkpt>
      <trkpt lat="25.07965902797877788543701171875" lon="102.7123559452593326568603515625">
        <ele>1902.800048828125</ele>
        <time>2026-10-04T23:02:20.000Z</time>
        <extensions>
          <ns3:TrackPointExtension>
            <ns3:hr>137</ns3:hr>
            <ns3:cad>97</ns3:cad>
          </ns3:TrackPointExtension>
        </extensions>
      </trkpt>
      <trkpt lat="25.079679228365421295166015625" lon="102.712323255836963653564453125">
        <ele>1903</ele>
        <time>2026-10-04T23:02:21.000Z</time>
        <extensions>
          <ns3:TrackPointExtension>
            <ns3:hr>137</ns3:hr>
            <ns3:cad>96</ns3:cad>
          </ns3:TrackPointExtension>
        </extensions>
      </trkpt>
      <trkpt lat="25.0796975009143352508544921875" lon="102.71230204962193965911865234375">
        <ele>1903</ele>
        <time>2026-10-04T23:02:22.000Z</time>
        <extensions>
          <ns3:TrackPointExtension>
            <ns3:hr>137</ns3:hr>
            <ns3:cad>95</ns3:cad>
          </ns3:TrackPointExtension>
        </extensions>
      </trkpt>
      <trkpt lat="25.079721473157405853271484375" lon="102.71228126250207424163818359375">
        <ele>1903</ele>
        <time>2026-10-04T23:02:23.000Z</time>
        <extensions>
          <ns3:TrackPointExtension>
            <ns3:hr>137</ns3:hr>
            <ns3:cad>95</ns3:cad>
          </ns3:TrackPointExtension>
        </extensions>
      </trkpt>
      <trkpt lat="25.07974133826792240142822265625" lon="102.71225376985967159271240234375">
        <ele>1903</ele>
        <time>2026-10-04T23:02:24.000Z</time>
        <extensions>
          <ns3:TrackPointExtension>
            <ns3:hr>137</ns3:hr>
            <ns3:cad>95</ns3:cad>
          </ns3:TrackPointExtension>
        </extensions>
      </trkpt>
      <trkpt lat="25.0797595269978046417236328125" lon="102.7122305519878864288330078125">
        <ele>1903</ele>
        <time>2026-10-04T23:02:25.000Z</time>
        <extensions>
          <ns3:TrackPointExtension>
            <ns3:hr>137</ns3:hr>
            <ns3:cad>95</ns3:cad>
          </ns3:TrackPointExtension>
        </extensions>
      </trkpt>
      <trkpt lat="25.07978014647960662841796875" lon="102.71220381371676921844482421875">
        <ele>1903</ele>
        <time>2026-10-04T23:02:26.000Z</time>
        <extensions>
          <ns3:TrackPointExtension>
            <ns3:hr>137</ns3:hr>
            <ns3:cad>95</ns3:cad>
          </ns3:TrackPointExtension>
        </extensions>
      </trkpt>
      <trkpt lat="25.079799257218837738037109375" lon="102.71217833273112773895263671875">
        <ele>1903</ele>
        <time>2026-10-04T23:02:27.000Z</time>
        <extensions>
          <ns3:TrackPointExtension>
            <ns3:hr>137</ns3:hr>
            <ns3:cad>95</ns3:cad>
          </ns3:TrackPointExtension>
        </extensions>
      </trkpt>
      <trkpt lat="25.07981895469129085540771484375" lon="102.712149918079376220703125">
        <ele>1903</ele>
        <time>2026-10-04T23:02:28.000Z</time>
        <extensions>
          <ns3:TrackPointExtension>
            <ns3:hr>136</ns3:hr>
            <ns3:cad>95</ns3:cad>
          </ns3:TrackPointExtension>
        </extensions>
      </trkpt>
      <trkpt lat="25.07983454503118991851806640625" lon="102.71212703548371791839599609375">
        <ele>1903</ele>
        <time>2026-10-04T23:02:29.000Z</time>
        <extensions>
          <ns3:TrackPointExtension>
            <ns3:hr>137</ns3:hr>
            <ns3:cad>95</ns3:cad>
          </ns3:TrackPointExtension>
        </extensions>
      </trkpt>
      <trkpt lat="25.07984862662851810455322265625" lon="102.71209895610809326171875">
        <ele>1903</ele>
        <time>2026-10-04T23:02:30.000Z</time>
        <extensions>
          <ns3:TrackPointExtension>
            <ns3:hr>137</ns3:hr>
            <ns3:cad>95</ns3:cad>
          </ns3:TrackPointExtension>
        </extensions>
      </trkpt>
      <trkpt lat="25.07986463606357574462890625" lon="102.7120686136186122894287109375">
        <ele>1903.199951171875</ele>
        <time>2026-10-04T23:02:31.000Z</time>
        <extensions>
          <ns3:TrackPointExtension>
            <ns3:hr>136</ns3:hr>
            <ns3:cad>95</ns3:cad>
          </ns3:TrackPointExtension>
        </extensions>
      </trkpt>
      <trkpt lat="25.0798829086124897003173828125" lon="102.71204858087003231048583984375">
        <ele>1903.199951171875</ele>
        <time>2026-10-04T23:02:32.000Z</time>
        <extensions>
          <ns3:TrackPointExtension>
            <ns3:hr>137</ns3:hr>
            <ns3:cad>95</ns3:cad>
          </ns3:TrackPointExtension>
        </extensions>
      </trkpt>
      <trkpt lat="25.07989942096173763275146484375" lon="102.71202309988439083099365234375">
        <ele>1903.4000244140625</ele>
        <time>2026-10-04T23:02:33.000Z</time>
        <extensions>
          <ns3:TrackPointExtension>
            <ns3:hr>137</ns3:hr>
            <ns3:cad>94</ns3:cad>
          </ns3:TrackPointExtension>
        </extensions>
      </trkpt>
      <trkpt lat="25.0799174420535564422607421875" lon="102.711996696889400482177734375">
        <ele>1903.4000244140625</ele>
        <time>2026-10-04T23:02:34.000Z</time>
        <extensions>
          <ns3:TrackPointExtension>
            <ns3:hr>138</ns3:hr>
            <ns3:cad>94</ns3:cad>
          </ns3:TrackPointExtension>
        </extensions>
      </trkpt>
      <trkpt lat="25.07993169128894805908203125" lon="102.71197012625634670257568359375">
        <ele>1903.4000244140625</ele>
        <time>2026-10-04T23:02:35.000Z</time>
        <extensions>
          <ns3:TrackPointExtension>
            <ns3:hr>138</ns3:hr>
            <ns3:cad>94</ns3:cad>
          </ns3:TrackPointExtension>
        </extensions>
      </trkpt>
      <trkpt lat="25.07994988001883029937744140625" lon="102.71193861030042171478271484375">
        <ele>1903.4000244140625</ele>
        <time>2026-10-04T23:02:36.000Z</time>
        <extensions>
          <ns3:TrackPointExtension>
            <ns3:hr>138</ns3:hr>
            <ns3:cad>95</ns3:cad>
          </ns3:TrackPointExtension>
        </extensions>
      </trkpt>
      <trkpt lat="25.0799657218158245086669921875" lon="102.71191078238189220428466796875">
        <ele>1903.5999755859375</ele>
        <time>2026-10-04T23:02:37.000Z</time>
        <extensions>
          <ns3:TrackPointExtension>
            <ns3:hr>139</ns3:hr>
            <ns3:cad>95</ns3:cad>
          </ns3:TrackPointExtension>
        </extensions>
      </trkpt>
      <trkpt lat="25.07998323999345302581787109375" lon="102.71188211627304553985595703125">
        <ele>1903.5999755859375</ele>
        <time>2026-10-04T23:02:38.000Z</time>
        <extensions>
          <ns3:TrackPointExtension>
            <ns3:hr>139</ns3:hr>
            <ns3:cad>95</ns3:cad>
          </ns3:TrackPointExtension>
        </extensions>
      </trkpt>
      <trkpt lat="25.07999933324754238128662109375" lon="102.71185378544032573699951171875">
        <ele>1903.5999755859375</ele>
        <time>2026-10-04T23:02:39.000Z</time>
        <extensions>
          <ns3:TrackPointExtension>
            <ns3:hr>140</ns3:hr>
            <ns3:cad>95</ns3:cad>
          </ns3:TrackPointExtension>
        </extensions>
      </trkpt>
      <trkpt lat="25.08001375012099742889404296875" lon="102.711828052997589111328125">
        <ele>1903.800048828125</ele>
        <time>2026-10-04T23:02:40.000Z</time>
        <extensions>
          <ns3:TrackPointExtension>
            <ns3:hr>140</ns3:hr>
            <ns3:cad>95</ns3:cad>
          </ns3:TrackPointExtension>
        </extensions>
      </trkpt>
      <trkpt lat="25.08003252558410167694091796875" lon="102.7117945253849029541015625">
        <ele>1904</ele>
        <time>2026-10-04T23:02:41.000Z</time>
        <extensions>
          <ns3:TrackPointExtension>
            <ns3:hr>140</ns3:hr>
            <ns3:cad>95</ns3:cad>
          </ns3:TrackPointExtension>
        </extensions>
      </trkpt>
      <trkpt lat="25.0800471939146518707275390625" lon="102.7117685414850711822509765625">
        <ele>1904.199951171875</ele>
        <time>2026-10-04T23:02:42.000Z</time>
        <extensions>
          <ns3:TrackPointExtension>
            <ns3:hr>140</ns3:hr>
            <ns3:cad>95</ns3:cad>
          </ns3:TrackPointExtension>
        </extensions>
      </trkpt>
      <trkpt lat="25.08005918003618717193603515625" lon="102.71173325367271900177001953125">
        <ele>1904.199951171875</ele>
        <time>2026-10-04T23:02:43.000Z</time>
        <extensions>
          <ns3:TrackPointExtension>
            <ns3:hr>141</ns3:hr>
            <ns3:cad>95</ns3:cad>
          </ns3:TrackPointExtension>
        </extensions>
      </trkpt>
      <trkpt lat="25.0800611078739166259765625" lon="102.71170307882130146026611328125">
        <ele>1904.4000244140625</ele>
        <time>2026-10-04T23:02:44.000Z</time>
        <extensions>
          <ns3:TrackPointExtension>
            <ns3:hr>141</ns3:hr>
            <ns3:cad>95</ns3:cad>
          </ns3:TrackPointExtension>
        </extensions>
      </trkpt>
      <trkpt lat="25.0800632871687412261962890625" lon="102.7116729877889156341552734375">
        <ele>1904.5999755859375</ele>
        <time>2026-10-04T23:02:45.000Z</time>
        <extensions>
          <ns3:TrackPointExtension>
            <ns3:hr>141</ns3:hr>
            <ns3:cad>95</ns3:cad>
          </ns3:TrackPointExtension>
        </extensions>
      </trkpt>
      <trkpt lat="25.0800599344074726104736328125" lon="102.711643315851688385009765625">
        <ele>1904.800048828125</ele>
        <time>2026-10-04T23:02:46.000Z</time>
        <extensions>
          <ns3:TrackPointExtension>
            <ns3:hr>141</ns3:hr>
            <ns3:cad>95</ns3:cad>
          </ns3:TrackPointExtension>
        </extensions>
      </trkpt>
      <trkpt lat="25.08005264215171337127685546875" lon="102.71161909215152263641357421875">
        <ele>1904.800048828125</ele>
        <time>2026-10-04T23:02:47.000Z</time>
        <extensions>
          <ns3:TrackPointExtension>
            <ns3:hr>141</ns3:hr>
            <ns3:cad>95</ns3:cad>
          </ns3:TrackPointExtension>
        </extensions>
      </trkpt>
      <trkpt lat="25.0800455175340175628662109375" lon="102.7116045914590358734130859375">
        <ele>1905</ele>
        <time>2026-10-04T23:02:48.000Z</time>
        <extensions>
          <ns3:TrackPointExtension>
            <ns3:hr>141</ns3:hr>
            <ns3:cad>96</ns3:cad>
          </ns3:TrackPointExtension>
        </extensions>
      </trkpt>
      <trkpt lat="25.08002959191799163818359375" lon="102.71158866584300994873046875">
        <ele>1905.199951171875</ele>
        <time>2026-10-04T23:02:49.000Z</time>
        <extensions>
          <ns3:TrackPointExtension>
            <ns3:hr>141</ns3:hr>
            <ns3:cad>96</ns3:cad>
          </ns3:TrackPointExtension>
        </extensions>
      </trkpt>
      <trkpt lat="25.0800146721303462982177734375" lon="102.71157751791179180145263671875">
        <ele>1905.199951171875</ele>
        <time>2026-10-04T23:02:50.000Z</time>
        <extensions>
          <ns3:TrackPointExtension>
            <ns3:hr>141</ns3:hr>
            <ns3:cad>96</ns3:cad>
          </ns3:TrackPointExtension>
        </extensions>
      </trkpt>
      <trkpt lat="25.07999530993402004241943359375" lon="102.71156293340027332305908203125">
        <ele>1905.4000244140625</ele>
        <time>2026-10-04T23:02:51.000Z</time>
        <extensions>
          <ns3:TrackPointExtension>
            <ns3:hr>141</ns3:hr>
            <ns3:cad>96</ns3:cad>
          </ns3:TrackPointExtension>
        </extensions>
      </trkpt>
      <trkpt lat="25.07997586391866207122802734375" lon="102.7115499414503574371337890625">
        <ele>1905.4000244140625</ele>
        <time>2026-10-04T23:02:52.000Z</time>
        <extensions>
          <ns3:TrackPointExtension>
            <ns3:hr>141</ns3:hr>
            <ns3:cad>89</ns3:cad>
          </ns3:TrackPointExtension>
        </extensions>
      </trkpt>
      <trkpt lat="25.079952813684940338134765625" lon="102.71153845824301242828369140625">
        <ele>1905.4000244140625</ele>
        <time>2026-10-04T23:02:53.000Z</time>
        <extensions>
          <ns3:TrackPointExtension>
            <ns3:hr>141</ns3:hr>
            <ns3:cad>89</ns3:cad>
          </ns3:TrackPointExtension>
        </extensions>
      </trkpt>
      <trkpt lat="25.07992900907993316650390625" lon="102.71152370609343051910400390625">
        <ele>1905.4000244140625</ele>
        <time>2026-10-04T23:02:54.000Z</time>
        <extensions>
          <ns3:TrackPointExtension>
            <ns3:hr>141</ns3:hr>
            <ns3:cad>89</ns3:cad>
          </ns3:TrackPointExtension>
        </extensions>
      </trkpt>
      <trkpt lat="25.07991291582584381103515625" lon="102.7115090377628803253173828125">
        <ele>1905.4000244140625</ele>
        <time>2026-10-04T23:02:55.000Z</time>
        <extensions>
          <ns3:TrackPointExtension>
            <ns3:hr>141</ns3:hr>
            <ns3:cad>89</ns3:cad>
          </ns3:TrackPointExtension>
        </extensions>
      </trkpt>
      <trkpt lat="25.07989011704921722412109375" lon="102.7114969678223133087158203125">
        <ele>1905.4000244140625</ele>
        <time>2026-10-04T23:02:56.000Z</time>
        <extensions>
          <ns3:TrackPointExtension>
            <ns3:hr>141</ns3:hr>
            <ns3:cad>89</ns3:cad>
          </ns3:TrackPointExtension>
        </extensions>
      </trkpt>
      <trkpt lat="25.079881064593791961669921875" lon="102.71148816682398319244384765625">
        <ele>1905.199951171875</ele>
        <time>2026-10-04T23:02:57.000Z</time>
        <extensions>
          <ns3:TrackPointExtension>
            <ns3:hr>141</ns3:hr>
            <ns3:cad>93</ns3:cad>
          </ns3:TrackPointExtension>
        </extensions>
      </trkpt>
      <trkpt lat="25.07986203767359256744384765625" lon="102.7114726603031158447265625">
        <ele>1905.4000244140625</ele>
        <time>2026-10-04T23:02:58.000Z</time>
        <extensions>
          <ns3:TrackPointExtension>
            <ns3:hr>141</ns3:hr>
            <ns3:cad>93</ns3:cad>
          </ns3:TrackPointExtension>
        </extensions>
      </trkpt>
      <trkpt lat="25.07983990944921970367431640625" lon="102.71145782433450222015380859375">
        <ele>1905.4000244140625</ele>
        <time>2026-10-04T23:02:59.000Z</time>
        <extensions>
          <ns3:TrackPointExtension>
            <ns3:hr>141</ns3:hr>
            <ns3:cad>93</ns3:cad>
          </ns3:TrackPointExtension>
        </extensions>
      </trkpt>
      <trkpt lat="25.07982440292835235595703125" lon="102.71144743077456951141357421875">
        <ele>1905.5999755859375</ele>
        <time>2026-10-04T23:03:00.000Z</time>
        <extensions>
          <ns3:TrackPointExtension>
            <ns3:hr>141</ns3:hr>
            <ns3:cad>93</ns3:cad>
          </ns3:TrackPointExtension>
        </extensions>
      </trkpt>
      <trkpt lat="25.0798051245510578155517578125" lon="102.71143133752048015594482421875">
        <ele>1905.5999755859375</ele>
        <time>2026-10-04T23:03:01.000Z</time>
        <extensions>
          <ns3:TrackPointExtension>
            <ns3:hr>140</ns3:hr>
            <ns3:cad>93</ns3:cad>
          </ns3:TrackPointExtension>
        </extensions>
      </trkpt>
      <trkpt lat="25.07978425361216068267822265625" lon="102.71141675300896167755126953125">
        <ele>1905.800048828125</ele>
        <time>2026-10-04T23:03:02.000Z</time>
        <extensions>
          <ns3:TrackPointExtension>
            <ns3:hr>140</ns3:hr>
            <ns3:cad>93</ns3:cad>
          </ns3:TrackPointExtension>
        </extensions>
      </trkpt>
      <trkpt lat="25.07975759916007518768310546875" lon="102.711399234831333160400390625">
        <ele>1905.800048828125</ele>
        <time>2026-10-04T23:03:03.000Z</time>
        <extensions>
          <ns3:TrackPointExtension>
            <ns3:hr>140</ns3:hr>
            <ns3:cad>96</ns3:cad>
          </ns3:TrackPointExtension>
        </extensions>
      </trkpt>
      <trkpt lat="25.0797338783740997314453125" lon="102.71138825453817844390869140625">
        <ele>1905.800048828125</ele>
        <time>2026-10-04T23:03:04.000Z</time>
        <extensions>
          <ns3:TrackPointExtension>
            <ns3:hr>139</ns3:hr>
            <ns3:cad>96</ns3:cad>
          </ns3:TrackPointExtension>
        </extensions>
      </trkpt>
      <trkpt lat="25.07971082814037799835205078125" lon="102.71137719042599201202392578125">
        <ele>1905.800048828125</ele>
        <time>2026-10-04T23:03:05.000Z</time>
        <extensions>
          <ns3:TrackPointExtension>
            <ns3:hr>139</ns3:hr>
            <ns3:cad>96</ns3:cad>
          </ns3:TrackPointExtension>
        </extensions>
      </trkpt>
      <trkpt lat="25.0796867720782756805419921875" lon="102.71136076189577579498291015625">
        <ele>1905.800048828125</ele>
        <time>2026-10-04T23:03:06.000Z</time>
        <extensions>
          <ns3:TrackPointExtension>
            <ns3:hr>139</ns3:hr>
            <ns3:cad>96</ns3:cad>
          </ns3:TrackPointExtension>
        </extensions>
      </trkpt>
      <trkpt lat="25.0796643085777759552001953125" lon="102.7113434113562107086181640625">
        <ele>1906</ele>
        <time>2026-10-04T23:03:07.000Z</time>
        <extensions>
          <ns3:TrackPointExtension>
            <ns3:hr>139</ns3:hr>
            <ns3:cad>95</ns3:cad>
          </ns3:TrackPointExtension>
        </extensions>
      </trkpt>
      <trkpt lat="25.0796391628682613372802734375" lon="102.71132740192115306854248046875">
        <ele>1906</ele>
        <time>2026-10-04T23:03:08.000Z</time>
        <extensions>
          <ns3:TrackPointExtension>
            <ns3:hr>140</ns3:hr>
            <ns3:cad>95</ns3:cad>
          </ns3:TrackPointExtension>
        </extensions>
      </trkpt>
      <trkpt lat="25.07962130941450595855712890625" lon="102.71130879409611225128173828125">
        <ele>1906.199951171875</ele>
        <time>2026-10-04T23:03:09.000Z</time>
        <extensions>
          <ns3:TrackPointExtension>
            <ns3:hr>139</ns3:hr>
            <ns3:cad>95</ns3:cad>
          </ns3:TrackPointExtension>
        </extensions>
      </trkpt>
      <trkpt lat="25.07959842681884765625" lon="102.7112937904894351959228515625">
        <ele>1906.199951171875</ele>
        <time>2026-10-04T23:03:10.000Z</time>
        <extensions>
          <ns3:TrackPointExtension>
            <ns3:hr>139</ns3:hr>
            <ns3:cad>94</ns3:cad>
          </ns3:TrackPointExtension>
        </extensions>
      </trkpt>
      <trkpt lat="25.07957252673804759979248046875" lon="102.71128029562532901763916015625">
        <ele>1906.199951171875</ele>
        <time>2026-10-04T23:03:11.000Z</time>
        <extensions>
          <ns3:TrackPointExtension>
            <ns3:hr>138</ns3:hr>
            <ns3:cad>94</ns3:cad>
          </ns3:TrackPointExtension>
        </extensions>
      </trkpt>
      <trkpt lat="25.07954838685691356658935546875" lon="102.7112626098096370697021484375">
        <ele>1906.4000244140625</ele>
        <time>2026-10-04T23:03:12.000Z</time>
        <extensions>
          <ns3:TrackPointExtension>
            <ns3:hr>138</ns3:hr>
            <ns3:cad>94</ns3:cad>
          </ns3:TrackPointExtension>
        </extensions>
      </trkpt>
      <trkpt lat="25.0795166194438934326171875" lon="102.71125246770679950714111328125">
        <ele>1906.4000244140625</ele>
        <time>2026-10-04T23:03:13.000Z</time>
        <extensions>
          <ns3:TrackPointExtension>
            <ns3:hr>138</ns3:hr>
            <ns3:cad>95</ns3:cad>
          </ns3:TrackPointExtension>
        </extensions>
      </trkpt>
      <trkpt lat="25.07947982288897037506103515625" lon="102.71124643273651599884033203125">
        <ele>1906.5999755859375</ele>
        <time>2026-10-04T23:03:14.000Z</time>
        <extensions>
          <ns3:TrackPointExtension>
            <ns3:hr>138</ns3:hr>
            <ns3:cad>95</ns3:cad>
          </ns3:TrackPointExtension>
        </extensions>
      </trkpt>
      <trkpt lat="25.0794514082372188568115234375" lon="102.711235620081424713134765625">
        <ele>1906.5999755859375</ele>
        <time>2026-10-04T23:03:15.000Z</time>
        <extensions>
          <ns3:TrackPointExtension>
            <ns3:hr>138</ns3:hr>
            <ns3:cad>95</ns3:cad>
          </ns3:TrackPointExtension>
        </extensions>
      </trkpt>
      <trkpt lat="25.07941947318613529205322265625" lon="102.711226902902126312255859375">
        <ele>1906.5999755859375</ele>
        <time>2026-10-04T23:03:16.000Z</time>
        <extensions>
          <ns3:TrackPointExtension>
            <ns3:hr>139</ns3:hr>
            <ns3:cad>95</ns3:cad>
          </ns3:TrackPointExtension>
        </extensions>
      </trkpt>
      <trkpt lat="25.07938854396343231201171875" lon="102.71121290512382984161376953125">
        <ele>1906.5999755859375</ele>
        <time>2026-10-04T23:03:17.000Z</time>
        <extensions>
          <ns3:TrackPointExtension>
            <ns3:hr>138</ns3:hr>
            <ns3:cad>95</ns3:cad>
          </ns3:TrackPointExtension>
        </extensions>
      </trkpt>
      <trkpt lat="25.0793615542352199554443359375" lon="102.71119781769812107086181640625">
        <ele>1906.5999755859375</ele>
        <time>2026-10-04T23:03:18.000Z</time>
        <extensions>
          <ns3:TrackPointExtension>
            <ns3:hr>138</ns3:hr>
            <ns3:cad>97</ns3:cad>
          </ns3:TrackPointExtension>
        </extensions>
      </trkpt>
      <trkpt lat="25.07933280430734157562255859375" lon="102.71118876524269580841064453125">
        <ele>1906.5999755859375</ele>
        <time>2026-10-04T23:03:19.000Z</time>
        <extensions>
          <ns3:TrackPointExtension>
            <ns3:hr>138</ns3:hr>
            <ns3:cad>97</ns3:cad>
          </ns3:TrackPointExtension>
        </extensions>
      </trkpt>
      <trkpt lat="25.07930363528430461883544921875" lon="102.71117568947374820709228515625">
        <ele>1906.5999755859375</ele>
        <time>2026-10-04T23:03:20.000Z</time>
        <extensions>
          <ns3:TrackPointExtension>
            <ns3:hr>138</ns3:hr>
            <ns3:cad>97</ns3:cad>
          </ns3:TrackPointExtension>
        </extensions>
      </trkpt>
      <trkpt lat="25.07928217761218547821044921875" lon="102.71116093732416629791259765625">
        <ele>1906.800048828125</ele>
        <time>2026-10-04T23:03:21.000Z</time>
        <extensions>
          <ns3:TrackPointExtension>
            <ns3:hr>138</ns3:hr>
            <ns3:cad>97</ns3:cad>
          </ns3:TrackPointExtension>
        </extensions>
      </trkpt>
      <trkpt lat="25.07925569079816341400146484375" lon="102.71114484407007694244384765625">
        <ele>1906.800048828125</ele>
        <time>2026-10-04T23:03:22.000Z</time>
        <extensions>
          <ns3:TrackPointExtension>
            <ns3:hr>138</ns3:hr>
            <ns3:cad>96</ns3:cad>
          </ns3:TrackPointExtension>
        </extensions>
      </trkpt>
      <trkpt lat="25.07923071272671222686767578125" lon="102.71112791262567043304443359375">
        <ele>1907</ele>
        <time>2026-10-04T23:03:23.000Z</time>
        <extensions>
          <ns3:TrackPointExtension>
            <ns3:hr>139</ns3:hr>
            <ns3:cad>96</ns3:cad>
          </ns3:TrackPointExtension>
        </extensions>
      </trkpt>
      <trkpt lat="25.0792046450078487396240234375" lon="102.71111466921865940093994140625">
        <ele>1907.199951171875</ele>
        <time>2026-10-04T23:03:24.000Z</time>
        <extensions>
          <ns3:TrackPointExtension>
            <ns3:hr>139</ns3:hr>
            <ns3:cad>96</ns3:cad>
          </ns3:TrackPointExtension>
        </extensions>
      </trkpt>
      <trkpt lat="25.07917673327028751373291015625" lon="102.71109513938426971435546875">
        <ele>1907.199951171875</ele>
        <time>2026-10-04T23:03:25.000Z</time>
        <extensions>
          <ns3:TrackPointExtension>
            <ns3:hr>139</ns3:hr>
            <ns3:cad>95</ns3:cad>
          </ns3:TrackPointExtension>
        </extensions>
      </trkpt>
      <trkpt lat="25.07915577851235866546630859375" lon="102.7110782079398632049560546875">
        <ele>1907.199951171875</ele>
        <time>2026-10-04T23:03:26.000Z</time>
        <extensions>
          <ns3:TrackPointExtension>
            <ns3:hr>139</ns3:hr>
            <ns3:cad>95</ns3:cad>
          </ns3:TrackPointExtension>
        </extensions>
      </trkpt>
      <trkpt lat="25.07912945933640003204345703125" lon="102.71105582825839519500732421875">
        <ele>1907.199951171875</ele>
        <time>2026-10-04T23:03:27.000Z</time>
        <extensions>
          <ns3:TrackPointExtension>
            <ns3:hr>139</ns3:hr>
            <ns3:cad>95</ns3:cad>
          </ns3:TrackPointExtension>
        </extensions>
      </trkpt>
      <trkpt lat="25.07910749875009059906005859375" lon="102.71103537641465663909912109375">
        <ele>1907.199951171875</ele>
        <time>2026-10-04T23:03:28.000Z</time>
        <extensions>
          <ns3:TrackPointExtension>
            <ns3:hr>139</ns3:hr>
            <ns3:cad>95</ns3:cad>
          </ns3:TrackPointExtension>
        </extensions>
      </trkpt>
      <trkpt lat="25.0790909864008426666259765625" lon="102.711012326180934906005859375">
        <ele>1907.199951171875</ele>
        <time>2026-10-04T23:03:29.000Z</time>
        <extensions>
          <ns3:TrackPointExtension>
            <ns3:hr>139</ns3:hr>
            <ns3:cad>95</ns3:cad>
          </ns3:TrackPointExtension>
        </extensions>
      </trkpt>
      <trkpt lat="25.07906693033874034881591796875" lon="102.71098575554788112640380859375">
        <ele>1907.199951171875</ele>
        <time>2026-10-04T23:03:30.000Z</time>
        <extensions>
          <ns3:TrackPointExtension>
            <ns3:hr>139</ns3:hr>
            <ns3:cad>96</ns3:cad>
          </ns3:TrackPointExtension>
        </extensions>
      </trkpt>
      <trkpt lat="25.0790417008101940155029296875" lon="102.71096429787576198577880859375">
        <ele>1907.199951171875</ele>
        <time>2026-10-04T23:03:31.000Z</time>
        <extensions>
          <ns3:TrackPointExtension>
            <ns3:hr>139</ns3:hr>
            <ns3:cad>96</ns3:cad>
          </ns3:TrackPointExtension>
        </extensions>
      </trkpt>
      <trkpt lat="25.079018734395503997802734375" lon="102.71094636060297489166259765625">
        <ele>1907.199951171875</ele>
        <time>2026-10-04T23:03:32.000Z</time>
        <extensions>
          <ns3:TrackPointExtension>
            <ns3:hr>140</ns3:hr>
            <ns3:cad>96</ns3:cad>
          </ns3:TrackPointExtension>
        </extensions>
      </trkpt>
      <trkpt lat="25.07899501360952854156494140625" lon="102.7109254896640777587890625">
        <ele>1907.199951171875</ele>
        <time>2026-10-04T23:03:33.000Z</time>
        <extensions>
          <ns3:TrackPointExtension>
            <ns3:hr>139</ns3:hr>
            <ns3:cad>96</ns3:cad>
          </ns3:TrackPointExtension>
        </extensions>
      </trkpt>
      <trkpt lat="25.0789763219654560089111328125" lon="102.7109068818390369415283203125">
        <ele>1907.4000244140625</ele>
        <time>2026-10-04T23:03:34.000Z</time>
        <extensions>
          <ns3:TrackPointExtension>
            <ns3:hr>140</ns3:hr>
            <ns3:cad>95</ns3:cad>
          </ns3:TrackPointExtension>
        </extensions>
      </trkpt>
      <trkpt lat="25.0789501704275608062744140625" lon="102.71089137531816959381103515625">
        <ele>1907.4000244140625</ele>
        <time>2026-10-04T23:03:35.000Z</time>
        <extensions>
          <ns3:TrackPointExtension>
            <ns3:hr>140</ns3:hr>
            <ns3:cad>95</ns3:cad>
          </ns3:TrackPointExtension>
        </extensions>
      </trkpt>
      <trkpt lat="25.07892644964158535003662109375" lon="102.7108770422637462615966796875">
        <ele>1907.4000244140625</ele>
        <time>2026-10-04T23:03:36.000Z</time>
        <extensions>
          <ns3:TrackPointExtension>
            <ns3:hr>140</ns3:hr>
            <ns3:cad>95</ns3:cad>
          </ns3:TrackPointExtension>
        </extensions>
      </trkpt>
      <trkpt lat="25.0789005495607852935791015625" lon="102.7108503878116607666015625">
        <ele>1907.5999755859375</ele>
        <time>2026-10-04T23:03:37.000Z</time>
        <extensions>
          <ns3:TrackPointExtension>
            <ns3:hr>140</ns3:hr>
            <ns3:cad>95</ns3:cad>
          </ns3:TrackPointExtension>
        </extensions>
      </trkpt>
      <trkpt lat="25.07887397892773151397705078125" lon="102.71082867868244647979736328125">
        <ele>1907.5999755859375</ele>
        <time>2026-10-04T23:03:38.000Z</time>
        <extensions>
          <ns3:TrackPointExtension>
            <ns3:hr>141</ns3:hr>
            <ns3:cad>95</ns3:cad>
          </ns3:TrackPointExtension>
        </extensions>
      </trkpt>
      <trkpt lat="25.0788512639701366424560546875" lon="102.71080638282001018524169921875">
        <ele>1907.5999755859375</ele>
        <time>2026-10-04T23:03:39.000Z</time>
        <extensions>
          <ns3:TrackPointExtension>
            <ns3:hr>141</ns3:hr>
            <ns3:cad>95</ns3:cad>
          </ns3:TrackPointExtension>
        </extensions>
      </trkpt>
      <trkpt lat="25.0788246095180511474609375" lon="102.71078106947243213653564453125">
        <ele>1907.800048828125</ele>
        <time>2026-10-04T23:03:40.000Z</time>
        <extensions>
          <ns3:TrackPointExtension>
            <ns3:hr>141</ns3:hr>
            <ns3:cad>95</ns3:cad>
          </ns3:TrackPointExtension>
        </extensions>
      </trkpt>
      <trkpt lat="25.078807510435581207275390625" lon="102.7107623778283596038818359375">
        <ele>1907.800048828125</ele>
        <time>2026-10-04T23:03:41.000Z</time>
        <extensions>
          <ns3:TrackPointExtension>
            <ns3:hr>141</ns3:hr>
            <ns3:cad>95</ns3:cad>
          </ns3:TrackPointExtension>
        </extensions>
      </trkpt>
      <trkpt lat="25.0787828676402568817138671875" lon="102.71073614247143268585205078125">
        <ele>1907.800048828125</ele>
        <time>2026-10-04T23:03:42.000Z</time>
        <extensions>
          <ns3:TrackPointExtension>
            <ns3:hr>141</ns3:hr>
            <ns3:cad>95</ns3:cad>
          </ns3:TrackPointExtension>
        </extensions>
      </trkpt>
      <trkpt lat="25.07876090705394744873046875" lon="102.710713259875774383544921875">
        <ele>1907.800048828125</ele>
        <time>2026-10-04T23:03:43.000Z</time>
        <extensions>
          <ns3:TrackPointExtension>
            <ns3:hr>141</ns3:hr>
            <ns3:cad>95</ns3:cad>
          </ns3:TrackPointExtension>
        </extensions>
      </trkpt>
      <trkpt lat="25.07873819209635257720947265625" lon="102.7106949873268604278564453125">
        <ele>1908</ele>
        <time>2026-10-04T23:03:44.000Z</time>
        <extensions>
          <ns3:TrackPointExtension>
            <ns3:hr>141</ns3:hr>
            <ns3:cad>96</ns3:cad>
          </ns3:TrackPointExtension>
        </extensions>
      </trkpt>
      <trkpt lat="25.07870952598750591278076171875" lon="102.7106715179979801177978515625">
        <ele>1908</ele>
        <time>2026-10-04T23:03:45.000Z</time>
        <extensions>
          <ns3:TrackPointExtension>
            <ns3:hr>141</ns3:hr>
            <ns3:cad>96</ns3:cad>
          </ns3:TrackPointExtension>
        </extensions>
      </trkpt>
      <trkpt lat="25.0786923430860042572021484375" lon="102.71065467037260532379150390625">
        <ele>1908</ele>
        <time>2026-10-04T23:03:46.000Z</time>
        <extensions>
          <ns3:TrackPointExtension>
            <ns3:hr>142</ns3:hr>
            <ns3:cad>96</ns3:cad>
          </ns3:TrackPointExtension>
        </extensions>
      </trkpt>
      <trkpt lat="25.07866661064326763153076171875" lon="102.710631787776947021484375">
        <ele>1908</ele>
        <time>2026-10-04T23:03:47.000Z</time>
        <extensions>
          <ns3:TrackPointExtension>
            <ns3:hr>142</ns3:hr>
            <ns3:cad>96</ns3:cad>
          </ns3:TrackPointExtension>
        </extensions>
      </trkpt>
      <trkpt lat="25.07864557206630706787109375" lon="102.71060907281935214996337890625">
        <ele>1908</ele>
        <time>2026-10-04T23:03:48.000Z</time>
        <extensions>
          <ns3:TrackPointExtension>
            <ns3:hr>142</ns3:hr>
            <ns3:cad>96</ns3:cad>
          </ns3:TrackPointExtension>
        </extensions>
      </trkpt>
      <trkpt lat="25.0786226056516170501708984375" lon="102.71058979444205760955810546875">
        <ele>1908</ele>
        <time>2026-10-04T23:03:49.000Z</time>
        <extensions>
          <ns3:TrackPointExtension>
            <ns3:hr>142</ns3:hr>
            <ns3:cad>96</ns3:cad>
          </ns3:TrackPointExtension>
        </extensions>
      </trkpt>
      <trkpt lat="25.07859938777983188629150390625" lon="102.71056179888546466827392578125">
        <ele>1907.800048828125</ele>
        <time>2026-10-04T23:03:50.000Z</time>
        <extensions>
          <ns3:TrackPointExtension>
            <ns3:hr>142</ns3:hr>
            <ns3:cad>96</ns3:cad>
          </ns3:TrackPointExtension>
        </extensions>
      </trkpt>
      <trkpt lat="25.0785790197551250457763671875" lon="102.7105434425175189971923828125">
        <ele>1907.800048828125</ele>
        <time>2026-10-04T23:03:51.000Z</time>
        <extensions>
          <ns3:TrackPointExtension>
            <ns3:hr>143</ns3:hr>
            <ns3:cad>96</ns3:cad>
          </ns3:TrackPointExtension>
        </extensions>
      </trkpt>
      <trkpt lat="25.07855513133108615875244140625" lon="102.71052642725408077239990234375">
        <ele>1908</ele>
        <time>2026-10-04T23:03:52.000Z</time>
        <extensions>
          <ns3:TrackPointExtension>
            <ns3:hr>143</ns3:hr>
            <ns3:cad>96</ns3:cad>
          </ns3:TrackPointExtension>
        </extensions>
      </trkpt>
      <trkpt lat="25.07853216491639614105224609375" lon="102.71051670424640178680419921875">
        <ele>1908</ele>
        <time>2026-10-04T23:03:53.000Z</time>
        <extensions>
          <ns3:TrackPointExtension>
            <ns3:hr>143</ns3:hr>
            <ns3:cad>96</ns3:cad>
          </ns3:TrackPointExtension>
        </extensions>
      </trkpt>
      <trkpt lat="25.07850098423659801483154296875" lon="102.71050765179097652435302734375">
        <ele>1908.199951171875</ele>
        <time>2026-10-04T23:03:54.000Z</time>
        <extensions>
          <ns3:TrackPointExtension>
            <ns3:hr>142</ns3:hr>
            <ns3:cad>96</ns3:cad>
          </ns3:TrackPointExtension>
        </extensions>
      </trkpt>
      <trkpt lat="25.07846829481422901153564453125" lon="102.71049859933555126190185546875">
        <ele>1908.199951171875</ele>
        <time>2026-10-04T23:03:55.000Z</time>
        <extensions>
          <ns3:TrackPointExtension>
            <ns3:hr>142</ns3:hr>
            <ns3:cad>96</ns3:cad>
          </ns3:TrackPointExtension>
        </extensions>
      </trkpt>
      <trkpt lat="25.07844298146665096282958984375" lon="102.71048359572887420654296875">
        <ele>1908.199951171875</ele>
        <time>2026-10-04T23:03:56.000Z</time>
        <extensions>
          <ns3:TrackPointExtension>
            <ns3:hr>142</ns3:hr>
            <ns3:cad>96</ns3:cad>
          </ns3:TrackPointExtension>
        </extensions>
      </trkpt>
      <trkpt lat="25.078415572643280029296875" lon="102.7104602940380573272705078125">
        <ele>1908.4000244140625</ele>
        <time>2026-10-04T23:03:57.000Z</time>
        <extensions>
          <ns3:TrackPointExtension>
            <ns3:hr>143</ns3:hr>
            <ns3:cad>93</ns3:cad>
          </ns3:TrackPointExtension>
        </extensions>
      </trkpt>
      <trkpt lat="25.07839604280889034271240234375" lon="102.71044713445007801055908203125">
        <ele>1908.4000244140625</ele>
        <time>2026-10-04T23:03:58.000Z</time>
        <extensions>
          <ns3:TrackPointExtension>
            <ns3:hr>143</ns3:hr>
            <ns3:cad>93</ns3:cad>
          </ns3:TrackPointExtension>
        </extensions>
      </trkpt>
      <trkpt lat="25.07837441749870777130126953125" lon="102.71042835898697376251220703125">
        <ele>1908.4000244140625</ele>
        <time>2026-10-04T23:03:59.000Z</time>
        <extensions>
          <ns3:TrackPointExtension>
            <ns3:hr>143</ns3:hr>
            <ns3:cad>94</ns3:cad>
          </ns3:TrackPointExtension>
        </extensions>
      </trkpt>
      <trkpt lat="25.0783540494740009307861328125" lon="102.710410170257091522216796875">
        <ele>1908.5999755859375</ele>
        <time>2026-10-04T23:04:00.000Z</time>
        <extensions>
          <ns3:TrackPointExtension>
            <ns3:hr>142</ns3:hr>
            <ns3:cad>95</ns3:cad>
          </ns3:TrackPointExtension>
        </extensions>
      </trkpt>
      <trkpt lat="25.07833502255380153656005859375" lon="102.710391394793987274169921875">
        <ele>1908.5999755859375</ele>
        <time>2026-10-04T23:04:01.000Z</time>
        <extensions>
          <ns3:TrackPointExtension>
            <ns3:hr>142</ns3:hr>
            <ns3:cad>95</ns3:cad>
          </ns3:TrackPointExtension>
        </extensions>
      </trkpt>
      <trkpt lat="25.07831641472876071929931640625" lon="102.71036851219832897186279296875">
        <ele>1908.5999755859375</ele>
        <time>2026-10-04T23:04:02.000Z</time>
        <extensions>
          <ns3:TrackPointExtension>
            <ns3:hr>141</ns3:hr>
            <ns3:cad>95</ns3:cad>
          </ns3:TrackPointExtension>
        </extensions>
      </trkpt>
      <trkpt lat="25.07830082438886165618896484375" lon="102.7103533409535884857177734375">
        <ele>1908.5999755859375</ele>
        <time>2026-10-04T23:04:03.000Z</time>
        <extensions>
          <ns3:TrackPointExtension>
            <ns3:hr>141</ns3:hr>
            <ns3:cad>95</ns3:cad>
          </ns3:TrackPointExtension>
        </extensions>
      </trkpt>
      <trkpt lat="25.07828221656382083892822265625" lon="102.710330374538898468017578125">
        <ele>1908.5999755859375</ele>
        <time>2026-10-04T23:04:04.000Z</time>
        <extensions>
          <ns3:TrackPointExtension>
            <ns3:hr>141</ns3:hr>
            <ns3:cad>95</ns3:cad>
          </ns3:TrackPointExtension>
        </extensions>
      </trkpt>
      <trkpt lat="25.0782601721584796905517578125" lon="102.71031101234257221221923828125">
        <ele>1908.5999755859375</ele>
        <time>2026-10-04T23:04:05.000Z</time>
        <extensions>
          <ns3:TrackPointExtension>
            <ns3:hr>141</ns3:hr>
            <ns3:cad>95</ns3:cad>
          </ns3:TrackPointExtension>
        </extensions>
      </trkpt>
      <trkpt lat="25.07823787629604339599609375" lon="102.71028888411819934844970703125">
        <ele>1908.5999755859375</ele>
        <time>2026-10-04T23:04:06.000Z</time>
        <extensions>
          <ns3:TrackPointExtension>
            <ns3:hr>141</ns3:hr>
            <ns3:cad>95</ns3:cad>
          </ns3:TrackPointExtension>
        </extensions>
      </trkpt>
      <trkpt lat="25.07821516133844852447509765625" lon="102.7102718688547611236572265625">
        <ele>1908.5999755859375</ele>
        <time>2026-10-04T23:04:07.000Z</time>
        <extensions>
          <ns3:TrackPointExtension>
            <ns3:hr>141</ns3:hr>
            <ns3:cad>95</ns3:cad>
          </ns3:TrackPointExtension>
        </extensions>
      </trkpt>
      <trkpt lat="25.0781964696943759918212890625" lon="102.71025233902037143707275390625">
        <ele>1908.5999755859375</ele>
        <time>2026-10-04T23:04:08.000Z</time>
        <extensions>
          <ns3:TrackPointExtension>
            <ns3:hr>140</ns3:hr>
            <ns3:cad>95</ns3:cad>
          </ns3:TrackPointExtension>
        </extensions>
      </trkpt>
      <trkpt lat="25.0781723298132419586181640625" lon="102.7102307975292205810546875">
        <ele>1908.800048828125</ele>
        <time>2026-10-04T23:04:09.000Z</time>
        <extensions>
          <ns3:TrackPointExtension>
            <ns3:hr>140</ns3:hr>
            <ns3:cad>95</ns3:cad>
          </ns3:TrackPointExtension>
        </extensions>
      </trkpt>
      <trkpt lat="25.07815162651240825653076171875" lon="102.71021814085543155670166015625">
        <ele>1908.800048828125</ele>
        <time>2026-10-04T23:04:10.000Z</time>
        <extensions>
          <ns3:TrackPointExtension>
            <ns3:hr>140</ns3:hr>
            <ns3:cad>95</ns3:cad>
          </ns3:TrackPointExtension>
        </extensions>
      </trkpt>
      <trkpt lat="25.07811424322426319122314453125" lon="102.7102001197636127471923828125">
        <ele>1908.800048828125</ele>
        <time>2026-10-04T23:04:11.000Z</time>
        <extensions>
          <ns3:TrackPointExtension>
            <ns3:hr>141</ns3:hr>
            <ns3:cad>95</ns3:cad>
          </ns3:TrackPointExtension>
        </extensions>
      </trkpt>
      <trkpt lat="25.0780807994306087493896484375" lon="102.71018628962337970733642578125">
        <ele>1908.800048828125</ele>
        <time>2026-10-04T23:04:12.000Z</time>
        <extensions>
          <ns3:TrackPointExtension>
            <ns3:hr>140</ns3:hr>
            <ns3:cad>95</ns3:cad>
          </ns3:TrackPointExtension>
        </extensions>
      </trkpt>
      <trkpt lat="25.07805171422660350799560546875" lon="102.7101572044193744659423828125">
        <ele>1908.800048828125</ele>
        <time>2026-10-04T23:04:13.000Z</time>
        <extensions>
          <ns3:TrackPointExtension>
            <ns3:hr>140</ns3:hr>
            <ns3:cad>93</ns3:cad>
          </ns3:TrackPointExtension>
        </extensions>
      </trkpt>
      <trkpt lat="25.07802086882293224334716796875" lon="102.710131220519542694091796875">
        <ele>1908.800048828125</ele>
        <time>2026-10-04T23:04:14.000Z</time>
        <extensions>
          <ns3:TrackPointExtension>
            <ns3:hr>140</ns3:hr>
            <ns3:cad>93</ns3:cad>
          </ns3:TrackPointExtension>
        </extensions>
      </trkpt>
      <trkpt lat="25.0780020095407962799072265625" lon="102.71010029129683971405029296875">
        <ele>1908.800048828125</ele>
        <time>2026-10-04T23:04:15.000Z</time>
        <extensions>
          <ns3:TrackPointExtension>
            <ns3:hr>139</ns3:hr>
            <ns3:cad>93</ns3:cad>
          </ns3:TrackPointExtension>
        </extensions>
      </trkpt>
      <trkpt lat="25.07798734121024608612060546875" lon="102.710063494741916656494140625">
        <ele>1908.800048828125</ele>
        <time>2026-10-04T23:04:16.000Z</time>
        <extensions>
          <ns3:TrackPointExtension>
            <ns3:hr>139</ns3:hr>
            <ns3:cad>93</ns3:cad>
          </ns3:TrackPointExtension>
        </extensions>
      </trkpt>
      <trkpt lat="25.07797309197485446929931640625" lon="102.71003700792789459228515625">
        <ele>1908.800048828125</ele>
        <time>2026-10-04T23:04:17.000Z</time>
        <extensions>
          <ns3:TrackPointExtension>
            <ns3:hr>140</ns3:hr>
            <ns3:cad>93</ns3:cad>
          </ns3:TrackPointExtension>
        </extensions>
      </trkpt>
      <trkpt lat="25.07795649580657482147216796875" lon="102.70999887026846408843994140625">
        <ele>1908.800048828125</ele>
        <time>2026-10-04T23:04:18.000Z</time>
        <extensions>
          <ns3:TrackPointExtension>
            <ns3:hr>140</ns3:hr>
            <ns3:cad>93</ns3:cad>
          </ns3:TrackPointExtension>
        </extensions>
      </trkpt>
      <trkpt lat="25.0779326073825359344482421875" lon="102.7099748142063617706298828125">
        <ele>1909</ele>
        <time>2026-10-04T23:04:19.000Z</time>
        <extensions>
          <ns3:TrackPointExtension>
            <ns3:hr>140</ns3:hr>
            <ns3:cad>93</ns3:cad>
          </ns3:TrackPointExtension>
        </extensions>
      </trkpt>
      <trkpt lat="25.07791198790073394775390625" lon="102.7099486626684665679931640625">
        <ele>1909</ele>
        <time>2026-10-04T23:04:20.000Z</time>
        <extensions>
          <ns3:TrackPointExtension>
            <ns3:hr>140</ns3:hr>
            <ns3:cad>93</ns3:cad>
          </ns3:TrackPointExtension>
        </extensions>
      </trkpt>
      <trkpt lat="25.07788474671542644500732421875" lon="102.70992443896830081939697265625">
        <ele>1909.199951171875</ele>
        <time>2026-10-04T23:04:21.000Z</time>
        <extensions>
          <ns3:TrackPointExtension>
            <ns3:hr>140</ns3:hr>
            <ns3:cad>95</ns3:cad>
          </ns3:TrackPointExtension>
        </extensions>
      </trkpt>
      <trkpt lat="25.07786144502460956573486328125" lon="102.7099094353616237640380859375">
        <ele>1909.199951171875</ele>
        <time>2026-10-04T23:04:22.000Z</time>
        <extensions>
          <ns3:TrackPointExtension>
            <ns3:hr>140</ns3:hr>
            <ns3:cad>95</ns3:cad>
          </ns3:TrackPointExtension>
        </extensions>
      </trkpt>
      <trkpt lat="25.0778316892683506011962890625" lon="102.709886468946933746337890625">
        <ele>1909.4000244140625</ele>
        <time>2026-10-04T23:04:23.000Z</time>
        <extensions>
          <ns3:TrackPointExtension>
            <ns3:hr>139</ns3:hr>
            <ns3:cad>95</ns3:cad>
          </ns3:TrackPointExtension>
        </extensions>
      </trkpt>
      <trkpt lat="25.07780629210174083709716796875" lon="102.70987029187381267547607421875">
        <ele>1909.4000244140625</ele>
        <time>2026-10-04T23:04:24.000Z</time>
        <extensions>
          <ns3:TrackPointExtension>
            <ns3:hr>140</ns3:hr>
            <ns3:cad>95</ns3:cad>
          </ns3:TrackPointExtension>
        </extensions>
      </trkpt>
      <trkpt lat="25.07778097875416278839111328125" lon="102.70983961410820484161376953125">
        <ele>1909.4000244140625</ele>
        <time>2026-10-04T23:04:25.000Z</time>
        <extensions>
          <ns3:TrackPointExtension>
            <ns3:hr>140</ns3:hr>
            <ns3:cad>95</ns3:cad>
          </ns3:TrackPointExtension>
        </extensions>
      </trkpt>
      <trkpt lat="25.0777703337371349334716796875" lon="102.70981363020837306976318359375">
        <ele>1909.4000244140625</ele>
        <time>2026-10-04T23:04:26.000Z</time>
        <extensions>
          <ns3:TrackPointExtension>
            <ns3:hr>141</ns3:hr>
            <ns3:cad>95</ns3:cad>
          </ns3:TrackPointExtension>
        </extensions>
      </trkpt>
      <trkpt lat="25.0777720101177692413330078125" lon="102.70979099906980991363525390625">
        <ele>1909.5999755859375</ele>
        <time>2026-10-04T23:04:27.000Z</time>
        <extensions>
          <ns3:TrackPointExtension>
            <ns3:hr>141</ns3:hr>
            <ns3:cad>95</ns3:cad>
          </ns3:TrackPointExtension>
        </extensions>
      </trkpt>
      <trkpt lat="25.07777410559356212615966796875" lon="102.70977339707314968109130859375">
        <ele>1909.800048828125</ele>
        <time>2026-10-04T23:04:28.000Z</time>
        <extensions>
          <ns3:TrackPointExtension>
            <ns3:hr>141</ns3:hr>
            <ns3:cad>95</ns3:cad>
          </ns3:TrackPointExtension>
        </extensions>
      </trkpt>
      <trkpt lat="25.0777785480022430419921875" lon="102.70976199768483638763427734375">
        <ele>1910</ele>
        <time>2026-10-04T23:04:29.000Z</time>
        <extensions>
          <ns3:TrackPointExtension>
            <ns3:hr>141</ns3:hr>
            <ns3:cad>86</ns3:cad>
          </ns3:TrackPointExtension>
        </extensions>
      </trkpt>
      <trkpt lat="25.07778332568705081939697265625" lon="102.70975269377231597900390625">
        <ele>1910</ele>
        <time>2026-10-04T23:04:30.000Z</time>
        <extensions>
          <ns3:TrackPointExtension>
            <ns3:hr>141</ns3:hr>
            <ns3:cad>86</ns3:cad>
          </ns3:TrackPointExtension>
        </extensions>
      </trkpt>
      <trkpt lat="25.07778231985867023468017578125" lon="102.7097508497536182403564453125">
        <ele>1910.199951171875</ele>
        <time>2026-10-04T23:04:31.000Z</time>
        <extensions>
          <ns3:TrackPointExtension>
            <ns3:hr>141</ns3:hr>
            <ns3:cad>86</ns3:cad>
          </ns3:TrackPointExtension>
        </extensions>
      </trkpt>
      <trkpt lat="25.0777857564389705657958984375" lon="102.70973970182240009307861328125">
        <ele>1910</ele>
        <time>2026-10-04T23:04:32.000Z</time>
        <extensions>
          <ns3:TrackPointExtension>
            <ns3:hr>141</ns3:hr>
            <ns3:cad>86</ns3:cad>
          </ns3:TrackPointExtension>
        </extensions>
      </trkpt>
      <trkpt lat="25.07778416387736797332763671875" lon="102.70970885641872882843017578125">
        <ele>1910</ele>
        <time>2026-10-04T23:04:33.000Z</time>
        <extensions>
          <ns3:TrackPointExtension>
            <ns3:hr>141</ns3:hr>
            <ns3:cad>86</ns3:cad>
          </ns3:TrackPointExtension>
        </extensions>
      </trkpt>
      <trkpt lat="25.077776201069355010986328125" lon="102.70967281423509120941162109375">
        <ele>1909.800048828125</ele>
        <time>2026-10-04T23:04:34.000Z</time>
        <extensions>
          <ns3:TrackPointExtension>
            <ns3:hr>141</ns3:hr>
            <ns3:cad>86</ns3:cad>
          </ns3:TrackPointExtension>
        </extensions>
      </trkpt>
      <trkpt lat="25.07776706479489803314208984375" lon="102.7096442319452762603759765625">
        <ele>1909.800048828125</ele>
        <time>2026-10-04T23:04:35.000Z</time>
        <extensions>
          <ns3:TrackPointExtension>
            <ns3:hr>142</ns3:hr>
            <ns3:cad>86</ns3:cad>
          </ns3:TrackPointExtension>
        </extensions>
      </trkpt>
      <trkpt lat="25.07774812169373035430908203125" lon="102.70961782895028591156005859375">
        <ele>1909.5999755859375</ele>
        <time>2026-10-04T23:04:36.000Z</time>
        <extensions>
          <ns3:TrackPointExtension>
            <ns3:hr>141</ns3:hr>
            <ns3:cad>85</ns3:cad>
          </ns3:TrackPointExtension>
        </extensions>
      </trkpt>
      <trkpt lat="25.07772783748805522918701171875" lon="102.709602825343608856201171875">
        <ele>1909.5999755859375</ele>
        <time>2026-10-04T23:04:37.000Z</time>
        <extensions>
          <ns3:TrackPointExtension>
            <ns3:hr>141</ns3:hr>
            <ns3:cad>85</ns3:cad>
          </ns3:TrackPointExtension>
        </extensions>
      </trkpt>
      <trkpt lat="25.0777022726833820343017578125" lon="102.7095822058618068695068359375">
        <ele>1909.5999755859375</ele>
        <time>2026-10-04T23:04:38.000Z</time>
        <extensions>
          <ns3:TrackPointExtension>
            <ns3:hr>141</ns3:hr>
            <ns3:cad>85</ns3:cad>
          </ns3:TrackPointExtension>
        </extensions>
      </trkpt>
      <trkpt lat="25.07767352275550365447998046875" lon="102.7095671184360980987548828125">
        <ele>1909.5999755859375</ele>
        <time>2026-10-04T23:04:39.000Z</time>
        <extensions>
          <ns3:TrackPointExtension>
            <ns3:hr>141</ns3:hr>
            <ns3:cad>94</ns3:cad>
          </ns3:TrackPointExtension>
        </extensions>
      </trkpt>
      <trkpt lat="25.07765114307403564453125" lon="102.7095523662865161895751953125">
        <ele>1909.5999755859375</ele>
        <time>2026-10-04T23:04:40.000Z</time>
        <extensions>
          <ns3:TrackPointExtension>
            <ns3:hr>141</ns3:hr>
            <ns3:cad>95</ns3:cad>
          </ns3:TrackPointExtension>
        </extensions>
      </trkpt>
      <trkpt lat="25.07762222550809383392333984375" lon="102.70953233353793621063232421875">
        <ele>1909.5999755859375</ele>
        <time>2026-10-04T23:04:41.000Z</time>
        <extensions>
          <ns3:TrackPointExtension>
            <ns3:hr>141</ns3:hr>
            <ns3:cad>95</ns3:cad>
          </ns3:TrackPointExtension>
        </extensions>
      </trkpt>
      <trkpt lat="25.0775956548750400543212890625" lon="102.70952009595930576324462890625">
        <ele>1909.5999755859375</ele>
        <time>2026-10-04T23:04:42.000Z</time>
        <extensions>
          <ns3:TrackPointExtension>
            <ns3:hr>141</ns3:hr>
            <ns3:cad>96</ns3:cad>
          </ns3:TrackPointExtension>
        </extensions>
      </trkpt>
      <trkpt lat="25.07756321690976619720458984375" lon="102.709499895572662353515625">
        <ele>1909.5999755859375</ele>
        <time>2026-10-04T23:04:43.000Z</time>
        <extensions>
          <ns3:TrackPointExtension>
            <ns3:hr>141</ns3:hr>
            <ns3:cad>96</ns3:cad>
          </ns3:TrackPointExtension>
        </extensions>
      </trkpt>
      <trkpt lat="25.07753320969641208648681640625" lon="102.709478773176670074462890625">
        <ele>1909.4000244140625</ele>
        <time>2026-10-04T23:04:44.000Z</time>
        <extensions>
          <ns3:TrackPointExtension>
            <ns3:hr>141</ns3:hr>
            <ns3:cad>96</ns3:cad>
          </ns3:TrackPointExtension>
        </extensions>
      </trkpt>
      <trkpt lat="25.07750722579658031463623046875" lon="102.70946058444678783416748046875">
        <ele>1909.4000244140625</ele>
        <time>2026-10-04T23:04:45.000Z</time>
        <extensions>
          <ns3:TrackPointExtension>
            <ns3:hr>141</ns3:hr>
            <ns3:cad>96</ns3:cad>
          </ns3:TrackPointExtension>
        </extensions>
      </trkpt>
      <trkpt lat="25.07747487165033817291259765625" lon="102.7094434015452861785888671875">
        <ele>1909.4000244140625</ele>
        <time>2026-10-04T23:04:46.000Z</time>
        <extensions>
          <ns3:TrackPointExtension>
            <ns3:hr>141</ns3:hr>
            <ns3:cad>96</ns3:cad>
          </ns3:TrackPointExtension>
        </extensions>
      </trkpt>
      <trkpt lat="25.0774432718753814697265625" lon="102.70942772738635540008544921875">
        <ele>1909.4000244140625</ele>
        <time>2026-10-04T23:04:47.000Z</time>
        <extensions>
          <ns3:TrackPointExtension>
            <ns3:hr>141</ns3:hr>
            <ns3:cad>96</ns3:cad>
          </ns3:TrackPointExtension>
        </extensions>
      </trkpt>
      <trkpt lat="25.0774129293859004974365234375" lon="102.70941180177032947540283203125">
        <ele>1909.4000244140625</ele>
        <time>2026-10-04T23:04:48.000Z</time>
        <extensions>
          <ns3:TrackPointExtension>
            <ns3:hr>141</ns3:hr>
            <ns3:cad>96</ns3:cad>
          </ns3:TrackPointExtension>
        </extensions>
      </trkpt>
      <trkpt lat="25.07737998850643634796142578125" lon="102.709393613040447235107421875">
        <ele>1909.4000244140625</ele>
        <time>2026-10-04T23:04:49.000Z</time>
        <extensions>
          <ns3:TrackPointExtension>
            <ns3:hr>140</ns3:hr>
            <ns3:cad>96</ns3:cad>
          </ns3:TrackPointExtension>
        </extensions>
      </trkpt>
      <trkpt lat="25.0773515738546848297119140625" lon="102.7093803696334362030029296875">
        <ele>1909.4000244140625</ele>
        <time>2026-10-04T23:04:50.000Z</time>
        <extensions>
          <ns3:TrackPointExtension>
            <ns3:hr>140</ns3:hr>
            <ns3:cad>96</ns3:cad>
          </ns3:TrackPointExtension>
        </extensions>
      </trkpt>
      <trkpt lat="25.077314190566539764404296875" lon="102.709360085427761077880859375">
        <ele>1909.4000244140625</ele>
        <time>2026-10-04T23:04:51.000Z</time>
        <extensions>
          <ns3:TrackPointExtension>
            <ns3:hr>140</ns3:hr>
            <ns3:cad>96</ns3:cad>
          </ns3:TrackPointExtension>
        </extensions>
      </trkpt>
      <trkpt lat="25.07727890275418758392333984375" lon="102.70934365689754486083984375">
        <ele>1909.4000244140625</ele>
        <time>2026-10-04T23:04:52.000Z</time>
        <extensions>
          <ns3:TrackPointExtension>
            <ns3:hr>139</ns3:hr>
            <ns3:cad>96</ns3:cad>
          </ns3:TrackPointExtension>
        </extensions>
      </trkpt>
      <trkpt lat="25.07725291885435581207275390625" lon="102.7093240432441234588623046875">
        <ele>1909.4000244140625</ele>
        <time>2026-10-04T23:04:53.000Z</time>
        <extensions>
          <ns3:TrackPointExtension>
            <ns3:hr>140</ns3:hr>
            <ns3:cad>97</ns3:cad>
          </ns3:TrackPointExtension>
        </extensions>
      </trkpt>
      <trkpt lat="25.0772221572697162628173828125" lon="102.709301412105560302734375">
        <ele>1909.199951171875</ele>
        <time>2026-10-04T23:04:54.000Z</time>
        <extensions>
          <ns3:TrackPointExtension>
            <ns3:hr>140</ns3:hr>
            <ns3:cad>97</ns3:cad>
          </ns3:TrackPointExtension>
        </extensions>
      </trkpt>
      <trkpt lat="25.07720128633081912994384765625" lon="102.7092838101089000701904296875">
        <ele>1909.199951171875</ele>
        <time>2026-10-04T23:04:55.000Z</time>
        <extensions>
          <ns3:TrackPointExtension>
            <ns3:hr>140</ns3:hr>
            <ns3:cad>97</ns3:cad>
          </ns3:TrackPointExtension>
        </extensions>
      </trkpt>
      <trkpt lat="25.077176056802272796630859375" lon="102.70925371907651424407958984375">
        <ele>1909.199951171875</ele>
        <time>2026-10-04T23:04:56.000Z</time>
        <extensions>
          <ns3:TrackPointExtension>
            <ns3:hr>140</ns3:hr>
            <ns3:cad>97</ns3:cad>
          </ns3:TrackPointExtension>
        </extensions>
      </trkpt>
      <trkpt lat="25.0771554373204708099365234375" lon="102.70922756753861904144287109375">
        <ele>1909.199951171875</ele>
        <time>2026-10-04T23:04:57.000Z</time>
        <extensions>
          <ns3:TrackPointExtension>
            <ns3:hr>140</ns3:hr>
            <ns3:cad>97</ns3:cad>
          </ns3:TrackPointExtension>
        </extensions>
      </trkpt>
      <trkpt lat="25.0771376676857471466064453125" lon="102.70919253118336200714111328125">
        <ele>1909.199951171875</ele>
        <time>2026-10-04T23:04:58.000Z</time>
        <extensions>
          <ns3:TrackPointExtension>
            <ns3:hr>139</ns3:hr>
            <ns3:cad>95</ns3:cad>
          </ns3:TrackPointExtension>
        </extensions>
      </trkpt>
      <trkpt lat="25.07711679674685001373291015625" lon="102.7091644518077373504638671875">
        <ele>1909.199951171875</ele>
        <time>2026-10-04T23:04:59.000Z</time>
        <extensions>
          <ns3:TrackPointExtension>
            <ns3:hr>140</ns3:hr>
            <ns3:cad>95</ns3:cad>
          </ns3:TrackPointExtension>
        </extensions>
      </trkpt>
      <trkpt lat="25.07710137404501438140869140625" lon="102.709138132631778717041015625">
        <ele>1909.199951171875</ele>
        <time>2026-10-04T23:05:00.000Z</time>
        <extensions>
          <ns3:TrackPointExtension>
            <ns3:hr>140</ns3:hr>
            <ns3:cad>95</ns3:cad>
          </ns3:TrackPointExtension>
        </extensions>
      </trkpt>
      <trkpt lat="25.07707874290645122528076171875" lon="102.709107957780361175537109375">
        <ele>1909.199951171875</ele>
        <time>2026-10-04T23:05:01.000Z</time>
        <extensions>
          <ns3:TrackPointExtension>
            <ns3:hr>140</ns3:hr>
            <ns3:cad>95</ns3:cad>
          </ns3:TrackPointExtension>
        </extensions>
      </trkpt>
      <trkpt lat="25.0770561955869197845458984375" lon="102.70908884704113006591796875">
        <ele>1909.199951171875</ele>
        <time>2026-10-04T23:05:02.000Z</time>
        <extensions>
          <ns3:TrackPointExtension>
            <ns3:hr>140</ns3:hr>
            <ns3:cad>95</ns3:cad>
          </ns3:TrackPointExtension>
        </extensions>
      </trkpt>
      <trkpt lat="25.07702979259192943572998046875" lon="102.70906361751258373260498046875">
        <ele>1909.199951171875</ele>
        <time>2026-10-04T23:05:03.000Z</time>
        <extensions>
          <ns3:TrackPointExtension>
            <ns3:hr>140</ns3:hr>
            <ns3:cad>95</ns3:cad>
          </ns3:TrackPointExtension>
        </extensions>
      </trkpt>
      <trkpt lat="25.07700380869209766387939453125" lon="102.709040232002735137939453125">
        <ele>1909</ele>
        <time>2026-10-04T23:05:04.000Z</time>
        <extensions>
          <ns3:TrackPointExtension>
            <ns3:hr>141</ns3:hr>
            <ns3:cad>95</ns3:cad>
          </ns3:TrackPointExtension>
        </extensions>
      </trkpt>
      <trkpt lat="25.07698394358158111572265625" lon="102.70901483483612537384033203125">
        <ele>1909</ele>
        <time>2026-10-04T23:05:05.000Z</time>
        <extensions>
          <ns3:TrackPointExtension>
            <ns3:hr>141</ns3:hr>
            <ns3:cad>94</ns3:cad>
          </ns3:TrackPointExtension>
        </extensions>
      </trkpt>
      <trkpt lat="25.07695586420595645904541015625" lon="102.7089887671172618865966796875">
        <ele>1909</ele>
        <time>2026-10-04T23:05:06.000Z</time>
        <extensions>
          <ns3:TrackPointExtension>
            <ns3:hr>141</ns3:hr>
            <ns3:cad>94</ns3:cad>
          </ns3:TrackPointExtension>
        </extensions>
      </trkpt>
      <trkpt lat="25.0769390165805816650390625" lon="102.70897393114864826202392578125">
        <ele>1909</ele>
        <time>2026-10-04T23:05:07.000Z</time>
        <extensions>
          <ns3:TrackPointExtension>
            <ns3:hr>141</ns3:hr>
            <ns3:cad>94</ns3:cad>
          </ns3:TrackPointExtension>
        </extensions>
      </trkpt>
      <trkpt lat="25.07691294886171817779541015625" lon="102.70894744433462619781494140625">
        <ele>1909</ele>
        <time>2026-10-04T23:05:08.000Z</time>
        <extensions>
          <ns3:TrackPointExtension>
            <ns3:hr>141</ns3:hr>
            <ns3:cad>94</ns3:cad>
          </ns3:TrackPointExtension>
        </extensions>
      </trkpt>
      <trkpt lat="25.07688872516155242919921875" lon="102.70893202163279056549072265625">
        <ele>1909</ele>
        <time>2026-10-04T23:05:09.000Z</time>
        <extensions>
          <ns3:TrackPointExtension>
            <ns3:hr>141</ns3:hr>
            <ns3:cad>94</ns3:cad>
          </ns3:TrackPointExtension>
        </extensions>
      </trkpt>
      <trkpt lat="25.07686785422265529632568359375" lon="102.70890922285616397857666015625">
        <ele>1909</ele>
        <time>2026-10-04T23:05:10.000Z</time>
        <extensions>
          <ns3:TrackPointExtension>
            <ns3:hr>141</ns3:hr>
            <ns3:cad>95</ns3:cad>
          </ns3:TrackPointExtension>
        </extensions>
      </trkpt>
      <trkpt lat="25.07683985866606235504150390625" lon="102.70888625644147396087646484375">
        <ele>1909</ele>
        <time>2026-10-04T23:05:11.000Z</time>
        <extensions>
          <ns3:TrackPointExtension>
            <ns3:hr>141</ns3:hr>
            <ns3:cad>95</ns3:cad>
          </ns3:TrackPointExtension>
        </extensions>
      </trkpt>
      <trkpt lat="25.07681840099394321441650390625" lon="102.7088734321296215057373046875">
        <ele>1909.199951171875</ele>
        <time>2026-10-04T23:05:12.000Z</time>
        <extensions>
          <ns3:TrackPointExtension>
            <ns3:hr>141</ns3:hr>
            <ns3:cad>95</ns3:cad>
          </ns3:TrackPointExtension>
        </extensions>
      </trkpt>
      <trkpt lat="25.07678755559027194976806640625" lon="102.70885306410491466522216796875">
        <ele>1909.199951171875</ele>
        <time>2026-10-04T23:05:13.000Z</time>
        <extensions>
          <ns3:TrackPointExtension>
            <ns3:hr>142</ns3:hr>
            <ns3:cad>95</ns3:cad>
          </ns3:TrackPointExtension>
        </extensions>
      </trkpt>
      <trkpt lat="25.076767690479755401611328125" lon="102.70883546210825443267822265625">
        <ele>1909.199951171875</ele>
        <time>2026-10-04T23:05:14.000Z</time>
        <extensions>
          <ns3:TrackPointExtension>
            <ns3:hr>142</ns3:hr>
            <ns3:cad>96</ns3:cad>
          </ns3:TrackPointExtension>
        </extensions>
      </trkpt>
      <trkpt lat="25.0767400301992893218994140625" lon="102.70881635136902332305908203125">
        <ele>1909.199951171875</ele>
        <time>2026-10-04T23:05:15.000Z</time>
        <extensions>
          <ns3:TrackPointExtension>
            <ns3:hr>142</ns3:hr>
            <ns3:cad>96</ns3:cad>
          </ns3:TrackPointExtension>
        </extensions>
      </trkpt>
      <trkpt lat="25.07672066800296306610107421875" lon="102.70880076102912425994873046875">
        <ele>1909.199951171875</ele>
        <time>2026-10-04T23:05:16.000Z</time>
        <extensions>
          <ns3:TrackPointExtension>
            <ns3:hr>142</ns3:hr>
            <ns3:cad>96</ns3:cad>
          </ns3:TrackPointExtension>
        </extensions>
      </trkpt>
      <trkpt lat="25.07669853977859020233154296875" lon="102.708781398832798004150390625">
        <ele>1909</ele>
        <time>2026-10-04T23:05:17.000Z</time>
        <extensions>
          <ns3:TrackPointExtension>
            <ns3:hr>143</ns3:hr>
            <ns3:cad>96</ns3:cad>
          </ns3:TrackPointExtension>
        </extensions>
      </trkpt>
      <trkpt lat="25.076675824820995330810546875" lon="102.708762623369693756103515625">
        <ele>1909</ele>
        <time>2026-10-04T23:05:18.000Z</time>
        <extensions>
          <ns3:TrackPointExtension>
            <ns3:hr>143</ns3:hr>
            <ns3:cad>96</ns3:cad>
          </ns3:TrackPointExtension>
        </extensions>
      </trkpt>
      <trkpt lat="25.07665277458727359771728515625" lon="102.70874460227787494659423828125">
        <ele>1909</ele>
        <time>2026-10-04T23:05:19.000Z</time>
        <extensions>
          <ns3:TrackPointExtension>
            <ns3:hr>143</ns3:hr>
            <ns3:cad>96</ns3:cad>
          </ns3:TrackPointExtension>
        </extensions>
      </trkpt>
      <trkpt lat="25.07661555893719196319580078125" lon="102.708742506802082061767578125">
        <ele>1909</ele>
        <time>2026-10-04T23:05:20.000Z</time>
        <extensions>
          <ns3:TrackPointExtension>
            <ns3:hr>143</ns3:hr>
            <ns3:cad>96</ns3:cad>
          </ns3:TrackPointExtension>
        </extensions>
      </trkpt>
      <trkpt lat="25.076586641371250152587890625" lon="102.70872515626251697540283203125">
        <ele>1909</ele>
        <time>2026-10-04T23:05:21.000Z</time>
        <extensions>
          <ns3:TrackPointExtension>
            <ns3:hr>143</ns3:hr>
            <ns3:cad>96</ns3:cad>
          </ns3:TrackPointExtension>
        </extensions>
      </trkpt>
      <trkpt lat="25.0765573047101497650146484375" lon="102.7087108232080936431884765625">
        <ele>1908.800048828125</ele>
        <time>2026-10-04T23:05:22.000Z</time>
        <extensions>
          <ns3:TrackPointExtension>
            <ns3:hr>143</ns3:hr>
            <ns3:cad>96</ns3:cad>
          </ns3:TrackPointExtension>
        </extensions>
      </trkpt>
      <trkpt lat="25.07652570493519306182861328125" lon="102.70869053900241851806640625">
        <ele>1908.800048828125</ele>
        <time>2026-10-04T23:05:23.000Z</time>
        <extensions>
          <ns3:TrackPointExtension>
            <ns3:hr>143</ns3:hr>
            <ns3:cad>96</ns3:cad>
          </ns3:TrackPointExtension>
        </extensions>
      </trkpt>
      <trkpt lat="25.0765013135969638824462890625" lon="102.7086719311773777008056640625">
        <ele>1908.800048828125</ele>
        <time>2026-10-04T23:05:24.000Z</time>
        <extensions>
          <ns3:TrackPointExtension>
            <ns3:hr>143</ns3:hr>
            <ns3:cad>96</ns3:cad>
          </ns3:TrackPointExtension>
        </extensions>
      </trkpt>
      <trkpt lat="25.0764754973351955413818359375" lon="102.708646617829799652099609375">
        <ele>1908.5999755859375</ele>
        <time>2026-10-04T23:05:25.000Z</time>
        <extensions>
          <ns3:TrackPointExtension>
            <ns3:hr>144</ns3:hr>
            <ns3:cad>96</ns3:cad>
          </ns3:TrackPointExtension>
        </extensions>
      </trkpt>
      <trkpt lat="25.0764570571482181549072265625" lon="102.70862993784248828887939453125">
        <ele>1908.5999755859375</ele>
        <time>2026-10-04T23:05:26.000Z</time>
        <extensions>
          <ns3:TrackPointExtension>
            <ns3:hr>144</ns3:hr>
            <ns3:cad>96</ns3:cad>
          </ns3:TrackPointExtension>
        </extensions>
      </trkpt>
      <trkpt lat="25.0764312408864498138427734375" lon="102.70861099474132061004638671875">
        <ele>1908.5999755859375</ele>
        <time>2026-10-04T23:05:27.000Z</time>
        <extensions>
          <ns3:TrackPointExtension>
            <ns3:hr>144</ns3:hr>
            <ns3:cad>96</ns3:cad>
          </ns3:TrackPointExtension>
        </extensions>
      </trkpt>
      <trkpt lat="25.07640550844371318817138671875" lon="102.70859104581177234649658203125">
        <ele>1908.5999755859375</ele>
        <time>2026-10-04T23:05:28.000Z</time>
        <extensions>
          <ns3:TrackPointExtension>
            <ns3:hr>144</ns3:hr>
            <ns3:cad>96</ns3:cad>
          </ns3:TrackPointExtension>
        </extensions>
      </trkpt>
      <trkpt lat="25.07638120092451572418212890625" lon="102.7085871063172817230224609375">
        <ele>1908.5999755859375</ele>
        <time>2026-10-04T23:05:29.000Z</time>
        <extensions>
          <ns3:TrackPointExtension>
            <ns3:hr>144</ns3:hr>
            <ns3:cad>96</ns3:cad>
          </ns3:TrackPointExtension>
        </extensions>
      </trkpt>
      <trkpt lat="25.076348595321178436279296875" lon="102.70856623537838459014892578125">
        <ele>1908.4000244140625</ele>
        <time>2026-10-04T23:05:30.000Z</time>
        <extensions>
          <ns3:TrackPointExtension>
            <ns3:hr>144</ns3:hr>
            <ns3:cad>96</ns3:cad>
          </ns3:TrackPointExtension>
        </extensions>
      </trkpt>
      <trkpt lat="25.076323114335536956787109375" lon="102.70855332724750041961669921875">
        <ele>1908.4000244140625</ele>
        <time>2026-10-04T23:05:31.000Z</time>
        <extensions>
          <ns3:TrackPointExtension>
            <ns3:hr>144</ns3:hr>
            <ns3:cad>95</ns3:cad>
          </ns3:TrackPointExtension>
        </extensions>
      </trkpt>
      <trkpt lat="25.07629595696926116943359375" lon="102.70854025147855281829833984375">
        <ele>1908.4000244140625</ele>
        <time>2026-10-04T23:05:32.000Z</time>
        <extensions>
          <ns3:TrackPointExtension>
            <ns3:hr>144</ns3:hr>
            <ns3:cad>95</ns3:cad>
          </ns3:TrackPointExtension>
        </extensions>
      </trkpt>
      <trkpt lat="25.07626779377460479736328125" lon="102.70852155983448028564453125">
        <ele>1908.199951171875</ele>
        <time>2026-10-04T23:05:33.000Z</time>
        <extensions>
          <ns3:TrackPointExtension>
            <ns3:hr>144</ns3:hr>
            <ns3:cad>95</ns3:cad>
          </ns3:TrackPointExtension>
        </extensions>
      </trkpt>
      <trkpt lat="25.07624357007443904876708984375" lon="102.7085126750171184539794921875">
        <ele>1908.199951171875</ele>
        <time>2026-10-04T23:05:34.000Z</time>
        <extensions>
          <ns3:TrackPointExtension>
            <ns3:hr>144</ns3:hr>
            <ns3:cad>97</ns3:cad>
          </ns3:TrackPointExtension>
        </extensions>
      </trkpt>
      <trkpt lat="25.0762143172323703765869140625" lon="102.708495073020458221435546875">
        <ele>1908.199951171875</ele>
        <time>2026-10-04T23:05:35.000Z</time>
        <extensions>
          <ns3:TrackPointExtension>
            <ns3:hr>144</ns3:hr>
            <ns3:cad>97</ns3:cad>
          </ns3:TrackPointExtension>
        </extensions>
      </trkpt>
      <trkpt lat="25.0761858187615871429443359375" lon="102.70847671665251255035400390625">
        <ele>1908.199951171875</ele>
        <time>2026-10-04T23:05:36.000Z</time>
        <extensions>
          <ns3:TrackPointExtension>
            <ns3:hr>144</ns3:hr>
            <ns3:cad>97</ns3:cad>
          </ns3:TrackPointExtension>
        </extensions>
      </trkpt>
      <trkpt lat="25.076157487928867340087890625" lon="102.7084613777697086334228515625">
        <ele>1908.199951171875</ele>
        <time>2026-10-04T23:05:37.000Z</time>
        <extensions>
          <ns3:TrackPointExtension>
            <ns3:hr>143</ns3:hr>
            <ns3:cad>96</ns3:cad>
          </ns3:TrackPointExtension>
        </extensions>
      </trkpt>
      <trkpt lat="25.0761217810213565826416015625" lon="102.7084449492394924163818359375">
        <ele>1908.199951171875</ele>
        <time>2026-10-04T23:05:38.000Z</time>
        <extensions>
          <ns3:TrackPointExtension>
            <ns3:hr>144</ns3:hr>
            <ns3:cad>96</ns3:cad>
          </ns3:TrackPointExtension>
        </extensions>
      </trkpt>
      <trkpt lat="25.07609135471284389495849609375" lon="102.70843279547989368438720703125">
        <ele>1908</ele>
        <time>2026-10-04T23:05:39.000Z</time>
        <extensions>
          <ns3:TrackPointExtension>
            <ns3:hr>144</ns3:hr>
            <ns3:cad>96</ns3:cad>
          </ns3:TrackPointExtension>
        </extensions>
      </trkpt>
      <trkpt lat="25.076057575643062591552734375" lon="102.70841184072196483612060546875">
        <ele>1908</ele>
        <time>2026-10-04T23:05:40.000Z</time>
        <extensions>
          <ns3:TrackPointExtension>
            <ns3:hr>143</ns3:hr>
            <ns3:cad>96</ns3:cad>
          </ns3:TrackPointExtension>
        </extensions>
      </trkpt>
      <trkpt lat="25.07602497003972530364990234375" lon="102.7083909697830677032470703125">
        <ele>1908</ele>
        <time>2026-10-04T23:05:41.000Z</time>
        <extensions>
          <ns3:TrackPointExtension>
            <ns3:hr>143</ns3:hr>
            <ns3:cad>96</ns3:cad>
          </ns3:TrackPointExtension>
        </extensions>
      </trkpt>
      <trkpt lat="25.0760024227201938629150390625" lon="102.70837311632931232452392578125">
        <ele>1908</ele>
        <time>2026-10-04T23:05:42.000Z</time>
        <extensions>
          <ns3:TrackPointExtension>
            <ns3:hr>143</ns3:hr>
            <ns3:cad>97</ns3:cad>
          </ns3:TrackPointExtension>
        </extensions>
      </trkpt>
      <trkpt lat="25.07597216404974460601806640625" lon="102.7083514072000980377197265625">
        <ele>1908</ele>
        <time>2026-10-04T23:05:43.000Z</time>
        <extensions>
          <ns3:TrackPointExtension>
            <ns3:hr>143</ns3:hr>
            <ns3:cad>97</ns3:cad>
          </ns3:TrackPointExtension>
        </extensions>
      </trkpt>
      <trkpt lat="25.07594592869281768798828125" lon="102.7083390019834041595458984375">
        <ele>1908</ele>
        <time>2026-10-04T23:05:44.000Z</time>
        <extensions>
          <ns3:TrackPointExtension>
            <ns3:hr>143</ns3:hr>
            <ns3:cad>97</ns3:cad>
          </ns3:TrackPointExtension>
        </extensions>
      </trkpt>
      <trkpt lat="25.07592120207846164703369140625" lon="102.70831544883549213409423828125">
        <ele>1907.800048828125</ele>
        <time>2026-10-04T23:05:45.000Z</time>
        <extensions>
          <ns3:TrackPointExtension>
            <ns3:hr>143</ns3:hr>
            <ns3:cad>97</ns3:cad>
          </ns3:TrackPointExtension>
        </extensions>
      </trkpt>
      <trkpt lat="25.07588717155158519744873046875" lon="102.7082897163927555084228515625">
        <ele>1908</ele>
        <time>2026-10-04T23:05:46.000Z</time>
        <extensions>
          <ns3:TrackPointExtension>
            <ns3:hr>143</ns3:hr>
            <ns3:cad>97</ns3:cad>
          </ns3:TrackPointExtension>
        </extensions>
      </trkpt>
      <trkpt lat="25.07585766725242137908935546875" lon="102.708270438015460968017578125">
        <ele>1907.800048828125</ele>
        <time>2026-10-04T23:05:47.000Z</time>
        <extensions>
          <ns3:TrackPointExtension>
            <ns3:hr>142</ns3:hr>
            <ns3:cad>97</ns3:cad>
          </ns3:TrackPointExtension>
        </extensions>
      </trkpt>
      <trkpt lat="25.07582481019198894500732421875" lon="102.708248309791088104248046875">
        <ele>1907.800048828125</ele>
        <time>2026-10-04T23:05:48.000Z</time>
        <extensions>
          <ns3:TrackPointExtension>
            <ns3:hr>143</ns3:hr>
            <ns3:cad>97</ns3:cad>
          </ns3:TrackPointExtension>
        </extensions>
      </trkpt>
      <trkpt lat="25.0757915340363979339599609375" lon="102.7082317136228084564208984375">
        <ele>1907.5999755859375</ele>
        <time>2026-10-04T23:05:49.000Z</time>
        <extensions>
          <ns3:TrackPointExtension>
            <ns3:hr>143</ns3:hr>
            <ns3:cad>97</ns3:cad>
          </ns3:TrackPointExtension>
        </extensions>
      </trkpt>
      <trkpt lat="25.07576362229883670806884765625" lon="102.70820732228457927703857421875">
        <ele>1907.5999755859375</ele>
        <time>2026-10-04T23:05:50.000Z</time>
        <extensions>
          <ns3:TrackPointExtension>
            <ns3:hr>142</ns3:hr>
            <ns3:cad>97</ns3:cad>
          </ns3:TrackPointExtension>
        </extensions>
      </trkpt>
      <trkpt lat="25.0757295079529285430908203125" lon="102.70818435586988925933837890625">
        <ele>1907.5999755859375</ele>
        <time>2026-10-04T23:05:51.000Z</time>
        <extensions>
          <ns3:TrackPointExtension>
            <ns3:hr>143</ns3:hr>
            <ns3:cad>97</ns3:cad>
          </ns3:TrackPointExtension>
        </extensions>
      </trkpt>
      <trkpt lat="25.07570126093924045562744140625" lon="102.7081670053303241729736328125">
        <ele>1907.4000244140625</ele>
        <time>2026-10-04T23:05:52.000Z</time>
        <extensions>
          <ns3:TrackPointExtension>
            <ns3:hr>142</ns3:hr>
            <ns3:cad>97</ns3:cad>
          </ns3:TrackPointExtension>
        </extensions>
      </trkpt>
      <trkpt lat="25.07567879743874073028564453125" lon="102.70813909359276294708251953125">
        <ele>1907.4000244140625</ele>
        <time>2026-10-04T23:05:53.000Z</time>
        <extensions>
          <ns3:TrackPointExtension>
            <ns3:hr>142</ns3:hr>
            <ns3:cad>96</ns3:cad>
          </ns3:TrackPointExtension>
        </extensions>
      </trkpt>
      <trkpt lat="25.075653903186321258544921875" lon="102.708109505474567413330078125">
        <ele>1907.4000244140625</ele>
        <time>2026-10-04T23:05:54.000Z</time>
        <extensions>
          <ns3:TrackPointExtension>
            <ns3:hr>142</ns3:hr>
            <ns3:cad>96</ns3:cad>
          </ns3:TrackPointExtension>
        </extensions>
      </trkpt>
      <trkpt lat="25.0756319426000118255615234375" lon="102.7080882154405117034912109375">
        <ele>1907.4000244140625</ele>
        <time>2026-10-04T23:05:55.000Z</time>
        <extensions>
          <ns3:TrackPointExtension>
            <ns3:hr>143</ns3:hr>
            <ns3:cad>96</ns3:cad>
          </ns3:TrackPointExtension>
        </extensions>
      </trkpt>
      <trkpt lat="25.0756005942821502685546875" lon="102.70806415937840938568115234375">
        <ele>1907.4000244140625</ele>
        <time>2026-10-04T23:05:56.000Z</time>
        <extensions>
          <ns3:TrackPointExtension>
            <ns3:hr>142</ns3:hr>
            <ns3:cad>96</ns3:cad>
          </ns3:TrackPointExtension>
        </extensions>
      </trkpt>
      <trkpt lat="25.075574107468128204345703125" lon="102.708047814667224884033203125">
        <ele>1907.4000244140625</ele>
        <time>2026-10-04T23:05:57.000Z</time>
        <extensions>
          <ns3:TrackPointExtension>
            <ns3:hr>143</ns3:hr>
            <ns3:cad>96</ns3:cad>
          </ns3:TrackPointExtension>
        </extensions>
      </trkpt>
      <trkpt lat="25.07554837502539157867431640625" lon="102.70801671780645847320556640625">
        <ele>1907.199951171875</ele>
        <time>2026-10-04T23:05:58.000Z</time>
        <extensions>
          <ns3:TrackPointExtension>
            <ns3:hr>142</ns3:hr>
            <ns3:cad>96</ns3:cad>
          </ns3:TrackPointExtension>
        </extensions>
      </trkpt>
      <trkpt lat="25.07551434449851512908935546875" lon="102.707992494106292724609375">
        <ele>1907.199951171875</ele>
        <time>2026-10-04T23:05:59.000Z</time>
        <extensions>
          <ns3:TrackPointExtension>
            <ns3:hr>142</ns3:hr>
            <ns3:cad>96</ns3:cad>
          </ns3:TrackPointExtension>
        </extensions>
      </trkpt>
      <trkpt lat="25.07548685185611248016357421875" lon="102.707978077232837677001953125">
        <ele>1907.199951171875</ele>
        <time>2026-10-04T23:06:00.000Z</time>
        <extensions>
          <ns3:TrackPointExtension>
            <ns3:hr>142</ns3:hr>
            <ns3:cad>96</ns3:cad>
          </ns3:TrackPointExtension>
        </extensions>
      </trkpt>
      <trkpt lat="25.0754535757005214691162109375" lon="102.7079584635794162750244140625">
        <ele>1907.199951171875</ele>
        <time>2026-10-04T23:06:01.000Z</time>
        <extensions>
          <ns3:TrackPointExtension>
            <ns3:hr>143</ns3:hr>
            <ns3:cad>96</ns3:cad>
          </ns3:TrackPointExtension>
        </extensions>
      </trkpt>
      <trkpt lat="25.0754235684871673583984375" lon="102.70794446580111980438232421875">
        <ele>1907.199951171875</ele>
        <time>2026-10-04T23:06:02.000Z</time>
        <extensions>
          <ns3:TrackPointExtension>
            <ns3:hr>142</ns3:hr>
            <ns3:cad>96</ns3:cad>
          </ns3:TrackPointExtension>
        </extensions>
      </trkpt>
      <trkpt lat="25.07539800368249416351318359375" lon="102.70792770199477672576904296875">
        <ele>1907.199951171875</ele>
        <time>2026-10-04T23:06:03.000Z</time>
        <extensions>
          <ns3:TrackPointExtension>
            <ns3:hr>143</ns3:hr>
            <ns3:cad>96</ns3:cad>
          </ns3:TrackPointExtension>
        </extensions>
      </trkpt>
      <trkpt lat="25.075364895164966583251953125" lon="102.70790339447557926177978515625">
        <ele>1907</ele>
        <time>2026-10-04T23:06:04.000Z</time>
        <extensions>
          <ns3:TrackPointExtension>
            <ns3:hr>143</ns3:hr>
            <ns3:cad>96</ns3:cad>
          </ns3:TrackPointExtension>
        </extensions>
      </trkpt>
      <trkpt lat="25.07533698342740535736083984375" lon="102.7078920789062976837158203125">
        <ele>1907</ele>
        <time>2026-10-04T23:06:05.000Z</time>
        <extensions>
          <ns3:TrackPointExtension>
            <ns3:hr>143</ns3:hr>
            <ns3:cad>96</ns3:cad>
          </ns3:TrackPointExtension>
        </extensions>
      </trkpt>
      <trkpt lat="25.07530647329986095428466796875" lon="102.70786969922482967376708984375">
        <ele>1906.800048828125</ele>
        <time>2026-10-04T23:06:06.000Z</time>
        <extensions>
          <ns3:TrackPointExtension>
            <ns3:hr>142</ns3:hr>
            <ns3:cad>96</ns3:cad>
          </ns3:TrackPointExtension>
        </extensions>
      </trkpt>
      <trkpt lat="25.07527948357164859771728515625" lon="102.707850672304630279541015625">
        <ele>1906.800048828125</ele>
        <time>2026-10-04T23:06:07.000Z</time>
        <extensions>
          <ns3:TrackPointExtension>
            <ns3:hr>143</ns3:hr>
            <ns3:cad>96</ns3:cad>
          </ns3:TrackPointExtension>
        </extensions>
      </trkpt>
      <trkpt lat="25.07525391876697540283203125" lon="102.70783566869795322418212890625">
        <ele>1906.5999755859375</ele>
        <time>2026-10-04T23:06:08.000Z</time>
        <extensions>
          <ns3:TrackPointExtension>
            <ns3:hr>143</ns3:hr>
            <ns3:cad>96</ns3:cad>
          </ns3:TrackPointExtension>
        </extensions>
      </trkpt>
      <trkpt lat="25.0752232410013675689697265625" lon="102.7078102715313434600830078125">
        <ele>1906.5999755859375</ele>
        <time>2026-10-04T23:06:09.000Z</time>
        <extensions>
          <ns3:TrackPointExtension>
            <ns3:hr>142</ns3:hr>
            <ns3:cad>96</ns3:cad>
          </ns3:TrackPointExtension>
        </extensions>
      </trkpt>
      <trkpt lat="25.07520220242440700531005859375" lon="102.7077935077250003814697265625">
        <ele>1906.5999755859375</ele>
        <time>2026-10-04T23:06:10.000Z</time>
        <extensions>
          <ns3:TrackPointExtension>
            <ns3:hr>142</ns3:hr>
            <ns3:cad>96</ns3:cad>
          </ns3:TrackPointExtension>
        </extensions>
      </trkpt>
      <trkpt lat="25.07517487742006778717041015625" lon="102.7077636681497097015380859375">
        <ele>1906.5999755859375</ele>
        <time>2026-10-04T23:06:11.000Z</time>
        <extensions>
          <ns3:TrackPointExtension>
            <ns3:hr>142</ns3:hr>
            <ns3:cad>96</ns3:cad>
          </ns3:TrackPointExtension>
        </extensions>
      </trkpt>
      <trkpt lat="25.07514738477766513824462890625" lon="102.70774095319211483001708984375">
        <ele>1906.4000244140625</ele>
        <time>2026-10-04T23:06:12.000Z</time>
        <extensions>
          <ns3:TrackPointExtension>
            <ns3:hr>142</ns3:hr>
            <ns3:cad>95</ns3:cad>
          </ns3:TrackPointExtension>
        </extensions>
      </trkpt>
      <trkpt lat="25.0751266814768314361572265625" lon="102.7077230997383594512939453125">
        <ele>1906.4000244140625</ele>
        <time>2026-10-04T23:06:13.000Z</time>
        <extensions>
          <ns3:TrackPointExtension>
            <ns3:hr>142</ns3:hr>
            <ns3:cad>95</ns3:cad>
          </ns3:TrackPointExtension>
        </extensions>
      </trkpt>
      <trkpt lat="25.075100362300872802734375" lon="102.7077003009617328643798828125">
        <ele>1906.5999755859375</ele>
        <time>2026-10-04T23:06:14.000Z</time>
        <extensions>
          <ns3:TrackPointExtension>
            <ns3:hr>142</ns3:hr>
            <ns3:cad>95</ns3:cad>
          </ns3:TrackPointExtension>
        </extensions>
      </trkpt>
      <trkpt lat="25.07508032955229282379150390625" lon="102.7076880633831024169921875">
        <ele>1906.5999755859375</ele>
        <time>2026-10-04T23:06:15.000Z</time>
        <extensions>
          <ns3:TrackPointExtension>
            <ns3:hr>142</ns3:hr>
            <ns3:cad>96</ns3:cad>
          </ns3:TrackPointExtension>
        </extensions>
      </trkpt>
      <trkpt lat="25.07505065761506557464599609375" lon="102.70766551606357097625732421875">
        <ele>1906.5999755859375</ele>
        <time>2026-10-04T23:06:16.000Z</time>
        <extensions>
          <ns3:TrackPointExtension>
            <ns3:hr>141</ns3:hr>
            <ns3:cad>96</ns3:cad>
          </ns3:TrackPointExtension>
        </extensions>
      </trkpt>
      <trkpt lat="25.075021572411060333251953125" lon="102.70764523185789585113525390625">
        <ele>1906.5999755859375</ele>
        <time>2026-10-04T23:06:17.000Z</time>
        <extensions>
          <ns3:TrackPointExtension>
            <ns3:hr>141</ns3:hr>
            <ns3:cad>96</ns3:cad>
          </ns3:TrackPointExtension>
        </extensions>
      </trkpt>
      <trkpt lat="25.07499701343476772308349609375" lon="102.70762276835739612579345703125">
        <ele>1906.4000244140625</ele>
        <time>2026-10-04T23:06:18.000Z</time>
        <extensions>
          <ns3:TrackPointExtension>
            <ns3:hr>141</ns3:hr>
            <ns3:cad>96</ns3:cad>
          </ns3:TrackPointExtension>
        </extensions>
      </trkpt>
      <trkpt lat="25.07496365346014499664306640625" lon="102.70759577862918376922607421875">
        <ele>1906.199951171875</ele>
        <time>2026-10-04T23:06:19.000Z</time>
        <extensions>
          <ns3:TrackPointExtension>
            <ns3:hr>140</ns3:hr>
            <ns3:cad>96</ns3:cad>
          </ns3:TrackPointExtension>
        </extensions>
      </trkpt>
      <trkpt lat="25.07493934594094753265380859375" lon="102.7075780928134918212890625">
        <ele>1906.199951171875</ele>
        <time>2026-10-04T23:06:20.000Z</time>
        <extensions>
          <ns3:TrackPointExtension>
            <ns3:hr>140</ns3:hr>
            <ns3:cad>96</ns3:cad>
          </ns3:TrackPointExtension>
        </extensions>
      </trkpt>
      <trkpt lat="25.074912607669830322265625" lon="102.7075500972568988800048828125">
        <ele>1906.199951171875</ele>
        <time>2026-10-04T23:06:21.000Z</time>
        <extensions>
          <ns3:TrackPointExtension>
            <ns3:hr>140</ns3:hr>
            <ns3:cad>96</ns3:cad>
          </ns3:TrackPointExtension>
        </extensions>
      </trkpt>
      <trkpt lat="25.0748844444751739501953125" lon="102.707529477775096893310546875">
        <ele>1906.199951171875</ele>
        <time>2026-10-04T23:06:22.000Z</time>
        <extensions>
          <ns3:TrackPointExtension>
            <ns3:hr>140</ns3:hr>
            <ns3:cad>96</ns3:cad>
          </ns3:TrackPointExtension>
        </extensions>
      </trkpt>
      <trkpt lat="25.07485904730856418609619140625" lon="102.70750843919813632965087890625">
        <ele>1906.199951171875</ele>
        <time>2026-10-04T23:06:23.000Z</time>
        <extensions>
          <ns3:TrackPointExtension>
            <ns3:hr>139</ns3:hr>
            <ns3:cad>96</ns3:cad>
          </ns3:TrackPointExtension>
        </extensions>
      </trkpt>
      <trkpt lat="25.0748266093432903289794921875" lon="102.70748916082084178924560546875">
        <ele>1906.199951171875</ele>
        <time>2026-10-04T23:06:24.000Z</time>
        <extensions>
          <ns3:TrackPointExtension>
            <ns3:hr>139</ns3:hr>
            <ns3:cad>96</ns3:cad>
          </ns3:TrackPointExtension>
        </extensions>
      </trkpt>
      <trkpt lat="25.07480171509087085723876953125" lon="102.7074760012328624725341796875">
        <ele>1906.199951171875</ele>
        <time>2026-10-04T23:06:25.000Z</time>
        <extensions>
          <ns3:TrackPointExtension>
            <ns3:hr>138</ns3:hr>
            <ns3:cad>96</ns3:cad>
          </ns3:TrackPointExtension>
        </extensions>
      </trkpt>
      <trkpt lat="25.07476667873561382293701171875" lon="102.7074521966278553009033203125">
        <ele>1906</ele>
        <time>2026-10-04T23:06:26.000Z</time>
        <extensions>
          <ns3:TrackPointExtension>
            <ns3:hr>137</ns3:hr>
            <ns3:cad>96</ns3:cad>
          </ns3:TrackPointExtension>
        </extensions>
      </trkpt>
      <trkpt lat="25.074737258255481719970703125" lon="102.70743417553603649139404296875">
        <ele>1906</ele>
        <time>2026-10-04T23:06:27.000Z</time>
        <extensions>
          <ns3:TrackPointExtension>
            <ns3:hr>136</ns3:hr>
            <ns3:cad>96</ns3:cad>
          </ns3:TrackPointExtension>
        </extensions>
      </trkpt>
      <trkpt lat="25.0747062452137470245361328125" lon="102.70741439424455165863037109375">
        <ele>1905.800048828125</ele>
        <time>2026-10-04T23:06:28.000Z</time>
        <extensions>
          <ns3:TrackPointExtension>
            <ns3:hr>135</ns3:hr>
            <ns3:cad>96</ns3:cad>
          </ns3:TrackPointExtension>
        </extensions>
      </trkpt>
      <trkpt lat="25.0746750645339488983154296875" lon="102.70739645697176456451416015625">
        <ele>1905.800048828125</ele>
        <time>2026-10-04T23:06:29.000Z</time>
        <extensions>
          <ns3:TrackPointExtension>
            <ns3:hr>135</ns3:hr>
            <ns3:cad>95</ns3:cad>
          </ns3:TrackPointExtension>
        </extensions>
      </trkpt>
      <trkpt lat="25.0746505893766880035400390625" lon="102.7073831297457218170166015625">
        <ele>1905.800048828125</ele>
        <time>2026-10-04T23:06:30.000Z</time>
        <extensions>
          <ns3:TrackPointExtension>
            <ns3:hr>134</ns3:hr>
            <ns3:cad>95</ns3:cad>
          </ns3:TrackPointExtension>
        </extensions>
      </trkpt>
      <trkpt lat="25.074623264372348785400390625" lon="102.70736510865390300750732421875">
        <ele>1905.5999755859375</ele>
        <time>2026-10-04T23:06:31.000Z</time>
        <extensions>
          <ns3:TrackPointExtension>
            <ns3:hr>134</ns3:hr>
            <ns3:cad>95</ns3:cad>
          </ns3:TrackPointExtension>
        </extensions>
      </trkpt>
      <trkpt lat="25.074596442282199859619140625" lon="102.7073499374091625213623046875">
        <ele>1905.5999755859375</ele>
        <time>2026-10-04T23:06:32.000Z</time>
        <extensions>
          <ns3:TrackPointExtension>
            <ns3:hr>134</ns3:hr>
            <ns3:cad>96</ns3:cad>
          </ns3:TrackPointExtension>
        </extensions>
      </trkpt>
      <trkpt lat="25.074568279087543487548828125" lon="102.70732856355607509613037109375">
        <ele>1905.5999755859375</ele>
        <time>2026-10-04T23:06:33.000Z</time>
        <extensions>
          <ns3:TrackPointExtension>
            <ns3:hr>134</ns3:hr>
            <ns3:cad>96</ns3:cad>
          </ns3:TrackPointExtension>
        </extensions>
      </trkpt>
      <trkpt lat="25.074538104236125946044921875" lon="102.70730861462652683258056640625">
        <ele>1905.5999755859375</ele>
        <time>2026-10-04T23:06:34.000Z</time>
        <extensions>
          <ns3:TrackPointExtension>
            <ns3:hr>133</ns3:hr>
            <ns3:cad>96</ns3:cad>
          </ns3:TrackPointExtension>
        </extensions>
      </trkpt>
      <trkpt lat="25.07451237179338932037353515625" lon="102.7072895877063274383544921875">
        <ele>1905.4000244140625</ele>
        <time>2026-10-04T23:06:35.000Z</time>
        <extensions>
          <ns3:TrackPointExtension>
            <ns3:hr>134</ns3:hr>
            <ns3:cad>96</ns3:cad>
          </ns3:TrackPointExtension>
        </extensions>
      </trkpt>
      <trkpt lat="25.07448554970324039459228515625" lon="102.70727106370031833648681640625">
        <ele>1905.4000244140625</ele>
        <time>2026-10-04T23:06:36.000Z</time>
        <extensions>
          <ns3:TrackPointExtension>
            <ns3:hr>134</ns3:hr>
            <ns3:cad>96</ns3:cad>
          </ns3:TrackPointExtension>
        </extensions>
      </trkpt>
      <trkpt lat="25.0744624994695186614990234375" lon="102.707254551351070404052734375">
        <ele>1905.4000244140625</ele>
        <time>2026-10-04T23:06:37.000Z</time>
        <extensions>
          <ns3:TrackPointExtension>
            <ns3:hr>134</ns3:hr>
            <ns3:cad>96</ns3:cad>
          </ns3:TrackPointExtension>
        </extensions>
      </trkpt>
      <trkpt lat="25.07444028742611408233642578125" lon="102.707245163619518280029296875">
        <ele>1905.199951171875</ele>
        <time>2026-10-04T23:06:38.000Z</time>
        <extensions>
          <ns3:TrackPointExtension>
            <ns3:hr>133</ns3:hr>
            <ns3:cad>96</ns3:cad>
          </ns3:TrackPointExtension>
        </extensions>
      </trkpt>
      <trkpt lat="25.074415393173694610595703125" lon="102.70722647197544574737548828125">
        <ele>1905.199951171875</ele>
        <time>2026-10-04T23:06:39.000Z</time>
        <extensions>
          <ns3:TrackPointExtension>
            <ns3:hr>133</ns3:hr>
            <ns3:cad>96</ns3:cad>
          </ns3:TrackPointExtension>
        </extensions>
      </trkpt>
      <trkpt lat="25.0743961147964000701904296875" lon="102.7072138153016567230224609375">
        <ele>1905.199951171875</ele>
        <time>2026-10-04T23:06:40.000Z</time>
        <extensions>
          <ns3:TrackPointExtension>
            <ns3:hr>133</ns3:hr>
            <ns3:cad>96</ns3:cad>
          </ns3:TrackPointExtension>
        </extensions>
      </trkpt>
      <trkpt lat="25.07436937652528285980224609375" lon="102.70719445310533046722412109375">
        <ele>1905.199951171875</ele>
        <time>2026-10-04T23:06:41.000Z</time>
        <extensions>
          <ns3:TrackPointExtension>
            <ns3:hr>134</ns3:hr>
            <ns3:cad>96</ns3:cad>
          </ns3:TrackPointExtension>
        </extensions>
      </trkpt>
      <trkpt lat="25.07434875704348087310791015625" lon="102.707171402871608734130859375">
        <ele>1905</ele>
        <time>2026-10-04T23:06:42.000Z</time>
        <extensions>
          <ns3:TrackPointExtension>
            <ns3:hr>135</ns3:hr>
            <ns3:cad>96</ns3:cad>
          </ns3:TrackPointExtension>
        </extensions>
      </trkpt>
      <trkpt lat="25.07432880811393260955810546875" lon="102.70715505816042423248291015625">
        <ele>1905</ele>
        <time>2026-10-04T23:06:43.000Z</time>
        <extensions>
          <ns3:TrackPointExtension>
            <ns3:hr>135</ns3:hr>
            <ns3:cad>96</ns3:cad>
          </ns3:TrackPointExtension>
        </extensions>
      </trkpt>
      <trkpt lat="25.07430617697536945343017578125" lon="102.7071253024041652679443359375">
        <ele>1905</ele>
        <time>2026-10-04T23:06:44.000Z</time>
        <extensions>
          <ns3:TrackPointExtension>
            <ns3:hr>135</ns3:hr>
            <ns3:cad>96</ns3:cad>
          </ns3:TrackPointExtension>
        </extensions>
      </trkpt>
      <trkpt lat="25.0742884911596775054931640625" lon="102.70710401237010955810546875">
        <ele>1905</ele>
        <time>2026-10-04T23:06:45.000Z</time>
        <extensions>
          <ns3:TrackPointExtension>
            <ns3:hr>136</ns3:hr>
            <ns3:cad>96</ns3:cad>
          </ns3:TrackPointExtension>
        </extensions>
      </trkpt>
      <trkpt lat="25.074269212782382965087890625" lon="102.70707450807094573974609375">
        <ele>1905</ele>
        <time>2026-10-04T23:06:46.000Z</time>
        <extensions>
          <ns3:TrackPointExtension>
            <ns3:hr>137</ns3:hr>
            <ns3:cad>96</ns3:cad>
          </ns3:TrackPointExtension>
        </extensions>
      </trkpt>
      <trkpt lat="25.0742512755095958709716796875" lon="102.70705212838947772979736328125">
        <ele>1905</ele>
        <time>2026-10-04T23:06:47.000Z</time>
        <extensions>
          <ns3:TrackPointExtension>
            <ns3:hr>138</ns3:hr>
            <ns3:cad>96</ns3:cad>
          </ns3:TrackPointExtension>
        </extensions>
      </trkpt>
      <trkpt lat="25.0742284767329692840576171875" lon="102.7070297487080097198486328125">
        <ele>1904.800048828125</ele>
        <time>2026-10-04T23:06:48.000Z</time>
        <extensions>
          <ns3:TrackPointExtension>
            <ns3:hr>138</ns3:hr>
            <ns3:cad>96</ns3:cad>
          </ns3:TrackPointExtension>
        </extensions>
      </trkpt>
      <trkpt lat="25.07419888861477375030517578125" lon="102.7070176787674427032470703125">
        <ele>1904.800048828125</ele>
        <time>2026-10-04T23:06:49.000Z</time>
        <extensions>
          <ns3:TrackPointExtension>
            <ns3:hr>138</ns3:hr>
            <ns3:cad>95</ns3:cad>
          </ns3:TrackPointExtension>
        </extensions>
      </trkpt>
      <trkpt lat="25.07417055778205394744873046875" lon="102.70700988359749317169189453125">
        <ele>1904.800048828125</ele>
        <time>2026-10-04T23:06:50.000Z</time>
        <extensions>
          <ns3:TrackPointExtension>
            <ns3:hr>138</ns3:hr>
            <ns3:cad>95</ns3:cad>
          </ns3:TrackPointExtension>
        </extensions>
      </trkpt>
      <trkpt lat="25.074135772883892059326171875" lon="102.70699060522019863128662109375">
        <ele>1904.800048828125</ele>
        <time>2026-10-04T23:06:51.000Z</time>
        <extensions>
          <ns3:TrackPointExtension>
            <ns3:hr>139</ns3:hr>
            <ns3:cad>96</ns3:cad>
          </ns3:TrackPointExtension>
        </extensions>
      </trkpt>
      <trkpt lat="25.0741064362227916717529296875" lon="102.7069784514605998992919921875">
        <ele>1904.5999755859375</ele>
        <time>2026-10-04T23:06:52.000Z</time>
        <extensions>
          <ns3:TrackPointExtension>
            <ns3:hr>140</ns3:hr>
            <ns3:cad>96</ns3:cad>
          </ns3:TrackPointExtension>
        </extensions>
      </trkpt>
      <trkpt lat="25.07407718338072299957275390625" lon="102.70696126855909824371337890625">
        <ele>1904.5999755859375</ele>
        <time>2026-10-04T23:06:53.000Z</time>
        <extensions>
          <ns3:TrackPointExtension>
            <ns3:hr>141</ns3:hr>
            <ns3:cad>96</ns3:cad>
          </ns3:TrackPointExtension>
        </extensions>
      </trkpt>
      <trkpt lat="25.0740440748631954193115234375" lon="102.70693997852504253387451171875">
        <ele>1904.5999755859375</ele>
        <time>2026-10-04T23:06:54.000Z</time>
        <extensions>
          <ns3:TrackPointExtension>
            <ns3:hr>142</ns3:hr>
            <ns3:cad>96</ns3:cad>
          </ns3:TrackPointExtension>
        </extensions>
      </trkpt>
      <trkpt lat="25.0740165822207927703857421875" lon="102.7069328539073467254638671875">
        <ele>1904.4000244140625</ele>
        <time>2026-10-04T23:06:55.000Z</time>
        <extensions>
          <ns3:TrackPointExtension>
            <ns3:hr>142</ns3:hr>
            <ns3:cad>96</ns3:cad>
          </ns3:TrackPointExtension>
        </extensions>
      </trkpt>
      <trkpt lat="25.07398255169391632080078125" lon="102.7069177664816379547119140625">
        <ele>1904.4000244140625</ele>
        <time>2026-10-04T23:06:56.000Z</time>
        <extensions>
          <ns3:TrackPointExtension>
            <ns3:hr>143</ns3:hr>
            <ns3:cad>96</ns3:cad>
          </ns3:TrackPointExtension>
        </extensions>
      </trkpt>
      <trkpt lat="25.07395279593765735626220703125" lon="102.70690821111202239990234375">
        <ele>1904.4000244140625</ele>
        <time>2026-10-04T23:06:57.000Z</time>
        <extensions>
          <ns3:TrackPointExtension>
            <ns3:hr>143</ns3:hr>
            <ns3:cad>95</ns3:cad>
          </ns3:TrackPointExtension>
        </extensions>
      </trkpt>
      <trkpt lat="25.07392312400043010711669921875" lon="102.70689614117145538330078125">
        <ele>1904.4000244140625</ele>
        <time>2026-10-04T23:06:58.000Z</time>
        <extensions>
          <ns3:TrackPointExtension>
            <ns3:hr>143</ns3:hr>
            <ns3:cad>95</ns3:cad>
          </ns3:TrackPointExtension>
        </extensions>
      </trkpt>
      <trkpt lat="25.07388926111161708831787109375" lon="102.706881724298000335693359375">
        <ele>1904.4000244140625</ele>
        <time>2026-10-04T23:06:59.000Z</time>
        <extensions>
          <ns3:TrackPointExtension>
            <ns3:hr>143</ns3:hr>
            <ns3:cad>95</ns3:cad>
          </ns3:TrackPointExtension>
        </extensions>
      </trkpt>
      <trkpt lat="25.0738660432398319244384765625" lon="102.70686923526227474212646484375">
        <ele>1904.199951171875</ele>
        <time>2026-10-04T23:07:00.000Z</time>
        <extensions>
          <ns3:TrackPointExtension>
            <ns3:hr>143</ns3:hr>
            <ns3:cad>95</ns3:cad>
          </ns3:TrackPointExtension>
        </extensions>
      </trkpt>
      <trkpt lat="25.07383712567389011383056640625" lon="102.7068513818085193634033203125">
        <ele>1904.4000244140625</ele>
        <time>2026-10-04T23:07:01.000Z</time>
        <extensions>
          <ns3:TrackPointExtension>
            <ns3:hr>143</ns3:hr>
            <ns3:cad>96</ns3:cad>
          </ns3:TrackPointExtension>
        </extensions>
      </trkpt>
      <trkpt lat="25.07381197996437549591064453125" lon="102.70684559829533100128173828125">
        <ele>1904.4000244140625</ele>
        <time>2026-10-04T23:07:02.000Z</time>
        <extensions>
          <ns3:TrackPointExtension>
            <ns3:hr>143</ns3:hr>
            <ns3:cad>96</ns3:cad>
          </ns3:TrackPointExtension>
        </extensions>
      </trkpt>
      <trkpt lat="25.07378197275102138519287109375" lon="102.70683621056377887725830078125">
        <ele>1904.199951171875</ele>
        <time>2026-10-04T23:07:03.000Z</time>
        <extensions>
          <ns3:TrackPointExtension>
            <ns3:hr>142</ns3:hr>
            <ns3:cad>96</ns3:cad>
          </ns3:TrackPointExtension>
        </extensions>
      </trkpt>
      <trkpt lat="25.0737574137747287750244140625" lon="102.70682699047029018402099609375">
        <ele>1904.199951171875</ele>
        <time>2026-10-04T23:07:04.000Z</time>
        <extensions>
          <ns3:TrackPointExtension>
            <ns3:hr>142</ns3:hr>
            <ns3:cad>96</ns3:cad>
          </ns3:TrackPointExtension>
        </extensions>
      </trkpt>
      <trkpt lat="25.07373738102614879608154296875" lon="102.70681835711002349853515625">
        <ele>1904</ele>
        <time>2026-10-04T23:07:05.000Z</time>
        <extensions>
          <ns3:TrackPointExtension>
            <ns3:hr>141</ns3:hr>
            <ns3:cad>96</ns3:cad>
          </ns3:TrackPointExtension>
        </extensions>
      </trkpt>
      <trkpt lat="25.07370888255536556243896484375" lon="102.7068024314939975738525390625">
        <ele>1904</ele>
        <time>2026-10-04T23:07:06.000Z</time>
        <extensions>
          <ns3:TrackPointExtension>
            <ns3:hr>141</ns3:hr>
            <ns3:cad>96</ns3:cad>
          </ns3:TrackPointExtension>
        </extensions>
      </trkpt>
      <trkpt lat="25.07368038408458232879638671875" lon="102.70678373984992504119873046875">
        <ele>1904</ele>
        <time>2026-10-04T23:07:07.000Z</time>
        <extensions>
          <ns3:TrackPointExtension>
            <ns3:hr>141</ns3:hr>
            <ns3:cad>96</ns3:cad>
          </ns3:TrackPointExtension>
        </extensions>
      </trkpt>
      <trkpt lat="25.07365372963249683380126953125" lon="102.70677066408097743988037109375">
        <ele>1904</ele>
        <time>2026-10-04T23:07:08.000Z</time>
        <extensions>
          <ns3:TrackPointExtension>
            <ns3:hr>141</ns3:hr>
            <ns3:cad>97</ns3:cad>
          </ns3:TrackPointExtension>
        </extensions>
      </trkpt>
      <trkpt lat="25.07361852563917636871337890625" lon="102.70675825886428356170654296875">
        <ele>1904</ele>
        <time>2026-10-04T23:07:09.000Z</time>
        <extensions>
          <ns3:TrackPointExtension>
            <ns3:hr>141</ns3:hr>
            <ns3:cad>97</ns3:cad>
          </ns3:TrackPointExtension>
        </extensions>
      </trkpt>
      <trkpt lat="25.073592625558376312255859375" lon="102.70674459636211395263671875">
        <ele>1903.800048828125</ele>
        <time>2026-10-04T23:07:10.000Z</time>
        <extensions>
          <ns3:TrackPointExtension>
            <ns3:hr>141</ns3:hr>
            <ns3:cad>96</ns3:cad>
          </ns3:TrackPointExtension>
        </extensions>
      </trkpt>
      <trkpt lat="25.07356186397373676300048828125" lon="102.70672640763223171234130859375">
        <ele>1903.800048828125</ele>
        <time>2026-10-04T23:07:11.000Z</time>
        <extensions>
          <ns3:TrackPointExtension>
            <ns3:hr>140</ns3:hr>
            <ns3:cad>96</ns3:cad>
          </ns3:TrackPointExtension>
        </extensions>
      </trkpt>
      <trkpt lat="25.0735326111316680908203125" lon="102.70670494996011257171630859375">
        <ele>1903.800048828125</ele>
        <time>2026-10-04T23:07:12.000Z</time>
        <extensions>
          <ns3:TrackPointExtension>
            <ns3:hr>140</ns3:hr>
            <ns3:cad>96</ns3:cad>
          </ns3:TrackPointExtension>
        </extensions>
      </trkpt>
      <trkpt lat="25.07350771687924861907958984375" lon="102.706691287457942962646484375">
        <ele>1903.800048828125</ele>
        <time>2026-10-04T23:07:13.000Z</time>
        <extensions>
          <ns3:TrackPointExtension>
            <ns3:hr>140</ns3:hr>
            <ns3:cad>96</ns3:cad>
          </ns3:TrackPointExtension>
        </extensions>
      </trkpt>
      <trkpt lat="25.0734798051416873931884765625" lon="102.70666706375777721405029296875">
        <ele>1903.5999755859375</ele>
        <time>2026-10-04T23:07:14.000Z</time>
        <extensions>
          <ns3:TrackPointExtension>
            <ns3:hr>140</ns3:hr>
            <ns3:cad>96</ns3:cad>
          </ns3:TrackPointExtension>
        </extensions>
      </trkpt>
      <trkpt lat="25.0734583474695682525634765625" lon="102.7066354639828205108642578125">
        <ele>1903.5999755859375</ele>
        <time>2026-10-04T23:07:15.000Z</time>
        <extensions>
          <ns3:TrackPointExtension>
            <ns3:hr>139</ns3:hr>
            <ns3:cad>96</ns3:cad>
          </ns3:TrackPointExtension>
        </extensions>
      </trkpt>
      <trkpt lat="25.0734360516071319580078125" lon="102.70659849978983402252197265625">
        <ele>1903.5999755859375</ele>
        <time>2026-10-04T23:07:16.000Z</time>
        <extensions>
          <ns3:TrackPointExtension>
            <ns3:hr>139</ns3:hr>
            <ns3:cad>96</ns3:cad>
          </ns3:TrackPointExtension>
        </extensions>
      </trkpt>
      <trkpt lat="25.073409564793109893798828125" lon="102.7065553329885005950927734375">
        <ele>1903.4000244140625</ele>
        <time>2026-10-04T23:07:17.000Z</time>
        <extensions>
          <ns3:TrackPointExtension>
            <ns3:hr>139</ns3:hr>
            <ns3:cad>96</ns3:cad>
          </ns3:TrackPointExtension>
        </extensions>
      </trkpt>
      <trkpt lat="25.07339020259678363800048828125" lon="102.7065207995474338531494140625">
        <ele>1903.4000244140625</ele>
        <time>2026-10-04T23:07:18.000Z</time>
        <extensions>
          <ns3:TrackPointExtension>
            <ns3:hr>140</ns3:hr>
            <ns3:cad>96</ns3:cad>
          </ns3:TrackPointExtension>
        </extensions>
      </trkpt>
      <trkpt lat="25.07336832582950592041015625" lon="102.70647897385060787200927734375">
        <ele>1903.5999755859375</ele>
        <time>2026-10-04T23:07:19.000Z</time>
        <extensions>
          <ns3:TrackPointExtension>
            <ns3:hr>139</ns3:hr>
            <ns3:cad>96</ns3:cad>
          </ns3:TrackPointExtension>
        </extensions>
      </trkpt>
      <trkpt lat="25.07335717789828777313232421875" lon="102.70644477568566799163818359375">
        <ele>1903.5999755859375</ele>
        <time>2026-10-04T23:07:20.000Z</time>
        <extensions>
          <ns3:TrackPointExtension>
            <ns3:hr>139</ns3:hr>
            <ns3:cad>96</ns3:cad>
          </ns3:TrackPointExtension>
        </extensions>
      </trkpt>
      <trkpt lat="25.0733448565006256103515625" lon="102.706400938332080841064453125">
        <ele>1903.5999755859375</ele>
        <time>2026-10-04T23:07:21.000Z</time>
        <extensions>
          <ns3:TrackPointExtension>
            <ns3:hr>139</ns3:hr>
            <ns3:cad>96</ns3:cad>
          </ns3:TrackPointExtension>
        </extensions>
      </trkpt>
      <trkpt lat="25.0733316130936145782470703125" lon="102.70636397413909435272216796875">
        <ele>1903.5999755859375</ele>
        <time>2026-10-04T23:07:22.000Z</time>
        <extensions>
          <ns3:TrackPointExtension>
            <ns3:hr>140</ns3:hr>
            <ns3:cad>96</ns3:cad>
          </ns3:TrackPointExtension>
        </extensions>
      </trkpt>
      <trkpt lat="25.0733218900859355926513671875" lon="102.7063415944576263427734375">
        <ele>1903.4000244140625</ele>
        <time>2026-10-04T23:07:23.000Z</time>
        <extensions>
          <ns3:TrackPointExtension>
            <ns3:hr>139</ns3:hr>
            <ns3:cad>95</ns3:cad>
          </ns3:TrackPointExtension>
        </extensions>
      </trkpt>
      <trkpt lat="25.0732947327196598052978515625" lon="102.706313431262969970703125">
        <ele>1903.4000244140625</ele>
        <time>2026-10-04T23:07:24.000Z</time>
        <extensions>
          <ns3:TrackPointExtension>
            <ns3:hr>139</ns3:hr>
            <ns3:cad>95</ns3:cad>
          </ns3:TrackPointExtension>
        </extensions>
      </trkpt>
      <trkpt lat="25.07327268831431865692138671875" lon="102.70628350786864757537841796875">
        <ele>1903.199951171875</ele>
        <time>2026-10-04T23:07:25.000Z</time>
        <extensions>
          <ns3:TrackPointExtension>
            <ns3:hr>140</ns3:hr>
            <ns3:cad>95</ns3:cad>
          </ns3:TrackPointExtension>
        </extensions>
      </trkpt>
      <trkpt lat="25.0732454471290111541748046875" lon="102.7062498964369297027587890625">
        <ele>1903.199951171875</ele>
        <time>2026-10-04T23:07:26.000Z</time>
        <extensions>
          <ns3:TrackPointExtension>
            <ns3:hr>139</ns3:hr>
            <ns3:cad>95</ns3:cad>
          </ns3:TrackPointExtension>
        </extensions>
      </trkpt>
      <trkpt lat="25.0732146017253398895263671875" lon="102.706225924193859100341796875">
        <ele>1903.199951171875</ele>
        <time>2026-10-04T23:07:27.000Z</time>
        <extensions>
          <ns3:TrackPointExtension>
            <ns3:hr>139</ns3:hr>
            <ns3:cad>95</ns3:cad>
          </ns3:TrackPointExtension>
        </extensions>
      </trkpt>
      <trkpt lat="25.07318132556974887847900390625" lon="102.7062029577791690826416015625">
        <ele>1903</ele>
        <time>2026-10-04T23:07:28.000Z</time>
        <extensions>
          <ns3:TrackPointExtension>
            <ns3:hr>140</ns3:hr>
            <ns3:cad>95</ns3:cad>
          </ns3:TrackPointExtension>
        </extensions>
      </trkpt>
      <trkpt lat="25.07315349765121936798095703125" lon="102.70617730915546417236328125">
        <ele>1903</ele>
        <time>2026-10-04T23:07:29.000Z</time>
        <extensions>
          <ns3:TrackPointExtension>
            <ns3:hr>140</ns3:hr>
            <ns3:cad>95</ns3:cad>
          </ns3:TrackPointExtension>
        </extensions>
      </trkpt>
      <trkpt lat="25.07312818430364131927490234375" lon="102.70615224726498126983642578125">
        <ele>1903</ele>
        <time>2026-10-04T23:07:30.000Z</time>
        <extensions>
          <ns3:TrackPointExtension>
            <ns3:hr>140</ns3:hr>
            <ns3:cad>95</ns3:cad>
          </ns3:TrackPointExtension>
        </extensions>
      </trkpt>
      <trkpt lat="25.0731042958796024322509765625" lon="102.706133387982845306396484375">
        <ele>1903</ele>
        <time>2026-10-04T23:07:31.000Z</time>
        <extensions>
          <ns3:TrackPointExtension>
            <ns3:hr>140</ns3:hr>
            <ns3:cad>96</ns3:cad>
          </ns3:TrackPointExtension>
        </extensions>
      </trkpt>
      <trkpt lat="25.073080994188785552978515625" lon="102.70609893836081027984619140625">
        <ele>1902.800048828125</ele>
        <time>2026-10-04T23:07:32.000Z</time>
        <extensions>
          <ns3:TrackPointExtension>
            <ns3:hr>140</ns3:hr>
            <ns3:cad>96</ns3:cad>
          </ns3:TrackPointExtension>
        </extensions>
      </trkpt>
      <trkpt lat="25.07306364364922046661376953125" lon="102.706079073250293731689453125">
        <ele>1902.800048828125</ele>
        <time>2026-10-04T23:07:33.000Z</time>
        <extensions>
          <ns3:TrackPointExtension>
            <ns3:hr>139</ns3:hr>
            <ns3:cad>96</ns3:cad>
          </ns3:TrackPointExtension>
        </extensions>
      </trkpt>
      <trkpt lat="25.0730436109006404876708984375" lon="102.70605401135981082916259765625">
        <ele>1902.800048828125</ele>
        <time>2026-10-04T23:07:34.000Z</time>
        <extensions>
          <ns3:TrackPointExtension>
            <ns3:hr>140</ns3:hr>
            <ns3:cad>95</ns3:cad>
          </ns3:TrackPointExtension>
        </extensions>
      </trkpt>
      <trkpt lat="25.0730248354375362396240234375" lon="102.7060250937938690185546875">
        <ele>1902.800048828125</ele>
        <time>2026-10-04T23:07:35.000Z</time>
        <extensions>
          <ns3:TrackPointExtension>
            <ns3:hr>140</ns3:hr>
            <ns3:cad>95</ns3:cad>
          </ns3:TrackPointExtension>
        </extensions>
      </trkpt>
      <trkpt lat="25.07301067002117633819580078125" lon="102.7059929072856903076171875">
        <ele>1902.800048828125</ele>
        <time>2026-10-04T23:07:36.000Z</time>
        <extensions>
          <ns3:TrackPointExtension>
            <ns3:hr>140</ns3:hr>
            <ns3:cad>95</ns3:cad>
          </ns3:TrackPointExtension>
        </extensions>
      </trkpt>
      <trkpt lat="25.0729980133473873138427734375" lon="102.70595870912075042724609375">
        <ele>1902.800048828125</ele>
        <time>2026-10-04T23:07:37.000Z</time>
        <extensions>
          <ns3:TrackPointExtension>
            <ns3:hr>140</ns3:hr>
            <ns3:cad>95</ns3:cad>
          </ns3:TrackPointExtension>
        </extensions>
      </trkpt>
      <trkpt lat="25.07298317737877368927001953125" lon="102.7059258520603179931640625">
        <ele>1902.800048828125</ele>
        <time>2026-10-04T23:07:38.000Z</time>
        <extensions>
          <ns3:TrackPointExtension>
            <ns3:hr>140</ns3:hr>
            <ns3:cad>95</ns3:cad>
          </ns3:TrackPointExtension>
        </extensions>
      </trkpt>
      <trkpt lat="25.07295970804989337921142578125" lon="102.70588737912476062774658203125">
        <ele>1903</ele>
        <time>2026-10-04T23:07:39.000Z</time>
        <extensions>
          <ns3:TrackPointExtension>
            <ns3:hr>140</ns3:hr>
            <ns3:cad>96</ns3:cad>
          </ns3:TrackPointExtension>
        </extensions>
      </trkpt>
      <trkpt lat="25.0729383341968059539794921875" lon="102.70585435442626476287841796875">
        <ele>1903</ele>
        <time>2026-10-04T23:07:40.000Z</time>
        <extensions>
          <ns3:TrackPointExtension>
            <ns3:hr>141</ns3:hr>
            <ns3:cad>96</ns3:cad>
          </ns3:TrackPointExtension>
        </extensions>
      </trkpt>
      <trkpt lat="25.07291276939213275909423828125" lon="102.705816216766834259033203125">
        <ele>1902.800048828125</ele>
        <time>2026-10-04T23:07:41.000Z</time>
        <extensions>
          <ns3:TrackPointExtension>
            <ns3:hr>141</ns3:hr>
            <ns3:cad>96</ns3:cad>
          </ns3:TrackPointExtension>
        </extensions>
      </trkpt>
      <trkpt lat="25.07289315573871135711669921875" lon="102.7057784982025623321533203125">
        <ele>1902.800048828125</ele>
        <time>2026-10-04T23:07:42.000Z</time>
        <extensions>
          <ns3:TrackPointExtension>
            <ns3:hr>141</ns3:hr>
            <ns3:cad>96</ns3:cad>
          </ns3:TrackPointExtension>
        </extensions>
      </trkpt>
      <trkpt lat="25.0728806667029857635498046875" lon="102.70573675632476806640625">
        <ele>1902.800048828125</ele>
        <time>2026-10-04T23:07:43.000Z</time>
        <extensions>
          <ns3:TrackPointExtension>
            <ns3:hr>141</ns3:hr>
            <ns3:cad>96</ns3:cad>
          </ns3:TrackPointExtension>
        </extensions>
      </trkpt>
      <trkpt lat="25.072858370840549468994140625" lon="102.70570683293044567108154296875">
        <ele>1902.5999755859375</ele>
        <time>2026-10-04T23:07:44.000Z</time>
        <extensions>
          <ns3:TrackPointExtension>
            <ns3:hr>141</ns3:hr>
            <ns3:cad>96</ns3:cad>
          </ns3:TrackPointExtension>
        </extensions>
      </trkpt>
      <trkpt lat="25.0728384219110012054443359375" lon="102.70567866973578929901123046875">
        <ele>1902.5999755859375</ele>
        <time>2026-10-04T23:07:45.000Z</time>
        <extensions>
          <ns3:TrackPointExtension>
            <ns3:hr>141</ns3:hr>
            <ns3:cad>96</ns3:cad>
          </ns3:TrackPointExtension>
        </extensions>
      </trkpt>
      <trkpt lat="25.072820484638214111328125" lon="102.70565427839756011962890625">
        <ele>1902.5999755859375</ele>
        <time>2026-10-04T23:07:46.000Z</time>
        <extensions>
          <ns3:TrackPointExtension>
            <ns3:hr>141</ns3:hr>
            <ns3:cad>96</ns3:cad>
          </ns3:TrackPointExtension>
        </extensions>
      </trkpt>
      <trkpt lat="25.072806738317012786865234375" lon="102.70562603138387203216552734375">
        <ele>1902.5999755859375</ele>
        <time>2026-10-04T23:07:47.000Z</time>
        <extensions>
          <ns3:TrackPointExtension>
            <ns3:hr>141</ns3:hr>
            <ns3:cad>97</ns3:cad>
          </ns3:TrackPointExtension>
        </extensions>
      </trkpt>
      <trkpt lat="25.0727923214435577392578125" lon="102.7055986225605010986328125">
        <ele>1902.5999755859375</ele>
        <time>2026-10-04T23:07:48.000Z</time>
        <extensions>
          <ns3:TrackPointExtension>
            <ns3:hr>142</ns3:hr>
            <ns3:cad>97</ns3:cad>
          </ns3:TrackPointExtension>
        </extensions>
      </trkpt>
      <trkpt lat="25.07277782075107097625732421875" lon="102.7055682800710201263427734375">
        <ele>1902.5999755859375</ele>
        <time>2026-10-04T23:07:49.000Z</time>
        <extensions>
          <ns3:TrackPointExtension>
            <ns3:hr>141</ns3:hr>
            <ns3:cad>97</ns3:cad>
          </ns3:TrackPointExtension>
        </extensions>
      </trkpt>
      <trkpt lat="25.07276256568729877471923828125" lon="102.705539278686046600341796875">
        <ele>1902.4000244140625</ele>
        <time>2026-10-04T23:07:50.000Z</time>
        <extensions>
          <ns3:TrackPointExtension>
            <ns3:hr>141</ns3:hr>
            <ns3:cad>97</ns3:cad>
          </ns3:TrackPointExtension>
        </extensions>
      </trkpt>
      <trkpt lat="25.07275141775608062744140625" lon="102.70550684072077274322509765625">
        <ele>1902.4000244140625</ele>
        <time>2026-10-04T23:07:51.000Z</time>
        <extensions>
          <ns3:TrackPointExtension>
            <ns3:hr>141</ns3:hr>
            <ns3:cad>96</ns3:cad>
          </ns3:TrackPointExtension>
        </extensions>
      </trkpt>
      <trkpt lat="25.0727421976625919342041015625" lon="102.70548119209706783294677734375">
        <ele>1902.4000244140625</ele>
        <time>2026-10-04T23:07:52.000Z</time>
        <extensions>
          <ns3:TrackPointExtension>
            <ns3:hr>141</ns3:hr>
            <ns3:cad>93</ns3:cad>
          </ns3:TrackPointExtension>
        </extensions>
      </trkpt>
      <trkpt lat="25.072733648121356964111328125" lon="102.7054539509117603302001953125">
        <ele>1902.4000244140625</ele>
        <time>2026-10-04T23:07:53.000Z</time>
        <extensions>
          <ns3:TrackPointExtension>
            <ns3:hr>140</ns3:hr>
            <ns3:cad>93</ns3:cad>
          </ns3:TrackPointExtension>
        </extensions>
      </trkpt>
      <trkpt lat="25.072726942598819732666015625" lon="102.70542402751743793487548828125">
        <ele>1902.4000244140625</ele>
        <time>2026-10-04T23:07:54.000Z</time>
        <extensions>
          <ns3:TrackPointExtension>
            <ns3:hr>140</ns3:hr>
            <ns3:cad>93</ns3:cad>
          </ns3:TrackPointExtension>
        </extensions>
      </trkpt>
      <trkpt lat="25.07271395064890384674072265625" lon="102.70539318211376667022705078125">
        <ele>1902.4000244140625</ele>
        <time>2026-10-04T23:07:55.000Z</time>
        <extensions>
          <ns3:TrackPointExtension>
            <ns3:hr>140</ns3:hr>
            <ns3:cad>95</ns3:cad>
          </ns3:TrackPointExtension>
        </extensions>
      </trkpt>
      <trkpt lat="25.07270439527928829193115234375" lon="102.7053627558052539825439453125">
        <ele>1902.4000244140625</ele>
        <time>2026-10-04T23:07:56.000Z</time>
        <extensions>
          <ns3:TrackPointExtension>
            <ns3:hr>140</ns3:hr>
            <ns3:cad>95</ns3:cad>
          </ns3:TrackPointExtension>
        </extensions>
      </trkpt>
      <trkpt lat="25.072692073881626129150390625" lon="102.7053302340209484100341796875">
        <ele>1902.4000244140625</ele>
        <time>2026-10-04T23:07:57.000Z</time>
        <extensions>
          <ns3:TrackPointExtension>
            <ns3:hr>139</ns3:hr>
            <ns3:cad>95</ns3:cad>
          </ns3:TrackPointExtension>
        </extensions>
      </trkpt>
      <trkpt lat="25.0726815126836299896240234375" lon="102.70529846660792827606201171875">
        <ele>1902.4000244140625</ele>
        <time>2026-10-04T23:07:58.000Z</time>
        <extensions>
          <ns3:TrackPointExtension>
            <ns3:hr>139</ns3:hr>
            <ns3:cad>95</ns3:cad>
          </ns3:TrackPointExtension>
        </extensions>
      </trkpt>
      <trkpt lat="25.07266868837177753448486328125" lon="102.70527474582195281982421875">
        <ele>1902.4000244140625</ele>
        <time>2026-10-04T23:07:59.000Z</time>
        <extensions>
          <ns3:TrackPointExtension>
            <ns3:hr>139</ns3:hr>
            <ns3:cad>95</ns3:cad>
          </ns3:TrackPointExtension>
        </extensions>
      </trkpt>
      <trkpt lat="25.07265812717378139495849609375" lon="102.70524482242763042449951171875">
        <ele>1902.4000244140625</ele>
        <time>2026-10-04T23:08:00.000Z</time>
        <extensions>
          <ns3:TrackPointExtension>
            <ns3:hr>138</ns3:hr>
            <ns3:cad>95</ns3:cad>
          </ns3:TrackPointExtension>
        </extensions>
      </trkpt>
      <trkpt lat="25.072644464671611785888671875" lon="102.7052148990333080291748046875">
        <ele>1902.199951171875</ele>
        <time>2026-10-04T23:08:01.000Z</time>
        <extensions>
          <ns3:TrackPointExtension>
            <ns3:hr>138</ns3:hr>
            <ns3:cad>95</ns3:cad>
          </ns3:TrackPointExtension>
        </extensions>
      </trkpt>
      <trkpt lat="25.0726282037794589996337890625" lon="102.7051941119134426116943359375">
        <ele>1902.199951171875</ele>
        <time>2026-10-04T23:08:02.000Z</time>
        <extensions>
          <ns3:TrackPointExtension>
            <ns3:hr>138</ns3:hr>
            <ns3:cad>95</ns3:cad>
          </ns3:TrackPointExtension>
        </extensions>
      </trkpt>
      <trkpt lat="25.072612278163433074951171875" lon="102.70517257042229175567626953125">
        <ele>1902.199951171875</ele>
        <time>2026-10-04T23:08:03.000Z</time>
        <extensions>
          <ns3:TrackPointExtension>
            <ns3:hr>138</ns3:hr>
            <ns3:cad>95</ns3:cad>
          </ns3:TrackPointExtension>
        </extensions>
      </trkpt>
      <trkpt lat="25.072598196566104888916015625" lon="102.7051454968750476837158203125">
        <ele>1902</ele>
        <time>2026-10-04T23:08:04.000Z</time>
        <extensions>
          <ns3:TrackPointExtension>
            <ns3:hr>138</ns3:hr>
            <ns3:cad>95</ns3:cad>
          </ns3:TrackPointExtension>
        </extensions>
      </trkpt>
      <trkpt lat="25.07258688099682331085205078125" lon="102.7051287330687046051025390625">
        <ele>1902</ele>
        <time>2026-10-04T23:08:05.000Z</time>
        <extensions>
          <ns3:TrackPointExtension>
            <ns3:hr>138</ns3:hr>
            <ns3:cad>95</ns3:cad>
          </ns3:TrackPointExtension>
        </extensions>
      </trkpt>
      <trkpt lat="25.07256793789565563201904296875" lon="102.70510937087237834930419921875">
        <ele>1902</ele>
        <time>2026-10-04T23:08:06.000Z</time>
        <extensions>
          <ns3:TrackPointExtension>
            <ns3:hr>138</ns3:hr>
            <ns3:cad>96</ns3:cad>
          </ns3:TrackPointExtension>
        </extensions>
      </trkpt>
      <trkpt lat="25.07255000062286853790283203125" lon="102.7050915174186229705810546875">
        <ele>1902</ele>
        <time>2026-10-04T23:08:07.000Z</time>
        <extensions>
          <ns3:TrackPointExtension>
            <ns3:hr>138</ns3:hr>
            <ns3:cad>97</ns3:cad>
          </ns3:TrackPointExtension>
        </extensions>
      </trkpt>
      <trkpt lat="25.07252904586493968963623046875" lon="102.7050727419555187225341796875">
        <ele>1902</ele>
        <time>2026-10-04T23:08:08.000Z</time>
        <extensions>
          <ns3:TrackPointExtension>
            <ns3:hr>138</ns3:hr>
            <ns3:cad>97</ns3:cad>
          </ns3:TrackPointExtension>
        </extensions>
      </trkpt>
      <trkpt lat="25.0725064985454082489013671875" lon="102.70504784770309925079345703125">
        <ele>1902</ele>
        <time>2026-10-04T23:08:09.000Z</time>
        <extensions>
          <ns3:TrackPointExtension>
            <ns3:hr>138</ns3:hr>
            <ns3:cad>97</ns3:cad>
          </ns3:TrackPointExtension>
        </extensions>
      </trkpt>
      <trkpt lat="25.07248562760651111602783203125" lon="102.70502286963164806365966796875">
        <ele>1902</ele>
        <time>2026-10-04T23:08:10.000Z</time>
        <extensions>
          <ns3:TrackPointExtension>
            <ns3:hr>138</ns3:hr>
            <ns3:cad>96</ns3:cad>
          </ns3:TrackPointExtension>
        </extensions>
      </trkpt>
      <trkpt lat="25.072463415563106536865234375" lon="102.7050033397972583770751953125">
        <ele>1902</ele>
        <time>2026-10-04T23:08:11.000Z</time>
        <extensions>
          <ns3:TrackPointExtension>
            <ns3:hr>137</ns3:hr>
            <ns3:cad>96</ns3:cad>
          </ns3:TrackPointExtension>
        </extensions>
      </trkpt>
      <trkpt lat="25.07244120351970195770263671875" lon="102.704973332583904266357421875">
        <ele>1901.800048828125</ele>
        <time>2026-10-04T23:08:12.000Z</time>
        <extensions>
          <ns3:TrackPointExtension>
            <ns3:hr>137</ns3:hr>
            <ns3:cad>97</ns3:cad>
          </ns3:TrackPointExtension>
        </extensions>
      </trkpt>
      <trkpt lat="25.07241941057145595550537109375" lon="102.70494642667472362518310546875">
        <ele>1901.800048828125</ele>
        <time>2026-10-04T23:08:13.000Z</time>
        <extensions>
          <ns3:TrackPointExtension>
            <ns3:hr>137</ns3:hr>
            <ns3:cad>97</ns3:cad>
          </ns3:TrackPointExtension>
        </extensions>
      </trkpt>
      <trkpt lat="25.07241756655275821685791015625" lon="102.7049024216830730438232421875">
        <ele>1901.800048828125</ele>
        <time>2026-10-04T23:08:14.000Z</time>
        <extensions>
          <ns3:TrackPointExtension>
            <ns3:hr>138</ns3:hr>
            <ns3:cad>96</ns3:cad>
          </ns3:TrackPointExtension>
        </extensions>
      </trkpt>
      <trkpt lat="25.07241756655275821685791015625" lon="102.70486302673816680908203125">
        <ele>1902</ele>
        <time>2026-10-04T23:08:15.000Z</time>
        <extensions>
          <ns3:TrackPointExtension>
            <ns3:hr>138</ns3:hr>
            <ns3:cad>96</ns3:cad>
          </ns3:TrackPointExtension>
        </extensions>
      </trkpt>
      <trkpt lat="25.0724087655544281005859375" lon="102.704823799431324005126953125">
        <ele>1902</ele>
        <time>2026-10-04T23:08:16.000Z</time>
        <extensions>
          <ns3:TrackPointExtension>
            <ns3:hr>138</ns3:hr>
            <ns3:cad>96</ns3:cad>
          </ns3:TrackPointExtension>
        </extensions>
      </trkpt>
      <trkpt lat="25.07239577360451221466064453125" lon="102.70478549413383007049560546875">
        <ele>1902</ele>
        <time>2026-10-04T23:08:17.000Z</time>
        <extensions>
          <ns3:TrackPointExtension>
            <ns3:hr>138</ns3:hr>
            <ns3:cad>96</ns3:cad>
          </ns3:TrackPointExtension>
        </extensions>
      </trkpt>
      <trkpt lat="25.07237917743623256683349609375" lon="102.7047550678253173828125">
        <ele>1902</ele>
        <time>2026-10-04T23:08:18.000Z</time>
        <extensions>
          <ns3:TrackPointExtension>
            <ns3:hr>138</ns3:hr>
            <ns3:cad>96</ns3:cad>
          </ns3:TrackPointExtension>
        </extensions>
      </trkpt>
      <trkpt lat="25.07236358709633350372314453125" lon="102.70471827127039432525634765625">
        <ele>1902</ele>
        <time>2026-10-04T23:08:19.000Z</time>
        <extensions>
          <ns3:TrackPointExtension>
            <ns3:hr>139</ns3:hr>
            <ns3:cad>96</ns3:cad>
          </ns3:TrackPointExtension>
        </extensions>
      </trkpt>
      <trkpt lat="25.07234883494675159454345703125" lon="102.7046848274767398834228515625">
        <ele>1901.800048828125</ele>
        <time>2026-10-04T23:08:20.000Z</time>
        <extensions>
          <ns3:TrackPointExtension>
            <ns3:hr>139</ns3:hr>
            <ns3:cad>96</ns3:cad>
          </ns3:TrackPointExtension>
        </extensions>
      </trkpt>
      <trkpt lat="25.07233475334942340850830078125" lon="102.704654820263385772705078125">
        <ele>1901.800048828125</ele>
        <time>2026-10-04T23:08:21.000Z</time>
        <extensions>
          <ns3:TrackPointExtension>
            <ns3:hr>139</ns3:hr>
            <ns3:cad>96</ns3:cad>
          </ns3:TrackPointExtension>
        </extensions>
      </trkpt>
      <trkpt lat="25.07231966592371463775634765625" lon="102.70462137646973133087158203125">
        <ele>1901.800048828125</ele>
        <time>2026-10-04T23:08:22.000Z</time>
        <extensions>
          <ns3:TrackPointExtension>
            <ns3:hr>139</ns3:hr>
            <ns3:cad>96</ns3:cad>
          </ns3:TrackPointExtension>
        </extensions>
      </trkpt>
      <trkpt lat="25.07230885326862335205078125" lon="102.70459539256989955902099609375">
        <ele>1901.800048828125</ele>
        <time>2026-10-04T23:08:23.000Z</time>
        <extensions>
          <ns3:TrackPointExtension>
            <ns3:hr>139</ns3:hr>
            <ns3:cad>96</ns3:cad>
          </ns3:TrackPointExtension>
        </extensions>
      </trkpt>
      <trkpt lat="25.07229871116578578948974609375" lon="102.70455968566238880157470703125">
        <ele>1901.800048828125</ele>
        <time>2026-10-04T23:08:24.000Z</time>
        <extensions>
          <ns3:TrackPointExtension>
            <ns3:hr>139</ns3:hr>
            <ns3:cad>96</ns3:cad>
          </ns3:TrackPointExtension>
        </extensions>
      </trkpt>
      <trkpt lat="25.07228597067296504974365234375" lon="102.7045295946300029754638671875">
        <ele>1901.800048828125</ele>
        <time>2026-10-04T23:08:25.000Z</time>
        <extensions>
          <ns3:TrackPointExtension>
            <ns3:hr>140</ns3:hr>
            <ns3:cad>95</ns3:cad>
          </ns3:TrackPointExtension>
        </extensions>
      </trkpt>
      <trkpt lat="25.07228010334074497222900390625" lon="102.7044940553605556488037109375">
        <ele>1901.5999755859375</ele>
        <time>2026-10-04T23:08:26.000Z</time>
        <extensions>
          <ns3:TrackPointExtension>
            <ns3:hr>139</ns3:hr>
            <ns3:cad>95</ns3:cad>
          </ns3:TrackPointExtension>
        </extensions>
      </trkpt>
      <trkpt lat="25.07227054797112941741943359375" lon="102.70445960573852062225341796875">
        <ele>1901.5999755859375</ele>
        <time>2026-10-04T23:08:27.000Z</time>
        <extensions>
          <ns3:TrackPointExtension>
            <ns3:hr>139</ns3:hr>
            <ns3:cad>96</ns3:cad>
          </ns3:TrackPointExtension>
        </extensions>
      </trkpt>
      <trkpt lat="25.07226116023957729339599609375" lon="102.70442725159227848052978515625">
        <ele>1901.5999755859375</ele>
        <time>2026-10-04T23:08:28.000Z</time>
        <extensions>
          <ns3:TrackPointExtension>
            <ns3:hr>139</ns3:hr>
            <ns3:cad>96</ns3:cad>
          </ns3:TrackPointExtension>
        </extensions>
      </trkpt>
      <trkpt lat="25.07224850356578826904296875" lon="102.704387269914150238037109375">
        <ele>1901.5999755859375</ele>
        <time>2026-10-04T23:08:29.000Z</time>
        <extensions>
          <ns3:TrackPointExtension>
            <ns3:hr>140</ns3:hr>
            <ns3:cad>94</ns3:cad>
          </ns3:TrackPointExtension>
        </extensions>
      </trkpt>
      <trkpt lat="25.0722342543303966522216796875" lon="102.70435734651982784271240234375">
        <ele>1901.800048828125</ele>
        <time>2026-10-04T23:08:30.000Z</time>
        <extensions>
          <ns3:TrackPointExtension>
            <ns3:hr>139</ns3:hr>
            <ns3:cad>94</ns3:cad>
          </ns3:TrackPointExtension>
        </extensions>
      </trkpt>
      <trkpt lat="25.0722241960465908050537109375" lon="102.70432348363101482391357421875">
        <ele>1901.800048828125</ele>
        <time>2026-10-04T23:08:31.000Z</time>
        <extensions>
          <ns3:TrackPointExtension>
            <ns3:hr>139</ns3:hr>
            <ns3:cad>94</ns3:cad>
          </ns3:TrackPointExtension>
        </extensions>
      </trkpt>
      <trkpt lat="25.072212629020214080810546875" lon="102.70429263822734355926513671875">
        <ele>1901.800048828125</ele>
        <time>2026-10-04T23:08:32.000Z</time>
        <extensions>
          <ns3:TrackPointExtension>
            <ns3:hr>139</ns3:hr>
            <ns3:cad>95</ns3:cad>
          </ns3:TrackPointExtension>
        </extensions>
      </trkpt>
      <trkpt lat="25.07220466621220111846923828125" lon="102.7042647264897823333740234375">
        <ele>1901.800048828125</ele>
        <time>2026-10-04T23:08:33.000Z</time>
        <extensions>
          <ns3:TrackPointExtension>
            <ns3:hr>140</ns3:hr>
            <ns3:cad>95</ns3:cad>
          </ns3:TrackPointExtension>
        </extensions>
      </trkpt>
      <trkpt lat="25.072193853557109832763671875" lon="102.7042332105338573455810546875">
        <ele>1901.800048828125</ele>
        <time>2026-10-04T23:08:34.000Z</time>
        <extensions>
          <ns3:TrackPointExtension>
            <ns3:hr>139</ns3:hr>
            <ns3:cad>95</ns3:cad>
          </ns3:TrackPointExtension>
        </extensions>
      </trkpt>
      <trkpt lat="25.07218337617814540863037109375" lon="102.7042084001004695892333984375">
        <ele>1901.800048828125</ele>
        <time>2026-10-04T23:08:35.000Z</time>
        <extensions>
          <ns3:TrackPointExtension>
            <ns3:hr>139</ns3:hr>
            <ns3:cad>95</ns3:cad>
          </ns3:TrackPointExtension>
        </extensions>
      </trkpt>
      <trkpt lat="25.0721772573888301849365234375" lon="102.704170681536197662353515625">
        <ele>1901.800048828125</ele>
        <time>2026-10-04T23:08:36.000Z</time>
        <extensions>
          <ns3:TrackPointExtension>
            <ns3:hr>140</ns3:hr>
            <ns3:cad>95</ns3:cad>
          </ns3:TrackPointExtension>
        </extensions>
      </trkpt>
      <trkpt lat="25.0721685402095317840576171875" lon="102.70413941703736782073974609375">
        <ele>1901.5999755859375</ele>
        <time>2026-10-04T23:08:37.000Z</time>
        <extensions>
          <ns3:TrackPointExtension>
            <ns3:hr>140</ns3:hr>
            <ns3:cad>95</ns3:cad>
          </ns3:TrackPointExtension>
        </extensions>
      </trkpt>
      <trkpt lat="25.07216644473373889923095703125" lon="102.704108655452728271484375">
        <ele>1901.5999755859375</ele>
        <time>2026-10-04T23:08:38.000Z</time>
        <extensions>
          <ns3:TrackPointExtension>
            <ns3:hr>140</ns3:hr>
            <ns3:cad>95</ns3:cad>
          </ns3:TrackPointExtension>
        </extensions>
      </trkpt>
      <trkpt lat="25.0721581466495990753173828125" lon="102.704078145325183868408203125">
        <ele>1901.5999755859375</ele>
        <time>2026-10-04T23:08:39.000Z</time>
        <extensions>
          <ns3:TrackPointExtension>
            <ns3:hr>141</ns3:hr>
            <ns3:cad>96</ns3:cad>
          </ns3:TrackPointExtension>
        </extensions>
      </trkpt>
      <trkpt lat="25.07215219549834728240966796875" lon="102.7040484733879566192626953125">
        <ele>1901.5999755859375</ele>
        <time>2026-10-04T23:08:40.000Z</time>
        <extensions>
          <ns3:TrackPointExtension>
            <ns3:hr>141</ns3:hr>
            <ns3:cad>96</ns3:cad>
          </ns3:TrackPointExtension>
        </extensions>
      </trkpt>
      <trkpt lat="25.07214255630970001220703125" lon="102.704009748995304107666015625">
        <ele>1901.5999755859375</ele>
        <time>2026-10-04T23:08:41.000Z</time>
        <extensions>
          <ns3:TrackPointExtension>
            <ns3:hr>141</ns3:hr>
            <ns3:cad>93</ns3:cad>
          </ns3:TrackPointExtension>
        </extensions>
      </trkpt>
      <trkpt lat="25.07212889380753040313720703125" lon="102.70398133434355258941650390625">
        <ele>1901.800048828125</ele>
        <time>2026-10-04T23:08:42.000Z</time>
        <extensions>
          <ns3:TrackPointExtension>
            <ns3:hr>141</ns3:hr>
            <ns3:cad>93</ns3:cad>
          </ns3:TrackPointExtension>
        </extensions>
      </trkpt>
      <trkpt lat="25.072119422256946563720703125" lon="102.70394646562635898590087890625">
        <ele>1901.800048828125</ele>
        <time>2026-10-04T23:08:43.000Z</time>
        <extensions>
          <ns3:TrackPointExtension>
            <ns3:hr>141</ns3:hr>
            <ns3:cad>93</ns3:cad>
          </ns3:TrackPointExtension>
        </extensions>
      </trkpt>
      <trkpt lat="25.07210743613541126251220703125" lon="102.7039167098701000213623046875">
        <ele>1901.800048828125</ele>
        <time>2026-10-04T23:08:44.000Z</time>
        <extensions>
          <ns3:TrackPointExtension>
            <ns3:hr>140</ns3:hr>
            <ns3:cad>93</ns3:cad>
          </ns3:TrackPointExtension>
        </extensions>
      </trkpt>
      <trkpt lat="25.0720989704132080078125" lon="102.703889720141887664794921875">
        <ele>1901.800048828125</ele>
        <time>2026-10-04T23:08:45.000Z</time>
        <extensions>
          <ns3:TrackPointExtension>
            <ns3:hr>140</ns3:hr>
            <ns3:cad>93</ns3:cad>
          </ns3:TrackPointExtension>
        </extensions>
      </trkpt>
      <trkpt lat="25.0720857270061969757080078125" lon="102.7038597129285335540771484375">
        <ele>1902</ele>
        <time>2026-10-04T23:08:46.000Z</time>
        <extensions>
          <ns3:TrackPointExtension>
            <ns3:hr>141</ns3:hr>
            <ns3:cad>93</ns3:cad>
          </ns3:TrackPointExtension>
        </extensions>
      </trkpt>
      <trkpt lat="25.0720793567597866058349609375" lon="102.703829370439052581787109375">
        <ele>1902</ele>
        <time>2026-10-04T23:08:47.000Z</time>
        <extensions>
          <ns3:TrackPointExtension>
            <ns3:hr>141</ns3:hr>
            <ns3:cad>93</ns3:cad>
          </ns3:TrackPointExtension>
        </extensions>
      </trkpt>
      <trkpt lat="25.0720734894275665283203125" lon="102.70379374735057353973388671875">
        <ele>1902</ele>
        <time>2026-10-04T23:08:48.000Z</time>
        <extensions>
          <ns3:TrackPointExtension>
            <ns3:hr>141</ns3:hr>
            <ns3:cad>93</ns3:cad>
          </ns3:TrackPointExtension>
        </extensions>
      </trkpt>
      <trkpt lat="25.072067119181156158447265625" lon="102.7037618122994899749755859375">
        <ele>1902</ele>
        <time>2026-10-04T23:08:49.000Z</time>
        <extensions>
          <ns3:TrackPointExtension>
            <ns3:hr>141</ns3:hr>
            <ns3:cad>93</ns3:cad>
          </ns3:TrackPointExtension>
        </extensions>
      </trkpt>
      <trkpt lat="25.0720619224011898040771484375" lon="102.70372970961034297943115234375">
        <ele>1902</ele>
        <time>2026-10-04T23:08:50.000Z</time>
        <extensions>
          <ns3:TrackPointExtension>
            <ns3:hr>141</ns3:hr>
            <ns3:cad>95</ns3:cad>
          </ns3:TrackPointExtension>
        </extensions>
      </trkpt>
      <trkpt lat="25.07205563597381114959716796875" lon="102.70369618199765682220458984375">
        <ele>1902</ele>
        <time>2026-10-04T23:08:51.000Z</time>
        <extensions>
          <ns3:TrackPointExtension>
            <ns3:hr>141</ns3:hr>
            <ns3:cad>96</ns3:cad>
          </ns3:TrackPointExtension>
        </extensions>
      </trkpt>
      <trkpt lat="25.0720521993935108184814453125" lon="102.7036642469465732574462890625">
        <ele>1902</ele>
        <time>2026-10-04T23:08:52.000Z</time>
        <extensions>
          <ns3:TrackPointExtension>
            <ns3:hr>141</ns3:hr>
            <ns3:cad>96</ns3:cad>
          </ns3:TrackPointExtension>
        </extensions>
      </trkpt>
      <trkpt lat="25.07203660905361175537109375" lon="102.70363247953355312347412109375">
        <ele>1902</ele>
        <time>2026-10-04T23:08:53.000Z</time>
        <extensions>
          <ns3:TrackPointExtension>
            <ns3:hr>141</ns3:hr>
            <ns3:cad>96</ns3:cad>
          </ns3:TrackPointExtension>
        </extensions>
      </trkpt>
      <trkpt lat="25.07201942615211009979248046875" lon="102.70360331051051616668701171875">
        <ele>1902</ele>
        <time>2026-10-04T23:08:54.000Z</time>
        <extensions>
          <ns3:TrackPointExtension>
            <ns3:hr>141</ns3:hr>
            <ns3:cad>96</ns3:cad>
          </ns3:TrackPointExtension>
        </extensions>
      </trkpt>
      <trkpt lat="25.07201381027698516845703125" lon="102.70356374792754650115966796875">
        <ele>1902.199951171875</ele>
        <time>2026-10-04T23:08:55.000Z</time>
        <extensions>
          <ns3:TrackPointExtension>
            <ns3:hr>141</ns3:hr>
            <ns3:cad>96</ns3:cad>
          </ns3:TrackPointExtension>
        </extensions>
      </trkpt>
      <trkpt lat="25.07199930958449840545654296875" lon="102.70352385006844997406005859375">
        <ele>1902.199951171875</ele>
        <time>2026-10-04T23:08:56.000Z</time>
        <extensions>
          <ns3:TrackPointExtension>
            <ns3:hr>142</ns3:hr>
            <ns3:cad>96</ns3:cad>
          </ns3:TrackPointExtension>
        </extensions>
      </trkpt>
      <trkpt lat="25.07198422215878963470458984375" lon="102.7034890651702880859375">
        <ele>1902.199951171875</ele>
        <time>2026-10-04T23:08:57.000Z</time>
        <extensions>
          <ns3:TrackPointExtension>
            <ns3:hr>142</ns3:hr>
            <ns3:cad>96</ns3:cad>
          </ns3:TrackPointExtension>
        </extensions>
      </trkpt>
      <trkpt lat="25.07196896709501743316650390625" lon="102.70345595665276050567626953125">
        <ele>1902.199951171875</ele>
        <time>2026-10-04T23:08:58.000Z</time>
        <extensions>
          <ns3:TrackPointExtension>
            <ns3:hr>142</ns3:hr>
            <ns3:cad>95</ns3:cad>
          </ns3:TrackPointExtension>
        </extensions>
      </trkpt>
      <trkpt lat="25.07196125574409961700439453125" lon="102.70342678762972354888916015625">
        <ele>1902.199951171875</ele>
        <time>2026-10-04T23:08:59.000Z</time>
        <extensions>
          <ns3:TrackPointExtension>
            <ns3:hr>142</ns3:hr>
            <ns3:cad>95</ns3:cad>
          </ns3:TrackPointExtension>
        </extensions>
      </trkpt>
      <trkpt lat="25.0719522871077060699462890625" lon="102.703400552272796630859375">
        <ele>1902.199951171875</ele>
        <time>2026-10-04T23:09:00.000Z</time>
        <extensions>
          <ns3:TrackPointExtension>
            <ns3:hr>142</ns3:hr>
            <ns3:cad>95</ns3:cad>
          </ns3:TrackPointExtension>
        </extensions>
      </trkpt>
      <trkpt lat="25.07194004952907562255859375" lon="102.70337750203907489776611328125">
        <ele>1902.199951171875</ele>
        <time>2026-10-04T23:09:01.000Z</time>
        <extensions>
          <ns3:TrackPointExtension>
            <ns3:hr>142</ns3:hr>
            <ns3:cad>95</ns3:cad>
          </ns3:TrackPointExtension>
        </extensions>
      </trkpt>
      <trkpt lat="25.0719261355698108673095703125" lon="102.7033601514995098114013671875">
        <ele>1902.199951171875</ele>
        <time>2026-10-04T23:09:02.000Z</time>
        <extensions>
          <ns3:TrackPointExtension>
            <ns3:hr>142</ns3:hr>
            <ns3:cad>96</ns3:cad>
          </ns3:TrackPointExtension>
        </extensions>
      </trkpt>
      <trkpt lat="25.07191465236246585845947265625" lon="102.70334179513156414031982421875">
        <ele>1902.4000244140625</ele>
        <time>2026-10-04T23:09:03.000Z</time>
        <extensions>
          <ns3:TrackPointExtension>
            <ns3:hr>142</ns3:hr>
            <ns3:cad>96</ns3:cad>
          </ns3:TrackPointExtension>
        </extensions>
      </trkpt>
      <trkpt lat="25.07190291769802570343017578125" lon="102.703323103487491607666015625">
        <ele>1902.4000244140625</ele>
        <time>2026-10-04T23:09:04.000Z</time>
        <extensions>
          <ns3:TrackPointExtension>
            <ns3:hr>142</ns3:hr>
            <ns3:cad>96</ns3:cad>
          </ns3:TrackPointExtension>
        </extensions>
      </trkpt>
      <trkpt lat="25.071888752281665802001953125" lon="102.70330340601503849029541015625">
        <ele>1902.4000244140625</ele>
        <time>2026-10-04T23:09:05.000Z</time>
        <extensions>
          <ns3:TrackPointExtension>
            <ns3:hr>141</ns3:hr>
            <ns3:cad>96</ns3:cad>
          </ns3:TrackPointExtension>
        </extensions>
      </trkpt>
      <trkpt lat="25.07187710143625736236572265625" lon="102.703289575874805450439453125">
        <ele>1902.4000244140625</ele>
        <time>2026-10-04T23:09:06.000Z</time>
        <extensions>
          <ns3:TrackPointExtension>
            <ns3:hr>141</ns3:hr>
            <ns3:cad>96</ns3:cad>
          </ns3:TrackPointExtension>
        </extensions>
      </trkpt>
      <trkpt lat="25.07186251692473888397216796875" lon="102.70326468162238597869873046875">
        <ele>1902.4000244140625</ele>
        <time>2026-10-04T23:09:07.000Z</time>
        <extensions>
          <ns3:TrackPointExtension>
            <ns3:hr>141</ns3:hr>
            <ns3:cad>96</ns3:cad>
          </ns3:TrackPointExtension>
        </extensions>
      </trkpt>
      <trkpt lat="25.0718406401574611663818359375" lon="102.70324339158833026885986328125">
        <ele>1902.4000244140625</ele>
        <time>2026-10-04T23:09:08.000Z</time>
        <extensions>
          <ns3:TrackPointExtension>
            <ns3:hr>141</ns3:hr>
            <ns3:cad>96</ns3:cad>
          </ns3:TrackPointExtension>
        </extensions>
      </trkpt>
      <trkpt lat="25.0718213617801666259765625" lon="102.70322562195360660552978515625">
        <ele>1902.4000244140625</ele>
        <time>2026-10-04T23:09:09.000Z</time>
        <extensions>
          <ns3:TrackPointExtension>
            <ns3:hr>141</ns3:hr>
            <ns3:cad>96</ns3:cad>
          </ns3:TrackPointExtension>
        </extensions>
      </trkpt>
      <trkpt lat="25.07179814390838146209716796875" lon="102.703202068805694580078125">
        <ele>1902.4000244140625</ele>
        <time>2026-10-04T23:09:10.000Z</time>
        <extensions>
          <ns3:TrackPointExtension>
            <ns3:hr>141</ns3:hr>
            <ns3:cad>96</ns3:cad>
          </ns3:TrackPointExtension>
        </extensions>
      </trkpt>
      <trkpt lat="25.0717762671411037445068359375" lon="102.70317700691521167755126953125">
        <ele>1902.4000244140625</ele>
        <time>2026-10-04T23:09:11.000Z</time>
        <extensions>
          <ns3:TrackPointExtension>
            <ns3:hr>141</ns3:hr>
            <ns3:cad>96</ns3:cad>
          </ns3:TrackPointExtension>
        </extensions>
      </trkpt>
      <trkpt lat="25.07175221107900142669677734375" lon="102.70315219648182392120361328125">
        <ele>1902.4000244140625</ele>
        <time>2026-10-04T23:09:12.000Z</time>
        <extensions>
          <ns3:TrackPointExtension>
            <ns3:hr>141</ns3:hr>
            <ns3:cad>96</ns3:cad>
          </ns3:TrackPointExtension>
        </extensions>
      </trkpt>
      <trkpt lat="25.07172874175012111663818359375" lon="102.703128643333911895751953125">
        <ele>1902.4000244140625</ele>
        <time>2026-10-04T23:09:13.000Z</time>
        <extensions>
          <ns3:TrackPointExtension>
            <ns3:hr>141</ns3:hr>
            <ns3:cad>96</ns3:cad>
          </ns3:TrackPointExtension>
        </extensions>
      </trkpt>
      <trkpt lat="25.07170845754444599151611328125" lon="102.7031113766133785247802734375">
        <ele>1902.4000244140625</ele>
        <time>2026-10-04T23:09:14.000Z</time>
        <extensions>
          <ns3:TrackPointExtension>
            <ns3:hr>141</ns3:hr>
            <ns3:cad>95</ns3:cad>
          </ns3:TrackPointExtension>
        </extensions>
      </trkpt>
      <trkpt lat="25.0716803781688213348388671875" lon="102.70309285260736942291259765625">
        <ele>1902.4000244140625</ele>
        <time>2026-10-04T23:09:15.000Z</time>
        <extensions>
          <ns3:TrackPointExtension>
            <ns3:hr>141</ns3:hr>
            <ns3:cad>95</ns3:cad>
          </ns3:TrackPointExtension>
        </extensions>
      </trkpt>
      <trkpt lat="25.07165146060287952423095703125" lon="102.70307508297264575958251953125">
        <ele>1902.5999755859375</ele>
        <time>2026-10-04T23:09:16.000Z</time>
        <extensions>
          <ns3:TrackPointExtension>
            <ns3:hr>141</ns3:hr>
            <ns3:cad>96</ns3:cad>
          </ns3:TrackPointExtension>
        </extensions>
      </trkpt>
      <trkpt lat="25.0716287456452846527099609375" lon="102.703062929213047027587890625">
        <ele>1902.5999755859375</ele>
        <time>2026-10-04T23:09:17.000Z</time>
        <extensions>
          <ns3:TrackPointExtension>
            <ns3:hr>141</ns3:hr>
            <ns3:cad>96</ns3:cad>
          </ns3:TrackPointExtension>
        </extensions>
      </trkpt>
      <trkpt lat="25.07159781642258167266845703125" lon="102.70304859615862369537353515625">
        <ele>1902.5999755859375</ele>
        <time>2026-10-04T23:09:18.000Z</time>
        <extensions>
          <ns3:TrackPointExtension>
            <ns3:hr>140</ns3:hr>
            <ns3:cad>96</ns3:cad>
          </ns3:TrackPointExtension>
        </extensions>
      </trkpt>
      <trkpt lat="25.0715740956366062164306640625" lon="102.7030386216938495635986328125">
        <ele>1902.800048828125</ele>
        <time>2026-10-04T23:09:19.000Z</time>
        <extensions>
          <ns3:TrackPointExtension>
            <ns3:hr>140</ns3:hr>
            <ns3:cad>96</ns3:cad>
          </ns3:TrackPointExtension>
        </extensions>
      </trkpt>
      <trkpt lat="25.07154668681323528289794921875" lon="102.7030248753726482391357421875">
        <ele>1902.800048828125</ele>
        <time>2026-10-04T23:09:20.000Z</time>
        <extensions>
          <ns3:TrackPointExtension>
            <ns3:hr>140</ns3:hr>
            <ns3:cad>96</ns3:cad>
          </ns3:TrackPointExtension>
        </extensions>
      </trkpt>
      <trkpt lat="25.0715124048292636871337890625" lon="102.70300903357565402984619140625">
        <ele>1902.800048828125</ele>
        <time>2026-10-04T23:09:21.000Z</time>
        <extensions>
          <ns3:TrackPointExtension>
            <ns3:hr>140</ns3:hr>
            <ns3:cad>97</ns3:cad>
          </ns3:TrackPointExtension>
        </extensions>
      </trkpt>
      <trkpt lat="25.07148549892008304595947265625" lon="102.70300098694860935211181640625">
        <ele>1902.5999755859375</ele>
        <time>2026-10-04T23:09:22.000Z</time>
        <extensions>
          <ns3:TrackPointExtension>
            <ns3:hr>139</ns3:hr>
            <ns3:cad>97</ns3:cad>
          </ns3:TrackPointExtension>
        </extensions>
      </trkpt>
      <trkpt lat="25.0714540667831897735595703125" lon="102.702987156808376312255859375">
        <ele>1902.5999755859375</ele>
        <time>2026-10-04T23:09:23.000Z</time>
        <extensions>
          <ns3:TrackPointExtension>
            <ns3:hr>139</ns3:hr>
            <ns3:cad>96</ns3:cad>
          </ns3:TrackPointExtension>
        </extensions>
      </trkpt>
      <trkpt lat="25.07142565213143825531005859375" lon="102.7029765956103801727294921875">
        <ele>1902.5999755859375</ele>
        <time>2026-10-04T23:09:24.000Z</time>
        <extensions>
          <ns3:TrackPointExtension>
            <ns3:hr>140</ns3:hr>
            <ns3:cad>96</ns3:cad>
          </ns3:TrackPointExtension>
        </extensions>
      </trkpt>
      <trkpt lat="25.0713975727558135986328125" lon="102.702963016927242279052734375">
        <ele>1902.5999755859375</ele>
        <time>2026-10-04T23:09:25.000Z</time>
        <extensions>
          <ns3:TrackPointExtension>
            <ns3:hr>140</ns3:hr>
            <ns3:cad>96</ns3:cad>
          </ns3:TrackPointExtension>
        </extensions>
      </trkpt>
      <trkpt lat="25.07136605679988861083984375" lon="102.702948935329914093017578125">
        <ele>1902.5999755859375</ele>
        <time>2026-10-04T23:09:26.000Z</time>
        <extensions>
          <ns3:TrackPointExtension>
            <ns3:hr>140</ns3:hr>
            <ns3:cad>96</ns3:cad>
          </ns3:TrackPointExtension>
        </extensions>
      </trkpt>
      <trkpt lat="25.07134032435715198516845703125" lon="102.70293711684644222259521484375">
        <ele>1902.5999755859375</ele>
        <time>2026-10-04T23:09:27.000Z</time>
        <extensions>
          <ns3:TrackPointExtension>
            <ns3:hr>139</ns3:hr>
            <ns3:cad>96</ns3:cad>
          </ns3:TrackPointExtension>
        </extensions>
      </trkpt>
      <trkpt lat="25.0713098980486392974853515625" lon="102.70292202942073345184326171875">
        <ele>1902.5999755859375</ele>
        <time>2026-10-04T23:09:28.000Z</time>
        <extensions>
          <ns3:TrackPointExtension>
            <ns3:hr>140</ns3:hr>
            <ns3:cad>96</ns3:cad>
          </ns3:TrackPointExtension>
        </extensions>
      </trkpt>
      <trkpt lat="25.07127821445465087890625" lon="102.70290769636631011962890625">
        <ele>1902.5999755859375</ele>
        <time>2026-10-04T23:09:29.000Z</time>
        <extensions>
          <ns3:TrackPointExtension>
            <ns3:hr>140</ns3:hr>
            <ns3:cad>96</ns3:cad>
          </ns3:TrackPointExtension>
        </extensions>
      </trkpt>
      <trkpt lat="25.0712522305548191070556640625" lon="102.70288850180804729461669921875">
        <ele>1902.5999755859375</ele>
        <time>2026-10-04T23:09:30.000Z</time>
        <extensions>
          <ns3:TrackPointExtension>
            <ns3:hr>139</ns3:hr>
            <ns3:cad>97</ns3:cad>
          </ns3:TrackPointExtension>
        </extensions>
      </trkpt>
      <trkpt lat="25.07122130133211612701416015625" lon="102.70287458784878253936767578125">
        <ele>1902.800048828125</ele>
        <time>2026-10-04T23:09:31.000Z</time>
        <extensions>
          <ns3:TrackPointExtension>
            <ns3:hr>139</ns3:hr>
            <ns3:cad>97</ns3:cad>
          </ns3:TrackPointExtension>
        </extensions>
      </trkpt>
      <trkpt lat="25.07119632326066493988037109375" lon="102.70285966806113719940185546875">
        <ele>1902.800048828125</ele>
        <time>2026-10-04T23:09:32.000Z</time>
        <extensions>
          <ns3:TrackPointExtension>
            <ns3:hr>139</ns3:hr>
            <ns3:cad>97</ns3:cad>
          </ns3:TrackPointExtension>
        </extensions>
      </trkpt>
      <trkpt lat="25.07116380147635936737060546875" lon="102.70284374244511127471923828125">
        <ele>1902.800048828125</ele>
        <time>2026-10-04T23:09:33.000Z</time>
        <extensions>
          <ns3:TrackPointExtension>
            <ns3:hr>140</ns3:hr>
            <ns3:cad>97</ns3:cad>
          </ns3:TrackPointExtension>
        </extensions>
      </trkpt>
      <trkpt lat="25.07113463245332241058349609375" lon="102.702842317521572113037109375">
        <ele>1902.800048828125</ele>
        <time>2026-10-04T23:09:34.000Z</time>
        <extensions>
          <ns3:TrackPointExtension>
            <ns3:hr>139</ns3:hr>
            <ns3:cad>97</ns3:cad>
          </ns3:TrackPointExtension>
        </extensions>
      </trkpt>
      <trkpt lat="25.0711037032306194305419921875" lon="102.70284273661673069000244140625">
        <ele>1902.800048828125</ele>
        <time>2026-10-04T23:09:35.000Z</time>
        <extensions>
          <ns3:TrackPointExtension>
            <ns3:hr>139</ns3:hr>
            <ns3:cad>95</ns3:cad>
          </ns3:TrackPointExtension>
        </extensions>
      </trkpt>
      <trkpt lat="25.07106975652277469635009765625" lon="102.702834606170654296875">
        <ele>1902.800048828125</ele>
        <time>2026-10-04T23:09:36.000Z</time>
        <extensions>
          <ns3:TrackPointExtension>
            <ns3:hr>140</ns3:hr>
            <ns3:cad>95</ns3:cad>
          </ns3:TrackPointExtension>
        </extensions>
      </trkpt>
      <trkpt lat="25.0710430182516574859619140625" lon="102.7028307504951953887939453125">
        <ele>1902.5999755859375</ele>
        <time>2026-10-04T23:09:37.000Z</time>
        <extensions>
          <ns3:TrackPointExtension>
            <ns3:hr>140</ns3:hr>
            <ns3:cad>95</ns3:cad>
          </ns3:TrackPointExtension>
        </extensions>
      </trkpt>
      <trkpt lat="25.07101242430508136749267578125" lon="102.7028216980397701263427734375">
        <ele>1902.5999755859375</ele>
        <time>2026-10-04T23:09:38.000Z</time>
        <extensions>
          <ns3:TrackPointExtension>
            <ns3:hr>140</ns3:hr>
            <ns3:cad>96</ns3:cad>
          </ns3:TrackPointExtension>
        </extensions>
      </trkpt>
      <trkpt lat="25.0709813274443149566650390625" lon="102.70281650125980377197265625">
        <ele>1902.5999755859375</ele>
        <time>2026-10-04T23:09:39.000Z</time>
        <extensions>
          <ns3:TrackPointExtension>
            <ns3:hr>140</ns3:hr>
            <ns3:cad>96</ns3:cad>
          </ns3:TrackPointExtension>
        </extensions>
      </trkpt>
      <trkpt lat="25.07095157168805599212646484375" lon="102.70280451513826847076416015625">
        <ele>1902.5999755859375</ele>
        <time>2026-10-04T23:09:40.000Z</time>
        <extensions>
          <ns3:TrackPointExtension>
            <ns3:hr>139</ns3:hr>
            <ns3:cad>96</ns3:cad>
          </ns3:TrackPointExtension>
        </extensions>
      </trkpt>
      <trkpt lat="25.0709174573421478271484375" lon="102.702794037759304046630859375">
        <ele>1902.5999755859375</ele>
        <time>2026-10-04T23:09:41.000Z</time>
        <extensions>
          <ns3:TrackPointExtension>
            <ns3:hr>140</ns3:hr>
            <ns3:cad>96</ns3:cad>
          </ns3:TrackPointExtension>
        </extensions>
      </trkpt>
      <trkpt lat="25.0708901323378086090087890625" lon="102.7027898468077182769775390625">
        <ele>1902.5999755859375</ele>
        <time>2026-10-04T23:09:42.000Z</time>
        <extensions>
          <ns3:TrackPointExtension>
            <ns3:hr>140</ns3:hr>
            <ns3:cad>98</ns3:cad>
          </ns3:TrackPointExtension>
        </extensions>
      </trkpt>
      <trkpt lat="25.0708530843257904052734375" lon="102.70278087817132472991943359375">
        <ele>1902.5999755859375</ele>
        <time>2026-10-04T23:09:43.000Z</time>
        <extensions>
          <ns3:TrackPointExtension>
            <ns3:hr>140</ns3:hr>
            <ns3:cad>98</ns3:cad>
          </ns3:TrackPointExtension>
        </extensions>
      </trkpt>
      <trkpt lat="25.07082081399857997894287109375" lon="102.7027747593820095062255859375">
        <ele>1902.5999755859375</ele>
        <time>2026-10-04T23:09:44.000Z</time>
        <extensions>
          <ns3:TrackPointExtension>
            <ns3:hr>140</ns3:hr>
            <ns3:cad>98</ns3:cad>
          </ns3:TrackPointExtension>
        </extensions>
      </trkpt>
      <trkpt lat="25.070791728794574737548828125" lon="102.7027653716504573822021484375">
        <ele>1902.5999755859375</ele>
        <time>2026-10-04T23:09:45.000Z</time>
        <extensions>
          <ns3:TrackPointExtension>
            <ns3:hr>141</ns3:hr>
            <ns3:cad>97</ns3:cad>
          </ns3:TrackPointExtension>
        </extensions>
      </trkpt>
      <trkpt lat="25.0707560218870639801025390625" lon="102.7027543075382709503173828125">
        <ele>1902.5999755859375</ele>
        <time>2026-10-04T23:09:46.000Z</time>
        <extensions>
          <ns3:TrackPointExtension>
            <ns3:hr>141</ns3:hr>
            <ns3:cad>97</ns3:cad>
          </ns3:TrackPointExtension>
        </extensions>
      </trkpt>
      <trkpt lat="25.07072593085467815399169921875" lon="102.70274651236832141876220703125">
        <ele>1902.5999755859375</ele>
        <time>2026-10-04T23:09:47.000Z</time>
        <extensions>
          <ns3:TrackPointExtension>
            <ns3:hr>141</ns3:hr>
            <ns3:cad>97</ns3:cad>
          </ns3:TrackPointExtension>
        </extensions>
      </trkpt>
      <trkpt lat="25.07069927640259265899658203125" lon="102.702737040817737579345703125">
        <ele>1902.5999755859375</ele>
        <time>2026-10-04T23:09:48.000Z</time>
        <extensions>
          <ns3:TrackPointExtension>
            <ns3:hr>141</ns3:hr>
            <ns3:cad>95</ns3:cad>
          </ns3:TrackPointExtension>
        </extensions>
      </trkpt>
      <trkpt lat="25.07066356949508190155029296875" lon="102.70272907800972461700439453125">
        <ele>1902.5999755859375</ele>
        <time>2026-10-04T23:09:49.000Z</time>
        <extensions>
          <ns3:TrackPointExtension>
            <ns3:hr>141</ns3:hr>
            <ns3:cad>95</ns3:cad>
          </ns3:TrackPointExtension>
        </extensions>
      </trkpt>
      <trkpt lat="25.0706366635859012603759765625" lon="102.7027157507836818695068359375">
        <ele>1902.5999755859375</ele>
        <time>2026-10-04T23:09:50.000Z</time>
        <extensions>
          <ns3:TrackPointExtension>
            <ns3:hr>141</ns3:hr>
            <ns3:cad>95</ns3:cad>
          </ns3:TrackPointExtension>
        </extensions>
      </trkpt>
      <trkpt lat="25.07060104049742221832275390625" lon="102.70269236527383327484130859375">
        <ele>1902.4000244140625</ele>
        <time>2026-10-04T23:09:51.000Z</time>
        <extensions>
          <ns3:TrackPointExtension>
            <ns3:hr>141</ns3:hr>
            <ns3:cad>95</ns3:cad>
          </ns3:TrackPointExtension>
        </extensions>
      </trkpt>
      <trkpt lat="25.07057388313114643096923828125" lon="102.702674008905887603759765625">
        <ele>1902.4000244140625</ele>
        <time>2026-10-04T23:09:52.000Z</time>
        <extensions>
          <ns3:TrackPointExtension>
            <ns3:hr>141</ns3:hr>
            <ns3:cad>95</ns3:cad>
          </ns3:TrackPointExtension>
        </extensions>
      </trkpt>
      <trkpt lat="25.07054471410810947418212890625" lon="102.7026554010808467864990234375">
        <ele>1902.4000244140625</ele>
        <time>2026-10-04T23:09:53.000Z</time>
        <extensions>
          <ns3:TrackPointExtension>
            <ns3:hr>141</ns3:hr>
            <ns3:cad>95</ns3:cad>
          </ns3:TrackPointExtension>
        </extensions>
      </trkpt>
      <trkpt lat="25.070512108504772186279296875" lon="102.70263989455997943878173828125">
        <ele>1902.199951171875</ele>
        <time>2026-10-04T23:09:54.000Z</time>
        <extensions>
          <ns3:TrackPointExtension>
            <ns3:hr>141</ns3:hr>
            <ns3:cad>96</ns3:cad>
          </ns3:TrackPointExtension>
        </extensions>
      </trkpt>
      <trkpt lat="25.07048822008073329925537109375" lon="102.7026322670280933380126953125">
        <ele>1902.199951171875</ele>
        <time>2026-10-04T23:09:55.000Z</time>
        <extensions>
          <ns3:TrackPointExtension>
            <ns3:hr>141</ns3:hr>
            <ns3:cad>97</ns3:cad>
          </ns3:TrackPointExtension>
        </extensions>
      </trkpt>
      <trkpt lat="25.07045988924801349639892578125" lon="102.70261525176465511322021484375">
        <ele>1902.199951171875</ele>
        <time>2026-10-04T23:09:56.000Z</time>
        <extensions>
          <ns3:TrackPointExtension>
            <ns3:hr>141</ns3:hr>
            <ns3:cad>97</ns3:cad>
          </ns3:TrackPointExtension>
        </extensions>
      </trkpt>
      <trkpt lat="25.07043608464300632476806640625" lon="102.70259697921574115753173828125">
        <ele>1902.199951171875</ele>
        <time>2026-10-04T23:09:57.000Z</time>
        <extensions>
          <ns3:TrackPointExtension>
            <ns3:hr>141</ns3:hr>
            <ns3:cad>97</ns3:cad>
          </ns3:TrackPointExtension>
        </extensions>
      </trkpt>
      <trkpt lat="25.07041655480861663818359375" lon="102.70257719792425632476806640625">
        <ele>1902.199951171875</ele>
        <time>2026-10-04T23:09:58.000Z</time>
        <extensions>
          <ns3:TrackPointExtension>
            <ns3:hr>141</ns3:hr>
            <ns3:cad>97</ns3:cad>
          </ns3:TrackPointExtension>
        </extensions>
      </trkpt>
      <trkpt lat="25.07039048708975315093994140625" lon="102.70255624316632747650146484375">
        <ele>1902.199951171875</ele>
        <time>2026-10-04T23:09:59.000Z</time>
        <extensions>
          <ns3:TrackPointExtension>
            <ns3:hr>141</ns3:hr>
            <ns3:cad>97</ns3:cad>
          </ns3:TrackPointExtension>
        </extensions>
      </trkpt>
      <trkpt lat="25.0703677721321582794189453125" lon="102.7025326900184154510498046875">
        <ele>1902</ele>
        <time>2026-10-04T23:10:00.000Z</time>
        <extensions>
          <ns3:TrackPointExtension>
            <ns3:hr>140</ns3:hr>
            <ns3:cad>96</ns3:cad>
          </ns3:TrackPointExtension>
        </extensions>
      </trkpt>
      <trkpt lat="25.07034606300294399261474609375" lon="102.70250402390956878662109375">
        <ele>1902</ele>
        <time>2026-10-04T23:10:01.000Z</time>
        <extensions>
          <ns3:TrackPointExtension>
            <ns3:hr>141</ns3:hr>
            <ns3:cad>96</ns3:cad>
          </ns3:TrackPointExtension>
        </extensions>
      </trkpt>
      <trkpt lat="25.07032326422631740570068359375" lon="102.7024827338755130767822265625">
        <ele>1902</ele>
        <time>2026-10-04T23:10:02.000Z</time>
        <extensions>
          <ns3:TrackPointExtension>
            <ns3:hr>140</ns3:hr>
            <ns3:cad>96</ns3:cad>
          </ns3:TrackPointExtension>
        </extensions>
      </trkpt>
      <trkpt lat="25.0703064166009426116943359375" lon="102.70245566032826900482177734375">
        <ele>1902</ele>
        <time>2026-10-04T23:10:03.000Z</time>
        <extensions>
          <ns3:TrackPointExtension>
            <ns3:hr>140</ns3:hr>
            <ns3:cad>97</ns3:cad>
          </ns3:TrackPointExtension>
        </extensions>
      </trkpt>
      <trkpt lat="25.07028621621429920196533203125" lon="102.70241844467818737030029296875">
        <ele>1902</ele>
        <time>2026-10-04T23:10:04.000Z</time>
        <extensions>
          <ns3:TrackPointExtension>
            <ns3:hr>140</ns3:hr>
            <ns3:cad>97</ns3:cad>
          </ns3:TrackPointExtension>
        </extensions>
      </trkpt>
      <trkpt lat="25.070269368588924407958984375" lon="102.7023891918361186981201171875">
        <ele>1902</ele>
        <time>2026-10-04T23:10:05.000Z</time>
        <extensions>
          <ns3:TrackPointExtension>
            <ns3:hr>140</ns3:hr>
            <ns3:cad>97</ns3:cad>
          </ns3:TrackPointExtension>
        </extensions>
      </trkpt>
      <trkpt lat="25.0702527724206447601318359375" lon="102.702350802719593048095703125">
        <ele>1902</ele>
        <time>2026-10-04T23:10:06.000Z</time>
        <extensions>
          <ns3:TrackPointExtension>
            <ns3:hr>140</ns3:hr>
            <ns3:cad>97</ns3:cad>
          </ns3:TrackPointExtension>
        </extensions>
      </trkpt>
      <trkpt lat="25.07023810409009456634521484375" lon="102.70231492817401885986328125">
        <ele>1902</ele>
        <time>2026-10-04T23:10:07.000Z</time>
        <extensions>
          <ns3:TrackPointExtension>
            <ns3:hr>140</ns3:hr>
            <ns3:cad>96</ns3:cad>
          </ns3:TrackPointExtension>
        </extensions>
      </trkpt>
      <trkpt lat="25.070225112140178680419921875" lon="102.70227964036166667938232421875">
        <ele>1901.800048828125</ele>
        <time>2026-10-04T23:10:08.000Z</time>
        <extensions>
          <ns3:TrackPointExtension>
            <ns3:hr>140</ns3:hr>
            <ns3:cad>96</ns3:cad>
          </ns3:TrackPointExtension>
        </extensions>
      </trkpt>
      <trkpt lat="25.070209689438343048095703125" lon="102.702242173254489898681640625">
        <ele>1901.800048828125</ele>
        <time>2026-10-04T23:10:09.000Z</time>
        <extensions>
          <ns3:TrackPointExtension>
            <ns3:hr>141</ns3:hr>
            <ns3:cad>96</ns3:cad>
          </ns3:TrackPointExtension>
        </extensions>
      </trkpt>
      <trkpt lat="25.07019401527941226959228515625" lon="102.70221166312694549560546875">
        <ele>1901.800048828125</ele>
        <time>2026-10-04T23:10:10.000Z</time>
        <extensions>
          <ns3:TrackPointExtension>
            <ns3:hr>141</ns3:hr>
            <ns3:cad>96</ns3:cad>
          </ns3:TrackPointExtension>
        </extensions>
      </trkpt>
      <trkpt lat="25.07018387317657470703125" lon="102.7021829970180988311767578125">
        <ele>1901.5999755859375</ele>
        <time>2026-10-04T23:10:11.000Z</time>
        <extensions>
          <ns3:TrackPointExtension>
            <ns3:hr>141</ns3:hr>
            <ns3:cad>97</ns3:cad>
          </ns3:TrackPointExtension>
        </extensions>
      </trkpt>
      <trkpt lat="25.0701669417321681976318359375" lon="102.70215039141476154327392578125">
        <ele>1901.5999755859375</ele>
        <time>2026-10-04T23:10:12.000Z</time>
        <extensions>
          <ns3:TrackPointExtension>
            <ns3:hr>141</ns3:hr>
            <ns3:cad>97</ns3:cad>
          </ns3:TrackPointExtension>
        </extensions>
      </trkpt>
      <trkpt lat="25.070151351392269134521484375" lon="102.70212206058204174041748046875">
        <ele>1901.800048828125</ele>
        <time>2026-10-04T23:10:13.000Z</time>
        <extensions>
          <ns3:TrackPointExtension>
            <ns3:hr>141</ns3:hr>
            <ns3:cad>97</ns3:cad>
          </ns3:TrackPointExtension>
        </extensions>
      </trkpt>
      <trkpt lat="25.0701360963284969329833984375" lon="102.70208870060741901397705078125">
        <ele>1901.800048828125</ele>
        <time>2026-10-04T23:10:14.000Z</time>
        <extensions>
          <ns3:TrackPointExtension>
            <ns3:hr>141</ns3:hr>
            <ns3:cad>96</ns3:cad>
          </ns3:TrackPointExtension>
        </extensions>
      </trkpt>
      <trkpt lat="25.0701210089027881622314453125" lon="102.70205634646117687225341796875">
        <ele>1901.800048828125</ele>
        <time>2026-10-04T23:10:15.000Z</time>
        <extensions>
          <ns3:TrackPointExtension>
            <ns3:hr>141</ns3:hr>
            <ns3:cad>96</ns3:cad>
          </ns3:TrackPointExtension>
        </extensions>
      </trkpt>
      <trkpt lat="25.0701034069061279296875" lon="102.70202935673296451568603515625">
        <ele>1901.5999755859375</ele>
        <time>2026-10-04T23:10:16.000Z</time>
        <extensions>
          <ns3:TrackPointExtension>
            <ns3:hr>141</ns3:hr>
            <ns3:cad>96</ns3:cad>
          </ns3:TrackPointExtension>
        </extensions>
      </trkpt>
      <trkpt lat="25.070084966719150543212890625" lon="102.7019952423870563507080078125">
        <ele>1901.5999755859375</ele>
        <time>2026-10-04T23:10:17.000Z</time>
        <extensions>
          <ns3:TrackPointExtension>
            <ns3:hr>141</ns3:hr>
            <ns3:cad>96</ns3:cad>
          </ns3:TrackPointExtension>
        </extensions>
      </trkpt>
      <trkpt lat="25.07006610743701457977294921875" lon="102.7019700966775417327880859375">
        <ele>1901.4000244140625</ele>
        <time>2026-10-04T23:10:18.000Z</time>
        <extensions>
          <ns3:TrackPointExtension>
            <ns3:hr>141</ns3:hr>
            <ns3:cad>96</ns3:cad>
          </ns3:TrackPointExtension>
        </extensions>
      </trkpt>
      <trkpt lat="25.070051439106464385986328125" lon="102.7019369043409824371337890625">
        <ele>1901.4000244140625</ele>
        <time>2026-10-04T23:10:19.000Z</time>
        <extensions>
          <ns3:TrackPointExtension>
            <ns3:hr>141</ns3:hr>
            <ns3:cad>97</ns3:cad>
          </ns3:TrackPointExtension>
        </extensions>
      </trkpt>
      <trkpt lat="25.07003702223300933837890625" lon="102.70190731622278690338134765625">
        <ele>1901.4000244140625</ele>
        <time>2026-10-04T23:10:20.000Z</time>
        <extensions>
          <ns3:TrackPointExtension>
            <ns3:hr>141</ns3:hr>
            <ns3:cad>97</ns3:cad>
          </ns3:TrackPointExtension>
        </extensions>
      </trkpt>
      <trkpt lat="25.07002520374953746795654296875" lon="102.701882086694240570068359375">
        <ele>1901.4000244140625</ele>
        <time>2026-10-04T23:10:21.000Z</time>
        <extensions>
          <ns3:TrackPointExtension>
            <ns3:hr>141</ns3:hr>
            <ns3:cad>97</ns3:cad>
          </ns3:TrackPointExtension>
        </extensions>
      </trkpt>
      <trkpt lat="25.07001397199928760528564453125" lon="102.701853923499584197998046875">
        <ele>1901.4000244140625</ele>
        <time>2026-10-04T23:10:22.000Z</time>
        <extensions>
          <ns3:TrackPointExtension>
            <ns3:hr>141</ns3:hr>
            <ns3:cad>97</ns3:cad>
          </ns3:TrackPointExtension>
        </extensions>
      </trkpt>
      <trkpt lat="25.07000349462032318115234375" lon="102.701827101409435272216796875">
        <ele>1901.4000244140625</ele>
        <time>2026-10-04T23:10:23.000Z</time>
        <extensions>
          <ns3:TrackPointExtension>
            <ns3:hr>140</ns3:hr>
            <ns3:cad>96</ns3:cad>
          </ns3:TrackPointExtension>
        </extensions>
      </trkpt>
      <trkpt lat="25.0699902512133121490478515625" lon="102.7017930708825588226318359375">
        <ele>1901.5999755859375</ele>
        <time>2026-10-04T23:10:24.000Z</time>
        <extensions>
          <ns3:TrackPointExtension>
            <ns3:hr>140</ns3:hr>
            <ns3:cad>96</ns3:cad>
          </ns3:TrackPointExtension>
        </extensions>
      </trkpt>
      <trkpt lat="25.0699758343398571014404296875" lon="102.70176197402179241180419921875">
        <ele>1901.5999755859375</ele>
        <time>2026-10-04T23:10:25.000Z</time>
        <extensions>
          <ns3:TrackPointExtension>
            <ns3:hr>140</ns3:hr>
            <ns3:cad>96</ns3:cad>
          </ns3:TrackPointExtension>
        </extensions>
      </trkpt>
      <trkpt lat="25.069963596761226654052734375" lon="102.7017310447990894317626953125">
        <ele>1901.5999755859375</ele>
        <time>2026-10-04T23:10:26.000Z</time>
        <extensions>
          <ns3:TrackPointExtension>
            <ns3:hr>140</ns3:hr>
            <ns3:cad>96</ns3:cad>
          </ns3:TrackPointExtension>
        </extensions>
      </trkpt>
      <trkpt lat="25.0699470005929470062255859375" lon="102.70169072784483432769775390625">
        <ele>1901.5999755859375</ele>
        <time>2026-10-04T23:10:27.000Z</time>
        <extensions>
          <ns3:TrackPointExtension>
            <ns3:hr>140</ns3:hr>
            <ns3:cad>96</ns3:cad>
          </ns3:TrackPointExtension>
        </extensions>
      </trkpt>
      <trkpt lat="25.0699288956820964813232421875" lon="102.70166038535535335540771484375">
        <ele>1901.5999755859375</ele>
        <time>2026-10-04T23:10:28.000Z</time>
        <extensions>
          <ns3:TrackPointExtension>
            <ns3:hr>140</ns3:hr>
            <ns3:cad>96</ns3:cad>
          </ns3:TrackPointExtension>
        </extensions>
      </trkpt>
      <trkpt lat="25.06991632282733917236328125" lon="102.7016257680952548980712890625">
        <ele>1901.4000244140625</ele>
        <time>2026-10-04T23:10:29.000Z</time>
        <extensions>
          <ns3:TrackPointExtension>
            <ns3:hr>140</ns3:hr>
            <ns3:cad>96</ns3:cad>
          </ns3:TrackPointExtension>
        </extensions>
      </trkpt>
      <trkpt lat="25.0699007324874401092529296875" lon="102.70159609615802764892578125">
        <ele>1901.5999755859375</ele>
        <time>2026-10-04T23:10:30.000Z</time>
        <extensions>
          <ns3:TrackPointExtension>
            <ns3:hr>139</ns3:hr>
            <ns3:cad>96</ns3:cad>
          </ns3:TrackPointExtension>
        </extensions>
      </trkpt>
      <trkpt lat="25.069888494908809661865234375" lon="102.70156734623014926910400390625">
        <ele>1901.5999755859375</ele>
        <time>2026-10-04T23:10:31.000Z</time>
        <extensions>
          <ns3:TrackPointExtension>
            <ns3:hr>139</ns3:hr>
            <ns3:cad>96</ns3:cad>
          </ns3:TrackPointExtension>
        </extensions>
      </trkpt>
      <trkpt lat="25.06987449713051319122314453125" lon="102.701534740626811981201171875">
        <ele>1901.4000244140625</ele>
        <time>2026-10-04T23:10:32.000Z</time>
        <extensions>
          <ns3:TrackPointExtension>
            <ns3:hr>140</ns3:hr>
            <ns3:cad>96</ns3:cad>
          </ns3:TrackPointExtension>
        </extensions>
      </trkpt>
      <trkpt lat="25.06986041553318500518798828125" lon="102.7015033923089504241943359375">
        <ele>1901.4000244140625</ele>
        <time>2026-10-04T23:10:33.000Z</time>
        <extensions>
          <ns3:TrackPointExtension>
            <ns3:hr>140</ns3:hr>
            <ns3:cad>96</ns3:cad>
          </ns3:TrackPointExtension>
        </extensions>
      </trkpt>
      <trkpt lat="25.069846920669078826904296875" lon="102.70147598348557949066162109375">
        <ele>1901.199951171875</ele>
        <time>2026-10-04T23:10:34.000Z</time>
        <extensions>
          <ns3:TrackPointExtension>
            <ns3:hr>140</ns3:hr>
            <ns3:cad>96</ns3:cad>
          </ns3:TrackPointExtension>
        </extensions>
      </trkpt>
      <trkpt lat="25.06982940249145030975341796875" lon="102.70145067013800144195556640625">
        <ele>1901.199951171875</ele>
        <time>2026-10-04T23:10:35.000Z</time>
        <extensions>
          <ns3:TrackPointExtension>
            <ns3:hr>140</ns3:hr>
            <ns3:cad>96</ns3:cad>
          </ns3:TrackPointExtension>
        </extensions>
      </trkpt>
      <trkpt lat="25.0698118843138217926025390625" lon="102.7014291286468505859375">
        <ele>1901.199951171875</ele>
        <time>2026-10-04T23:10:36.000Z</time>
        <extensions>
          <ns3:TrackPointExtension>
            <ns3:hr>140</ns3:hr>
            <ns3:cad>96</ns3:cad>
          </ns3:TrackPointExtension>
        </extensions>
      </trkpt>
      <trkpt lat="25.06978933699429035186767578125" lon="102.701403982937335968017578125">
        <ele>1901.199951171875</ele>
        <time>2026-10-04T23:10:37.000Z</time>
        <extensions>
          <ns3:TrackPointExtension>
            <ns3:hr>140</ns3:hr>
            <ns3:cad>96</ns3:cad>
          </ns3:TrackPointExtension>
        </extensions>
      </trkpt>
      <trkpt lat="25.06977022625505924224853515625" lon="102.7013736404478549957275390625">
        <ele>1901.199951171875</ele>
        <time>2026-10-04T23:10:38.000Z</time>
        <extensions>
          <ns3:TrackPointExtension>
            <ns3:hr>139</ns3:hr>
            <ns3:cad>98</ns3:cad>
          </ns3:TrackPointExtension>
        </extensions>
      </trkpt>
      <trkpt lat="25.0697528757154941558837890625" lon="102.70133784972131252288818359375">
        <ele>1901.199951171875</ele>
        <time>2026-10-04T23:10:39.000Z</time>
        <extensions>
          <ns3:TrackPointExtension>
            <ns3:hr>140</ns3:hr>
            <ns3:cad>98</ns3:cad>
          </ns3:TrackPointExtension>
        </extensions>
      </trkpt>
      <trkpt lat="25.06973083131015300750732421875" lon="102.701308429241180419921875">
        <ele>1901.199951171875</ele>
        <time>2026-10-04T23:10:40.000Z</time>
        <extensions>
          <ns3:TrackPointExtension>
            <ns3:hr>140</ns3:hr>
            <ns3:cad>98</ns3:cad>
          </ns3:TrackPointExtension>
        </extensions>
      </trkpt>
      <trkpt lat="25.069702751934528350830078125" lon="102.701294012367725372314453125">
        <ele>1901.199951171875</ele>
        <time>2026-10-04T23:10:41.000Z</time>
        <extensions>
          <ns3:TrackPointExtension>
            <ns3:hr>139</ns3:hr>
            <ns3:cad>98</ns3:cad>
          </ns3:TrackPointExtension>
        </extensions>
      </trkpt>
      <trkpt lat="25.069679953157901763916015625" lon="102.7012700401246547698974609375">
        <ele>1901.199951171875</ele>
        <time>2026-10-04T23:10:42.000Z</time>
        <extensions>
          <ns3:TrackPointExtension>
            <ns3:hr>140</ns3:hr>
            <ns3:cad>98</ns3:cad>
          </ns3:TrackPointExtension>
        </extensions>
      </trkpt>
      <trkpt lat="25.06965589709579944610595703125" lon="102.701248414814472198486328125">
        <ele>1901.199951171875</ele>
        <time>2026-10-04T23:10:43.000Z</time>
        <extensions>
          <ns3:TrackPointExtension>
            <ns3:hr>140</ns3:hr>
            <ns3:cad>96</ns3:cad>
          </ns3:TrackPointExtension>
        </extensions>
      </trkpt>
      <trkpt lat="25.069637037813663482666015625" lon="102.70122997462749481201171875">
        <ele>1901.199951171875</ele>
        <time>2026-10-04T23:10:44.000Z</time>
        <extensions>
          <ns3:TrackPointExtension>
            <ns3:hr>139</ns3:hr>
            <ns3:cad>96</ns3:cad>
          </ns3:TrackPointExtension>
        </extensions>
      </trkpt>
      <trkpt lat="25.06961583159863948822021484375" lon="102.7012024819850921630859375">
        <ele>1901.199951171875</ele>
        <time>2026-10-04T23:10:45.000Z</time>
        <extensions>
          <ns3:TrackPointExtension>
            <ns3:hr>140</ns3:hr>
            <ns3:cad>96</ns3:cad>
          </ns3:TrackPointExtension>
        </extensions>
      </trkpt>
      <trkpt lat="25.06959303282201290130615234375" lon="102.70117842592298984527587890625">
        <ele>1901.4000244140625</ele>
        <time>2026-10-04T23:10:46.000Z</time>
        <extensions>
          <ns3:TrackPointExtension>
            <ns3:hr>140</ns3:hr>
            <ns3:cad>96</ns3:cad>
          </ns3:TrackPointExtension>
        </extensions>
      </trkpt>
      <trkpt lat="25.06956956349313259124755859375" lon="102.701155208051204681396484375">
        <ele>1901.4000244140625</ele>
        <time>2026-10-04T23:10:47.000Z</time>
        <extensions>
          <ns3:TrackPointExtension>
            <ns3:hr>139</ns3:hr>
            <ns3:cad>96</ns3:cad>
          </ns3:TrackPointExtension>
        </extensions>
      </trkpt>
      <trkpt lat="25.06954341195523738861083984375" lon="102.7011322416365146636962890625">
        <ele>1901.4000244140625</ele>
        <time>2026-10-04T23:10:48.000Z</time>
        <extensions>
          <ns3:TrackPointExtension>
            <ns3:hr>140</ns3:hr>
            <ns3:cad>96</ns3:cad>
          </ns3:TrackPointExtension>
        </extensions>
      </trkpt>
      <trkpt lat="25.0695195235311985015869140625" lon="102.70110650919377803802490234375">
        <ele>1901.4000244140625</ele>
        <time>2026-10-04T23:10:49.000Z</time>
        <extensions>
          <ns3:TrackPointExtension>
            <ns3:hr>139</ns3:hr>
            <ns3:cad>96</ns3:cad>
          </ns3:TrackPointExtension>
        </extensions>
      </trkpt>
      <trkpt lat="25.06949462927877902984619140625" lon="102.7010809443891048431396484375">
        <ele>1901.4000244140625</ele>
        <time>2026-10-04T23:10:50.000Z</time>
        <extensions>
          <ns3:TrackPointExtension>
            <ns3:hr>139</ns3:hr>
            <ns3:cad>96</ns3:cad>
          </ns3:TrackPointExtension>
        </extensions>
      </trkpt>
      <trkpt lat="25.06947266869246959686279296875" lon="102.7010630071163177490234375">
        <ele>1901.4000244140625</ele>
        <time>2026-10-04T23:10:51.000Z</time>
        <extensions>
          <ns3:TrackPointExtension>
            <ns3:hr>139</ns3:hr>
            <ns3:cad>96</ns3:cad>
          </ns3:TrackPointExtension>
        </extensions>
      </trkpt>
      <trkpt lat="25.06945255212485790252685546875" lon="102.70104113034904003143310546875">
        <ele>1901.199951171875</ele>
        <time>2026-10-04T23:10:52.000Z</time>
        <extensions>
          <ns3:TrackPointExtension>
            <ns3:hr>140</ns3:hr>
            <ns3:cad>96</ns3:cad>
          </ns3:TrackPointExtension>
        </extensions>
      </trkpt>
      <trkpt lat="25.06942816078662872314453125" lon="102.70102453418076038360595703125">
        <ele>1901.199951171875</ele>
        <time>2026-10-04T23:10:53.000Z</time>
        <extensions>
          <ns3:TrackPointExtension>
            <ns3:hr>139</ns3:hr>
            <ns3:cad>96</ns3:cad>
          </ns3:TrackPointExtension>
        </extensions>
      </trkpt>
      <trkpt lat="25.0694075413048267364501953125" lon="102.701011709868907928466796875">
        <ele>1901.199951171875</ele>
        <time>2026-10-04T23:10:54.000Z</time>
        <extensions>
          <ns3:TrackPointExtension>
            <ns3:hr>139</ns3:hr>
            <ns3:cad>96</ns3:cad>
          </ns3:TrackPointExtension>
        </extensions>
      </trkpt>
      <trkpt lat="25.06938382051885128021240234375" lon="102.70098849199712276458740234375">
        <ele>1901.199951171875</ele>
        <time>2026-10-04T23:10:55.000Z</time>
        <extensions>
          <ns3:TrackPointExtension>
            <ns3:hr>140</ns3:hr>
            <ns3:cad>96</ns3:cad>
          </ns3:TrackPointExtension>
        </extensions>
      </trkpt>
      <trkpt lat="25.069362781941890716552734375" lon="102.70097089000046253204345703125">
        <ele>1901.199951171875</ele>
        <time>2026-10-04T23:10:56.000Z</time>
        <extensions>
          <ns3:TrackPointExtension>
            <ns3:hr>139</ns3:hr>
            <ns3:cad>96</ns3:cad>
          </ns3:TrackPointExtension>
        </extensions>
      </trkpt>
      <trkpt lat="25.06934098899364471435546875" lon="102.70095144398510456085205078125">
        <ele>1901.199951171875</ele>
        <time>2026-10-04T23:10:57.000Z</time>
        <extensions>
          <ns3:TrackPointExtension>
            <ns3:hr>139</ns3:hr>
            <ns3:cad>95</ns3:cad>
          </ns3:TrackPointExtension>
        </extensions>
      </trkpt>
      <trkpt lat="25.069315843284130096435546875" lon="102.7009357698261737823486328125">
        <ele>1901.199951171875</ele>
        <time>2026-10-04T23:10:58.000Z</time>
        <extensions>
          <ns3:TrackPointExtension>
            <ns3:hr>140</ns3:hr>
            <ns3:cad>96</ns3:cad>
          </ns3:TrackPointExtension>
        </extensions>
      </trkpt>
      <trkpt lat="25.06929346360266208648681640625" lon="102.7009203471243381500244140625">
        <ele>1901.199951171875</ele>
        <time>2026-10-04T23:10:59.000Z</time>
        <extensions>
          <ns3:TrackPointExtension>
            <ns3:hr>139</ns3:hr>
            <ns3:cad>96</ns3:cad>
          </ns3:TrackPointExtension>
        </extensions>
      </trkpt>
      <trkpt lat="25.069274269044399261474609375" lon="102.700889669358730316162109375">
        <ele>1901.199951171875</ele>
        <time>2026-10-04T23:11:00.000Z</time>
        <extensions>
          <ns3:TrackPointExtension>
            <ns3:hr>139</ns3:hr>
            <ns3:cad>97</ns3:cad>
          </ns3:TrackPointExtension>
        </extensions>
      </trkpt>
      <trkpt lat="25.069255828857421875" lon="102.70087550394237041473388671875">
        <ele>1901.4000244140625</ele>
        <time>2026-10-04T23:11:01.000Z</time>
        <extensions>
          <ns3:TrackPointExtension>
            <ns3:hr>140</ns3:hr>
            <ns3:cad>97</ns3:cad>
          </ns3:TrackPointExtension>
        </extensions>
      </trkpt>
      <trkpt lat="25.06923495791852474212646484375" lon="102.70085605792701244354248046875">
        <ele>1901.199951171875</ele>
        <time>2026-10-04T23:11:02.000Z</time>
        <extensions>
          <ns3:TrackPointExtension>
            <ns3:hr>140</ns3:hr>
            <ns3:cad>97</ns3:cad>
          </ns3:TrackPointExtension>
        </extensions>
      </trkpt>
      <trkpt lat="25.06920997984707355499267578125" lon="102.700834013521671295166015625">
        <ele>1901.199951171875</ele>
        <time>2026-10-04T23:11:03.000Z</time>
        <extensions>
          <ns3:TrackPointExtension>
            <ns3:hr>140</ns3:hr>
            <ns3:cad>97</ns3:cad>
          </ns3:TrackPointExtension>
        </extensions>
      </trkpt>
      <trkpt lat="25.06919036619365215301513671875" lon="102.70081632770597934722900390625">
        <ele>1901.199951171875</ele>
        <time>2026-10-04T23:11:04.000Z</time>
        <extensions>
          <ns3:TrackPointExtension>
            <ns3:hr>140</ns3:hr>
            <ns3:cad>97</ns3:cad>
          </ns3:TrackPointExtension>
        </extensions>
      </trkpt>
      <trkpt lat="25.06916530430316925048828125" lon="102.700791768729686737060546875">
        <ele>1901.199951171875</ele>
        <time>2026-10-04T23:11:05.000Z</time>
        <extensions>
          <ns3:TrackPointExtension>
            <ns3:hr>140</ns3:hr>
            <ns3:cad>97</ns3:cad>
          </ns3:TrackPointExtension>
        </extensions>
      </trkpt>
      <trkpt lat="25.069147534668445587158203125" lon="102.7007745020091533660888671875">
        <ele>1901</ele>
        <time>2026-10-04T23:11:06.000Z</time>
        <extensions>
          <ns3:TrackPointExtension>
            <ns3:hr>140</ns3:hr>
            <ns3:cad>96</ns3:cad>
          </ns3:TrackPointExtension>
        </extensions>
      </trkpt>
      <trkpt lat="25.0691302679479122161865234375" lon="102.70074927248060703277587890625">
        <ele>1901</ele>
        <time>2026-10-04T23:11:07.000Z</time>
        <extensions>
          <ns3:TrackPointExtension>
            <ns3:hr>140</ns3:hr>
            <ns3:cad>96</ns3:cad>
          </ns3:TrackPointExtension>
        </extensions>
      </trkpt>
      <trkpt lat="25.06910386495292186737060546875" lon="102.70072563551366329193115234375">
        <ele>1901</ele>
        <time>2026-10-04T23:11:08.000Z</time>
        <extensions>
          <ns3:TrackPointExtension>
            <ns3:hr>140</ns3:hr>
            <ns3:cad>96</ns3:cad>
          </ns3:TrackPointExtension>
        </extensions>
      </trkpt>
      <trkpt lat="25.06907469592988491058349609375" lon="102.70071943290531635284423828125">
        <ele>1901.199951171875</ele>
        <time>2026-10-04T23:11:09.000Z</time>
        <extensions>
          <ns3:TrackPointExtension>
            <ns3:hr>141</ns3:hr>
            <ns3:cad>96</ns3:cad>
          </ns3:TrackPointExtension>
        </extensions>
      </trkpt>
      <trkpt lat="25.06904016248881816864013671875" lon="102.70070149563252925872802734375">
        <ele>1901.4000244140625</ele>
        <time>2026-10-04T23:11:10.000Z</time>
        <extensions>
          <ns3:TrackPointExtension>
            <ns3:hr>141</ns3:hr>
            <ns3:cad>97</ns3:cad>
          </ns3:TrackPointExtension>
        </extensions>
      </trkpt>
      <trkpt lat="25.0689998455345630645751953125" lon="102.700689844787120819091796875">
        <ele>1901.5999755859375</ele>
        <time>2026-10-04T23:11:11.000Z</time>
        <extensions>
          <ns3:TrackPointExtension>
            <ns3:hr>141</ns3:hr>
            <ns3:cad>97</ns3:cad>
          </ns3:TrackPointExtension>
        </extensions>
      </trkpt>
      <trkpt lat="25.06896640174090862274169921875" lon="102.700679786503314971923828125">
        <ele>1901.5999755859375</ele>
        <time>2026-10-04T23:11:12.000Z</time>
        <extensions>
          <ns3:TrackPointExtension>
            <ns3:hr>141</ns3:hr>
            <ns3:cad>96</ns3:cad>
          </ns3:TrackPointExtension>
        </extensions>
      </trkpt>
      <trkpt lat="25.068928264081478118896484375" lon="102.70065807737410068511962890625">
        <ele>1901.5999755859375</ele>
        <time>2026-10-04T23:11:13.000Z</time>
        <extensions>
          <ns3:TrackPointExtension>
            <ns3:hr>141</ns3:hr>
            <ns3:cad>96</ns3:cad>
          </ns3:TrackPointExtension>
        </extensions>
      </trkpt>
      <trkpt lat="25.068904794752597808837890625" lon="102.7006437443196773529052734375">
        <ele>1901.800048828125</ele>
        <time>2026-10-04T23:11:14.000Z</time>
        <extensions>
          <ns3:TrackPointExtension>
            <ns3:hr>141</ns3:hr>
            <ns3:cad>96</ns3:cad>
          </ns3:TrackPointExtension>
        </extensions>
      </trkpt>
      <trkpt lat="25.06887218914926052093505859375" lon="102.70061600022017955780029296875">
        <ele>1901.800048828125</ele>
        <time>2026-10-04T23:11:15.000Z</time>
        <extensions>
          <ns3:TrackPointExtension>
            <ns3:hr>141</ns3:hr>
            <ns3:cad>96</ns3:cad>
          </ns3:TrackPointExtension>
        </extensions>
      </trkpt>
      <trkpt lat="25.06884746253490447998046875" lon="102.7005957998335361480712890625">
        <ele>1901.800048828125</ele>
        <time>2026-10-04T23:11:16.000Z</time>
        <extensions>
          <ns3:TrackPointExtension>
            <ns3:hr>140</ns3:hr>
            <ns3:cad>96</ns3:cad>
          </ns3:TrackPointExtension>
        </extensions>
      </trkpt>
      <trkpt lat="25.06883882917463779449462890625" lon="102.70055766217410564422607421875">
        <ele>1901.800048828125</ele>
        <time>2026-10-04T23:11:17.000Z</time>
        <extensions>
          <ns3:TrackPointExtension>
            <ns3:hr>141</ns3:hr>
            <ns3:cad>96</ns3:cad>
          </ns3:TrackPointExtension>
        </extensions>
      </trkpt>
      <trkpt lat="25.0688157789409160614013671875" lon="102.70052346400916576385498046875">
        <ele>1901.800048828125</ele>
        <time>2026-10-04T23:11:18.000Z</time>
        <extensions>
          <ns3:TrackPointExtension>
            <ns3:hr>141</ns3:hr>
            <ns3:cad>96</ns3:cad>
          </ns3:TrackPointExtension>
        </extensions>
      </trkpt>
      <trkpt lat="25.06880328990519046783447265625" lon="102.700489349663257598876953125">
        <ele>1902</ele>
        <time>2026-10-04T23:11:19.000Z</time>
        <extensions>
          <ns3:TrackPointExtension>
            <ns3:hr>140</ns3:hr>
            <ns3:cad>96</ns3:cad>
          </ns3:TrackPointExtension>
        </extensions>
      </trkpt>
      <trkpt lat="25.068784765899181365966796875" lon="102.7004499547183513641357421875">
        <ele>1902</ele>
        <time>2026-10-04T23:11:20.000Z</time>
        <extensions>
          <ns3:TrackPointExtension>
            <ns3:hr>141</ns3:hr>
            <ns3:cad>96</ns3:cad>
          </ns3:TrackPointExtension>
        </extensions>
      </trkpt>
      <trkpt lat="25.06877160631120204925537109375" lon="102.7004181034862995147705078125">
        <ele>1902</ele>
        <time>2026-10-04T23:11:21.000Z</time>
        <extensions>
          <ns3:TrackPointExtension>
            <ns3:hr>141</ns3:hr>
            <ns3:cad>96</ns3:cad>
          </ns3:TrackPointExtension>
        </extensions>
      </trkpt>
      <trkpt lat="25.068762637674808502197265625" lon="102.700380720198154449462890625">
        <ele>1902</ele>
        <time>2026-10-04T23:11:22.000Z</time>
        <extensions>
          <ns3:TrackPointExtension>
            <ns3:hr>141</ns3:hr>
            <ns3:cad>96</ns3:cad>
          </ns3:TrackPointExtension>
        </extensions>
      </trkpt>
      <trkpt lat="25.0687507353723049163818359375" lon="102.700344510376453399658203125">
        <ele>1902</ele>
        <time>2026-10-04T23:11:23.000Z</time>
        <extensions>
          <ns3:TrackPointExtension>
            <ns3:hr>140</ns3:hr>
            <ns3:cad>95</ns3:cad>
          </ns3:TrackPointExtension>
        </extensions>
      </trkpt>
      <trkpt lat="25.06874679587781429290771484375" lon="102.70031391642987728118896484375">
        <ele>1902</ele>
        <time>2026-10-04T23:11:24.000Z</time>
        <extensions>
          <ns3:TrackPointExtension>
            <ns3:hr>140</ns3:hr>
            <ns3:cad>95</ns3:cad>
          </ns3:TrackPointExtension>
        </extensions>
      </trkpt>
      <trkpt lat="25.06874361075460910797119140625" lon="102.70027133636176586151123046875">
        <ele>1902.199951171875</ele>
        <time>2026-10-04T23:11:25.000Z</time>
        <extensions>
          <ns3:TrackPointExtension>
            <ns3:hr>140</ns3:hr>
            <ns3:cad>95</ns3:cad>
          </ns3:TrackPointExtension>
        </extensions>
      </trkpt>
      <trkpt lat="25.06873439066112041473388671875" lon="102.70023831166326999664306640625">
        <ele>1902.199951171875</ele>
        <time>2026-10-04T23:11:26.000Z</time>
        <extensions>
          <ns3:TrackPointExtension>
            <ns3:hr>141</ns3:hr>
            <ns3:cad>97</ns3:cad>
          </ns3:TrackPointExtension>
        </extensions>
      </trkpt>
      <trkpt lat="25.0687339715659618377685546875" lon="102.70020126365125179290771484375">
        <ele>1902.199951171875</ele>
        <time>2026-10-04T23:11:27.000Z</time>
        <extensions>
          <ns3:TrackPointExtension>
            <ns3:hr>140</ns3:hr>
            <ns3:cad>97</ns3:cad>
          </ns3:TrackPointExtension>
        </extensions>
      </trkpt>
      <trkpt lat="25.06873003207147121429443359375" lon="102.70016647875308990478515625">
        <ele>1902.199951171875</ele>
        <time>2026-10-04T23:11:28.000Z</time>
        <extensions>
          <ns3:TrackPointExtension>
            <ns3:hr>140</ns3:hr>
            <ns3:cad>97</ns3:cad>
          </ns3:TrackPointExtension>
        </extensions>
      </trkpt>
      <trkpt lat="25.0687260925769805908203125" lon="102.70013873465359210968017578125">
        <ele>1902.199951171875</ele>
        <time>2026-10-04T23:11:29.000Z</time>
        <extensions>
          <ns3:TrackPointExtension>
            <ns3:hr>141</ns3:hr>
            <ns3:cad>97</ns3:cad>
          </ns3:TrackPointExtension>
        </extensions>
      </trkpt>
      <trkpt lat="25.0687225721776485443115234375" lon="102.7001000940799713134765625">
        <ele>1902.199951171875</ele>
        <time>2026-10-04T23:11:30.000Z</time>
        <extensions>
          <ns3:TrackPointExtension>
            <ns3:hr>141</ns3:hr>
            <ns3:cad>96</ns3:cad>
          </ns3:TrackPointExtension>
        </extensions>
      </trkpt>
      <trkpt lat="25.06871477700769901275634765625" lon="102.70007260143756866455078125">
        <ele>1902.199951171875</ele>
        <time>2026-10-04T23:11:31.000Z</time>
        <extensions>
          <ns3:TrackPointExtension>
            <ns3:hr>141</ns3:hr>
            <ns3:cad>96</ns3:cad>
          </ns3:TrackPointExtension>
        </extensions>
      </trkpt>
      <trkpt lat="25.06871393881738185882568359375" lon="102.7000379003584384918212890625">
        <ele>1902.4000244140625</ele>
        <time>2026-10-04T23:11:32.000Z</time>
        <extensions>
          <ns3:TrackPointExtension>
            <ns3:hr>141</ns3:hr>
            <ns3:cad>96</ns3:cad>
          </ns3:TrackPointExtension>
        </extensions>
      </trkpt>
      <trkpt lat="25.068711005151271820068359375" lon="102.7000047080218791961669921875">
        <ele>1902.4000244140625</ele>
        <time>2026-10-04T23:11:33.000Z</time>
        <extensions>
          <ns3:TrackPointExtension>
            <ns3:hr>140</ns3:hr>
            <ns3:cad>96</ns3:cad>
          </ns3:TrackPointExtension>
        </extensions>
      </trkpt>
      <trkpt lat="25.06871192716062068939208984375" lon="102.69997595809400081634521484375">
        <ele>1902.4000244140625</ele>
        <time>2026-10-04T23:11:34.000Z</time>
        <extensions>
          <ns3:TrackPointExtension>
            <ns3:hr>141</ns3:hr>
            <ns3:cad>96</ns3:cad>
          </ns3:TrackPointExtension>
        </extensions>
      </trkpt>
      <trkpt lat="25.0687141902744770050048828125" lon="102.69993991591036319732666015625">
        <ele>1902.5999755859375</ele>
        <time>2026-10-04T23:11:35.000Z</time>
        <extensions>
          <ns3:TrackPointExtension>
            <ns3:hr>141</ns3:hr>
            <ns3:cad>96</ns3:cad>
          </ns3:TrackPointExtension>
        </extensions>
      </trkpt>
      <trkpt lat="25.06870974786579608917236328125" lon="102.69990722648799419403076171875">
        <ele>1902.5999755859375</ele>
        <time>2026-10-04T23:11:36.000Z</time>
        <extensions>
          <ns3:TrackPointExtension>
            <ns3:hr>141</ns3:hr>
            <ns3:cad>96</ns3:cad>
          </ns3:TrackPointExtension>
        </extensions>
      </trkpt>
      <trkpt lat="25.06871025077998638153076171875" lon="102.6998672448098659515380859375">
        <ele>1902.5999755859375</ele>
        <time>2026-10-04T23:11:37.000Z</time>
        <extensions>
          <ns3:TrackPointExtension>
            <ns3:hr>141</ns3:hr>
            <ns3:cad>96</ns3:cad>
          </ns3:TrackPointExtension>
        </extensions>
      </trkpt>
      <trkpt lat="25.06870740093290805816650390625" lon="102.699830532073974609375">
        <ele>1902.800048828125</ele>
        <time>2026-10-04T23:11:38.000Z</time>
        <extensions>
          <ns3:TrackPointExtension>
            <ns3:hr>141</ns3:hr>
            <ns3:cad>96</ns3:cad>
          </ns3:TrackPointExtension>
        </extensions>
      </trkpt>
      <trkpt lat="25.06870673038065433502197265625" lon="102.699799351394176483154296875">
        <ele>1902.800048828125</ele>
        <time>2026-10-04T23:11:39.000Z</time>
        <extensions>
          <ns3:TrackPointExtension>
            <ns3:hr>141</ns3:hr>
            <ns3:cad>96</ns3:cad>
          </ns3:TrackPointExtension>
        </extensions>
      </trkpt>
      <trkpt lat="25.0687071494758129119873046875" lon="102.69976339302957057952880859375">
        <ele>1902.800048828125</ele>
        <time>2026-10-04T23:11:40.000Z</time>
        <extensions>
          <ns3:TrackPointExtension>
            <ns3:hr>141</ns3:hr>
            <ns3:cad>96</ns3:cad>
          </ns3:TrackPointExtension>
        </extensions>
      </trkpt>
      <trkpt lat="25.068705640733242034912109375" lon="102.69973539747297763824462890625">
        <ele>1902.800048828125</ele>
        <time>2026-10-04T23:11:41.000Z</time>
        <extensions>
          <ns3:TrackPointExtension>
            <ns3:hr>140</ns3:hr>
            <ns3:cad>96</ns3:cad>
          </ns3:TrackPointExtension>
        </extensions>
      </trkpt>
      <trkpt lat="25.0687054730951786041259765625" lon="102.69969633780419826507568359375">
        <ele>1902.800048828125</ele>
        <time>2026-10-04T23:11:42.000Z</time>
        <extensions>
          <ns3:TrackPointExtension>
            <ns3:hr>141</ns3:hr>
            <ns3:cad>95</ns3:cad>
          </ns3:TrackPointExtension>
        </extensions>
      </trkpt>
      <trkpt lat="25.0686991028487682342529296875" lon="102.699673287570476531982421875">
        <ele>1903</ele>
        <time>2026-10-04T23:11:43.000Z</time>
        <extensions>
          <ns3:TrackPointExtension>
            <ns3:hr>141</ns3:hr>
            <ns3:cad>95</ns3:cad>
          </ns3:TrackPointExtension>
        </extensions>
      </trkpt>
      <trkpt lat="25.0686964206397533416748046875" lon="102.69964252598583698272705078125">
        <ele>1902.800048828125</ele>
        <time>2026-10-04T23:11:44.000Z</time>
        <extensions>
          <ns3:TrackPointExtension>
            <ns3:hr>141</ns3:hr>
            <ns3:cad>95</ns3:cad>
          </ns3:TrackPointExtension>
        </extensions>
      </trkpt>
      <trkpt lat="25.06869818083941936492919921875" lon="102.69960614852607250213623046875">
        <ele>1902.800048828125</ele>
        <time>2026-10-04T23:11:45.000Z</time>
        <extensions>
          <ns3:TrackPointExtension>
            <ns3:hr>141</ns3:hr>
            <ns3:cad>96</ns3:cad>
          </ns3:TrackPointExtension>
        </extensions>
      </trkpt>
      <trkpt lat="25.068700946867465972900390625" lon="102.69957932643592357635498046875">
        <ele>1902.800048828125</ele>
        <time>2026-10-04T23:11:46.000Z</time>
        <extensions>
          <ns3:TrackPointExtension>
            <ns3:hr>141</ns3:hr>
            <ns3:cad>96</ns3:cad>
          </ns3:TrackPointExtension>
        </extensions>
      </trkpt>
      <trkpt lat="25.06870052777230739593505859375" lon="102.69954211078584194183349609375">
        <ele>1902.800048828125</ele>
        <time>2026-10-04T23:11:47.000Z</time>
        <extensions>
          <ns3:TrackPointExtension>
            <ns3:hr>142</ns3:hr>
            <ns3:cad>93</ns3:cad>
          </ns3:TrackPointExtension>
        </extensions>
      </trkpt>
      <trkpt lat="25.06870237179100513458251953125" lon="102.6995165459811687469482421875">
        <ele>1902.800048828125</ele>
        <time>2026-10-04T23:11:48.000Z</time>
        <extensions>
          <ns3:TrackPointExtension>
            <ns3:hr>142</ns3:hr>
            <ns3:cad>93</ns3:cad>
          </ns3:TrackPointExtension>
        </extensions>
      </trkpt>
      <trkpt lat="25.06870488636195659637451171875" lon="102.6994831860065460205078125">
        <ele>1902.800048828125</ele>
        <time>2026-10-04T23:11:49.000Z</time>
        <extensions>
          <ns3:TrackPointExtension>
            <ns3:hr>142</ns3:hr>
            <ns3:cad>94</ns3:cad>
          </ns3:TrackPointExtension>
        </extensions>
      </trkpt>
      <trkpt lat="25.068700611591339111328125" lon="102.699452340602874755859375">
        <ele>1902.800048828125</ele>
        <time>2026-10-04T23:11:50.000Z</time>
        <extensions>
          <ns3:TrackPointExtension>
            <ns3:hr>142</ns3:hr>
            <ns3:cad>96</ns3:cad>
          </ns3:TrackPointExtension>
        </extensions>
      </trkpt>
      <trkpt lat="25.06870052777230739593505859375" lon="102.69941906444728374481201171875">
        <ele>1902.800048828125</ele>
        <time>2026-10-04T23:11:51.000Z</time>
        <extensions>
          <ns3:TrackPointExtension>
            <ns3:hr>141</ns3:hr>
            <ns3:cad>96</ns3:cad>
          </ns3:TrackPointExtension>
        </extensions>
      </trkpt>
      <trkpt lat="25.068700611591339111328125" lon="102.6993817649781703948974609375">
        <ele>1902.800048828125</ele>
        <time>2026-10-04T23:11:52.000Z</time>
        <extensions>
          <ns3:TrackPointExtension>
            <ns3:hr>141</ns3:hr>
            <ns3:cad>95</ns3:cad>
          </ns3:TrackPointExtension>
        </extensions>
      </trkpt>
      <trkpt lat="25.06870019249618053436279296875" lon="102.69934915937483310699462890625">
        <ele>1903</ele>
        <time>2026-10-04T23:11:53.000Z</time>
        <extensions>
          <ns3:TrackPointExtension>
            <ns3:hr>141</ns3:hr>
            <ns3:cad>95</ns3:cad>
          </ns3:TrackPointExtension>
        </extensions>
      </trkpt>
      <trkpt lat="25.0686964206397533416748046875" lon="102.6993115246295928955078125">
        <ele>1903</ele>
        <time>2026-10-04T23:11:54.000Z</time>
        <extensions>
          <ns3:TrackPointExtension>
            <ns3:hr>141</ns3:hr>
            <ns3:cad>95</ns3:cad>
          </ns3:TrackPointExtension>
        </extensions>
      </trkpt>
      <trkpt lat="25.0686917267739772796630859375" lon="102.69927640445530414581298828125">
        <ele>1903</ele>
        <time>2026-10-04T23:11:55.000Z</time>
        <extensions>
          <ns3:TrackPointExtension>
            <ns3:hr>141</ns3:hr>
            <ns3:cad>95</ns3:cad>
          </ns3:TrackPointExtension>
        </extensions>
      </trkpt>
      <trkpt lat="25.06869315169751644134521484375" lon="102.69923835061490535736083984375">
        <ele>1903</ele>
        <time>2026-10-04T23:11:56.000Z</time>
        <extensions>
          <ns3:TrackPointExtension>
            <ns3:hr>141</ns3:hr>
            <ns3:cad>95</ns3:cad>
          </ns3:TrackPointExtension>
        </extensions>
      </trkpt>
      <trkpt lat="25.06869114004075527191162109375" lon="102.699203230440616607666015625">
        <ele>1903</ele>
        <time>2026-10-04T23:11:57.000Z</time>
        <extensions>
          <ns3:TrackPointExtension>
            <ns3:hr>142</ns3:hr>
            <ns3:cad>95</ns3:cad>
          </ns3:TrackPointExtension>
        </extensions>
      </trkpt>
      <trkpt lat="25.0686890445649623870849609375" lon="102.69917766563594341278076171875">
        <ele>1903</ele>
        <time>2026-10-04T23:11:58.000Z</time>
        <extensions>
          <ns3:TrackPointExtension>
            <ns3:hr>142</ns3:hr>
            <ns3:cad>95</ns3:cad>
          </ns3:TrackPointExtension>
        </extensions>
      </trkpt>
      <trkpt lat="25.06868896074593067169189453125" lon="102.6991403661668300628662109375">
        <ele>1903</ele>
        <time>2026-10-04T23:11:59.000Z</time>
        <extensions>
          <ns3:TrackPointExtension>
            <ns3:hr>142</ns3:hr>
            <ns3:cad>95</ns3:cad>
          </ns3:TrackPointExtension>
        </extensions>
      </trkpt>
      <trkpt lat="25.06868728436529636383056640625" lon="102.69911044277250766754150390625">
        <ele>1903.199951171875</ele>
        <time>2026-10-04T23:12:00.000Z</time>
        <extensions>
          <ns3:TrackPointExtension>
            <ns3:hr>142</ns3:hr>
            <ns3:cad>95</ns3:cad>
          </ns3:TrackPointExtension>
        </extensions>
      </trkpt>
      <trkpt lat="25.06868309341371059417724609375" lon="102.69908060319721698760986328125">
        <ele>1903.199951171875</ele>
        <time>2026-10-04T23:12:01.000Z</time>
        <extensions>
          <ns3:TrackPointExtension>
            <ns3:hr>142</ns3:hr>
            <ns3:cad>95</ns3:cad>
          </ns3:TrackPointExtension>
        </extensions>
      </trkpt>
      <trkpt lat="25.06868493743240833282470703125" lon="102.69904556684195995330810546875">
        <ele>1903.199951171875</ele>
        <time>2026-10-04T23:12:02.000Z</time>
        <extensions>
          <ns3:TrackPointExtension>
            <ns3:hr>142</ns3:hr>
            <ns3:cad>95</ns3:cad>
          </ns3:TrackPointExtension>
        </extensions>
      </trkpt>
      <trkpt lat="25.0686830095946788787841796875" lon="102.69901723600924015045166015625">
        <ele>1903.199951171875</ele>
        <time>2026-10-04T23:12:03.000Z</time>
        <extensions>
          <ns3:TrackPointExtension>
            <ns3:hr>142</ns3:hr>
            <ns3:cad>96</ns3:cad>
          </ns3:TrackPointExtension>
        </extensions>
      </trkpt>
      <trkpt lat="25.06868611089885234832763671875" lon="102.69898320548236370086669921875">
        <ele>1903.199951171875</ele>
        <time>2026-10-04T23:12:04.000Z</time>
        <extensions>
          <ns3:TrackPointExtension>
            <ns3:hr>142</ns3:hr>
            <ns3:cad>96</ns3:cad>
          </ns3:TrackPointExtension>
        </extensions>
      </trkpt>
      <trkpt lat="25.0686872005462646484375" lon="102.69895101897418498992919921875">
        <ele>1903.199951171875</ele>
        <time>2026-10-04T23:12:05.000Z</time>
        <extensions>
          <ns3:TrackPointExtension>
            <ns3:hr>143</ns3:hr>
            <ns3:cad>96</ns3:cad>
          </ns3:TrackPointExtension>
        </extensions>
      </trkpt>
      <trkpt lat="25.068690218031406402587890625" lon="102.69892050884664058685302734375">
        <ele>1903.199951171875</ele>
        <time>2026-10-04T23:12:06.000Z</time>
        <extensions>
          <ns3:TrackPointExtension>
            <ns3:hr>142</ns3:hr>
            <ns3:cad>96</ns3:cad>
          </ns3:TrackPointExtension>
        </extensions>
      </trkpt>
      <trkpt lat="25.0686923973262310028076171875" lon="102.6988868974149227142333984375">
        <ele>1903.4000244140625</ele>
        <time>2026-10-04T23:12:07.000Z</time>
        <extensions>
          <ns3:TrackPointExtension>
            <ns3:hr>142</ns3:hr>
            <ns3:cad>96</ns3:cad>
          </ns3:TrackPointExtension>
        </extensions>
      </trkpt>
      <trkpt lat="25.06868845783174037933349609375" lon="102.6988590694963932037353515625">
        <ele>1903.4000244140625</ele>
        <time>2026-10-04T23:12:08.000Z</time>
        <extensions>
          <ns3:TrackPointExtension>
            <ns3:hr>142</ns3:hr>
            <ns3:cad>96</ns3:cad>
          </ns3:TrackPointExtension>
        </extensions>
      </trkpt>
      <trkpt lat="25.06868728436529636383056640625" lon="102.69882135093212127685546875">
        <ele>1903.4000244140625</ele>
        <time>2026-10-04T23:12:09.000Z</time>
        <extensions>
          <ns3:TrackPointExtension>
            <ns3:hr>142</ns3:hr>
            <ns3:cad>95</ns3:cad>
          </ns3:TrackPointExtension>
        </extensions>
      </trkpt>
      <trkpt lat="25.068682841956615447998046875" lon="102.69878623075783252716064453125">
        <ele>1903.5999755859375</ele>
        <time>2026-10-04T23:12:10.000Z</time>
        <extensions>
          <ns3:TrackPointExtension>
            <ns3:hr>142</ns3:hr>
            <ns3:cad>95</ns3:cad>
          </ns3:TrackPointExtension>
        </extensions>
      </trkpt>
      <trkpt lat="25.06868443451821804046630859375" lon="102.6987524516880512237548828125">
        <ele>1903.5999755859375</ele>
        <time>2026-10-04T23:12:11.000Z</time>
        <extensions>
          <ns3:TrackPointExtension>
            <ns3:hr>141</ns3:hr>
            <ns3:cad>95</ns3:cad>
          </ns3:TrackPointExtension>
        </extensions>
      </trkpt>
      <trkpt lat="25.06868745200335979461669921875" lon="102.69871515221893787384033203125">
        <ele>1903.5999755859375</ele>
        <time>2026-10-04T23:12:12.000Z</time>
        <extensions>
          <ns3:TrackPointExtension>
            <ns3:hr>141</ns3:hr>
            <ns3:cad>95</ns3:cad>
          </ns3:TrackPointExtension>
        </extensions>
      </trkpt>
      <trkpt lat="25.06868476979434490203857421875" lon="102.6986840553581714630126953125">
        <ele>1903.5999755859375</ele>
        <time>2026-10-04T23:12:13.000Z</time>
        <extensions>
          <ns3:TrackPointExtension>
            <ns3:hr>141</ns3:hr>
            <ns3:cad>95</ns3:cad>
          </ns3:TrackPointExtension>
        </extensions>
      </trkpt>
      <trkpt lat="25.0686840154230594635009765625" lon="102.69864424131810665130615234375">
        <ele>1903.5999755859375</ele>
        <time>2026-10-04T23:12:14.000Z</time>
        <extensions>
          <ns3:TrackPointExtension>
            <ns3:hr>141</ns3:hr>
            <ns3:cad>95</ns3:cad>
          </ns3:TrackPointExtension>
        </extensions>
      </trkpt>
      <trkpt lat="25.06867823190987110137939453125" lon="102.6986109651625156402587890625">
        <ele>1903.5999755859375</ele>
        <time>2026-10-04T23:12:15.000Z</time>
        <extensions>
          <ns3:TrackPointExtension>
            <ns3:hr>142</ns3:hr>
            <ns3:cad>97</ns3:cad>
          </ns3:TrackPointExtension>
        </extensions>
      </trkpt>
      <trkpt lat="25.06867538206279277801513671875" lon="102.69857936538755893707275390625">
        <ele>1903.5999755859375</ele>
        <time>2026-10-04T23:12:16.000Z</time>
        <extensions>
          <ns3:TrackPointExtension>
            <ns3:hr>142</ns3:hr>
            <ns3:cad>97</ns3:cad>
          </ns3:TrackPointExtension>
        </extensions>
      </trkpt>
      <trkpt lat="25.06867202930152416229248046875" lon="102.69854776561260223388671875">
        <ele>1903.5999755859375</ele>
        <time>2026-10-04T23:12:17.000Z</time>
        <extensions>
          <ns3:TrackPointExtension>
            <ns3:hr>142</ns3:hr>
            <ns3:cad>97</ns3:cad>
          </ns3:TrackPointExtension>
        </extensions>
      </trkpt>
      <trkpt lat="25.06866666488349437713623046875" lon="102.69852052442729473114013671875">
        <ele>1903.5999755859375</ele>
        <time>2026-10-04T23:12:18.000Z</time>
        <extensions>
          <ns3:TrackPointExtension>
            <ns3:hr>142</ns3:hr>
            <ns3:cad>97</ns3:cad>
          </ns3:TrackPointExtension>
        </extensions>
      </trkpt>
      <trkpt lat="25.0686655752360820770263671875" lon="102.6984845660626888275146484375">
        <ele>1903.5999755859375</ele>
        <time>2026-10-04T23:12:19.000Z</time>
        <extensions>
          <ns3:TrackPointExtension>
            <ns3:hr>142</ns3:hr>
            <ns3:cad>97</ns3:cad>
          </ns3:TrackPointExtension>
        </extensions>
      </trkpt>
      <trkpt lat="25.068664737045764923095703125" lon="102.69845078699290752410888671875">
        <ele>1903.5999755859375</ele>
        <time>2026-10-04T23:12:20.000Z</time>
        <extensions>
          <ns3:TrackPointExtension>
            <ns3:hr>143</ns3:hr>
            <ns3:cad>97</ns3:cad>
          </ns3:TrackPointExtension>
        </extensions>
      </trkpt>
      <trkpt lat="25.06866532377898693084716796875" lon="102.6984242163598537445068359375">
        <ele>1903.5999755859375</ele>
        <time>2026-10-04T23:12:21.000Z</time>
        <extensions>
          <ns3:TrackPointExtension>
            <ns3:hr>142</ns3:hr>
            <ns3:cad>95</ns3:cad>
          </ns3:TrackPointExtension>
        </extensions>
      </trkpt>
      <trkpt lat="25.06866666488349437713623046875" lon="102.698389180004596710205078125">
        <ele>1903.5999755859375</ele>
        <time>2026-10-04T23:12:22.000Z</time>
        <extensions>
          <ns3:TrackPointExtension>
            <ns3:hr>142</ns3:hr>
            <ns3:cad>95</ns3:cad>
          </ns3:TrackPointExtension>
        </extensions>
      </trkpt>
      <trkpt lat="25.06866146810352802276611328125" lon="102.69836612977087497711181640625">
        <ele>1903.800048828125</ele>
        <time>2026-10-04T23:12:23.000Z</time>
        <extensions>
          <ns3:TrackPointExtension>
            <ns3:hr>143</ns3:hr>
            <ns3:cad>95</ns3:cad>
          </ns3:TrackPointExtension>
        </extensions>
      </trkpt>
      <trkpt lat="25.068656019866466522216796875" lon="102.69832908175885677337646484375">
        <ele>1903.800048828125</ele>
        <time>2026-10-04T23:12:24.000Z</time>
        <extensions>
          <ns3:TrackPointExtension>
            <ns3:hr>142</ns3:hr>
            <ns3:cad>95</ns3:cad>
          </ns3:TrackPointExtension>
        </extensions>
      </trkpt>
      <trkpt lat="25.06864629685878753662109375" lon="102.698302678763866424560546875">
        <ele>1903.800048828125</ele>
        <time>2026-10-04T23:12:25.000Z</time>
        <extensions>
          <ns3:TrackPointExtension>
            <ns3:hr>142</ns3:hr>
            <ns3:cad>95</ns3:cad>
          </ns3:TrackPointExtension>
        </extensions>
      </trkpt>
      <trkpt lat="25.0686481408774852752685546875" lon="102.698274515569210052490234375">
        <ele>1903.800048828125</ele>
        <time>2026-10-04T23:12:26.000Z</time>
        <extensions>
          <ns3:TrackPointExtension>
            <ns3:hr>142</ns3:hr>
            <ns3:cad>95</ns3:cad>
          </ns3:TrackPointExtension>
        </extensions>
      </trkpt>
      <trkpt lat="25.068647302687168121337890625" lon="102.69823889248073101043701171875">
        <ele>1903.800048828125</ele>
        <time>2026-10-04T23:12:27.000Z</time>
        <extensions>
          <ns3:TrackPointExtension>
            <ns3:hr>143</ns3:hr>
            <ns3:cad>95</ns3:cad>
          </ns3:TrackPointExtension>
        </extensions>
      </trkpt>
      <trkpt lat="25.06864453665912151336669921875" lon="102.6982059516012668609619140625">
        <ele>1903.800048828125</ele>
        <time>2026-10-04T23:12:28.000Z</time>
        <extensions>
          <ns3:TrackPointExtension>
            <ns3:hr>143</ns3:hr>
            <ns3:cad>95</ns3:cad>
          </ns3:TrackPointExtension>
        </extensions>
      </trkpt>
      <trkpt lat="25.0686457939445972442626953125" lon="102.6981630362570285797119140625">
        <ele>1903.800048828125</ele>
        <time>2026-10-04T23:12:29.000Z</time>
        <extensions>
          <ns3:TrackPointExtension>
            <ns3:hr>143</ns3:hr>
            <ns3:cad>95</ns3:cad>
          </ns3:TrackPointExtension>
        </extensions>
      </trkpt>
      <trkpt lat="25.06864286027848720550537109375" lon="102.69813126884400844573974609375">
        <ele>1904</ele>
        <time>2026-10-04T23:12:30.000Z</time>
        <extensions>
          <ns3:TrackPointExtension>
            <ns3:hr>143</ns3:hr>
            <ns3:cad>95</ns3:cad>
          </ns3:TrackPointExtension>
        </extensions>
      </trkpt>
      <trkpt lat="25.06864503957331180572509765625" lon="102.69809589721262454986572265625">
        <ele>1904</ele>
        <time>2026-10-04T23:12:31.000Z</time>
        <extensions>
          <ns3:TrackPointExtension>
            <ns3:hr>142</ns3:hr>
            <ns3:cad>96</ns3:cad>
          </ns3:TrackPointExtension>
        </extensions>
      </trkpt>
      <trkpt lat="25.06864495575428009033203125" lon="102.698061279952526092529296875">
        <ele>1904</ele>
        <time>2026-10-04T23:12:32.000Z</time>
        <extensions>
          <ns3:TrackPointExtension>
            <ns3:hr>142</ns3:hr>
            <ns3:cad>97</ns3:cad>
          </ns3:TrackPointExtension>
        </extensions>
      </trkpt>
      <trkpt lat="25.0686467997729778289794921875" lon="102.6980336196720600128173828125">
        <ele>1904</ele>
        <time>2026-10-04T23:12:33.000Z</time>
        <extensions>
          <ns3:TrackPointExtension>
            <ns3:hr>142</ns3:hr>
            <ns3:cad>97</ns3:cad>
          </ns3:TrackPointExtension>
        </extensions>
      </trkpt>
      <trkpt lat="25.0686464644968509674072265625" lon="102.69799414090812206268310546875">
        <ele>1904</ele>
        <time>2026-10-04T23:12:34.000Z</time>
        <extensions>
          <ns3:TrackPointExtension>
            <ns3:hr>142</ns3:hr>
            <ns3:cad>97</ns3:cad>
          </ns3:TrackPointExtension>
        </extensions>
      </trkpt>
      <trkpt lat="25.06864436902105808258056640625" lon="102.697968073189258575439453125">
        <ele>1904</ele>
        <time>2026-10-04T23:12:35.000Z</time>
        <extensions>
          <ns3:TrackPointExtension>
            <ns3:hr>143</ns3:hr>
            <ns3:cad>97</ns3:cad>
          </ns3:TrackPointExtension>
        </extensions>
      </trkpt>
      <trkpt lat="25.06864629685878753662109375" lon="102.6979253254830837249755859375">
        <ele>1904</ele>
        <time>2026-10-04T23:12:36.000Z</time>
        <extensions>
          <ns3:TrackPointExtension>
            <ns3:hr>142</ns3:hr>
            <ns3:cad>96</ns3:cad>
          </ns3:TrackPointExtension>
        </extensions>
      </trkpt>
      <trkpt lat="25.06864537484943866729736328125" lon="102.69788970239460468292236328125">
        <ele>1904</ele>
        <time>2026-10-04T23:12:37.000Z</time>
        <extensions>
          <ns3:TrackPointExtension>
            <ns3:hr>142</ns3:hr>
            <ns3:cad>96</ns3:cad>
          </ns3:TrackPointExtension>
        </extensions>
      </trkpt>
      <trkpt lat="25.0686494819819927215576171875" lon="102.69785902462899684906005859375">
        <ele>1904</ele>
        <time>2026-10-04T23:12:38.000Z</time>
        <extensions>
          <ns3:TrackPointExtension>
            <ns3:hr>143</ns3:hr>
            <ns3:cad>96</ns3:cad>
          </ns3:TrackPointExtension>
        </extensions>
      </trkpt>
      <trkpt lat="25.068646632134914398193359375" lon="102.6978183723986148834228515625">
        <ele>1904</ele>
        <time>2026-10-04T23:12:39.000Z</time>
        <extensions>
          <ns3:TrackPointExtension>
            <ns3:hr>142</ns3:hr>
            <ns3:cad>96</ns3:cad>
          </ns3:TrackPointExtension>
        </extensions>
      </trkpt>
      <trkpt lat="25.0686447881162166595458984375" lon="102.69779046066105365753173828125">
        <ele>1904.199951171875</ele>
        <time>2026-10-04T23:12:40.000Z</time>
        <extensions>
          <ns3:TrackPointExtension>
            <ns3:hr>142</ns3:hr>
            <ns3:cad>96</ns3:cad>
          </ns3:TrackPointExtension>
        </extensions>
      </trkpt>
      <trkpt lat="25.06864520721137523651123046875" lon="102.697753496468067169189453125">
        <ele>1904.199951171875</ele>
        <time>2026-10-04T23:12:41.000Z</time>
        <extensions>
          <ns3:TrackPointExtension>
            <ns3:hr>143</ns3:hr>
            <ns3:cad>96</ns3:cad>
          </ns3:TrackPointExtension>
        </extensions>
      </trkpt>
      <trkpt lat="25.06864353083074092864990234375" lon="102.6977164484560489654541015625">
        <ele>1904.199951171875</ele>
        <time>2026-10-04T23:12:42.000Z</time>
        <extensions>
          <ns3:TrackPointExtension>
            <ns3:hr>143</ns3:hr>
            <ns3:cad>96</ns3:cad>
          </ns3:TrackPointExtension>
        </extensions>
      </trkpt>
      <trkpt lat="25.06864554248750209808349609375" lon="102.6976845972239971160888671875">
        <ele>1904.4000244140625</ele>
        <time>2026-10-04T23:12:43.000Z</time>
        <extensions>
          <ns3:TrackPointExtension>
            <ns3:hr>143</ns3:hr>
            <ns3:cad>96</ns3:cad>
          </ns3:TrackPointExtension>
        </extensions>
      </trkpt>
      <trkpt lat="25.0686464644968509674072265625" lon="102.6976480521261692047119140625">
        <ele>1904.4000244140625</ele>
        <time>2026-10-04T23:12:44.000Z</time>
        <extensions>
          <ns3:TrackPointExtension>
            <ns3:hr>143</ns3:hr>
            <ns3:cad>96</ns3:cad>
          </ns3:TrackPointExtension>
        </extensions>
      </trkpt>
      <trkpt lat="25.068643279373645782470703125" lon="102.697622068226337432861328125">
        <ele>1904.4000244140625</ele>
        <time>2026-10-04T23:12:45.000Z</time>
        <extensions>
          <ns3:TrackPointExtension>
            <ns3:hr>142</ns3:hr>
            <ns3:cad>95</ns3:cad>
          </ns3:TrackPointExtension>
        </extensions>
      </trkpt>
      <trkpt lat="25.0686447881162166595458984375" lon="102.6975873671472072601318359375">
        <ele>1904.4000244140625</ele>
        <time>2026-10-04T23:12:46.000Z</time>
        <extensions>
          <ns3:TrackPointExtension>
            <ns3:hr>142</ns3:hr>
            <ns3:cad>95</ns3:cad>
          </ns3:TrackPointExtension>
        </extensions>
      </trkpt>
      <trkpt lat="25.06864101625978946685791015625" lon="102.69755476154386997222900390625">
        <ele>1904.4000244140625</ele>
        <time>2026-10-04T23:12:47.000Z</time>
        <extensions>
          <ns3:TrackPointExtension>
            <ns3:hr>143</ns3:hr>
            <ns3:cad>95</ns3:cad>
          </ns3:TrackPointExtension>
        </extensions>
      </trkpt>
      <trkpt lat="25.06864093244075775146484375" lon="102.69752710126340389251708984375">
        <ele>1904.4000244140625</ele>
        <time>2026-10-04T23:12:48.000Z</time>
        <extensions>
          <ns3:TrackPointExtension>
            <ns3:hr>143</ns3:hr>
            <ns3:cad>95</ns3:cad>
          </ns3:TrackPointExtension>
        </extensions>
      </trkpt>
      <trkpt lat="25.06863699294626712799072265625" lon="102.697489298880100250244140625">
        <ele>1904.4000244140625</ele>
        <time>2026-10-04T23:12:49.000Z</time>
        <extensions>
          <ns3:TrackPointExtension>
            <ns3:hr>143</ns3:hr>
            <ns3:cad>95</ns3:cad>
          </ns3:TrackPointExtension>
        </extensions>
      </trkpt>
      <trkpt lat="25.06862928159534931182861328125" lon="102.69746088422834873199462890625">
        <ele>1904.4000244140625</ele>
        <time>2026-10-04T23:12:50.000Z</time>
        <extensions>
          <ns3:TrackPointExtension>
            <ns3:hr>142</ns3:hr>
            <ns3:cad>95</ns3:cad>
          </ns3:TrackPointExtension>
        </extensions>
      </trkpt>
      <trkpt lat="25.0686286948621273040771484375" lon="102.697427608072757720947265625">
        <ele>1904.5999755859375</ele>
        <time>2026-10-04T23:12:51.000Z</time>
        <extensions>
          <ns3:TrackPointExtension>
            <ns3:hr>143</ns3:hr>
            <ns3:cad>95</ns3:cad>
          </ns3:TrackPointExtension>
        </extensions>
      </trkpt>
      <trkpt lat="25.0686260126531124114990234375" lon="102.69739600829780101776123046875">
        <ele>1904.5999755859375</ele>
        <time>2026-10-04T23:12:52.000Z</time>
        <extensions>
          <ns3:TrackPointExtension>
            <ns3:hr>143</ns3:hr>
            <ns3:cad>96</ns3:cad>
          </ns3:TrackPointExtension>
        </extensions>
      </trkpt>
      <trkpt lat="25.06862215697765350341796875" lon="102.69736667163670063018798828125">
        <ele>1904.5999755859375</ele>
        <time>2026-10-04T23:12:53.000Z</time>
        <extensions>
          <ns3:TrackPointExtension>
            <ns3:hr>143</ns3:hr>
            <ns3:cad>96</ns3:cad>
          </ns3:TrackPointExtension>
        </extensions>
      </trkpt>
      <trkpt lat="25.06861436180770397186279296875" lon="102.6973268575966358184814453125">
        <ele>1904.5999755859375</ele>
        <time>2026-10-04T23:12:54.000Z</time>
        <extensions>
          <ns3:TrackPointExtension>
            <ns3:hr>143</ns3:hr>
            <ns3:cad>96</ns3:cad>
          </ns3:TrackPointExtension>
        </extensions>
      </trkpt>
      <trkpt lat="25.0686052255332469940185546875" lon="102.69729785621166229248046875">
        <ele>1904.800048828125</ele>
        <time>2026-10-04T23:12:55.000Z</time>
        <extensions>
          <ns3:TrackPointExtension>
            <ns3:hr>143</ns3:hr>
            <ns3:cad>96</ns3:cad>
          </ns3:TrackPointExtension>
        </extensions>
      </trkpt>
      <trkpt lat="25.068600364029407501220703125" lon="102.6972618140280246734619140625">
        <ele>1904.800048828125</ele>
        <time>2026-10-04T23:12:56.000Z</time>
        <extensions>
          <ns3:TrackPointExtension>
            <ns3:hr>143</ns3:hr>
            <ns3:cad>97</ns3:cad>
          </ns3:TrackPointExtension>
        </extensions>
      </trkpt>
      <trkpt lat="25.0685965083539485931396484375" lon="102.69722753204405307769775390625">
        <ele>1904.800048828125</ele>
        <time>2026-10-04T23:12:57.000Z</time>
        <extensions>
          <ns3:TrackPointExtension>
            <ns3:hr>143</ns3:hr>
            <ns3:cad>97</ns3:cad>
          </ns3:TrackPointExtension>
        </extensions>
      </trkpt>
      <trkpt lat="25.06859089247882366180419921875" lon="102.69719718955457210540771484375">
        <ele>1904.800048828125</ele>
        <time>2026-10-04T23:12:58.000Z</time>
        <extensions>
          <ns3:TrackPointExtension>
            <ns3:hr>144</ns3:hr>
            <ns3:cad>96</ns3:cad>
          </ns3:TrackPointExtension>
        </extensions>
      </trkpt>
      <trkpt lat="25.068586952984333038330078125" lon="102.6971572078764438629150390625">
        <ele>1904.800048828125</ele>
        <time>2026-10-04T23:12:59.000Z</time>
        <extensions>
          <ns3:TrackPointExtension>
            <ns3:hr>144</ns3:hr>
            <ns3:cad>96</ns3:cad>
          </ns3:TrackPointExtension>
        </extensions>
      </trkpt>
      <trkpt lat="25.068582929670810699462890625" lon="102.697125859558582305908203125">
        <ele>1904.800048828125</ele>
        <time>2026-10-04T23:13:00.000Z</time>
        <extensions>
          <ns3:TrackPointExtension>
            <ns3:hr>144</ns3:hr>
            <ns3:cad>97</ns3:cad>
          </ns3:TrackPointExtension>
        </extensions>
      </trkpt>
      <trkpt lat="25.06858083419501781463623046875" lon="102.69709375686943531036376953125">
        <ele>1904.800048828125</ele>
        <time>2026-10-04T23:13:01.000Z</time>
        <extensions>
          <ns3:TrackPointExtension>
            <ns3:hr>144</ns3:hr>
            <ns3:cad>97</ns3:cad>
          </ns3:TrackPointExtension>
        </extensions>
      </trkpt>
      <trkpt lat="25.068577229976654052734375" lon="102.6970566250383853912353515625">
        <ele>1904.800048828125</ele>
        <time>2026-10-04T23:13:02.000Z</time>
        <extensions>
          <ns3:TrackPointExtension>
            <ns3:hr>144</ns3:hr>
            <ns3:cad>97</ns3:cad>
          </ns3:TrackPointExtension>
        </extensions>
      </trkpt>
      <trkpt lat="25.06857060827314853668212890625" lon="102.6970304735004901885986328125">
        <ele>1904.800048828125</ele>
        <time>2026-10-04T23:13:03.000Z</time>
        <extensions>
          <ns3:TrackPointExtension>
            <ns3:hr>144</ns3:hr>
            <ns3:cad>96</ns3:cad>
          </ns3:TrackPointExtension>
        </extensions>
      </trkpt>
      <trkpt lat="25.0685639865696430206298828125" lon="102.69698881544172763824462890625">
        <ele>1904.800048828125</ele>
        <time>2026-10-04T23:13:04.000Z</time>
        <extensions>
          <ns3:TrackPointExtension>
            <ns3:hr>144</ns3:hr>
            <ns3:cad>96</ns3:cad>
          </ns3:TrackPointExtension>
        </extensions>
      </trkpt>
      <trkpt lat="25.06855049170553684234619140625" lon="102.696956209838390350341796875">
        <ele>1904.800048828125</ele>
        <time>2026-10-04T23:13:05.000Z</time>
        <extensions>
          <ns3:TrackPointExtension>
            <ns3:hr>144</ns3:hr>
            <ns3:cad>96</ns3:cad>
          </ns3:TrackPointExtension>
        </extensions>
      </trkpt>
      <trkpt lat="25.0685448758304119110107421875" lon="102.6969225145876407623291015625">
        <ele>1904.800048828125</ele>
        <time>2026-10-04T23:13:06.000Z</time>
        <extensions>
          <ns3:TrackPointExtension>
            <ns3:hr>144</ns3:hr>
            <ns3:cad>96</ns3:cad>
          </ns3:TrackPointExtension>
        </extensions>
      </trkpt>
      <trkpt lat="25.06853909231722354888916015625" lon="102.69689057953655719757080078125">
        <ele>1904.800048828125</ele>
        <time>2026-10-04T23:13:07.000Z</time>
        <extensions>
          <ns3:TrackPointExtension>
            <ns3:hr>144</ns3:hr>
            <ns3:cad>96</ns3:cad>
          </ns3:TrackPointExtension>
        </extensions>
      </trkpt>
      <trkpt lat="25.06853439845144748687744140625" lon="102.69686426036059856414794921875">
        <ele>1904.800048828125</ele>
        <time>2026-10-04T23:13:08.000Z</time>
        <extensions>
          <ns3:TrackPointExtension>
            <ns3:hr>144</ns3:hr>
            <ns3:cad>96</ns3:cad>
          </ns3:TrackPointExtension>
        </extensions>
      </trkpt>
      <trkpt lat="25.068526603281497955322265625" lon="102.6968276314437389373779296875">
        <ele>1904.800048828125</ele>
        <time>2026-10-04T23:13:09.000Z</time>
        <extensions>
          <ns3:TrackPointExtension>
            <ns3:hr>144</ns3:hr>
            <ns3:cad>96</ns3:cad>
          </ns3:TrackPointExtension>
        </extensions>
      </trkpt>
      <trkpt lat="25.06852283142507076263427734375" lon="102.696798630058765411376953125">
        <ele>1904.800048828125</ele>
        <time>2026-10-04T23:13:10.000Z</time>
        <extensions>
          <ns3:TrackPointExtension>
            <ns3:hr>144</ns3:hr>
            <ns3:cad>96</ns3:cad>
          </ns3:TrackPointExtension>
        </extensions>
      </trkpt>
      <trkpt lat="25.0685147009789943695068359375" lon="102.696763090789318084716796875">
        <ele>1904.800048828125</ele>
        <time>2026-10-04T23:13:11.000Z</time>
        <extensions>
          <ns3:TrackPointExtension>
            <ns3:hr>144</ns3:hr>
            <ns3:cad>96</ns3:cad>
          </ns3:TrackPointExtension>
        </extensions>
      </trkpt>
      <trkpt lat="25.06850950419902801513671875" lon="102.69673031754791736602783203125">
        <ele>1904.5999755859375</ele>
        <time>2026-10-04T23:13:12.000Z</time>
        <extensions>
          <ns3:TrackPointExtension>
            <ns3:hr>144</ns3:hr>
            <ns3:cad>96</ns3:cad>
          </ns3:TrackPointExtension>
        </extensions>
      </trkpt>
      <trkpt lat="25.0685056485235691070556640625" lon="102.69669813103973865509033203125">
        <ele>1904.5999755859375</ele>
        <time>2026-10-04T23:13:13.000Z</time>
        <extensions>
          <ns3:TrackPointExtension>
            <ns3:hr>144</ns3:hr>
            <ns3:cad>96</ns3:cad>
          </ns3:TrackPointExtension>
        </extensions>
      </trkpt>
      <trkpt lat="25.06849735043942928314208984375" lon="102.69666393287479877471923828125">
        <ele>1904.5999755859375</ele>
        <time>2026-10-04T23:13:14.000Z</time>
        <extensions>
          <ns3:TrackPointExtension>
            <ns3:hr>144</ns3:hr>
            <ns3:cad>96</ns3:cad>
          </ns3:TrackPointExtension>
        </extensions>
      </trkpt>
      <trkpt lat="25.06849148310720920562744140625" lon="102.69663157872855663299560546875">
        <ele>1904.4000244140625</ele>
        <time>2026-10-04T23:13:15.000Z</time>
        <extensions>
          <ns3:TrackPointExtension>
            <ns3:hr>144</ns3:hr>
            <ns3:cad>95</ns3:cad>
          </ns3:TrackPointExtension>
        </extensions>
      </trkpt>
      <trkpt lat="25.06848142482340335845947265625" lon="102.6965944468975067138671875">
        <ele>1904.4000244140625</ele>
        <time>2026-10-04T23:13:16.000Z</time>
        <extensions>
          <ns3:TrackPointExtension>
            <ns3:hr>144</ns3:hr>
            <ns3:cad>95</ns3:cad>
          </ns3:TrackPointExtension>
        </extensions>
      </trkpt>
      <trkpt lat="25.06846013478934764862060546875" lon="102.69656200893223285675048828125">
        <ele>1904.4000244140625</ele>
        <time>2026-10-04T23:13:17.000Z</time>
        <extensions>
          <ns3:TrackPointExtension>
            <ns3:hr>144</ns3:hr>
            <ns3:cad>95</ns3:cad>
          </ns3:TrackPointExtension>
        </extensions>
      </trkpt>
      <trkpt lat="25.06844756193459033966064453125" lon="102.69653476774692535400390625">
        <ele>1904.199951171875</ele>
        <time>2026-10-04T23:13:18.000Z</time>
        <extensions>
          <ns3:TrackPointExtension>
            <ns3:hr>144</ns3:hr>
            <ns3:cad>95</ns3:cad>
          </ns3:TrackPointExtension>
        </extensions>
      </trkpt>
      <trkpt lat="25.06842543371021747589111328125" lon="102.696498893201351165771484375">
        <ele>1904.199951171875</ele>
        <time>2026-10-04T23:13:19.000Z</time>
        <extensions>
          <ns3:TrackPointExtension>
            <ns3:hr>144</ns3:hr>
            <ns3:cad>96</ns3:cad>
          </ns3:TrackPointExtension>
        </extensions>
      </trkpt>
      <trkpt lat="25.0684094242751598358154296875" lon="102.69646829925477504730224609375">
        <ele>1904.199951171875</ele>
        <time>2026-10-04T23:13:20.000Z</time>
        <extensions>
          <ns3:TrackPointExtension>
            <ns3:hr>144</ns3:hr>
            <ns3:cad>96</ns3:cad>
          </ns3:TrackPointExtension>
        </extensions>
      </trkpt>
      <trkpt lat="25.0683950074017047882080078125" lon="102.6964303292334079742431640625">
        <ele>1904.199951171875</ele>
        <time>2026-10-04T23:13:21.000Z</time>
        <extensions>
          <ns3:TrackPointExtension>
            <ns3:hr>144</ns3:hr>
            <ns3:cad>96</ns3:cad>
          </ns3:TrackPointExtension>
        </extensions>
      </trkpt>
      <trkpt lat="25.068383775651454925537109375" lon="102.6964011602103710174560546875">
        <ele>1904.199951171875</ele>
        <time>2026-10-04T23:13:22.000Z</time>
        <extensions>
          <ns3:TrackPointExtension>
            <ns3:hr>144</ns3:hr>
            <ns3:cad>96</ns3:cad>
          </ns3:TrackPointExtension>
        </extensions>
      </trkpt>
      <trkpt lat="25.06836877204477787017822265625" lon="102.69637475721538066864013671875">
        <ele>1904.199951171875</ele>
        <time>2026-10-04T23:13:23.000Z</time>
        <extensions>
          <ns3:TrackPointExtension>
            <ns3:hr>145</ns3:hr>
            <ns3:cad>96</ns3:cad>
          </ns3:TrackPointExtension>
        </extensions>
      </trkpt>
      <trkpt lat="25.0683490745723247528076171875" lon="102.6963461749255657196044921875">
        <ele>1904</ele>
        <time>2026-10-04T23:13:24.000Z</time>
        <extensions>
          <ns3:TrackPointExtension>
            <ns3:hr>145</ns3:hr>
            <ns3:cad>96</ns3:cad>
          </ns3:TrackPointExtension>
        </extensions>
      </trkpt>
      <trkpt lat="25.06833289749920368194580078125" lon="102.69633318297564983367919921875">
        <ele>1904</ele>
        <time>2026-10-04T23:13:25.000Z</time>
        <extensions>
          <ns3:TrackPointExtension>
            <ns3:hr>145</ns3:hr>
            <ns3:cad>96</ns3:cad>
          </ns3:TrackPointExtension>
        </extensions>
      </trkpt>
      <trkpt lat="25.0683054886758327484130859375" lon="102.69631759263575077056884765625">
        <ele>1903.800048828125</ele>
        <time>2026-10-04T23:13:26.000Z</time>
        <extensions>
          <ns3:TrackPointExtension>
            <ns3:hr>145</ns3:hr>
            <ns3:cad>96</ns3:cad>
          </ns3:TrackPointExtension>
        </extensions>
      </trkpt>
      <trkpt lat="25.06828495301306247711181640625" lon="102.69630946218967437744140625">
        <ele>1903.800048828125</ele>
        <time>2026-10-04T23:13:27.000Z</time>
        <extensions>
          <ns3:TrackPointExtension>
            <ns3:hr>145</ns3:hr>
            <ns3:cad>96</ns3:cad>
          </ns3:TrackPointExtension>
        </extensions>
      </trkpt>
      <trkpt lat="25.06825410760939121246337890625" lon="102.69630602560937404632568359375">
        <ele>1903.800048828125</ele>
        <time>2026-10-04T23:13:28.000Z</time>
        <extensions>
          <ns3:TrackPointExtension>
            <ns3:hr>145</ns3:hr>
            <ns3:cad>96</ns3:cad>
          </ns3:TrackPointExtension>
        </extensions>
      </trkpt>
      <trkpt lat="25.06821353919804096221923828125" lon="102.6963106356561183929443359375">
        <ele>1903.800048828125</ele>
        <time>2026-10-04T23:13:29.000Z</time>
        <extensions>
          <ns3:TrackPointExtension>
            <ns3:hr>146</ns3:hr>
            <ns3:cad>96</ns3:cad>
          </ns3:TrackPointExtension>
        </extensions>
      </trkpt>
      <trkpt lat="25.068179257214069366455078125" lon="102.69631859846413135528564453125">
        <ele>1903.800048828125</ele>
        <time>2026-10-04T23:13:30.000Z</time>
        <extensions>
          <ns3:TrackPointExtension>
            <ns3:hr>145</ns3:hr>
            <ns3:cad>96</ns3:cad>
          </ns3:TrackPointExtension>
        </extensions>
      </trkpt>
      <trkpt lat="25.0681386888027191162109375" lon="102.696322537958621978759765625">
        <ele>1903.800048828125</ele>
        <time>2026-10-04T23:13:31.000Z</time>
        <extensions>
          <ns3:TrackPointExtension>
            <ns3:hr>146</ns3:hr>
            <ns3:cad>96</ns3:cad>
          </ns3:TrackPointExtension>
        </extensions>
      </trkpt>
      <trkpt lat="25.06810859777033329010009765625" lon="102.696329914033412933349609375">
        <ele>1903.5999755859375</ele>
        <time>2026-10-04T23:13:32.000Z</time>
        <extensions>
          <ns3:TrackPointExtension>
            <ns3:hr>146</ns3:hr>
            <ns3:cad>96</ns3:cad>
          </ns3:TrackPointExtension>
        </extensions>
      </trkpt>
      <trkpt lat="25.0680694542825222015380859375" lon="102.69633150659501552581787109375">
        <ele>1903.5999755859375</ele>
        <time>2026-10-04T23:13:33.000Z</time>
        <extensions>
          <ns3:TrackPointExtension>
            <ns3:hr>146</ns3:hr>
            <ns3:cad>96</ns3:cad>
          </ns3:TrackPointExtension>
        </extensions>
      </trkpt>
      <trkpt lat="25.0680345855653285980224609375" lon="102.6963347755372524261474609375">
        <ele>1903.4000244140625</ele>
        <time>2026-10-04T23:13:34.000Z</time>
        <extensions>
          <ns3:TrackPointExtension>
            <ns3:hr>146</ns3:hr>
            <ns3:cad>96</ns3:cad>
          </ns3:TrackPointExtension>
        </extensions>
      </trkpt>
      <trkpt lat="25.06800332106649875640869140625" lon="102.6963384635746479034423828125">
        <ele>1903.4000244140625</ele>
        <time>2026-10-04T23:13:35.000Z</time>
        <extensions>
          <ns3:TrackPointExtension>
            <ns3:hr>146</ns3:hr>
            <ns3:cad>96</ns3:cad>
          </ns3:TrackPointExtension>
        </extensions>
      </trkpt>
      <trkpt lat="25.06796635687351226806640625" lon="102.696348018944263458251953125">
        <ele>1903.5999755859375</ele>
        <time>2026-10-04T23:13:36.000Z</time>
        <extensions>
          <ns3:TrackPointExtension>
            <ns3:hr>146</ns3:hr>
            <ns3:cad>95</ns3:cad>
          </ns3:TrackPointExtension>
        </extensions>
      </trkpt>
      <trkpt lat="25.067939870059490203857421875" lon="102.69635799340903759002685546875">
        <ele>1903.5999755859375</ele>
        <time>2026-10-04T23:13:37.000Z</time>
        <extensions>
          <ns3:TrackPointExtension>
            <ns3:hr>146</ns3:hr>
            <ns3:cad>95</ns3:cad>
          </ns3:TrackPointExtension>
        </extensions>
      </trkpt>
      <trkpt lat="25.067908354103565216064453125" lon="102.696360759437084197998046875">
        <ele>1903.5999755859375</ele>
        <time>2026-10-04T23:13:38.000Z</time>
        <extensions>
          <ns3:TrackPointExtension>
            <ns3:hr>145</ns3:hr>
            <ns3:cad>95</ns3:cad>
          </ns3:TrackPointExtension>
        </extensions>
      </trkpt>
      <trkpt lat="25.06787993945181369781494140625" lon="102.696364782750606536865234375">
        <ele>1903.5999755859375</ele>
        <time>2026-10-04T23:13:39.000Z</time>
        <extensions>
          <ns3:TrackPointExtension>
            <ns3:hr>145</ns3:hr>
            <ns3:cad>95</ns3:cad>
          </ns3:TrackPointExtension>
        </extensions>
      </trkpt>
      <trkpt lat="25.0678525306284427642822265625" lon="102.69636310636997222900390625">
        <ele>1903.5999755859375</ele>
        <time>2026-10-04T23:13:40.000Z</time>
        <extensions>
          <ns3:TrackPointExtension>
            <ns3:hr>145</ns3:hr>
            <ns3:cad>95</ns3:cad>
          </ns3:TrackPointExtension>
        </extensions>
      </trkpt>
      <trkpt lat="25.0678169913589954376220703125" lon="102.696366794407367706298828125">
        <ele>1903.5999755859375</ele>
        <time>2026-10-04T23:13:41.000Z</time>
        <extensions>
          <ns3:TrackPointExtension>
            <ns3:hr>144</ns3:hr>
            <ns3:cad>95</ns3:cad>
          </ns3:TrackPointExtension>
        </extensions>
      </trkpt>
      <trkpt lat="25.06779394112527370452880859375" lon="102.69637676887214183807373046875">
        <ele>1903.5999755859375</ele>
        <time>2026-10-04T23:13:42.000Z</time>
        <extensions>
          <ns3:TrackPointExtension>
            <ns3:hr>144</ns3:hr>
            <ns3:cad>95</ns3:cad>
          </ns3:TrackPointExtension>
        </extensions>
      </trkpt>
      <trkpt lat="25.06776510737836360931396484375" lon="102.6963830552995204925537109375">
        <ele>1903.5999755859375</ele>
        <time>2026-10-04T23:13:43.000Z</time>
        <extensions>
          <ns3:TrackPointExtension>
            <ns3:hr>144</ns3:hr>
            <ns3:cad>95</ns3:cad>
          </ns3:TrackPointExtension>
        </extensions>
      </trkpt>
      <trkpt lat="25.06773577071726322174072265625" lon="102.69638749770820140838623046875">
        <ele>1903.5999755859375</ele>
        <time>2026-10-04T23:13:44.000Z</time>
        <extensions>
          <ns3:TrackPointExtension>
            <ns3:hr>143</ns3:hr>
            <ns3:cad>95</ns3:cad>
          </ns3:TrackPointExtension>
        </extensions>
      </trkpt>
      <trkpt lat="25.06771213375031948089599609375" lon="102.6963981427252292633056640625">
        <ele>1903.5999755859375</ele>
        <time>2026-10-04T23:13:45.000Z</time>
        <extensions>
          <ns3:TrackPointExtension>
            <ns3:hr>143</ns3:hr>
            <ns3:cad>95</ns3:cad>
          </ns3:TrackPointExtension>
        </extensions>
      </trkpt>
      <trkpt lat="25.06768095307052135467529296875" lon="102.69640660844743251800537109375">
        <ele>1903.4000244140625</ele>
        <time>2026-10-04T23:13:46.000Z</time>
        <extensions>
          <ns3:TrackPointExtension>
            <ns3:hr>143</ns3:hr>
            <ns3:cad>95</ns3:cad>
          </ns3:TrackPointExtension>
        </extensions>
      </trkpt>
      <trkpt lat="25.06765748374164104461669921875" lon="102.6964174211025238037109375">
        <ele>1903.4000244140625</ele>
        <time>2026-10-04T23:13:47.000Z</time>
        <extensions>
          <ns3:TrackPointExtension>
            <ns3:hr>143</ns3:hr>
            <ns3:cad>95</ns3:cad>
          </ns3:TrackPointExtension>
        </extensions>
      </trkpt>
      <trkpt lat="25.067628733813762664794921875" lon="102.69642370752990245819091796875">
        <ele>1903.4000244140625</ele>
        <time>2026-10-04T23:13:48.000Z</time>
        <extensions>
          <ns3:TrackPointExtension>
            <ns3:hr>143</ns3:hr>
            <ns3:cad>96</ns3:cad>
          </ns3:TrackPointExtension>
        </extensions>
      </trkpt>
      <trkpt lat="25.0675990618765354156494140625" lon="102.69643284380435943603515625">
        <ele>1903.4000244140625</ele>
        <time>2026-10-04T23:13:49.000Z</time>
        <extensions>
          <ns3:TrackPointExtension>
            <ns3:hr>143</ns3:hr>
            <ns3:cad>96</ns3:cad>
          </ns3:TrackPointExtension>
        </extensions>
      </trkpt>
      <trkpt lat="25.06757341325283050537109375" lon="102.69643275998532772064208984375">
        <ele>1903.4000244140625</ele>
        <time>2026-10-04T23:13:50.000Z</time>
        <extensions>
          <ns3:TrackPointExtension>
            <ns3:hr>143</ns3:hr>
            <ns3:cad>96</ns3:cad>
          </ns3:TrackPointExtension>
        </extensions>
      </trkpt>
      <trkpt lat="25.06753862835466861724853515625" lon="102.69643284380435943603515625">
        <ele>1903.199951171875</ele>
        <time>2026-10-04T23:13:51.000Z</time>
        <extensions>
          <ns3:TrackPointExtension>
            <ns3:hr>143</ns3:hr>
            <ns3:cad>96</ns3:cad>
          </ns3:TrackPointExtension>
        </extensions>
      </trkpt>
      <trkpt lat="25.0675110518932342529296875" lon="102.69643309526145458221435546875">
        <ele>1903.199951171875</ele>
        <time>2026-10-04T23:13:52.000Z</time>
        <extensions>
          <ns3:TrackPointExtension>
            <ns3:hr>142</ns3:hr>
            <ns3:cad>95</ns3:cad>
          </ns3:TrackPointExtension>
        </extensions>
      </trkpt>
      <trkpt lat="25.06748230196535587310791015625" lon="102.6964400522410869598388671875">
        <ele>1903.199951171875</ele>
        <time>2026-10-04T23:13:53.000Z</time>
        <extensions>
          <ns3:TrackPointExtension>
            <ns3:hr>142</ns3:hr>
            <ns3:cad>95</ns3:cad>
          </ns3:TrackPointExtension>
        </extensions>
      </trkpt>
      <trkpt lat="25.06745112128555774688720703125" lon="102.69644985906779766082763671875">
        <ele>1903.199951171875</ele>
        <time>2026-10-04T23:13:54.000Z</time>
        <extensions>
          <ns3:TrackPointExtension>
            <ns3:hr>142</ns3:hr>
            <ns3:cad>95</ns3:cad>
          </ns3:TrackPointExtension>
        </extensions>
      </trkpt>
      <trkpt lat="25.06742798723280429840087890625" lon="102.6964638568460941314697265625">
        <ele>1903.199951171875</ele>
        <time>2026-10-04T23:13:55.000Z</time>
        <extensions>
          <ns3:TrackPointExtension>
            <ns3:hr>143</ns3:hr>
            <ns3:cad>95</ns3:cad>
          </ns3:TrackPointExtension>
        </extensions>
      </trkpt>
      <trkpt lat="25.06739513017237186431884765625" lon="102.69647500477731227874755859375">
        <ele>1903.4000244140625</ele>
        <time>2026-10-04T23:13:56.000Z</time>
        <extensions>
          <ns3:TrackPointExtension>
            <ns3:hr>142</ns3:hr>
            <ns3:cad>95</ns3:cad>
          </ns3:TrackPointExtension>
        </extensions>
      </trkpt>
      <trkpt lat="25.0673675537109375" lon="102.69648036919534206390380859375">
        <ele>1903.4000244140625</ele>
        <time>2026-10-04T23:13:57.000Z</time>
        <extensions>
          <ns3:TrackPointExtension>
            <ns3:hr>142</ns3:hr>
            <ns3:cad>95</ns3:cad>
          </ns3:TrackPointExtension>
        </extensions>
      </trkpt>
      <trkpt lat="25.0673348642885684967041015625" lon="102.6964844763278961181640625">
        <ele>1903.4000244140625</ele>
        <time>2026-10-04T23:13:58.000Z</time>
        <extensions>
          <ns3:TrackPointExtension>
            <ns3:hr>142</ns3:hr>
            <ns3:cad>95</ns3:cad>
          </ns3:TrackPointExtension>
        </extensions>
      </trkpt>
      <trkpt lat="25.0673045217990875244140625" lon="102.696490846574306488037109375">
        <ele>1903.4000244140625</ele>
        <time>2026-10-04T23:13:59.000Z</time>
        <extensions>
          <ns3:TrackPointExtension>
            <ns3:hr>142</ns3:hr>
            <ns3:cad>95</ns3:cad>
          </ns3:TrackPointExtension>
        </extensions>
      </trkpt>
      <trkpt lat="25.06727945990860462188720703125" lon="102.69650182686746120452880859375">
        <ele>1903.199951171875</ele>
        <time>2026-10-04T23:14:00.000Z</time>
        <extensions>
          <ns3:TrackPointExtension>
            <ns3:hr>141</ns3:hr>
            <ns3:cad>95</ns3:cad>
          </ns3:TrackPointExtension>
        </extensions>
      </trkpt>
      <trkpt lat="25.0672493688762187957763671875" lon="102.6965111307799816131591796875">
        <ele>1903</ele>
        <time>2026-10-04T23:14:01.000Z</time>
        <extensions>
          <ns3:TrackPointExtension>
            <ns3:hr>141</ns3:hr>
            <ns3:cad>95</ns3:cad>
          </ns3:TrackPointExtension>
        </extensions>
      </trkpt>
      <trkpt lat="25.0672265700995922088623046875" lon="102.69652445800602436065673828125">
        <ele>1903</ele>
        <time>2026-10-04T23:14:02.000Z</time>
        <extensions>
          <ns3:TrackPointExtension>
            <ns3:hr>141</ns3:hr>
            <ns3:cad>95</ns3:cad>
          </ns3:TrackPointExtension>
        </extensions>
      </trkpt>
      <trkpt lat="25.0671970658004283905029296875" lon="102.69652881659567356109619140625">
        <ele>1902.800048828125</ele>
        <time>2026-10-04T23:14:03.000Z</time>
        <extensions>
          <ns3:TrackPointExtension>
            <ns3:hr>141</ns3:hr>
            <ns3:cad>95</ns3:cad>
          </ns3:TrackPointExtension>
        </extensions>
      </trkpt>
      <trkpt lat="25.06716848351061344146728515625" lon="102.6965386234223842620849609375">
        <ele>1903</ele>
        <time>2026-10-04T23:14:04.000Z</time>
        <extensions>
          <ns3:TrackPointExtension>
            <ns3:hr>141</ns3:hr>
            <ns3:cad>96</ns3:cad>
          </ns3:TrackPointExtension>
        </extensions>
      </trkpt>
      <trkpt lat="25.06714585237205028533935546875" lon="102.69654206000268459320068359375">
        <ele>1903</ele>
        <time>2026-10-04T23:14:05.000Z</time>
        <extensions>
          <ns3:TrackPointExtension>
            <ns3:hr>141</ns3:hr>
            <ns3:cad>96</ns3:cad>
          </ns3:TrackPointExtension>
        </extensions>
      </trkpt>
      <trkpt lat="25.0671145878732204437255859375" lon="102.69656368531286716461181640625">
        <ele>1903</ele>
        <time>2026-10-04T23:14:06.000Z</time>
        <extensions>
          <ns3:TrackPointExtension>
            <ns3:hr>141</ns3:hr>
            <ns3:cad>96</ns3:cad>
          </ns3:TrackPointExtension>
        </extensions>
      </trkpt>
      <trkpt lat="25.06709170527756214141845703125" lon="102.69658246077597141265869140625">
        <ele>1903</ele>
        <time>2026-10-04T23:14:07.000Z</time>
        <extensions>
          <ns3:TrackPointExtension>
            <ns3:hr>140</ns3:hr>
            <ns3:cad>96</ns3:cad>
          </ns3:TrackPointExtension>
        </extensions>
      </trkpt>
      <trkpt lat="25.0670626200735569000244140625" lon="102.69659779965877532958984375">
        <ele>1903</ele>
        <time>2026-10-04T23:14:08.000Z</time>
        <extensions>
          <ns3:TrackPointExtension>
            <ns3:hr>140</ns3:hr>
            <ns3:cad>96</ns3:cad>
          </ns3:TrackPointExtension>
        </extensions>
      </trkpt>
      <trkpt lat="25.06703403778374195098876953125" lon="102.696614228188991546630859375">
        <ele>1903.199951171875</ele>
        <time>2026-10-04T23:14:09.000Z</time>
        <extensions>
          <ns3:TrackPointExtension>
            <ns3:hr>140</ns3:hr>
            <ns3:cad>96</ns3:cad>
          </ns3:TrackPointExtension>
        </extensions>
      </trkpt>
      <trkpt lat="25.06701408885419368743896484375" lon="102.69663266837596893310546875">
        <ele>1903.4000244140625</ele>
        <time>2026-10-04T23:14:10.000Z</time>
        <extensions>
          <ns3:TrackPointExtension>
            <ns3:hr>141</ns3:hr>
            <ns3:cad>96</ns3:cad>
          </ns3:TrackPointExtension>
        </extensions>
      </trkpt>
      <trkpt lat="25.066987685859203338623046875" lon="102.69666192121803760528564453125">
        <ele>1903.4000244140625</ele>
        <time>2026-10-04T23:14:11.000Z</time>
        <extensions>
          <ns3:TrackPointExtension>
            <ns3:hr>141</ns3:hr>
            <ns3:cad>96</ns3:cad>
          </ns3:TrackPointExtension>
        </extensions>
      </trkpt>
      <trkpt lat="25.0669638812541961669921875" lon="102.6966841332614421844482421875">
        <ele>1903.4000244140625</ele>
        <time>2026-10-04T23:14:12.000Z</time>
        <extensions>
          <ns3:TrackPointExtension>
            <ns3:hr>141</ns3:hr>
            <ns3:cad>97</ns3:cad>
          </ns3:TrackPointExtension>
        </extensions>
      </trkpt>
      <trkpt lat="25.06693915463984012603759765625" lon="102.696698047220706939697265625">
        <ele>1903.199951171875</ele>
        <time>2026-10-04T23:14:13.000Z</time>
        <extensions>
          <ns3:TrackPointExtension>
            <ns3:hr>141</ns3:hr>
            <ns3:cad>97</ns3:cad>
          </ns3:TrackPointExtension>
        </extensions>
      </trkpt>
      <trkpt lat="25.0669110752642154693603515625" lon="102.69671288318932056427001953125">
        <ele>1903</ele>
        <time>2026-10-04T23:14:14.000Z</time>
        <extensions>
          <ns3:TrackPointExtension>
            <ns3:hr>141</ns3:hr>
            <ns3:cad>97</ns3:cad>
          </ns3:TrackPointExtension>
        </extensions>
      </trkpt>
      <trkpt lat="25.0668929703533649444580078125" lon="102.696730233728885650634765625">
        <ele>1902.800048828125</ele>
        <time>2026-10-04T23:14:15.000Z</time>
        <extensions>
          <ns3:TrackPointExtension>
            <ns3:hr>141</ns3:hr>
            <ns3:cad>97</ns3:cad>
          </ns3:TrackPointExtension>
        </extensions>
      </trkpt>
      <trkpt lat="25.06687008775770664215087890625" lon="102.6967475004494190216064453125">
        <ele>1903</ele>
        <time>2026-10-04T23:14:16.000Z</time>
        <extensions>
          <ns3:TrackPointExtension>
            <ns3:hr>141</ns3:hr>
            <ns3:cad>96</ns3:cad>
          </ns3:TrackPointExtension>
        </extensions>
      </trkpt>
      <trkpt lat="25.0668490491807460784912109375" lon="102.69676518626511096954345703125">
        <ele>1903.199951171875</ele>
        <time>2026-10-04T23:14:17.000Z</time>
        <extensions>
          <ns3:TrackPointExtension>
            <ns3:hr>140</ns3:hr>
            <ns3:cad>95</ns3:cad>
          </ns3:TrackPointExtension>
        </extensions>
      </trkpt>
      <trkpt lat="25.066824741661548614501953125" lon="102.6967739872634410858154296875">
        <ele>1903.199951171875</ele>
        <time>2026-10-04T23:14:18.000Z</time>
        <extensions>
          <ns3:TrackPointExtension>
            <ns3:hr>140</ns3:hr>
            <ns3:cad>95</ns3:cad>
          </ns3:TrackPointExtension>
        </extensions>
      </trkpt>
      <trkpt lat="25.06679884158074855804443359375" lon="102.69678865559399127960205078125">
        <ele>1903.199951171875</ele>
        <time>2026-10-04T23:14:19.000Z</time>
        <extensions>
          <ns3:TrackPointExtension>
            <ns3:hr>140</ns3:hr>
            <ns3:cad>95</ns3:cad>
          </ns3:TrackPointExtension>
        </extensions>
      </trkpt>
      <trkpt lat="25.06677201949059963226318359375" lon="102.69680189900100231170654296875">
        <ele>1903</ele>
        <time>2026-10-04T23:14:20.000Z</time>
        <extensions>
          <ns3:TrackPointExtension>
            <ns3:hr>141</ns3:hr>
            <ns3:cad>95</ns3:cad>
          </ns3:TrackPointExtension>
        </extensions>
      </trkpt>
      <trkpt lat="25.0667441077530384063720703125" lon="102.69682176411151885986328125">
        <ele>1902.800048828125</ele>
        <time>2026-10-04T23:14:21.000Z</time>
        <extensions>
          <ns3:TrackPointExtension>
            <ns3:hr>140</ns3:hr>
            <ns3:cad>95</ns3:cad>
          </ns3:TrackPointExtension>
        </extensions>
      </trkpt>
      <trkpt lat="25.066720135509967803955078125" lon="102.696838863193988800048828125">
        <ele>1902.5999755859375</ele>
        <time>2026-10-04T23:14:22.000Z</time>
        <extensions>
          <ns3:TrackPointExtension>
            <ns3:hr>140</ns3:hr>
            <ns3:cad>95</ns3:cad>
          </ns3:TrackPointExtension>
        </extensions>
      </trkpt>
      <trkpt lat="25.06669088266789913177490234375" lon="102.6968564651906490325927734375">
        <ele>1902.5999755859375</ele>
        <time>2026-10-04T23:14:23.000Z</time>
        <extensions>
          <ns3:TrackPointExtension>
            <ns3:hr>140</ns3:hr>
            <ns3:cad>95</ns3:cad>
          </ns3:TrackPointExtension>
        </extensions>
      </trkpt>
      <trkpt lat="25.06666003726422786712646484375" lon="102.69687565974891185760498046875">
        <ele>1902.5999755859375</ele>
        <time>2026-10-04T23:14:24.000Z</time>
        <extensions>
          <ns3:TrackPointExtension>
            <ns3:hr>140</ns3:hr>
            <ns3:cad>96</ns3:cad>
          </ns3:TrackPointExtension>
        </extensions>
      </trkpt>
      <trkpt lat="25.0666331313550472259521484375" lon="102.6968829520046710968017578125">
        <ele>1902.5999755859375</ele>
        <time>2026-10-04T23:14:25.000Z</time>
        <extensions>
          <ns3:TrackPointExtension>
            <ns3:hr>139</ns3:hr>
            <ns3:cad>96</ns3:cad>
          </ns3:TrackPointExtension>
        </extensions>
      </trkpt>
      <trkpt lat="25.0666029565036296844482421875" lon="102.69689778797328472137451171875">
        <ele>1902.800048828125</ele>
        <time>2026-10-04T23:14:26.000Z</time>
        <extensions>
          <ns3:TrackPointExtension>
            <ns3:hr>140</ns3:hr>
            <ns3:cad>96</ns3:cad>
          </ns3:TrackPointExtension>
        </extensions>
      </trkpt>
      <trkpt lat="25.0665771402418613433837890625" lon="102.6969127915799617767333984375">
        <ele>1902.800048828125</ele>
        <time>2026-10-04T23:14:27.000Z</time>
        <extensions>
          <ns3:TrackPointExtension>
            <ns3:hr>140</ns3:hr>
            <ns3:cad>96</ns3:cad>
          </ns3:TrackPointExtension>
        </extensions>
      </trkpt>
      <trkpt lat="25.06654486991465091705322265625" lon="102.6969245262444019317626953125">
        <ele>1902.800048828125</ele>
        <time>2026-10-04T23:14:28.000Z</time>
        <extensions>
          <ns3:TrackPointExtension>
            <ns3:hr>140</ns3:hr>
            <ns3:cad>96</ns3:cad>
          </ns3:TrackPointExtension>
        </extensions>
      </trkpt>
      <trkpt lat="25.06651888601481914520263671875" lon="102.696941792964935302734375">
        <ele>1902.5999755859375</ele>
        <time>2026-10-04T23:14:29.000Z</time>
        <extensions>
          <ns3:TrackPointExtension>
            <ns3:hr>139</ns3:hr>
            <ns3:cad>95</ns3:cad>
          </ns3:TrackPointExtension>
        </extensions>
      </trkpt>
      <trkpt lat="25.06649172864854335784912109375" lon="102.69694774411618709564208984375">
        <ele>1902.5999755859375</ele>
        <time>2026-10-04T23:14:30.000Z</time>
        <extensions>
          <ns3:TrackPointExtension>
            <ns3:hr>139</ns3:hr>
            <ns3:cad>95</ns3:cad>
          </ns3:TrackPointExtension>
        </extensions>
      </trkpt>
      <trkpt lat="25.06646121852099895477294921875" lon="102.69696501083672046661376953125">
        <ele>1902.5999755859375</ele>
        <time>2026-10-04T23:14:31.000Z</time>
        <extensions>
          <ns3:TrackPointExtension>
            <ns3:hr>139</ns3:hr>
            <ns3:cad>95</ns3:cad>
          </ns3:TrackPointExtension>
        </extensions>
      </trkpt>
      <trkpt lat="25.06643624044954776763916015625" lon="102.69697942771017551422119140625">
        <ele>1902.5999755859375</ele>
        <time>2026-10-04T23:14:32.000Z</time>
        <extensions>
          <ns3:TrackPointExtension>
            <ns3:hr>139</ns3:hr>
            <ns3:cad>95</ns3:cad>
          </ns3:TrackPointExtension>
        </extensions>
      </trkpt>
      <trkpt lat="25.06641059182584285736083984375" lon="102.69698881544172763824462890625">
        <ele>1902.5999755859375</ele>
        <time>2026-10-04T23:14:33.000Z</time>
        <extensions>
          <ns3:TrackPointExtension>
            <ns3:hr>140</ns3:hr>
            <ns3:cad>95</ns3:cad>
          </ns3:TrackPointExtension>
        </extensions>
      </trkpt>
      <trkpt lat="25.06638309918344020843505859375" lon="102.6970019750297069549560546875">
        <ele>1902.4000244140625</ele>
        <time>2026-10-04T23:14:34.000Z</time>
        <extensions>
          <ns3:TrackPointExtension>
            <ns3:hr>139</ns3:hr>
            <ns3:cad>95</ns3:cad>
          </ns3:TrackPointExtension>
        </extensions>
      </trkpt>
      <trkpt lat="25.06635711528360843658447265625" lon="102.69701421260833740234375">
        <ele>1902.4000244140625</ele>
        <time>2026-10-04T23:14:35.000Z</time>
        <extensions>
          <ns3:TrackPointExtension>
            <ns3:hr>138</ns3:hr>
            <ns3:cad>95</ns3:cad>
          </ns3:TrackPointExtension>
        </extensions>
      </trkpt>
      <trkpt lat="25.06633096374571323394775390625" lon="102.697029970586299896240234375">
        <ele>1902.4000244140625</ele>
        <time>2026-10-04T23:14:36.000Z</time>
        <extensions>
          <ns3:TrackPointExtension>
            <ns3:hr>138</ns3:hr>
            <ns3:cad>95</ns3:cad>
          </ns3:TrackPointExtension>
        </extensions>
      </trkpt>
      <trkpt lat="25.06630280055105686187744140625" lon="102.6970485784113407135009765625">
        <ele>1902.4000244140625</ele>
        <time>2026-10-04T23:14:37.000Z</time>
        <extensions>
          <ns3:TrackPointExtension>
            <ns3:hr>138</ns3:hr>
            <ns3:cad>95</ns3:cad>
          </ns3:TrackPointExtension>
        </extensions>
      </trkpt>
      <trkpt lat="25.06627430208027362823486328125" lon="102.6970636658370494842529296875">
        <ele>1902.4000244140625</ele>
        <time>2026-10-04T23:14:38.000Z</time>
        <extensions>
          <ns3:TrackPointExtension>
            <ns3:hr>139</ns3:hr>
            <ns3:cad>95</ns3:cad>
          </ns3:TrackPointExtension>
        </extensions>
      </trkpt>
      <trkpt lat="25.06624328903853893280029296875" lon="102.6970817707479000091552734375">
        <ele>1902.4000244140625</ele>
        <time>2026-10-04T23:14:39.000Z</time>
        <extensions>
          <ns3:TrackPointExtension>
            <ns3:hr>139</ns3:hr>
            <ns3:cad>95</ns3:cad>
          </ns3:TrackPointExtension>
        </extensions>
      </trkpt>
      <trkpt lat="25.06621277891099452972412109375" lon="102.69709727726876735687255859375">
        <ele>1902.4000244140625</ele>
        <time>2026-10-04T23:14:40.000Z</time>
        <extensions>
          <ns3:TrackPointExtension>
            <ns3:hr>140</ns3:hr>
            <ns3:cad>96</ns3:cad>
          </ns3:TrackPointExtension>
        </extensions>
      </trkpt>
      <trkpt lat="25.0661835260689258575439453125" lon="102.69711219705641269683837890625">
        <ele>1902.4000244140625</ele>
        <time>2026-10-04T23:14:41.000Z</time>
        <extensions>
          <ns3:TrackPointExtension>
            <ns3:hr>140</ns3:hr>
            <ns3:cad>97</ns3:cad>
          </ns3:TrackPointExtension>
        </extensions>
      </trkpt>
      <trkpt lat="25.06615318357944488525390625" lon="102.69712761975824832916259765625">
        <ele>1902.199951171875</ele>
        <time>2026-10-04T23:14:42.000Z</time>
        <extensions>
          <ns3:TrackPointExtension>
            <ns3:hr>140</ns3:hr>
            <ns3:cad>96</ns3:cad>
          </ns3:TrackPointExtension>
        </extensions>
      </trkpt>
      <trkpt lat="25.0661189854145050048828125" lon="102.6971454732120037078857421875">
        <ele>1902.199951171875</ele>
        <time>2026-10-04T23:14:43.000Z</time>
        <extensions>
          <ns3:TrackPointExtension>
            <ns3:hr>139</ns3:hr>
            <ns3:cad>96</ns3:cad>
          </ns3:TrackPointExtension>
        </extensions>
      </trkpt>
      <trkpt lat="25.06608922965824604034423828125" lon="102.69715569913387298583984375">
        <ele>1902.199951171875</ele>
        <time>2026-10-04T23:14:44.000Z</time>
        <extensions>
          <ns3:TrackPointExtension>
            <ns3:hr>139</ns3:hr>
            <ns3:cad>96</ns3:cad>
          </ns3:TrackPointExtension>
        </extensions>
      </trkpt>
      <trkpt lat="25.066059641540050506591796875" lon="102.6971595548093318939208984375">
        <ele>1902.199951171875</ele>
        <time>2026-10-04T23:14:45.000Z</time>
        <extensions>
          <ns3:TrackPointExtension>
            <ns3:hr>139</ns3:hr>
            <ns3:cad>96</ns3:cad>
          </ns3:TrackPointExtension>
        </extensions>
      </trkpt>
      <trkpt lat="25.0660232640802860260009765625" lon="102.69715393893420696258544921875">
        <ele>1902.199951171875</ele>
        <time>2026-10-04T23:14:46.000Z</time>
        <extensions>
          <ns3:TrackPointExtension>
            <ns3:hr>140</ns3:hr>
            <ns3:cad>96</ns3:cad>
          </ns3:TrackPointExtension>
        </extensions>
      </trkpt>
      <trkpt lat="25.06599736399948596954345703125" lon="102.69715460948646068572998046875">
        <ele>1902.199951171875</ele>
        <time>2026-10-04T23:14:47.000Z</time>
        <extensions>
          <ns3:TrackPointExtension>
            <ns3:hr>139</ns3:hr>
            <ns3:cad>96</ns3:cad>
          </ns3:TrackPointExtension>
        </extensions>
      </trkpt>
      <trkpt lat="25.06596467457711696624755859375" lon="102.69714019261300563812255859375">
        <ele>1902.199951171875</ele>
        <time>2026-10-04T23:14:48.000Z</time>
        <extensions>
          <ns3:TrackPointExtension>
            <ns3:hr>139</ns3:hr>
            <ns3:cad>96</ns3:cad>
          </ns3:TrackPointExtension>
        </extensions>
      </trkpt>
      <trkpt lat="25.0659350864589214324951171875" lon="102.6971236802637577056884765625">
        <ele>1902.199951171875</ele>
        <time>2026-10-04T23:14:49.000Z</time>
        <extensions>
          <ns3:TrackPointExtension>
            <ns3:hr>140</ns3:hr>
            <ns3:cad>96</ns3:cad>
          </ns3:TrackPointExtension>
        </extensions>
      </trkpt>
      <trkpt lat="25.06591446697711944580078125" lon="102.6971196569502353668212890625">
        <ele>1902.199951171875</ele>
        <time>2026-10-04T23:14:50.000Z</time>
        <extensions>
          <ns3:TrackPointExtension>
            <ns3:hr>139</ns3:hr>
            <ns3:cad>96</ns3:cad>
          </ns3:TrackPointExtension>
        </extensions>
      </trkpt>
      <trkpt lat="25.06589426659047603607177734375" lon="102.6970906555652618408203125">
        <ele>1902.199951171875</ele>
        <time>2026-10-04T23:14:51.000Z</time>
        <extensions>
          <ns3:TrackPointExtension>
            <ns3:hr>139</ns3:hr>
            <ns3:cad>96</ns3:cad>
          </ns3:TrackPointExtension>
        </extensions>
      </trkpt>
      <trkpt lat="25.065884292125701904296875" lon="102.69706911407411098480224609375">
        <ele>1902.199951171875</ele>
        <time>2026-10-04T23:14:52.000Z</time>
        <extensions>
          <ns3:TrackPointExtension>
            <ns3:hr>138</ns3:hr>
            <ns3:cad>96</ns3:cad>
          </ns3:TrackPointExtension>
        </extensions>
      </trkpt>
      <trkpt lat="25.06587917916476726531982421875" lon="102.69703692756593227386474609375">
        <ele>1902.4000244140625</ele>
        <time>2026-10-04T23:14:53.000Z</time>
        <extensions>
          <ns3:TrackPointExtension>
            <ns3:hr>137</ns3:hr>
            <ns3:cad>96</ns3:cad>
          </ns3:TrackPointExtension>
        </extensions>
      </trkpt>
      <trkpt lat="25.065877251327037811279296875" lon="102.69700826145708560943603515625">
        <ele>1902.4000244140625</ele>
        <time>2026-10-04T23:14:54.000Z</time>
        <extensions>
          <ns3:TrackPointExtension>
            <ns3:hr>137</ns3:hr>
            <ns3:cad>96</ns3:cad>
          </ns3:TrackPointExtension>
        </extensions>
      </trkpt>
      <trkpt lat="25.065875910222530364990234375" lon="102.69699049182236194610595703125">
        <ele>1902.4000244140625</ele>
        <time>2026-10-04T23:14:55.000Z</time>
        <extensions>
          <ns3:TrackPointExtension>
            <ns3:hr>136</ns3:hr>
            <ns3:cad>96</ns3:cad>
          </ns3:TrackPointExtension>
        </extensions>
      </trkpt>
      <trkpt lat="25.065875239670276641845703125" lon="102.69696258008480072021484375">
        <ele>1902.4000244140625</ele>
        <time>2026-10-04T23:14:56.000Z</time>
        <extensions>
          <ns3:TrackPointExtension>
            <ns3:hr>134</ns3:hr>
            <ns3:cad>96</ns3:cad>
          </ns3:TrackPointExtension>
        </extensions>
      </trkpt>
      <trkpt lat="25.0658680312335491180419921875" lon="102.6969355903565883636474609375">
        <ele>1902.4000244140625</ele>
        <time>2026-10-04T23:14:57.000Z</time>
        <extensions>
          <ns3:TrackPointExtension>
            <ns3:hr>134</ns3:hr>
            <ns3:cad>96</ns3:cad>
          </ns3:TrackPointExtension>
        </extensions>
      </trkpt>
      <trkpt lat="25.0658640079200267791748046875" lon="102.69690466113388538360595703125">
        <ele>1902.4000244140625</ele>
        <time>2026-10-04T23:14:58.000Z</time>
        <extensions>
          <ns3:TrackPointExtension>
            <ns3:hr>134</ns3:hr>
            <ns3:cad>96</ns3:cad>
          </ns3:TrackPointExtension>
        </extensions>
      </trkpt>
      <trkpt lat="25.0658588111400604248046875" lon="102.6968707144260406494140625">
        <ele>1902.4000244140625</ele>
        <time>2026-10-04T23:14:59.000Z</time>
        <extensions>
          <ns3:TrackPointExtension>
            <ns3:hr>134</ns3:hr>
            <ns3:cad>96</ns3:cad>
          </ns3:TrackPointExtension>
        </extensions>
      </trkpt>
      <trkpt lat="25.06584816612303256988525390625" lon="102.69683710299432277679443359375">
        <ele>1902.5999755859375</ele>
        <time>2026-10-04T23:15:00.000Z</time>
        <extensions>
          <ns3:TrackPointExtension>
            <ns3:hr>133</ns3:hr>
            <ns3:cad>96</ns3:cad>
          </ns3:TrackPointExtension>
        </extensions>
      </trkpt>
      <trkpt lat="25.0658445619046688079833984375" lon="102.6967981271445751190185546875">
        <ele>1902.5999755859375</ele>
        <time>2026-10-04T23:15:01.000Z</time>
        <extensions>
          <ns3:TrackPointExtension>
            <ns3:hr>133</ns3:hr>
            <ns3:cad>96</ns3:cad>
          </ns3:TrackPointExtension>
        </extensions>
      </trkpt>
      <trkpt lat="25.0658412091434001922607421875" lon="102.69676552154123783111572265625">
        <ele>1902.5999755859375</ele>
        <time>2026-10-04T23:15:02.000Z</time>
        <extensions>
          <ns3:TrackPointExtension>
            <ns3:hr>133</ns3:hr>
            <ns3:cad>96</ns3:cad>
          </ns3:TrackPointExtension>
        </extensions>
      </trkpt>
      <trkpt lat="25.065839029848575592041015625" lon="102.6967340894043445587158203125">
        <ele>1902.5999755859375</ele>
        <time>2026-10-04T23:15:03.000Z</time>
        <extensions>
          <ns3:TrackPointExtension>
            <ns3:hr>133</ns3:hr>
            <ns3:cad>96</ns3:cad>
          </ns3:TrackPointExtension>
        </extensions>
      </trkpt>
      <trkpt lat="25.0658324919641017913818359375" lon="102.69670533947646617889404296875">
        <ele>1902.5999755859375</ele>
        <time>2026-10-04T23:15:04.000Z</time>
        <extensions>
          <ns3:TrackPointExtension>
            <ns3:hr>133</ns3:hr>
            <ns3:cad>97</ns3:cad>
          </ns3:TrackPointExtension>
        </extensions>
      </trkpt>
      <trkpt lat="25.06582654081284999847412109375" lon="102.69667784683406352996826171875">
        <ele>1902.800048828125</ele>
        <time>2026-10-04T23:15:05.000Z</time>
        <extensions>
          <ns3:TrackPointExtension>
            <ns3:hr>133</ns3:hr>
            <ns3:cad>97</ns3:cad>
          </ns3:TrackPointExtension>
        </extensions>
      </trkpt>
      <trkpt lat="25.06582419387996196746826171875" lon="102.6966449059545993804931640625">
        <ele>1902.800048828125</ele>
        <time>2026-10-04T23:15:06.000Z</time>
        <extensions>
          <ns3:TrackPointExtension>
            <ns3:hr>133</ns3:hr>
            <ns3:cad>97</ns3:cad>
          </ns3:TrackPointExtension>
        </extensions>
      </trkpt>
      <trkpt lat="25.06582050584256649017333984375" lon="102.69661062397062778472900390625">
        <ele>1902.800048828125</ele>
        <time>2026-10-04T23:15:07.000Z</time>
        <extensions>
          <ns3:TrackPointExtension>
            <ns3:hr>133</ns3:hr>
            <ns3:cad>97</ns3:cad>
          </ns3:TrackPointExtension>
        </extensions>
      </trkpt>
      <trkpt lat="25.06581983529031276702880859375" lon="102.696576006710529327392578125">
        <ele>1902.800048828125</ele>
        <time>2026-10-04T23:15:08.000Z</time>
        <extensions>
          <ns3:TrackPointExtension>
            <ns3:hr>133</ns3:hr>
            <ns3:cad>95</ns3:cad>
          </ns3:TrackPointExtension>
        </extensions>
      </trkpt>
      <trkpt lat="25.06581061519682407379150390625" lon="102.69654071889817714691162109375">
        <ele>1902.800048828125</ele>
        <time>2026-10-04T23:15:09.000Z</time>
        <extensions>
          <ns3:TrackPointExtension>
            <ns3:hr>132</ns3:hr>
            <ns3:cad>95</ns3:cad>
          </ns3:TrackPointExtension>
        </extensions>
      </trkpt>
      <trkpt lat="25.065808184444904327392578125" lon="102.69651004113256931304931640625">
        <ele>1902.800048828125</ele>
        <time>2026-10-04T23:15:10.000Z</time>
        <extensions>
          <ns3:TrackPointExtension>
            <ns3:hr>132</ns3:hr>
            <ns3:cad>95</ns3:cad>
          </ns3:TrackPointExtension>
        </extensions>
      </trkpt>
      <trkpt lat="25.06580608896911144256591796875" lon="102.696471400558948516845703125">
        <ele>1902.800048828125</ele>
        <time>2026-10-04T23:15:11.000Z</time>
        <extensions>
          <ns3:TrackPointExtension>
            <ns3:hr>133</ns3:hr>
            <ns3:cad>93</ns3:cad>
          </ns3:TrackPointExtension>
        </extensions>
      </trkpt>
      <trkpt lat="25.06580189801752567291259765625" lon="102.6964410580694675445556640625">
        <ele>1902.800048828125</ele>
        <time>2026-10-04T23:15:12.000Z</time>
        <extensions>
          <ns3:TrackPointExtension>
            <ns3:hr>135</ns3:hr>
            <ns3:cad>93</ns3:cad>
          </ns3:TrackPointExtension>
        </extensions>
      </trkpt>
      <trkpt lat="25.065802149474620819091796875" lon="102.69640828482806682586669921875">
        <ele>1903</ele>
        <time>2026-10-04T23:15:13.000Z</time>
        <extensions>
          <ns3:TrackPointExtension>
            <ns3:hr>136</ns3:hr>
            <ns3:cad>93</ns3:cad>
          </ns3:TrackPointExtension>
        </extensions>
      </trkpt>
      <trkpt lat="25.06579888053238391876220703125" lon="102.69637626595795154571533203125">
        <ele>1903</ele>
        <time>2026-10-04T23:15:14.000Z</time>
        <extensions>
          <ns3:TrackPointExtension>
            <ns3:hr>137</ns3:hr>
            <ns3:cad>95</ns3:cad>
          </ns3:TrackPointExtension>
        </extensions>
      </trkpt>
      <trkpt lat="25.0658016465604305267333984375" lon="102.69635078497231006622314453125">
        <ele>1903</ele>
        <time>2026-10-04T23:15:15.000Z</time>
        <extensions>
          <ns3:TrackPointExtension>
            <ns3:hr>137</ns3:hr>
            <ns3:cad>95</ns3:cad>
          </ns3:TrackPointExtension>
        </extensions>
      </trkpt>
      <trkpt lat="25.06580290384590625762939453125" lon="102.69632010720670223236083984375">
        <ele>1903</ele>
        <time>2026-10-04T23:15:16.000Z</time>
        <extensions>
          <ns3:TrackPointExtension>
            <ns3:hr>138</ns3:hr>
            <ns3:cad>95</ns3:cad>
          </ns3:TrackPointExtension>
        </extensions>
      </trkpt>
      <trkpt lat="25.0658036582171916961669921875" lon="102.6962955482304096221923828125">
        <ele>1903.199951171875</ele>
        <time>2026-10-04T23:15:17.000Z</time>
        <extensions>
          <ns3:TrackPointExtension>
            <ns3:hr>138</ns3:hr>
            <ns3:cad>96</ns3:cad>
          </ns3:TrackPointExtension>
        </extensions>
      </trkpt>
      <trkpt lat="25.06580709479749202728271484375" lon="102.69625984132289886474609375">
        <ele>1903.199951171875</ele>
        <time>2026-10-04T23:15:18.000Z</time>
        <extensions>
          <ns3:TrackPointExtension>
            <ns3:hr>138</ns3:hr>
            <ns3:cad>96</ns3:cad>
          </ns3:TrackPointExtension>
        </extensions>
      </trkpt>
      <trkpt lat="25.0658086873590946197509765625" lon="102.69623167812824249267578125">
        <ele>1903.199951171875</ele>
        <time>2026-10-04T23:15:19.000Z</time>
        <extensions>
          <ns3:TrackPointExtension>
            <ns3:hr>139</ns3:hr>
            <ns3:cad>96</ns3:cad>
          </ns3:TrackPointExtension>
        </extensions>
      </trkpt>
      <trkpt lat="25.06581229157745838165283203125" lon="102.696202509105205535888671875">
        <ele>1903.199951171875</ele>
        <time>2026-10-04T23:15:20.000Z</time>
        <extensions>
          <ns3:TrackPointExtension>
            <ns3:hr>140</ns3:hr>
            <ns3:cad>96</ns3:cad>
          </ns3:TrackPointExtension>
        </extensions>
      </trkpt>
      <trkpt lat="25.0658113695681095123291015625" lon="102.69616990350186824798583984375">
        <ele>1903.199951171875</ele>
        <time>2026-10-04T23:15:21.000Z</time>
        <extensions>
          <ns3:TrackPointExtension>
            <ns3:hr>140</ns3:hr>
            <ns3:cad>95</ns3:cad>
          </ns3:TrackPointExtension>
        </extensions>
      </trkpt>
      <trkpt lat="25.0658083520829677581787109375" lon="102.69613805226981639862060546875">
        <ele>1903.199951171875</ele>
        <time>2026-10-04T23:15:22.000Z</time>
        <extensions>
          <ns3:TrackPointExtension>
            <ns3:hr>140</ns3:hr>
            <ns3:cad>94</ns3:cad>
          </ns3:TrackPointExtension>
        </extensions>
      </trkpt>
      <trkpt lat="25.06580944173038005828857421875" lon="102.6961047761142253875732421875">
        <ele>1903.199951171875</ele>
        <time>2026-10-04T23:15:23.000Z</time>
        <extensions>
          <ns3:TrackPointExtension>
            <ns3:hr>140</ns3:hr>
            <ns3:cad>94</ns3:cad>
          </ns3:TrackPointExtension>
        </extensions>
      </trkpt>
      <trkpt lat="25.0658078491687774658203125" lon="102.696075774729251861572265625">
        <ele>1903.199951171875</ele>
        <time>2026-10-04T23:15:24.000Z</time>
        <extensions>
          <ns3:TrackPointExtension>
            <ns3:hr>141</ns3:hr>
            <ns3:cad>94</ns3:cad>
          </ns3:TrackPointExtension>
        </extensions>
      </trkpt>
      <trkpt lat="25.06581245921552181243896484375" lon="102.696045599877834320068359375">
        <ele>1903.4000244140625</ele>
        <time>2026-10-04T23:15:25.000Z</time>
        <extensions>
          <ns3:TrackPointExtension>
            <ns3:hr>141</ns3:hr>
            <ns3:cad>94</ns3:cad>
          </ns3:TrackPointExtension>
        </extensions>
      </trkpt>
      <trkpt lat="25.06581329740583896636962890625" lon="102.69601173698902130126953125">
        <ele>1903.4000244140625</ele>
        <time>2026-10-04T23:15:26.000Z</time>
        <extensions>
          <ns3:TrackPointExtension>
            <ns3:hr>141</ns3:hr>
            <ns3:cad>94</ns3:cad>
          </ns3:TrackPointExtension>
        </extensions>
      </trkpt>
      <trkpt lat="25.065812207758426666259765625" lon="102.69598281942307949066162109375">
        <ele>1903.4000244140625</ele>
        <time>2026-10-04T23:15:27.000Z</time>
        <extensions>
          <ns3:TrackPointExtension>
            <ns3:hr>142</ns3:hr>
            <ns3:cad>95</ns3:cad>
          </ns3:TrackPointExtension>
        </extensions>
      </trkpt>
      <trkpt lat="25.06581782363355159759521484375" lon="102.6959468610584735870361328125">
        <ele>1903.4000244140625</ele>
        <time>2026-10-04T23:15:28.000Z</time>
        <extensions>
          <ns3:TrackPointExtension>
            <ns3:hr>142</ns3:hr>
            <ns3:cad>95</ns3:cad>
          </ns3:TrackPointExtension>
        </extensions>
      </trkpt>
      <trkpt lat="25.0658217631280422210693359375" lon="102.69591651856899261474609375">
        <ele>1903.4000244140625</ele>
        <time>2026-10-04T23:15:29.000Z</time>
        <extensions>
          <ns3:TrackPointExtension>
            <ns3:hr>142</ns3:hr>
            <ns3:cad>95</ns3:cad>
          </ns3:TrackPointExtension>
        </extensions>
      </trkpt>
      <trkpt lat="25.06582855246961116790771484375" lon="102.69588223658502101898193359375">
        <ele>1903.4000244140625</ele>
        <time>2026-10-04T23:15:30.000Z</time>
        <extensions>
          <ns3:TrackPointExtension>
            <ns3:hr>142</ns3:hr>
            <ns3:cad>97</ns3:cad>
          </ns3:TrackPointExtension>
        </extensions>
      </trkpt>
      <trkpt lat="25.0658338330686092376708984375" lon="102.695847451686859130859375">
        <ele>1903.4000244140625</ele>
        <time>2026-10-04T23:15:31.000Z</time>
        <extensions>
          <ns3:TrackPointExtension>
            <ns3:hr>142</ns3:hr>
            <ns3:cad>97</ns3:cad>
          </ns3:TrackPointExtension>
        </extensions>
      </trkpt>
      <trkpt lat="25.0658378563821315765380859375" lon="102.6958224736154079437255859375">
        <ele>1903.5999755859375</ele>
        <time>2026-10-04T23:15:32.000Z</time>
        <extensions>
          <ns3:TrackPointExtension>
            <ns3:hr>143</ns3:hr>
            <ns3:cad>96</ns3:cad>
          </ns3:TrackPointExtension>
        </extensions>
      </trkpt>
      <trkpt lat="25.0658445619046688079833984375" lon="102.6957842521369457244873046875">
        <ele>1903.5999755859375</ele>
        <time>2026-10-04T23:15:33.000Z</time>
        <extensions>
          <ns3:TrackPointExtension>
            <ns3:hr>142</ns3:hr>
            <ns3:cad>96</ns3:cad>
          </ns3:TrackPointExtension>
        </extensions>
      </trkpt>
      <trkpt lat="25.06584380753338336944580078125" lon="102.6957500539720058441162109375">
        <ele>1903.800048828125</ele>
        <time>2026-10-04T23:15:34.000Z</time>
        <extensions>
          <ns3:TrackPointExtension>
            <ns3:hr>142</ns3:hr>
            <ns3:cad>96</ns3:cad>
          </ns3:TrackPointExtension>
        </extensions>
      </trkpt>
      <trkpt lat="25.0658499263226985931396484375" lon="102.69571862183511257171630859375">
        <ele>1903.800048828125</ele>
        <time>2026-10-04T23:15:35.000Z</time>
        <extensions>
          <ns3:TrackPointExtension>
            <ns3:hr>142</ns3:hr>
            <ns3:cad>95</ns3:cad>
          </ns3:TrackPointExtension>
        </extensions>
      </trkpt>
      <trkpt lat="25.06585269235074520111083984375" lon="102.6956878602504730224609375">
        <ele>1903.800048828125</ele>
        <time>2026-10-04T23:15:36.000Z</time>
        <extensions>
          <ns3:TrackPointExtension>
            <ns3:hr>142</ns3:hr>
            <ns3:cad>95</ns3:cad>
          </ns3:TrackPointExtension>
        </extensions>
      </trkpt>
      <trkpt lat="25.065857805311679840087890625" lon="102.6956581883132457733154296875">
        <ele>1904</ele>
        <time>2026-10-04T23:15:37.000Z</time>
        <extensions>
          <ns3:TrackPointExtension>
            <ns3:hr>141</ns3:hr>
            <ns3:cad>95</ns3:cad>
          </ns3:TrackPointExtension>
        </extensions>
      </trkpt>
      <trkpt lat="25.065865851938724517822265625" lon="102.69562507979571819305419921875">
        <ele>1904</ele>
        <time>2026-10-04T23:15:38.000Z</time>
        <extensions>
          <ns3:TrackPointExtension>
            <ns3:hr>141</ns3:hr>
            <ns3:cad>95</ns3:cad>
          </ns3:TrackPointExtension>
        </extensions>
      </trkpt>
      <trkpt lat="25.06586618721485137939453125" lon="102.69559524022042751312255859375">
        <ele>1904</ele>
        <time>2026-10-04T23:15:39.000Z</time>
        <extensions>
          <ns3:TrackPointExtension>
            <ns3:hr>141</ns3:hr>
            <ns3:cad>96</ns3:cad>
          </ns3:TrackPointExtension>
        </extensions>
      </trkpt>
      <trkpt lat="25.065874569118022918701171875" lon="102.69556338898837566375732421875">
        <ele>1904</ele>
        <time>2026-10-04T23:15:40.000Z</time>
        <extensions>
          <ns3:TrackPointExtension>
            <ns3:hr>141</ns3:hr>
            <ns3:cad>96</ns3:cad>
          </ns3:TrackPointExtension>
        </extensions>
      </trkpt>
      <trkpt lat="25.06588437594473361968994140625" lon="102.69553740508854389190673828125">
        <ele>1904</ele>
        <time>2026-10-04T23:15:41.000Z</time>
        <extensions>
          <ns3:TrackPointExtension>
            <ns3:hr>141</ns3:hr>
            <ns3:cad>96</ns3:cad>
          </ns3:TrackPointExtension>
        </extensions>
      </trkpt>
      <trkpt lat="25.06588940508663654327392578125" lon="102.69550957717001438140869140625">
        <ele>1904</ele>
        <time>2026-10-04T23:15:42.000Z</time>
        <extensions>
          <ns3:TrackPointExtension>
            <ns3:hr>141</ns3:hr>
            <ns3:cad>96</ns3:cad>
          </ns3:TrackPointExtension>
        </extensions>
      </trkpt>
      <trkpt lat="25.065895356237888336181640625" lon="102.69547470845282077789306640625">
        <ele>1904</ele>
        <time>2026-10-04T23:15:43.000Z</time>
        <extensions>
          <ns3:TrackPointExtension>
            <ns3:hr>142</ns3:hr>
            <ns3:cad>96</ns3:cad>
          </ns3:TrackPointExtension>
        </extensions>
      </trkpt>
      <trkpt lat="25.06590264849364757537841796875" lon="102.69544721581041812896728515625">
        <ele>1904.199951171875</ele>
        <time>2026-10-04T23:15:44.000Z</time>
        <extensions>
          <ns3:TrackPointExtension>
            <ns3:hr>141</ns3:hr>
            <ns3:cad>95</ns3:cad>
          </ns3:TrackPointExtension>
        </extensions>
      </trkpt>
      <trkpt lat="25.0659132935106754302978515625" lon="102.695415280759334564208984375">
        <ele>1904.199951171875</ele>
        <time>2026-10-04T23:15:45.000Z</time>
        <extensions>
          <ns3:TrackPointExtension>
            <ns3:hr>141</ns3:hr>
            <ns3:cad>95</ns3:cad>
          </ns3:TrackPointExtension>
        </extensions>
      </trkpt>
      <trkpt lat="25.0659196637570858001708984375" lon="102.6953795738518238067626953125">
        <ele>1904.199951171875</ele>
        <time>2026-10-04T23:15:46.000Z</time>
        <extensions>
          <ns3:TrackPointExtension>
            <ns3:hr>141</ns3:hr>
            <ns3:cad>96</ns3:cad>
          </ns3:TrackPointExtension>
        </extensions>
      </trkpt>
      <trkpt lat="25.065928883850574493408203125" lon="102.69534914754331111907958984375">
        <ele>1904.199951171875</ele>
        <time>2026-10-04T23:15:47.000Z</time>
        <extensions>
          <ns3:TrackPointExtension>
            <ns3:hr>141</ns3:hr>
            <ns3:cad>96</ns3:cad>
          </ns3:TrackPointExtension>
        </extensions>
      </trkpt>
      <trkpt lat="25.06593634374439716339111328125" lon="102.69531411118805408477783203125">
        <ele>1904.199951171875</ele>
        <time>2026-10-04T23:15:48.000Z</time>
        <extensions>
          <ns3:TrackPointExtension>
            <ns3:hr>141</ns3:hr>
            <ns3:cad>96</ns3:cad>
          </ns3:TrackPointExtension>
        </extensions>
      </trkpt>
      <trkpt lat="25.0659424625337123870849609375" lon="102.69528259523212909698486328125">
        <ele>1904.199951171875</ele>
        <time>2026-10-04T23:15:49.000Z</time>
        <extensions>
          <ns3:TrackPointExtension>
            <ns3:hr>141</ns3:hr>
            <ns3:cad>96</ns3:cad>
          </ns3:TrackPointExtension>
        </extensions>
      </trkpt>
      <trkpt lat="25.0659531913697719573974609375" lon="102.69525074400007724761962890625">
        <ele>1904.199951171875</ele>
        <time>2026-10-04T23:15:50.000Z</time>
        <extensions>
          <ns3:TrackPointExtension>
            <ns3:hr>141</ns3:hr>
            <ns3:cad>96</ns3:cad>
          </ns3:TrackPointExtension>
        </extensions>
      </trkpt>
      <trkpt lat="25.06595696322619915008544921875" lon="102.69522073678672313690185546875">
        <ele>1904.199951171875</ele>
        <time>2026-10-04T23:15:51.000Z</time>
        <extensions>
          <ns3:TrackPointExtension>
            <ns3:hr>141</ns3:hr>
            <ns3:cad>96</ns3:cad>
          </ns3:TrackPointExtension>
        </extensions>
      </trkpt>
      <trkpt lat="25.0659659318625926971435546875" lon="102.69519357942044734954833984375">
        <ele>1904.199951171875</ele>
        <time>2026-10-04T23:15:52.000Z</time>
        <extensions>
          <ns3:TrackPointExtension>
            <ns3:hr>142</ns3:hr>
            <ns3:cad>95</ns3:cad>
          </ns3:TrackPointExtension>
        </extensions>
      </trkpt>
      <trkpt lat="25.06597288884222507476806640625" lon="102.6951586268842220306396484375">
        <ele>1904.199951171875</ele>
        <time>2026-10-04T23:15:53.000Z</time>
        <extensions>
          <ns3:TrackPointExtension>
            <ns3:hr>141</ns3:hr>
            <ns3:cad>95</ns3:cad>
          </ns3:TrackPointExtension>
        </extensions>
      </trkpt>
      <trkpt lat="25.06597615778446197509765625" lon="102.6951324753463268280029296875">
        <ele>1904.199951171875</ele>
        <time>2026-10-04T23:15:54.000Z</time>
        <extensions>
          <ns3:TrackPointExtension>
            <ns3:hr>141</ns3:hr>
            <ns3:cad>95</ns3:cad>
          </ns3:TrackPointExtension>
        </extensions>
      </trkpt>
      <trkpt lat="25.06598152220249176025390625" lon="102.6950932480394840240478515625">
        <ele>1904.199951171875</ele>
        <time>2026-10-04T23:15:55.000Z</time>
        <extensions>
          <ns3:TrackPointExtension>
            <ns3:hr>141</ns3:hr>
            <ns3:cad>96</ns3:cad>
          </ns3:TrackPointExtension>
        </extensions>
      </trkpt>
      <trkpt lat="25.06598730571568012237548828125" lon="102.6950575411319732666015625">
        <ele>1904.199951171875</ele>
        <time>2026-10-04T23:15:56.000Z</time>
        <extensions>
          <ns3:TrackPointExtension>
            <ns3:hr>141</ns3:hr>
            <ns3:cad>96</ns3:cad>
          </ns3:TrackPointExtension>
        </extensions>
      </trkpt>
      <trkpt lat="25.0660001300275325775146484375" lon="102.69503029994666576385498046875">
        <ele>1904.199951171875</ele>
        <time>2026-10-04T23:15:57.000Z</time>
        <extensions>
          <ns3:TrackPointExtension>
            <ns3:hr>141</ns3:hr>
            <ns3:cad>96</ns3:cad>
          </ns3:TrackPointExtension>
        </extensions>
      </trkpt>
      <trkpt lat="25.0660142116248607635498046875" lon="102.69499459303915500640869140625">
        <ele>1904.199951171875</ele>
        <time>2026-10-04T23:15:58.000Z</time>
        <extensions>
          <ns3:TrackPointExtension>
            <ns3:hr>141</ns3:hr>
            <ns3:cad>96</ns3:cad>
          </ns3:TrackPointExtension>
        </extensions>
      </trkpt>
      <trkpt lat="25.06602234207093715667724609375" lon="102.6949698664247989654541015625">
        <ele>1904.199951171875</ele>
        <time>2026-10-04T23:15:59.000Z</time>
        <extensions>
          <ns3:TrackPointExtension>
            <ns3:hr>141</ns3:hr>
            <ns3:cad>96</ns3:cad>
          </ns3:TrackPointExtension>
        </extensions>
      </trkpt>
      <trkpt lat="25.06603407673537731170654296875" lon="102.69493843428790569305419921875">
        <ele>1904.4000244140625</ele>
        <time>2026-10-04T23:16:00.000Z</time>
        <extensions>
          <ns3:TrackPointExtension>
            <ns3:hr>141</ns3:hr>
            <ns3:cad>96</ns3:cad>
          </ns3:TrackPointExtension>
        </extensions>
      </trkpt>
      <trkpt lat="25.06603927351534366607666015625" lon="102.69490574486553668975830078125">
        <ele>1904.4000244140625</ele>
        <time>2026-10-04T23:16:01.000Z</time>
        <extensions>
          <ns3:TrackPointExtension>
            <ns3:hr>141</ns3:hr>
            <ns3:cad>96</ns3:cad>
          </ns3:TrackPointExtension>
        </extensions>
      </trkpt>
      <trkpt lat="25.06605067290365695953369140625" lon="102.69487540237605571746826171875">
        <ele>1904.4000244140625</ele>
        <time>2026-10-04T23:16:02.000Z</time>
        <extensions>
          <ns3:TrackPointExtension>
            <ns3:hr>141</ns3:hr>
            <ns3:cad>95</ns3:cad>
          </ns3:TrackPointExtension>
        </extensions>
      </trkpt>
      <trkpt lat="25.06606006063520908355712890625" lon="102.69484036602079868316650390625">
        <ele>1904.4000244140625</ele>
        <time>2026-10-04T23:16:03.000Z</time>
        <extensions>
          <ns3:TrackPointExtension>
            <ns3:hr>141</ns3:hr>
            <ns3:cad>95</ns3:cad>
          </ns3:TrackPointExtension>
        </extensions>
      </trkpt>
      <trkpt lat="25.06606676615774631500244140625" lon="102.69481035880744457244873046875">
        <ele>1904.5999755859375</ele>
        <time>2026-10-04T23:16:04.000Z</time>
        <extensions>
          <ns3:TrackPointExtension>
            <ns3:hr>141</ns3:hr>
            <ns3:cad>96</ns3:cad>
          </ns3:TrackPointExtension>
        </extensions>
      </trkpt>
      <trkpt lat="25.0660769082605838775634765625" lon="102.6947747357189655303955078125">
        <ele>1904.5999755859375</ele>
        <time>2026-10-04T23:16:05.000Z</time>
        <extensions>
          <ns3:TrackPointExtension>
            <ns3:hr>142</ns3:hr>
            <ns3:cad>96</ns3:cad>
          </ns3:TrackPointExtension>
        </extensions>
      </trkpt>
      <trkpt lat="25.0660829432308673858642578125" lon="102.69474246539175510406494140625">
        <ele>1904.5999755859375</ele>
        <time>2026-10-04T23:16:06.000Z</time>
        <extensions>
          <ns3:TrackPointExtension>
            <ns3:hr>142</ns3:hr>
            <ns3:cad>96</ns3:cad>
          </ns3:TrackPointExtension>
        </extensions>
      </trkpt>
      <trkpt lat="25.0660869665443897247314453125" lon="102.694714553654193878173828125">
        <ele>1904.800048828125</ele>
        <time>2026-10-04T23:16:07.000Z</time>
        <extensions>
          <ns3:TrackPointExtension>
            <ns3:hr>142</ns3:hr>
            <ns3:cad>96</ns3:cad>
          </ns3:TrackPointExtension>
        </extensions>
      </trkpt>
      <trkpt lat="25.06609878502786159515380859375" lon="102.6946793496608734130859375">
        <ele>1904.800048828125</ele>
        <time>2026-10-04T23:16:08.000Z</time>
        <extensions>
          <ns3:TrackPointExtension>
            <ns3:hr>142</ns3:hr>
            <ns3:cad>96</ns3:cad>
          </ns3:TrackPointExtension>
        </extensions>
      </trkpt>
      <trkpt lat="25.06610582582652568817138671875" lon="102.6946486718952655792236328125">
        <ele>1904.800048828125</ele>
        <time>2026-10-04T23:16:09.000Z</time>
        <extensions>
          <ns3:TrackPointExtension>
            <ns3:hr>142</ns3:hr>
            <ns3:cad>96</ns3:cad>
          </ns3:TrackPointExtension>
        </extensions>
      </trkpt>
      <trkpt lat="25.06611404009163379669189453125" lon="102.69461841322481632232666015625">
        <ele>1904.800048828125</ele>
        <time>2026-10-04T23:16:10.000Z</time>
        <extensions>
          <ns3:TrackPointExtension>
            <ns3:hr>142</ns3:hr>
            <ns3:cad>96</ns3:cad>
          </ns3:TrackPointExtension>
        </extensions>
      </trkpt>
      <trkpt lat="25.0661211647093296051025390625" lon="102.69459016621112823486328125">
        <ele>1905</ele>
        <time>2026-10-04T23:16:11.000Z</time>
        <extensions>
          <ns3:TrackPointExtension>
            <ns3:hr>143</ns3:hr>
            <ns3:cad>97</ns3:cad>
          </ns3:TrackPointExtension>
        </extensions>
      </trkpt>
      <trkpt lat="25.066127367317676544189453125" lon="102.69456175155937671661376953125">
        <ele>1905</ele>
        <time>2026-10-04T23:16:12.000Z</time>
        <extensions>
          <ns3:TrackPointExtension>
            <ns3:hr>143</ns3:hr>
            <ns3:cad>97</ns3:cad>
          </ns3:TrackPointExtension>
        </extensions>
      </trkpt>
      <trkpt lat="25.0661369226872920989990234375" lon="102.69453518092632293701171875">
        <ele>1905</ele>
        <time>2026-10-04T23:16:13.000Z</time>
        <extensions>
          <ns3:TrackPointExtension>
            <ns3:hr>143</ns3:hr>
            <ns3:cad>97</ns3:cad>
          </ns3:TrackPointExtension>
        </extensions>
      </trkpt>
      <trkpt lat="25.06614555604755878448486328125" lon="102.6945050060749053955078125">
        <ele>1905</ele>
        <time>2026-10-04T23:16:14.000Z</time>
        <extensions>
          <ns3:TrackPointExtension>
            <ns3:hr>142</ns3:hr>
            <ns3:cad>96</ns3:cad>
          </ns3:TrackPointExtension>
        </extensions>
      </trkpt>
      <trkpt lat="25.06615377031266689300537109375" lon="102.69447575323283672332763671875">
        <ele>1905</ele>
        <time>2026-10-04T23:16:15.000Z</time>
        <extensions>
          <ns3:TrackPointExtension>
            <ns3:hr>142</ns3:hr>
            <ns3:cad>96</ns3:cad>
          </ns3:TrackPointExtension>
        </extensions>
      </trkpt>
      <trkpt lat="25.0661593861877918243408203125" lon="102.69444406963884830474853515625">
        <ele>1905.199951171875</ele>
        <time>2026-10-04T23:16:16.000Z</time>
        <extensions>
          <ns3:TrackPointExtension>
            <ns3:hr>142</ns3:hr>
            <ns3:cad>97</ns3:cad>
          </ns3:TrackPointExtension>
        </extensions>
      </trkpt>
      <trkpt lat="25.06616768427193164825439453125" lon="102.69441624172031879425048828125">
        <ele>1905.199951171875</ele>
        <time>2026-10-04T23:16:17.000Z</time>
        <extensions>
          <ns3:TrackPointExtension>
            <ns3:hr>142</ns3:hr>
            <ns3:cad>96</ns3:cad>
          </ns3:TrackPointExtension>
        </extensions>
      </trkpt>
      <trkpt lat="25.066179670393466949462890625" lon="102.69438003189861774444580078125">
        <ele>1905.199951171875</ele>
        <time>2026-10-04T23:16:18.000Z</time>
        <extensions>
          <ns3:TrackPointExtension>
            <ns3:hr>142</ns3:hr>
            <ns3:cad>96</ns3:cad>
          </ns3:TrackPointExtension>
        </extensions>
      </trkpt>
      <trkpt lat="25.06618268787860870361328125" lon="102.69434901885688304901123046875">
        <ele>1905.199951171875</ele>
        <time>2026-10-04T23:16:19.000Z</time>
        <extensions>
          <ns3:TrackPointExtension>
            <ns3:hr>141</ns3:hr>
            <ns3:cad>96</ns3:cad>
          </ns3:TrackPointExtension>
        </extensions>
      </trkpt>
      <trkpt lat="25.06619165651500225067138671875" lon="102.69431389868259429931640625">
        <ele>1905.4000244140625</ele>
        <time>2026-10-04T23:16:20.000Z</time>
        <extensions>
          <ns3:TrackPointExtension>
            <ns3:hr>141</ns3:hr>
            <ns3:cad>96</ns3:cad>
          </ns3:TrackPointExtension>
        </extensions>
      </trkpt>
      <trkpt lat="25.0661955960094928741455078125" lon="102.694281376898288726806640625">
        <ele>1905.4000244140625</ele>
        <time>2026-10-04T23:16:21.000Z</time>
        <extensions>
          <ns3:TrackPointExtension>
            <ns3:hr>141</ns3:hr>
            <ns3:cad>96</ns3:cad>
          </ns3:TrackPointExtension>
        </extensions>
      </trkpt>
      <trkpt lat="25.06620607338845729827880859375" lon="102.69425296224653720855712890625">
        <ele>1905.4000244140625</ele>
        <time>2026-10-04T23:16:22.000Z</time>
        <extensions>
          <ns3:TrackPointExtension>
            <ns3:hr>141</ns3:hr>
            <ns3:cad>96</ns3:cad>
          </ns3:TrackPointExtension>
        </extensions>
      </trkpt>
      <trkpt lat="25.06621378473937511444091796875" lon="102.69421742297708988189697265625">
        <ele>1905.4000244140625</ele>
        <time>2026-10-04T23:16:23.000Z</time>
        <extensions>
          <ns3:TrackPointExtension>
            <ns3:hr>141</ns3:hr>
            <ns3:cad>96</ns3:cad>
          </ns3:TrackPointExtension>
        </extensions>
      </trkpt>
      <trkpt lat="25.0662170536816120147705078125" lon="102.69418741576373577117919921875">
        <ele>1905.4000244140625</ele>
        <time>2026-10-04T23:16:24.000Z</time>
        <extensions>
          <ns3:TrackPointExtension>
            <ns3:hr>141</ns3:hr>
            <ns3:cad>96</ns3:cad>
          </ns3:TrackPointExtension>
        </extensions>
      </trkpt>
      <trkpt lat="25.066226609051227569580078125" lon="102.6941517926752567291259765625">
        <ele>1905.4000244140625</ele>
        <time>2026-10-04T23:16:25.000Z</time>
        <extensions>
          <ns3:TrackPointExtension>
            <ns3:hr>141</ns3:hr>
            <ns3:cad>95</ns3:cad>
          </ns3:TrackPointExtension>
        </extensions>
      </trkpt>
      <trkpt lat="25.06623239256441593170166015625" lon="102.69412086345255374908447265625">
        <ele>1905.4000244140625</ele>
        <time>2026-10-04T23:16:26.000Z</time>
        <extensions>
          <ns3:TrackPointExtension>
            <ns3:hr>142</ns3:hr>
            <ns3:cad>95</ns3:cad>
          </ns3:TrackPointExtension>
        </extensions>
      </trkpt>
      <trkpt lat="25.06624094210565090179443359375" lon="102.69409370608627796173095703125">
        <ele>1905.4000244140625</ele>
        <time>2026-10-04T23:16:27.000Z</time>
        <extensions>
          <ns3:TrackPointExtension>
            <ns3:hr>141</ns3:hr>
            <ns3:cad>96</ns3:cad>
          </ns3:TrackPointExtension>
        </extensions>
      </trkpt>
      <trkpt lat="25.0662465579807758331298828125" lon="102.69405866973102092742919921875">
        <ele>1905.5999755859375</ele>
        <time>2026-10-04T23:16:28.000Z</time>
        <extensions>
          <ns3:TrackPointExtension>
            <ns3:hr>141</ns3:hr>
            <ns3:cad>96</ns3:cad>
          </ns3:TrackPointExtension>
        </extensions>
      </trkpt>
      <trkpt lat="25.06625401787459850311279296875" lon="102.69402815960347652435302734375">
        <ele>1905.5999755859375</ele>
        <time>2026-10-04T23:16:29.000Z</time>
        <extensions>
          <ns3:TrackPointExtension>
            <ns3:hr>141</ns3:hr>
            <ns3:cad>95</ns3:cad>
          </ns3:TrackPointExtension>
        </extensions>
      </trkpt>
      <trkpt lat="25.0662646628916263580322265625" lon="102.693997062742710113525390625">
        <ele>1905.5999755859375</ele>
        <time>2026-10-04T23:16:30.000Z</time>
        <extensions>
          <ns3:TrackPointExtension>
            <ns3:hr>141</ns3:hr>
            <ns3:cad>95</ns3:cad>
          </ns3:TrackPointExtension>
        </extensions>
      </trkpt>
      <trkpt lat="25.06627379916608333587646484375" lon="102.693964540958404541015625">
        <ele>1905.800048828125</ele>
        <time>2026-10-04T23:16:31.000Z</time>
        <extensions>
          <ns3:TrackPointExtension>
            <ns3:hr>142</ns3:hr>
            <ns3:cad>96</ns3:cad>
          </ns3:TrackPointExtension>
        </extensions>
      </trkpt>
      <trkpt lat="25.0662847794592380523681640625" lon="102.6939378865063190460205078125">
        <ele>1905.800048828125</ele>
        <time>2026-10-04T23:16:32.000Z</time>
        <extensions>
          <ns3:TrackPointExtension>
            <ns3:hr>142</ns3:hr>
            <ns3:cad>96</ns3:cad>
          </ns3:TrackPointExtension>
        </extensions>
      </trkpt>
      <trkpt lat="25.06629399955272674560546875" lon="102.6939026825129985809326171875">
        <ele>1905.800048828125</ele>
        <time>2026-10-04T23:16:33.000Z</time>
        <extensions>
          <ns3:TrackPointExtension>
            <ns3:hr>142</ns3:hr>
            <ns3:cad>96</ns3:cad>
          </ns3:TrackPointExtension>
        </extensions>
      </trkpt>
      <trkpt lat="25.066299699246883392333984375" lon="102.69387644715607166290283203125">
        <ele>1906</ele>
        <time>2026-10-04T23:16:34.000Z</time>
        <extensions>
          <ns3:TrackPointExtension>
            <ns3:hr>142</ns3:hr>
            <ns3:cad>96</ns3:cad>
          </ns3:TrackPointExtension>
        </extensions>
      </trkpt>
      <trkpt lat="25.06631202064454555511474609375" lon="102.69384778104722499847412109375">
        <ele>1906</ele>
        <time>2026-10-04T23:16:35.000Z</time>
        <extensions>
          <ns3:TrackPointExtension>
            <ns3:hr>143</ns3:hr>
            <ns3:cad>96</ns3:cad>
          </ns3:TrackPointExtension>
        </extensions>
      </trkpt>
      <trkpt lat="25.06632626987993717193603515625" lon="102.6938148401677608489990234375">
        <ele>1906</ele>
        <time>2026-10-04T23:16:36.000Z</time>
        <extensions>
          <ns3:TrackPointExtension>
            <ns3:hr>143</ns3:hr>
            <ns3:cad>97</ns3:cad>
          </ns3:TrackPointExtension>
        </extensions>
      </trkpt>
      <trkpt lat="25.06632752716541290283203125" lon="102.6937853358685970306396484375">
        <ele>1906</ele>
        <time>2026-10-04T23:16:37.000Z</time>
        <extensions>
          <ns3:TrackPointExtension>
            <ns3:hr>143</ns3:hr>
            <ns3:cad>97</ns3:cad>
          </ns3:TrackPointExtension>
        </extensions>
      </trkpt>
      <trkpt lat="25.06633582524955272674560546875" lon="102.6937508024275302886962890625">
        <ele>1906</ele>
        <time>2026-10-04T23:16:38.000Z</time>
        <extensions>
          <ns3:TrackPointExtension>
            <ns3:hr>143</ns3:hr>
            <ns3:cad>97</ns3:cad>
          </ns3:TrackPointExtension>
        </extensions>
      </trkpt>
      <trkpt lat="25.06633582524955272674560546875" lon="102.69371199421584606170654296875">
        <ele>1906.199951171875</ele>
        <time>2026-10-04T23:16:39.000Z</time>
        <extensions>
          <ns3:TrackPointExtension>
            <ns3:hr>142</ns3:hr>
            <ns3:cad>97</ns3:cad>
          </ns3:TrackPointExtension>
        </extensions>
      </trkpt>
      <trkpt lat="25.066346637904644012451171875" lon="102.69368768669664859771728515625">
        <ele>1906.199951171875</ele>
        <time>2026-10-04T23:16:40.000Z</time>
        <extensions>
          <ns3:TrackPointExtension>
            <ns3:hr>143</ns3:hr>
            <ns3:cad>97</ns3:cad>
          </ns3:TrackPointExtension>
        </extensions>
      </trkpt>
      <trkpt lat="25.06636063568294048309326171875" lon="102.69365482963621616363525390625">
        <ele>1906.199951171875</ele>
        <time>2026-10-04T23:16:41.000Z</time>
        <extensions>
          <ns3:TrackPointExtension>
            <ns3:hr>143</ns3:hr>
            <ns3:cad>97</ns3:cad>
          </ns3:TrackPointExtension>
        </extensions>
      </trkpt>
      <trkpt lat="25.06636868230998516082763671875" lon="102.69362926483154296875">
        <ele>1906.199951171875</ele>
        <time>2026-10-04T23:16:42.000Z</time>
        <extensions>
          <ns3:TrackPointExtension>
            <ns3:hr>142</ns3:hr>
            <ns3:cad>96</ns3:cad>
          </ns3:TrackPointExtension>
        </extensions>
      </trkpt>
      <trkpt lat="25.06638091988861560821533203125" lon="102.693592719733715057373046875">
        <ele>1906.4000244140625</ele>
        <time>2026-10-04T23:16:43.000Z</time>
        <extensions>
          <ns3:TrackPointExtension>
            <ns3:hr>143</ns3:hr>
            <ns3:cad>96</ns3:cad>
          </ns3:TrackPointExtension>
        </extensions>
      </trkpt>
      <trkpt lat="25.06638946942985057830810546875" lon="102.6935580186545848846435546875">
        <ele>1906.4000244140625</ele>
        <time>2026-10-04T23:16:44.000Z</time>
        <extensions>
          <ns3:TrackPointExtension>
            <ns3:hr>143</ns3:hr>
            <ns3:cad>96</ns3:cad>
          </ns3:TrackPointExtension>
        </extensions>
      </trkpt>
      <trkpt lat="25.06639583967626094818115234375" lon="102.6935286819934844970703125">
        <ele>1906.199951171875</ele>
        <time>2026-10-04T23:16:45.000Z</time>
        <extensions>
          <ns3:TrackPointExtension>
            <ns3:hr>142</ns3:hr>
            <ns3:cad>96</ns3:cad>
          </ns3:TrackPointExtension>
        </extensions>
      </trkpt>
      <trkpt lat="25.06640321575105190277099609375" lon="102.69349205307662487030029296875">
        <ele>1906.199951171875</ele>
        <time>2026-10-04T23:16:46.000Z</time>
        <extensions>
          <ns3:TrackPointExtension>
            <ns3:hr>143</ns3:hr>
            <ns3:cad>96</ns3:cad>
          </ns3:TrackPointExtension>
        </extensions>
      </trkpt>
      <trkpt lat="25.0664091669023036956787109375" lon="102.69346388988196849822998046875">
        <ele>1906.199951171875</ele>
        <time>2026-10-04T23:16:47.000Z</time>
        <extensions>
          <ns3:TrackPointExtension>
            <ns3:hr>143</ns3:hr>
            <ns3:cad>96</ns3:cad>
          </ns3:TrackPointExtension>
        </extensions>
      </trkpt>
      <trkpt lat="25.06641981191933155059814453125" lon="102.6934322901070117950439453125">
        <ele>1906.4000244140625</ele>
        <time>2026-10-04T23:16:48.000Z</time>
        <extensions>
          <ns3:TrackPointExtension>
            <ns3:hr>142</ns3:hr>
            <ns3:cad>96</ns3:cad>
          </ns3:TrackPointExtension>
        </extensions>
      </trkpt>
      <trkpt lat="25.06642987020313739776611328125" lon="102.69339884631335735321044921875">
        <ele>1906.4000244140625</ele>
        <time>2026-10-04T23:16:49.000Z</time>
        <extensions>
          <ns3:TrackPointExtension>
            <ns3:hr>143</ns3:hr>
            <ns3:cad>96</ns3:cad>
          </ns3:TrackPointExtension>
        </extensions>
      </trkpt>
      <trkpt lat="25.0664440356194972991943359375" lon="102.69337470643222332000732421875">
        <ele>1906.5999755859375</ele>
        <time>2026-10-04T23:16:50.000Z</time>
        <extensions>
          <ns3:TrackPointExtension>
            <ns3:hr>143</ns3:hr>
            <ns3:cad>95</ns3:cad>
          </ns3:TrackPointExtension>
        </extensions>
      </trkpt>
      <trkpt lat="25.0664561055600643157958984375" lon="102.69334067590534687042236328125">
        <ele>1906.5999755859375</ele>
        <time>2026-10-04T23:16:51.000Z</time>
        <extensions>
          <ns3:TrackPointExtension>
            <ns3:hr>142</ns3:hr>
            <ns3:cad>95</ns3:cad>
          </ns3:TrackPointExtension>
        </extensions>
      </trkpt>
      <trkpt lat="25.06646574474871158599853515625" lon="102.69331703893840312957763671875">
        <ele>1906.5999755859375</ele>
        <time>2026-10-04T23:16:52.000Z</time>
        <extensions>
          <ns3:TrackPointExtension>
            <ns3:hr>143</ns3:hr>
            <ns3:cad>95</ns3:cad>
          </ns3:TrackPointExtension>
        </extensions>
      </trkpt>
      <trkpt lat="25.066478066146373748779296875" lon="102.6932840980589389801025390625">
        <ele>1906.5999755859375</ele>
        <time>2026-10-04T23:16:53.000Z</time>
        <extensions>
          <ns3:TrackPointExtension>
            <ns3:hr>143</ns3:hr>
            <ns3:cad>95</ns3:cad>
          </ns3:TrackPointExtension>
        </extensions>
      </trkpt>
      <trkpt lat="25.06648854352533817291259765625" lon="102.69325283356010913848876953125">
        <ele>1906.800048828125</ele>
        <time>2026-10-04T23:16:54.000Z</time>
        <extensions>
          <ns3:TrackPointExtension>
            <ns3:hr>143</ns3:hr>
            <ns3:cad>95</ns3:cad>
          </ns3:TrackPointExtension>
        </extensions>
      </trkpt>
      <trkpt lat="25.06649843417108058929443359375" lon="102.69322819076478481292724609375">
        <ele>1906.800048828125</ele>
        <time>2026-10-04T23:16:55.000Z</time>
        <extensions>
          <ns3:TrackPointExtension>
            <ns3:hr>143</ns3:hr>
            <ns3:cad>95</ns3:cad>
          </ns3:TrackPointExtension>
        </extensions>
      </trkpt>
      <trkpt lat="25.066508911550045013427734375" lon="102.6931893825531005859375">
        <ele>1906.800048828125</ele>
        <time>2026-10-04T23:16:56.000Z</time>
        <extensions>
          <ns3:TrackPointExtension>
            <ns3:hr>143</ns3:hr>
            <ns3:cad>96</ns3:cad>
          </ns3:TrackPointExtension>
        </extensions>
      </trkpt>
      <trkpt lat="25.0665114261209964752197265625" lon="102.69315744750201702117919921875">
        <ele>1906.800048828125</ele>
        <time>2026-10-04T23:16:57.000Z</time>
        <extensions>
          <ns3:TrackPointExtension>
            <ns3:hr>143</ns3:hr>
            <ns3:cad>97</ns3:cad>
          </ns3:TrackPointExtension>
        </extensions>
      </trkpt>
      <trkpt lat="25.0665204785764217376708984375" lon="102.6931245066225528717041015625">
        <ele>1906.800048828125</ele>
        <time>2026-10-04T23:16:58.000Z</time>
        <extensions>
          <ns3:TrackPointExtension>
            <ns3:hr>143</ns3:hr>
            <ns3:cad>97</ns3:cad>
          </ns3:TrackPointExtension>
        </extensions>
      </trkpt>
      <trkpt lat="25.06652601063251495361328125" lon="102.6930913142859935760498046875">
        <ele>1906.800048828125</ele>
        <time>2026-10-04T23:16:59.000Z</time>
        <extensions>
          <ns3:TrackPointExtension>
            <ns3:hr>143</ns3:hr>
            <ns3:cad>96</ns3:cad>
          </ns3:TrackPointExtension>
        </extensions>
      </trkpt>
      <trkpt lat="25.066530704498291015625" lon="102.69306591711938381195068359375">
        <ele>1906.800048828125</ele>
        <time>2026-10-04T23:17:00.000Z</time>
        <extensions>
          <ns3:TrackPointExtension>
            <ns3:hr>142</ns3:hr>
            <ns3:cad>96</ns3:cad>
          </ns3:TrackPointExtension>
        </extensions>
      </trkpt>
      <trkpt lat="25.0665402598679065704345703125" lon="102.6930282823741436004638671875">
        <ele>1907</ele>
        <time>2026-10-04T23:17:01.000Z</time>
        <extensions>
          <ns3:TrackPointExtension>
            <ns3:hr>143</ns3:hr>
            <ns3:cad>97</ns3:cad>
          </ns3:TrackPointExtension>
        </extensions>
      </trkpt>
      <trkpt lat="25.0665481388568878173828125" lon="102.6930029690265655517578125">
        <ele>1907</ele>
        <time>2026-10-04T23:17:02.000Z</time>
        <extensions>
          <ns3:TrackPointExtension>
            <ns3:hr>143</ns3:hr>
            <ns3:cad>97</ns3:cad>
          </ns3:TrackPointExtension>
        </extensions>
      </trkpt>
      <trkpt lat="25.06655928678810596466064453125" lon="102.69297069869935512542724609375">
        <ele>1907</ele>
        <time>2026-10-04T23:17:03.000Z</time>
        <extensions>
          <ns3:TrackPointExtension>
            <ns3:hr>143</ns3:hr>
            <ns3:cad>97</ns3:cad>
          </ns3:TrackPointExtension>
        </extensions>
      </trkpt>
      <trkpt lat="25.06656833924353122711181640625" lon="102.69293616525828838348388671875">
        <ele>1907</ele>
        <time>2026-10-04T23:17:04.000Z</time>
        <extensions>
          <ns3:TrackPointExtension>
            <ns3:hr>144</ns3:hr>
            <ns3:cad>96</ns3:cad>
          </ns3:TrackPointExtension>
        </extensions>
      </trkpt>
      <trkpt lat="25.066576637327671051025390625" lon="102.692908756434917449951171875">
        <ele>1907</ele>
        <time>2026-10-04T23:17:05.000Z</time>
        <extensions>
          <ns3:TrackPointExtension>
            <ns3:hr>144</ns3:hr>
            <ns3:cad>96</ns3:cad>
          </ns3:TrackPointExtension>
        </extensions>
      </trkpt>
      <trkpt lat="25.066589377820491790771484375" lon="102.69287011586129665374755859375">
        <ele>1907.199951171875</ele>
        <time>2026-10-04T23:17:06.000Z</time>
        <extensions>
          <ns3:TrackPointExtension>
            <ns3:hr>144</ns3:hr>
            <ns3:cad>96</ns3:cad>
          </ns3:TrackPointExtension>
        </extensions>
      </trkpt>
      <trkpt lat="25.0665905512869358062744140625" lon="102.69283960573375225067138671875">
        <ele>1907.199951171875</ele>
        <time>2026-10-04T23:17:07.000Z</time>
        <extensions>
          <ns3:TrackPointExtension>
            <ns3:hr>144</ns3:hr>
            <ns3:cad>96</ns3:cad>
          </ns3:TrackPointExtension>
        </extensions>
      </trkpt>
      <trkpt lat="25.0666022859513759613037109375" lon="102.6928080059587955474853515625">
        <ele>1907.199951171875</ele>
        <time>2026-10-04T23:17:08.000Z</time>
        <extensions>
          <ns3:TrackPointExtension>
            <ns3:hr>144</ns3:hr>
            <ns3:cad>96</ns3:cad>
          </ns3:TrackPointExtension>
        </extensions>
      </trkpt>
      <trkpt lat="25.06661041639745235443115234375" lon="102.692775987088680267333984375">
        <ele>1907.4000244140625</ele>
        <time>2026-10-04T23:17:09.000Z</time>
        <extensions>
          <ns3:TrackPointExtension>
            <ns3:hr>144</ns3:hr>
            <ns3:cad>96</ns3:cad>
          </ns3:TrackPointExtension>
        </extensions>
      </trkpt>
      <trkpt lat="25.0666217319667339324951171875" lon="102.69274991936981678009033203125">
        <ele>1907.4000244140625</ele>
        <time>2026-10-04T23:17:10.000Z</time>
        <extensions>
          <ns3:TrackPointExtension>
            <ns3:hr>144</ns3:hr>
            <ns3:cad>96</ns3:cad>
          </ns3:TrackPointExtension>
        </extensions>
      </trkpt>
      <trkpt lat="25.0666321255266666412353515625" lon="102.692714296281337738037109375">
        <ele>1907.4000244140625</ele>
        <time>2026-10-04T23:17:11.000Z</time>
        <extensions>
          <ns3:TrackPointExtension>
            <ns3:hr>144</ns3:hr>
            <ns3:cad>96</ns3:cad>
          </ns3:TrackPointExtension>
        </extensions>
      </trkpt>
      <trkpt lat="25.066633634269237518310546875" lon="102.6926826126873493194580078125">
        <ele>1907.4000244140625</ele>
        <time>2026-10-04T23:17:12.000Z</time>
        <extensions>
          <ns3:TrackPointExtension>
            <ns3:hr>144</ns3:hr>
            <ns3:cad>96</ns3:cad>
          </ns3:TrackPointExtension>
        </extensions>
      </trkpt>
      <trkpt lat="25.06663824431598186492919921875" lon="102.69264497794210910797119140625">
        <ele>1907.4000244140625</ele>
        <time>2026-10-04T23:17:13.000Z</time>
        <extensions>
          <ns3:TrackPointExtension>
            <ns3:hr>145</ns3:hr>
            <ns3:cad>96</ns3:cad>
          </ns3:TrackPointExtension>
        </extensions>
      </trkpt>
      <trkpt lat="25.06664134562015533447265625" lon="102.69261111505329608917236328125">
        <ele>1907.5999755859375</ele>
        <time>2026-10-04T23:17:14.000Z</time>
        <extensions>
          <ns3:TrackPointExtension>
            <ns3:hr>145</ns3:hr>
            <ns3:cad>95</ns3:cad>
          </ns3:TrackPointExtension>
        </extensions>
      </trkpt>
      <trkpt lat="25.0666475482285022735595703125" lon="102.69258161075413227081298828125">
        <ele>1907.5999755859375</ele>
        <time>2026-10-04T23:17:15.000Z</time>
        <extensions>
          <ns3:TrackPointExtension>
            <ns3:hr>145</ns3:hr>
            <ns3:cad>95</ns3:cad>
          </ns3:TrackPointExtension>
        </extensions>
      </trkpt>
      <trkpt lat="25.06665651686489582061767578125" lon="102.69254556857049465179443359375">
        <ele>1907.5999755859375</ele>
        <time>2026-10-04T23:17:16.000Z</time>
        <extensions>
          <ns3:TrackPointExtension>
            <ns3:hr>145</ns3:hr>
            <ns3:cad>95</ns3:cad>
          </ns3:TrackPointExtension>
        </extensions>
      </trkpt>
      <trkpt lat="25.06665634922683238983154296875" lon="102.69251639954745769500732421875">
        <ele>1907.5999755859375</ele>
        <time>2026-10-04T23:17:17.000Z</time>
        <extensions>
          <ns3:TrackPointExtension>
            <ns3:hr>145</ns3:hr>
            <ns3:cad>95</ns3:cad>
          </ns3:TrackPointExtension>
        </extensions>
      </trkpt>
      <trkpt lat="25.0666653178632259368896484375" lon="102.69248060882091522216796875">
        <ele>1907.5999755859375</ele>
        <time>2026-10-04T23:17:18.000Z</time>
        <extensions>
          <ns3:TrackPointExtension>
            <ns3:hr>145</ns3:hr>
            <ns3:cad>96</ns3:cad>
          </ns3:TrackPointExtension>
        </extensions>
      </trkpt>
      <trkpt lat="25.06667227484285831451416015625" lon="102.6924495957791805267333984375">
        <ele>1907.5999755859375</ele>
        <time>2026-10-04T23:17:19.000Z</time>
        <extensions>
          <ns3:TrackPointExtension>
            <ns3:hr>145</ns3:hr>
            <ns3:cad>95</ns3:cad>
          </ns3:TrackPointExtension>
        </extensions>
      </trkpt>
      <trkpt lat="25.066683590412139892578125" lon="102.69242537207901477813720703125">
        <ele>1907.5999755859375</ele>
        <time>2026-10-04T23:17:20.000Z</time>
        <extensions>
          <ns3:TrackPointExtension>
            <ns3:hr>145</ns3:hr>
            <ns3:cad>95</ns3:cad>
          </ns3:TrackPointExtension>
        </extensions>
      </trkpt>
      <trkpt lat="25.066694654524326324462890625" lon="102.69239201210439205169677734375">
        <ele>1907.5999755859375</ele>
        <time>2026-10-04T23:17:21.000Z</time>
        <extensions>
          <ns3:TrackPointExtension>
            <ns3:hr>145</ns3:hr>
            <ns3:cad>95</ns3:cad>
          </ns3:TrackPointExtension>
        </extensions>
      </trkpt>
      <trkpt lat="25.066696666181087493896484375" lon="102.692360244691371917724609375">
        <ele>1907.5999755859375</ele>
        <time>2026-10-04T23:17:22.000Z</time>
        <extensions>
          <ns3:TrackPointExtension>
            <ns3:hr>146</ns3:hr>
            <ns3:cad>96</ns3:cad>
          </ns3:TrackPointExtension>
        </extensions>
      </trkpt>
      <trkpt lat="25.0667062215507030487060546875" lon="102.69232638180255889892578125">
        <ele>1907.800048828125</ele>
        <time>2026-10-04T23:17:23.000Z</time>
        <extensions>
          <ns3:TrackPointExtension>
            <ns3:hr>146</ns3:hr>
            <ns3:cad>97</ns3:cad>
          </ns3:TrackPointExtension>
        </extensions>
      </trkpt>
      <trkpt lat="25.06671108305454254150390625" lon="102.69229025579988956451416015625">
        <ele>1907.800048828125</ele>
        <time>2026-10-04T23:17:24.000Z</time>
        <extensions>
          <ns3:TrackPointExtension>
            <ns3:hr>146</ns3:hr>
            <ns3:cad>97</ns3:cad>
          </ns3:TrackPointExtension>
        </extensions>
      </trkpt>
      <trkpt lat="25.066712759435176849365234375" lon="102.69226360134780406951904296875">
        <ele>1907.800048828125</ele>
        <time>2026-10-04T23:17:25.000Z</time>
        <extensions>
          <ns3:TrackPointExtension>
            <ns3:hr>146</ns3:hr>
            <ns3:cad>97</ns3:cad>
          </ns3:TrackPointExtension>
        </extensions>
      </trkpt>
      <trkpt lat="25.06672608666121959686279296875" lon="102.69223158247768878936767578125">
        <ele>1907.800048828125</ele>
        <time>2026-10-04T23:17:26.000Z</time>
        <extensions>
          <ns3:TrackPointExtension>
            <ns3:hr>146</ns3:hr>
            <ns3:cad>97</ns3:cad>
          </ns3:TrackPointExtension>
        </extensions>
      </trkpt>
      <trkpt lat="25.06673497147858142852783203125" lon="102.69220174290239810943603515625">
        <ele>1908</ele>
        <time>2026-10-04T23:17:27.000Z</time>
        <extensions>
          <ns3:TrackPointExtension>
            <ns3:hr>146</ns3:hr>
            <ns3:cad>97</ns3:cad>
          </ns3:TrackPointExtension>
        </extensions>
      </trkpt>
      <trkpt lat="25.06674704141914844512939453125" lon="102.69217290915548801422119140625">
        <ele>1908</ele>
        <time>2026-10-04T23:17:28.000Z</time>
        <extensions>
          <ns3:TrackPointExtension>
            <ns3:hr>146</ns3:hr>
            <ns3:cad>96</ns3:cad>
          </ns3:TrackPointExtension>
        </extensions>
      </trkpt>
      <trkpt lat="25.06676028482615947723388671875" lon="102.6921381242573261260986328125">
        <ele>1908.199951171875</ele>
        <time>2026-10-04T23:17:29.000Z</time>
        <extensions>
          <ns3:TrackPointExtension>
            <ns3:hr>146</ns3:hr>
            <ns3:cad>96</ns3:cad>
          </ns3:TrackPointExtension>
        </extensions>
      </trkpt>
      <trkpt lat="25.066763721406459808349609375" lon="102.69210870377719402313232421875">
        <ele>1908.199951171875</ele>
        <time>2026-10-04T23:17:30.000Z</time>
        <extensions>
          <ns3:TrackPointExtension>
            <ns3:hr>146</ns3:hr>
            <ns3:cad>96</ns3:cad>
          </ns3:TrackPointExtension>
        </extensions>
      </trkpt>
      <trkpt lat="25.06677671335637569427490234375" lon="102.692076601088047027587890625">
        <ele>1908.199951171875</ele>
        <time>2026-10-04T23:17:31.000Z</time>
        <extensions>
          <ns3:TrackPointExtension>
            <ns3:hr>146</ns3:hr>
            <ns3:cad>97</ns3:cad>
          </ns3:TrackPointExtension>
        </extensions>
      </trkpt>
      <trkpt lat="25.06677956320345401763916015625" lon="102.69204743206501007080078125">
        <ele>1908.4000244140625</ele>
        <time>2026-10-04T23:17:32.000Z</time>
        <extensions>
          <ns3:TrackPointExtension>
            <ns3:hr>147</ns3:hr>
            <ns3:cad>97</ns3:cad>
          </ns3:TrackPointExtension>
        </extensions>
      </trkpt>
      <trkpt lat="25.066787190735340118408203125" lon="102.69201784394681453704833984375">
        <ele>1908.4000244140625</ele>
        <time>2026-10-04T23:17:33.000Z</time>
        <extensions>
          <ns3:TrackPointExtension>
            <ns3:hr>146</ns3:hr>
            <ns3:cad>97</ns3:cad>
          </ns3:TrackPointExtension>
        </extensions>
      </trkpt>
      <trkpt lat="25.066795237362384796142578125" lon="102.69198364578187465667724609375">
        <ele>1908.4000244140625</ele>
        <time>2026-10-04T23:17:34.000Z</time>
        <extensions>
          <ns3:TrackPointExtension>
            <ns3:hr>146</ns3:hr>
            <ns3:cad>96</ns3:cad>
          </ns3:TrackPointExtension>
        </extensions>
      </trkpt>
      <trkpt lat="25.06679565645754337310791015625" lon="102.69195355474948883056640625">
        <ele>1908.4000244140625</ele>
        <time>2026-10-04T23:17:35.000Z</time>
        <extensions>
          <ns3:TrackPointExtension>
            <ns3:hr>146</ns3:hr>
            <ns3:cad>96</ns3:cad>
          </ns3:TrackPointExtension>
        </extensions>
      </trkpt>
      <trkpt lat="25.06680286489427089691162109375" lon="102.6919175125658512115478515625">
        <ele>1908.4000244140625</ele>
        <time>2026-10-04T23:17:36.000Z</time>
        <extensions>
          <ns3:TrackPointExtension>
            <ns3:hr>146</ns3:hr>
            <ns3:cad>96</ns3:cad>
          </ns3:TrackPointExtension>
        </extensions>
      </trkpt>
      <trkpt lat="25.06681040860712528228759765625" lon="102.691883482038974761962890625">
        <ele>1908.4000244140625</ele>
        <time>2026-10-04T23:17:37.000Z</time>
        <extensions>
          <ns3:TrackPointExtension>
            <ns3:hr>145</ns3:hr>
            <ns3:cad>96</ns3:cad>
          </ns3:TrackPointExtension>
        </extensions>
      </trkpt>
      <trkpt lat="25.0668297708034515380859375" lon="102.69186126999557018280029296875">
        <ele>1908.4000244140625</ele>
        <time>2026-10-04T23:17:38.000Z</time>
        <extensions>
          <ns3:TrackPointExtension>
            <ns3:hr>145</ns3:hr>
            <ns3:cad>96</ns3:cad>
          </ns3:TrackPointExtension>
        </extensions>
      </trkpt>
      <trkpt lat="25.06684158928692340850830078125" lon="102.6918281614780426025390625">
        <ele>1908.4000244140625</ele>
        <time>2026-10-04T23:17:39.000Z</time>
        <extensions>
          <ns3:TrackPointExtension>
            <ns3:hr>145</ns3:hr>
            <ns3:cad>96</ns3:cad>
          </ns3:TrackPointExtension>
        </extensions>
      </trkpt>
      <trkpt lat="25.066840164363384246826171875" lon="102.69180024974048137664794921875">
        <ele>1908.4000244140625</ele>
        <time>2026-10-04T23:17:40.000Z</time>
        <extensions>
          <ns3:TrackPointExtension>
            <ns3:hr>145</ns3:hr>
            <ns3:cad>96</ns3:cad>
          </ns3:TrackPointExtension>
        </extensions>
      </trkpt>
      <trkpt lat="25.06684720516204833984375" lon="102.6917669735848903656005859375">
        <ele>1908.4000244140625</ele>
        <time>2026-10-04T23:17:41.000Z</time>
        <extensions>
          <ns3:TrackPointExtension>
            <ns3:hr>145</ns3:hr>
            <ns3:cad>96</ns3:cad>
          </ns3:TrackPointExtension>
        </extensions>
      </trkpt>
      <trkpt lat="25.06684997119009494781494140625" lon="102.6917361281812191009521484375">
        <ele>1908.4000244140625</ele>
        <time>2026-10-04T23:17:42.000Z</time>
        <extensions>
          <ns3:TrackPointExtension>
            <ns3:hr>145</ns3:hr>
            <ns3:cad>96</ns3:cad>
          </ns3:TrackPointExtension>
        </extensions>
      </trkpt>
      <trkpt lat="25.066860951483249664306640625" lon="102.69171056337654590606689453125">
        <ele>1908.4000244140625</ele>
        <time>2026-10-04T23:17:43.000Z</time>
        <extensions>
          <ns3:TrackPointExtension>
            <ns3:hr>144</ns3:hr>
            <ns3:cad>96</ns3:cad>
          </ns3:TrackPointExtension>
        </extensions>
      </trkpt>
      <trkpt lat="25.06687126122415065765380859375" lon="102.6916764490306377410888671875">
        <ele>1908.5999755859375</ele>
        <time>2026-10-04T23:17:44.000Z</time>
        <extensions>
          <ns3:TrackPointExtension>
            <ns3:hr>144</ns3:hr>
            <ns3:cad>96</ns3:cad>
          </ns3:TrackPointExtension>
        </extensions>
      </trkpt>
      <trkpt lat="25.066873691976070404052734375" lon="102.69164870493113994598388671875">
        <ele>1908.5999755859375</ele>
        <time>2026-10-04T23:17:45.000Z</time>
        <extensions>
          <ns3:TrackPointExtension>
            <ns3:hr>144</ns3:hr>
            <ns3:cad>96</ns3:cad>
          </ns3:TrackPointExtension>
        </extensions>
      </trkpt>
      <trkpt lat="25.06688115186989307403564453125" lon="102.69161215983331203460693359375">
        <ele>1908.5999755859375</ele>
        <time>2026-10-04T23:17:46.000Z</time>
        <extensions>
          <ns3:TrackPointExtension>
            <ns3:hr>144</ns3:hr>
            <ns3:cad>96</ns3:cad>
          </ns3:TrackPointExtension>
        </extensions>
      </trkpt>
      <trkpt lat="25.0668855942785739898681640625" lon="102.6915787160396575927734375">
        <ele>1908.5999755859375</ele>
        <time>2026-10-04T23:17:47.000Z</time>
        <extensions>
          <ns3:TrackPointExtension>
            <ns3:hr>144</ns3:hr>
            <ns3:cad>95</ns3:cad>
          </ns3:TrackPointExtension>
        </extensions>
      </trkpt>
      <trkpt lat="25.066897161304950714111328125" lon="102.69155013374984264373779296875">
        <ele>1908.5999755859375</ele>
        <time>2026-10-04T23:17:48.000Z</time>
        <extensions>
          <ns3:TrackPointExtension>
            <ns3:hr>144</ns3:hr>
            <ns3:cad>95</ns3:cad>
          </ns3:TrackPointExtension>
        </extensions>
      </trkpt>
      <trkpt lat="25.06691358983516693115234375" lon="102.69151459448039531707763671875">
        <ele>1908.5999755859375</ele>
        <time>2026-10-04T23:17:49.000Z</time>
        <extensions>
          <ns3:TrackPointExtension>
            <ns3:hr>144</ns3:hr>
            <ns3:cad>95</ns3:cad>
          </ns3:TrackPointExtension>
        </extensions>
      </trkpt>
      <trkpt lat="25.0669204629957675933837890625" lon="102.691487856209278106689453125">
        <ele>1908.5999755859375</ele>
        <time>2026-10-04T23:17:50.000Z</time>
        <extensions>
          <ns3:TrackPointExtension>
            <ns3:hr>144</ns3:hr>
            <ns3:cad>95</ns3:cad>
          </ns3:TrackPointExtension>
        </extensions>
      </trkpt>
      <trkpt lat="25.066933371126651763916015625" lon="102.69145390950143337249755859375">
        <ele>1908.5999755859375</ele>
        <time>2026-10-04T23:17:51.000Z</time>
        <extensions>
          <ns3:TrackPointExtension>
            <ns3:hr>143</ns3:hr>
            <ns3:cad>95</ns3:cad>
          </ns3:TrackPointExtension>
        </extensions>
      </trkpt>
      <trkpt lat="25.06694309413433074951171875" lon="102.6914219744503498077392578125">
        <ele>1908.800048828125</ele>
        <time>2026-10-04T23:17:52.000Z</time>
        <extensions>
          <ns3:TrackPointExtension>
            <ns3:hr>144</ns3:hr>
            <ns3:cad>95</ns3:cad>
          </ns3:TrackPointExtension>
        </extensions>
      </trkpt>
      <trkpt lat="25.06695290096104145050048828125" lon="102.6913948170840740203857421875">
        <ele>1908.800048828125</ele>
        <time>2026-10-04T23:17:53.000Z</time>
        <extensions>
          <ns3:TrackPointExtension>
            <ns3:hr>144</ns3:hr>
            <ns3:cad>95</ns3:cad>
          </ns3:TrackPointExtension>
        </extensions>
      </trkpt>
      <trkpt lat="25.06696715019643306732177734375" lon="102.69135936163365840911865234375">
        <ele>1909</ele>
        <time>2026-10-04T23:17:54.000Z</time>
        <extensions>
          <ns3:TrackPointExtension>
            <ns3:hr>144</ns3:hr>
            <ns3:cad>96</ns3:cad>
          </ns3:TrackPointExtension>
        </extensions>
      </trkpt>
      <trkpt lat="25.06697452627122402191162109375" lon="102.69133237190544605255126953125">
        <ele>1909</ele>
        <time>2026-10-04T23:17:55.000Z</time>
        <extensions>
          <ns3:TrackPointExtension>
            <ns3:hr>144</ns3:hr>
            <ns3:cad>96</ns3:cad>
          </ns3:TrackPointExtension>
        </extensions>
      </trkpt>
      <trkpt lat="25.06698743440210819244384765625" lon="102.69129599444568157196044921875">
        <ele>1909</ele>
        <time>2026-10-04T23:17:56.000Z</time>
        <extensions>
          <ns3:TrackPointExtension>
            <ns3:hr>144</ns3:hr>
            <ns3:cad>96</ns3:cad>
          </ns3:TrackPointExtension>
        </extensions>
      </trkpt>
      <trkpt lat="25.06699112243950366973876953125" lon="102.6912707649171352386474609375">
        <ele>1909</ele>
        <time>2026-10-04T23:17:57.000Z</time>
        <extensions>
          <ns3:TrackPointExtension>
            <ns3:hr>144</ns3:hr>
            <ns3:cad>96</ns3:cad>
          </ns3:TrackPointExtension>
        </extensions>
      </trkpt>
      <trkpt lat="25.06700344383716583251953125" lon="102.69124134443700313568115234375">
        <ele>1909</ele>
        <time>2026-10-04T23:17:58.000Z</time>
        <extensions>
          <ns3:TrackPointExtension>
            <ns3:hr>144</ns3:hr>
            <ns3:cad>96</ns3:cad>
          </ns3:TrackPointExtension>
        </extensions>
      </trkpt>
      <trkpt lat="25.0670096464455127716064453125" lon="102.6912134326994419097900390625">
        <ele>1909</ele>
        <time>2026-10-04T23:17:59.000Z</time>
        <extensions>
          <ns3:TrackPointExtension>
            <ns3:hr>144</ns3:hr>
            <ns3:cad>96</ns3:cad>
          </ns3:TrackPointExtension>
        </extensions>
      </trkpt>
      <trkpt lat="25.06700838916003704071044921875" lon="102.69118635915219783782958984375">
        <ele>1909</ele>
        <time>2026-10-04T23:18:00.000Z</time>
        <extensions>
          <ns3:TrackPointExtension>
            <ns3:hr>144</ns3:hr>
            <ns3:cad>96</ns3:cad>
          </ns3:TrackPointExtension>
        </extensions>
      </trkpt>
      <trkpt lat="25.06701693870127201080322265625" lon="102.69115501083433628082275390625">
        <ele>1909</ele>
        <time>2026-10-04T23:18:01.000Z</time>
        <extensions>
          <ns3:TrackPointExtension>
            <ns3:hr>144</ns3:hr>
            <ns3:cad>96</ns3:cad>
          </ns3:TrackPointExtension>
        </extensions>
      </trkpt>
      <trkpt lat="25.06702087819576263427734375" lon="102.691123746335506439208984375">
        <ele>1909</ele>
        <time>2026-10-04T23:18:02.000Z</time>
        <extensions>
          <ns3:TrackPointExtension>
            <ns3:hr>144</ns3:hr>
            <ns3:cad>94</ns3:cad>
          </ns3:TrackPointExtension>
        </extensions>
      </trkpt>
      <trkpt lat="25.0670309364795684814453125" lon="102.6910890452563762664794921875">
        <ele>1909</ele>
        <time>2026-10-04T23:18:03.000Z</time>
        <extensions>
          <ns3:TrackPointExtension>
            <ns3:hr>144</ns3:hr>
            <ns3:cad>93</ns3:cad>
          </ns3:TrackPointExtension>
        </extensions>
      </trkpt>
      <trkpt lat="25.06703856401145458221435546875" lon="102.6910548470914363861083984375">
        <ele>1909</ele>
        <time>2026-10-04T23:18:04.000Z</time>
        <extensions>
          <ns3:TrackPointExtension>
            <ns3:hr>144</ns3:hr>
            <ns3:cad>93</ns3:cad>
          </ns3:TrackPointExtension>
        </extensions>
      </trkpt>
      <trkpt lat="25.06704661063849925994873046875" lon="102.69102894701063632965087890625">
        <ele>1909.199951171875</ele>
        <time>2026-10-04T23:18:05.000Z</time>
        <extensions>
          <ns3:TrackPointExtension>
            <ns3:hr>144</ns3:hr>
            <ns3:cad>93</ns3:cad>
          </ns3:TrackPointExtension>
        </extensions>
      </trkpt>
      <trkpt lat="25.0670582614839076995849609375" lon="102.6909944973886013031005859375">
        <ele>1909.199951171875</ele>
        <time>2026-10-04T23:18:06.000Z</time>
        <extensions>
          <ns3:TrackPointExtension>
            <ns3:hr>144</ns3:hr>
            <ns3:cad>93</ns3:cad>
          </ns3:TrackPointExtension>
        </extensions>
      </trkpt>
      <trkpt lat="25.0670663081109523773193359375" lon="102.69096247851848602294921875">
        <ele>1909.4000244140625</ele>
        <time>2026-10-04T23:18:07.000Z</time>
        <extensions>
          <ns3:TrackPointExtension>
            <ns3:hr>144</ns3:hr>
            <ns3:cad>93</ns3:cad>
          </ns3:TrackPointExtension>
        </extensions>
      </trkpt>
      <trkpt lat="25.06707460619509220123291015625" lon="102.69092685543000698089599609375">
        <ele>1909.4000244140625</ele>
        <time>2026-10-04T23:18:08.000Z</time>
        <extensions>
          <ns3:TrackPointExtension>
            <ns3:hr>144</ns3:hr>
            <ns3:cad>93</ns3:cad>
          </ns3:TrackPointExtension>
        </extensions>
      </trkpt>
      <trkpt lat="25.06708399392664432525634765625" lon="102.69089433364570140838623046875">
        <ele>1909.4000244140625</ele>
        <time>2026-10-04T23:18:09.000Z</time>
        <extensions>
          <ns3:TrackPointExtension>
            <ns3:hr>145</ns3:hr>
            <ns3:cad>95</ns3:cad>
          </ns3:TrackPointExtension>
        </extensions>
      </trkpt>
      <trkpt lat="25.06709438748657703399658203125" lon="102.69086633808910846710205078125">
        <ele>1909.4000244140625</ele>
        <time>2026-10-04T23:18:10.000Z</time>
        <extensions>
          <ns3:TrackPointExtension>
            <ns3:hr>145</ns3:hr>
            <ns3:cad>95</ns3:cad>
          </ns3:TrackPointExtension>
        </extensions>
      </trkpt>
      <trkpt lat="25.067102350294589996337890625" lon="102.6908342353999614715576171875">
        <ele>1909.5999755859375</ele>
        <time>2026-10-04T23:18:11.000Z</time>
        <extensions>
          <ns3:TrackPointExtension>
            <ns3:hr>145</ns3:hr>
            <ns3:cad>95</ns3:cad>
          </ns3:TrackPointExtension>
        </extensions>
      </trkpt>
      <trkpt lat="25.06709975190460681915283203125" lon="102.6908035576343536376953125">
        <ele>1909.4000244140625</ele>
        <time>2026-10-04T23:18:12.000Z</time>
        <extensions>
          <ns3:TrackPointExtension>
            <ns3:hr>145</ns3:hr>
            <ns3:cad>96</ns3:cad>
          </ns3:TrackPointExtension>
        </extensions>
      </trkpt>
      <trkpt lat="25.0671052001416683197021484375" lon="102.69076676107943058013916015625">
        <ele>1909.4000244140625</ele>
        <time>2026-10-04T23:18:13.000Z</time>
        <extensions>
          <ns3:TrackPointExtension>
            <ns3:hr>145</ns3:hr>
            <ns3:cad>96</ns3:cad>
          </ns3:TrackPointExtension>
        </extensions>
      </trkpt>
      <trkpt lat="25.0671062059700489044189453125" lon="102.69073021598160266876220703125">
        <ele>1909.4000244140625</ele>
        <time>2026-10-04T23:18:14.000Z</time>
        <extensions>
          <ns3:TrackPointExtension>
            <ns3:hr>146</ns3:hr>
            <ns3:cad>96</ns3:cad>
          </ns3:TrackPointExtension>
        </extensions>
      </trkpt>
      <trkpt lat="25.06711768917739391326904296875" lon="102.69070859067142009735107421875">
        <ele>1909.4000244140625</ele>
        <time>2026-10-04T23:18:15.000Z</time>
        <extensions>
          <ns3:TrackPointExtension>
            <ns3:hr>145</ns3:hr>
            <ns3:cad>96</ns3:cad>
          </ns3:TrackPointExtension>
        </extensions>
      </trkpt>
      <trkpt lat="25.06712414324283599853515625" lon="102.69067120738327503204345703125">
        <ele>1909.4000244140625</ele>
        <time>2026-10-04T23:18:16.000Z</time>
        <extensions>
          <ns3:TrackPointExtension>
            <ns3:hr>145</ns3:hr>
            <ns3:cad>96</ns3:cad>
          </ns3:TrackPointExtension>
        </extensions>
      </trkpt>
      <trkpt lat="25.0671219639480113983154296875" lon="102.6906448043882846832275390625">
        <ele>1909.4000244140625</ele>
        <time>2026-10-04T23:18:17.000Z</time>
        <extensions>
          <ns3:TrackPointExtension>
            <ns3:hr>146</ns3:hr>
            <ns3:cad>96</ns3:cad>
          </ns3:TrackPointExtension>
        </extensions>
      </trkpt>
      <trkpt lat="25.0671259872615337371826171875" lon="102.690612114965915679931640625">
        <ele>1909.5999755859375</ele>
        <time>2026-10-04T23:18:18.000Z</time>
        <extensions>
          <ns3:TrackPointExtension>
            <ns3:hr>145</ns3:hr>
            <ns3:cad>96</ns3:cad>
          </ns3:TrackPointExtension>
        </extensions>
      </trkpt>
      <trkpt lat="25.06713059730827808380126953125" lon="102.6905747316777706146240234375">
        <ele>1909.5999755859375</ele>
        <time>2026-10-04T23:18:19.000Z</time>
        <extensions>
          <ns3:TrackPointExtension>
            <ns3:hr>145</ns3:hr>
            <ns3:cad>96</ns3:cad>
          </ns3:TrackPointExtension>
        </extensions>
      </trkpt>
      <trkpt lat="25.067134536802768707275390625" lon="102.6905485801398754119873046875">
        <ele>1909.5999755859375</ele>
        <time>2026-10-04T23:18:20.000Z</time>
        <extensions>
          <ns3:TrackPointExtension>
            <ns3:hr>146</ns3:hr>
            <ns3:cad>96</ns3:cad>
          </ns3:TrackPointExtension>
        </extensions>
      </trkpt>
      <trkpt lat="25.06713881157338619232177734375" lon="102.69050742499530315399169921875">
        <ele>1909.5999755859375</ele>
        <time>2026-10-04T23:18:21.000Z</time>
        <extensions>
          <ns3:TrackPointExtension>
            <ns3:hr>146</ns3:hr>
            <ns3:cad>96</ns3:cad>
          </ns3:TrackPointExtension>
        </extensions>
      </trkpt>
      <trkpt lat="25.0671360455453395843505859375" lon="102.69047674722969532012939453125">
        <ele>1909.5999755859375</ele>
        <time>2026-10-04T23:18:22.000Z</time>
        <extensions>
          <ns3:TrackPointExtension>
            <ns3:hr>146</ns3:hr>
            <ns3:cad>96</ns3:cad>
          </ns3:TrackPointExtension>
        </extensions>
      </trkpt>
      <trkpt lat="25.06714216433465480804443359375" lon="102.690443135797977447509765625">
        <ele>1909.5999755859375</ele>
        <time>2026-10-04T23:18:23.000Z</time>
        <extensions>
          <ns3:TrackPointExtension>
            <ns3:hr>146</ns3:hr>
            <ns3:cad>96</ns3:cad>
          </ns3:TrackPointExtension>
        </extensions>
      </trkpt>
      <trkpt lat="25.06714585237205028533935546875" lon="102.690411619842052459716796875">
        <ele>1909.5999755859375</ele>
        <time>2026-10-04T23:18:24.000Z</time>
        <extensions>
          <ns3:TrackPointExtension>
            <ns3:hr>146</ns3:hr>
            <ns3:cad>97</ns3:cad>
          </ns3:TrackPointExtension>
        </extensions>
      </trkpt>
      <trkpt lat="25.0671491213142871856689453125" lon="102.69038446247577667236328125">
        <ele>1909.5999755859375</ele>
        <time>2026-10-04T23:18:25.000Z</time>
        <extensions>
          <ns3:TrackPointExtension>
            <ns3:hr>147</ns3:hr>
            <ns3:cad>97</ns3:cad>
          </ns3:TrackPointExtension>
        </extensions>
      </trkpt>
      <trkpt lat="25.06714702583849430084228515625" lon="102.69034883938729763031005859375">
        <ele>1909.5999755859375</ele>
        <time>2026-10-04T23:18:26.000Z</time>
        <extensions>
          <ns3:TrackPointExtension>
            <ns3:hr>147</ns3:hr>
            <ns3:cad>97</ns3:cad>
          </ns3:TrackPointExtension>
        </extensions>
      </trkpt>
      <trkpt lat="25.06714685820043087005615234375" lon="102.69032101146876811981201171875">
        <ele>1909.800048828125</ele>
        <time>2026-10-04T23:18:27.000Z</time>
        <extensions>
          <ns3:TrackPointExtension>
            <ns3:hr>147</ns3:hr>
            <ns3:cad>96</ns3:cad>
          </ns3:TrackPointExtension>
        </extensions>
      </trkpt>
      <trkpt lat="25.06714350543916225433349609375" lon="102.6902880705893039703369140625">
        <ele>1909.800048828125</ele>
        <time>2026-10-04T23:18:28.000Z</time>
        <extensions>
          <ns3:TrackPointExtension>
            <ns3:hr>147</ns3:hr>
            <ns3:cad>96</ns3:cad>
          </ns3:TrackPointExtension>
        </extensions>
      </trkpt>
      <trkpt lat="25.06713881157338619232177734375" lon="102.69025244750082492828369140625">
        <ele>1910</ele>
        <time>2026-10-04T23:18:29.000Z</time>
        <extensions>
          <ns3:TrackPointExtension>
            <ns3:hr>147</ns3:hr>
            <ns3:cad>96</ns3:cad>
          </ns3:TrackPointExtension>
        </extensions>
      </trkpt>
      <trkpt lat="25.0671343691647052764892578125" lon="102.6902213506400585174560546875">
        <ele>1910</ele>
        <time>2026-10-04T23:18:30.000Z</time>
        <extensions>
          <ns3:TrackPointExtension>
            <ns3:hr>147</ns3:hr>
            <ns3:cad>96</ns3:cad>
          </ns3:TrackPointExtension>
        </extensions>
      </trkpt>
      <trkpt lat="25.067123472690582275390625" lon="102.690186314284801483154296875">
        <ele>1910.199951171875</ele>
        <time>2026-10-04T23:18:31.000Z</time>
        <extensions>
          <ns3:TrackPointExtension>
            <ns3:hr>147</ns3:hr>
            <ns3:cad>96</ns3:cad>
          </ns3:TrackPointExtension>
        </extensions>
      </trkpt>
      <trkpt lat="25.06711618043482303619384765625" lon="102.69015781581401824951171875">
        <ele>1910.199951171875</ele>
        <time>2026-10-04T23:18:32.000Z</time>
        <extensions>
          <ns3:TrackPointExtension>
            <ns3:hr>147</ns3:hr>
            <ns3:cad>96</ns3:cad>
          </ns3:TrackPointExtension>
        </extensions>
      </trkpt>
      <trkpt lat="25.0671135820448398590087890625" lon="102.69012202508747577667236328125">
        <ele>1910.199951171875</ele>
        <time>2026-10-04T23:18:33.000Z</time>
        <extensions>
          <ns3:TrackPointExtension>
            <ns3:hr>147</ns3:hr>
            <ns3:cad>96</ns3:cad>
          </ns3:TrackPointExtension>
        </extensions>
      </trkpt>
      <trkpt lat="25.06710712797939777374267578125" lon="102.69008598290383815765380859375">
        <ele>1910.199951171875</ele>
        <time>2026-10-04T23:18:34.000Z</time>
        <extensions>
          <ns3:TrackPointExtension>
            <ns3:hr>147</ns3:hr>
            <ns3:cad>96</ns3:cad>
          </ns3:TrackPointExtension>
        </extensions>
      </trkpt>
      <trkpt lat="25.06709941662847995758056640625" lon="102.69005614332854747772216796875">
        <ele>1910.199951171875</ele>
        <time>2026-10-04T23:18:35.000Z</time>
        <extensions>
          <ns3:TrackPointExtension>
            <ns3:hr>147</ns3:hr>
            <ns3:cad>96</ns3:cad>
          </ns3:TrackPointExtension>
        </extensions>
      </trkpt>
      <trkpt lat="25.06709237582981586456298828125" lon="102.69002077169716358184814453125">
        <ele>1910.4000244140625</ele>
        <time>2026-10-04T23:18:36.000Z</time>
        <extensions>
          <ns3:TrackPointExtension>
            <ns3:hr>147</ns3:hr>
            <ns3:cad>96</ns3:cad>
          </ns3:TrackPointExtension>
        </extensions>
      </trkpt>
      <trkpt lat="25.0670820660889148712158203125" lon="102.68998959101736545562744140625">
        <ele>1910.4000244140625</ele>
        <time>2026-10-04T23:18:37.000Z</time>
        <extensions>
          <ns3:TrackPointExtension>
            <ns3:hr>147</ns3:hr>
            <ns3:cad>96</ns3:cad>
          </ns3:TrackPointExtension>
        </extensions>
      </trkpt>
      <trkpt lat="25.06708164699375629425048828125" lon="102.68995639868080615997314453125">
        <ele>1910.5999755859375</ele>
        <time>2026-10-04T23:18:38.000Z</time>
        <extensions>
          <ns3:TrackPointExtension>
            <ns3:hr>147</ns3:hr>
            <ns3:cad>96</ns3:cad>
          </ns3:TrackPointExtension>
        </extensions>
      </trkpt>
      <trkpt lat="25.067081563174724578857421875" lon="102.6899264752864837646484375">
        <ele>1910.5999755859375</ele>
        <time>2026-10-04T23:18:39.000Z</time>
        <extensions>
          <ns3:TrackPointExtension>
            <ns3:hr>147</ns3:hr>
            <ns3:cad>96</ns3:cad>
          </ns3:TrackPointExtension>
        </extensions>
      </trkpt>
      <trkpt lat="25.067081563174724578857421875" lon="102.689897976815700531005859375">
        <ele>1910.5999755859375</ele>
        <time>2026-10-04T23:18:40.000Z</time>
        <extensions>
          <ns3:TrackPointExtension>
            <ns3:hr>148</ns3:hr>
            <ns3:cad>96</ns3:cad>
          </ns3:TrackPointExtension>
        </extensions>
      </trkpt>
      <trkpt lat="25.0670867599546909332275390625" lon="102.689865790307521820068359375">
        <ele>1910.5999755859375</ele>
        <time>2026-10-04T23:18:41.000Z</time>
        <extensions>
          <ns3:TrackPointExtension>
            <ns3:hr>148</ns3:hr>
            <ns3:cad>96</ns3:cad>
          </ns3:TrackPointExtension>
        </extensions>
      </trkpt>
      <trkpt lat="25.06708801724016666412353515625" lon="102.6898331008851528167724609375">
        <ele>1910.5999755859375</ele>
        <time>2026-10-04T23:18:42.000Z</time>
        <extensions>
          <ns3:TrackPointExtension>
            <ns3:hr>148</ns3:hr>
            <ns3:cad>96</ns3:cad>
          </ns3:TrackPointExtension>
        </extensions>
      </trkpt>
      <trkpt lat="25.067090280354022979736328125" lon="102.6897948794066905975341796875">
        <ele>1910.5999755859375</ele>
        <time>2026-10-04T23:18:43.000Z</time>
        <extensions>
          <ns3:TrackPointExtension>
            <ns3:hr>148</ns3:hr>
            <ns3:cad>96</ns3:cad>
          </ns3:TrackPointExtension>
        </extensions>
      </trkpt>
      <trkpt lat="25.0670921243727207183837890625" lon="102.689761184155941009521484375">
        <ele>1910.5999755859375</ele>
        <time>2026-10-04T23:18:44.000Z</time>
        <extensions>
          <ns3:TrackPointExtension>
            <ns3:hr>148</ns3:hr>
            <ns3:cad>96</ns3:cad>
          </ns3:TrackPointExtension>
        </extensions>
      </trkpt>
      <trkpt lat="25.06709673441946506500244140625" lon="102.6897311769425868988037109375">
        <ele>1910.800048828125</ele>
        <time>2026-10-04T23:18:45.000Z</time>
        <extensions>
          <ns3:TrackPointExtension>
            <ns3:hr>149</ns3:hr>
            <ns3:cad>96</ns3:cad>
          </ns3:TrackPointExtension>
        </extensions>
      </trkpt>
      <trkpt lat="25.067096650600433349609375" lon="102.68969169817864894866943359375">
        <ele>1910.800048828125</ele>
        <time>2026-10-04T23:18:46.000Z</time>
        <extensions>
          <ns3:TrackPointExtension>
            <ns3:hr>148</ns3:hr>
            <ns3:cad>96</ns3:cad>
          </ns3:TrackPointExtension>
        </extensions>
      </trkpt>
      <trkpt lat="25.06709732115268707275390625" lon="102.68966051749885082244873046875">
        <ele>1910.800048828125</ele>
        <time>2026-10-04T23:18:47.000Z</time>
        <extensions>
          <ns3:TrackPointExtension>
            <ns3:hr>149</ns3:hr>
            <ns3:cad>96</ns3:cad>
          </ns3:TrackPointExtension>
        </extensions>
      </trkpt>
      <trkpt lat="25.06710008718073368072509765625" lon="102.6896205358207225799560546875">
        <ele>1910.800048828125</ele>
        <time>2026-10-04T23:18:48.000Z</time>
        <extensions>
          <ns3:TrackPointExtension>
            <ns3:hr>149</ns3:hr>
            <ns3:cad>96</ns3:cad>
          </ns3:TrackPointExtension>
        </extensions>
      </trkpt>
      <trkpt lat="25.06709941662847995758056640625" lon="102.6895860023796558380126953125">
        <ele>1911</ele>
        <time>2026-10-04T23:18:49.000Z</time>
        <extensions>
          <ns3:TrackPointExtension>
            <ns3:hr>148</ns3:hr>
            <ns3:cad>96</ns3:cad>
          </ns3:TrackPointExtension>
        </extensions>
      </trkpt>
      <trkpt lat="25.06710327230393886566162109375" lon="102.68955205567181110382080078125">
        <ele>1911</ele>
        <time>2026-10-04T23:18:50.000Z</time>
        <extensions>
          <ns3:TrackPointExtension>
            <ns3:hr>148</ns3:hr>
            <ns3:cad>96</ns3:cad>
          </ns3:TrackPointExtension>
        </extensions>
      </trkpt>
      <trkpt lat="25.067108385264873504638671875" lon="102.6895176060497760772705078125">
        <ele>1911</ele>
        <time>2026-10-04T23:18:51.000Z</time>
        <extensions>
          <ns3:TrackPointExtension>
            <ns3:hr>148</ns3:hr>
            <ns3:cad>96</ns3:cad>
          </ns3:TrackPointExtension>
        </extensions>
      </trkpt>
      <trkpt lat="25.06711282767355442047119140625" lon="102.68948483280837535858154296875">
        <ele>1911.199951171875</ele>
        <time>2026-10-04T23:18:52.000Z</time>
        <extensions>
          <ns3:TrackPointExtension>
            <ns3:hr>148</ns3:hr>
            <ns3:cad>96</ns3:cad>
          </ns3:TrackPointExtension>
        </extensions>
      </trkpt>
      <trkpt lat="25.06711500696837902069091796875" lon="102.6894515566527843475341796875">
        <ele>1911.199951171875</ele>
        <time>2026-10-04T23:18:53.000Z</time>
        <extensions>
          <ns3:TrackPointExtension>
            <ns3:hr>148</ns3:hr>
            <ns3:cad>96</ns3:cad>
          </ns3:TrackPointExtension>
        </extensions>
      </trkpt>
      <trkpt lat="25.06711953319609165191650390625" lon="102.6894223876297473907470703125">
        <ele>1911.199951171875</ele>
        <time>2026-10-04T23:18:54.000Z</time>
        <extensions>
          <ns3:TrackPointExtension>
            <ns3:hr>148</ns3:hr>
            <ns3:cad>96</ns3:cad>
          </ns3:TrackPointExtension>
        </extensions>
      </trkpt>
      <trkpt lat="25.06712472997605800628662109375" lon="102.689397074282169342041015625">
        <ele>1911.199951171875</ele>
        <time>2026-10-04T23:18:55.000Z</time>
        <extensions>
          <ns3:TrackPointExtension>
            <ns3:hr>147</ns3:hr>
            <ns3:cad>96</ns3:cad>
          </ns3:TrackPointExtension>
        </extensions>
      </trkpt>
      <trkpt lat="25.06712707690894603729248046875" lon="102.689361870288848876953125">
        <ele>1911.199951171875</ele>
        <time>2026-10-04T23:18:56.000Z</time>
        <extensions>
          <ns3:TrackPointExtension>
            <ns3:hr>147</ns3:hr>
            <ns3:cad>96</ns3:cad>
          </ns3:TrackPointExtension>
        </extensions>
      </trkpt>
      <trkpt lat="25.06712615489959716796875" lon="102.68933546729385852813720703125">
        <ele>1911.4000244140625</ele>
        <time>2026-10-04T23:18:57.000Z</time>
        <extensions>
          <ns3:TrackPointExtension>
            <ns3:hr>147</ns3:hr>
            <ns3:cad>96</ns3:cad>
          </ns3:TrackPointExtension>
        </extensions>
      </trkpt>
      <trkpt lat="25.067131519317626953125" lon="102.689303867518901824951171875">
        <ele>1911.4000244140625</ele>
        <time>2026-10-04T23:18:58.000Z</time>
        <extensions>
          <ns3:TrackPointExtension>
            <ns3:hr>147</ns3:hr>
            <ns3:cad>96</ns3:cad>
          </ns3:TrackPointExtension>
        </extensions>
      </trkpt>
      <trkpt lat="25.06713227368891239166259765625" lon="102.6892748661339282989501953125">
        <ele>1911.4000244140625</ele>
        <time>2026-10-04T23:18:59.000Z</time>
        <extensions>
          <ns3:TrackPointExtension>
            <ns3:hr>147</ns3:hr>
            <ns3:cad>96</ns3:cad>
          </ns3:TrackPointExtension>
        </extensions>
      </trkpt>
      <trkpt lat="25.0671390630304813385009765625" lon="102.68924494273960590362548828125">
        <ele>1911.5999755859375</ele>
        <time>2026-10-04T23:19:00.000Z</time>
        <extensions>
          <ns3:TrackPointExtension>
            <ns3:hr>147</ns3:hr>
            <ns3:cad>96</ns3:cad>
          </ns3:TrackPointExtension>
        </extensions>
      </trkpt>
      <trkpt lat="25.0671409070491790771484375" lon="102.6892125047743320465087890625">
        <ele>1911.5999755859375</ele>
        <time>2026-10-04T23:19:01.000Z</time>
        <extensions>
          <ns3:TrackPointExtension>
            <ns3:hr>148</ns3:hr>
            <ns3:cad>96</ns3:cad>
          </ns3:TrackPointExtension>
        </extensions>
      </trkpt>
      <trkpt lat="25.067143253982067108154296875" lon="102.68918358720839023590087890625">
        <ele>1911.5999755859375</ele>
        <time>2026-10-04T23:19:02.000Z</time>
        <extensions>
          <ns3:TrackPointExtension>
            <ns3:hr>147</ns3:hr>
            <ns3:cad>96</ns3:cad>
          </ns3:TrackPointExtension>
        </extensions>
      </trkpt>
      <trkpt lat="25.06715155206620693206787109375" lon="102.68915676511824131011962890625">
        <ele>1911.5999755859375</ele>
        <time>2026-10-04T23:19:03.000Z</time>
        <extensions>
          <ns3:TrackPointExtension>
            <ns3:hr>147</ns3:hr>
            <ns3:cad>96</ns3:cad>
          </ns3:TrackPointExtension>
        </extensions>
      </trkpt>
      <trkpt lat="25.06715708412230014801025390625" lon="102.6891244947910308837890625">
        <ele>1911.5999755859375</ele>
        <time>2026-10-04T23:19:04.000Z</time>
        <extensions>
          <ns3:TrackPointExtension>
            <ns3:hr>147</ns3:hr>
            <ns3:cad>96</ns3:cad>
          </ns3:TrackPointExtension>
        </extensions>
      </trkpt>
      <trkpt lat="25.06715767085552215576171875" lon="102.6890968345105648040771484375">
        <ele>1911.5999755859375</ele>
        <time>2026-10-04T23:19:05.000Z</time>
        <extensions>
          <ns3:TrackPointExtension>
            <ns3:hr>147</ns3:hr>
            <ns3:cad>97</ns3:cad>
          </ns3:TrackPointExtension>
        </extensions>
      </trkpt>
      <trkpt lat="25.067158676683902740478515625" lon="102.6890602894127368927001953125">
        <ele>1911.5999755859375</ele>
        <time>2026-10-04T23:19:06.000Z</time>
        <extensions>
          <ns3:TrackPointExtension>
            <ns3:hr>147</ns3:hr>
            <ns3:cad>97</ns3:cad>
          </ns3:TrackPointExtension>
        </extensions>
      </trkpt>
      <trkpt lat="25.06715389899909496307373046875" lon="102.6890348084270954132080078125">
        <ele>1911.800048828125</ele>
        <time>2026-10-04T23:19:07.000Z</time>
        <extensions>
          <ns3:TrackPointExtension>
            <ns3:hr>147</ns3:hr>
            <ns3:cad>97</ns3:cad>
          </ns3:TrackPointExtension>
        </extensions>
      </trkpt>
      <trkpt lat="25.06715389899909496307373046875" lon="102.68899977207183837890625">
        <ele>1911.800048828125</ele>
        <time>2026-10-04T23:19:08.000Z</time>
        <extensions>
          <ns3:TrackPointExtension>
            <ns3:hr>147</ns3:hr>
            <ns3:cad>97</ns3:cad>
          </ns3:TrackPointExtension>
        </extensions>
      </trkpt>
      <trkpt lat="25.06715373136103153228759765625" lon="102.6889647357165813446044921875">
        <ele>1912</ele>
        <time>2026-10-04T23:19:09.000Z</time>
        <extensions>
          <ns3:TrackPointExtension>
            <ns3:hr>147</ns3:hr>
            <ns3:cad>97</ns3:cad>
          </ns3:TrackPointExtension>
        </extensions>
      </trkpt>
      <trkpt lat="25.067150294780731201171875" lon="102.6889372430741786956787109375">
        <ele>1912</ele>
        <time>2026-10-04T23:19:10.000Z</time>
        <extensions>
          <ns3:TrackPointExtension>
            <ns3:hr>147</ns3:hr>
            <ns3:cad>97</ns3:cad>
          </ns3:TrackPointExtension>
        </extensions>
      </trkpt>
      <trkpt lat="25.06715490482747554779052734375" lon="102.68889851868152618408203125">
        <ele>1912</ele>
        <time>2026-10-04T23:19:11.000Z</time>
        <extensions>
          <ns3:TrackPointExtension>
            <ns3:hr>146</ns3:hr>
            <ns3:cad>97</ns3:cad>
          </ns3:TrackPointExtension>
        </extensions>
      </trkpt>
      <trkpt lat="25.06715557537972927093505859375" lon="102.68886038102209568023681640625">
        <ele>1912</ele>
        <time>2026-10-04T23:19:12.000Z</time>
        <extensions>
          <ns3:TrackPointExtension>
            <ns3:hr>146</ns3:hr>
            <ns3:cad>97</ns3:cad>
          </ns3:TrackPointExtension>
        </extensions>
      </trkpt>
      <trkpt lat="25.06715574301779270172119140625" lon="102.6888302899897098541259765625">
        <ele>1911.800048828125</ele>
        <time>2026-10-04T23:19:13.000Z</time>
        <extensions>
          <ns3:TrackPointExtension>
            <ns3:hr>146</ns3:hr>
            <ns3:cad>97</ns3:cad>
          </ns3:TrackPointExtension>
        </extensions>
      </trkpt>
      <trkpt lat="25.0671551562845706939697265625" lon="102.68879617564380168914794921875">
        <ele>1912</ele>
        <time>2026-10-04T23:19:14.000Z</time>
        <extensions>
          <ns3:TrackPointExtension>
            <ns3:hr>146</ns3:hr>
            <ns3:cad>95</ns3:cad>
          </ns3:TrackPointExtension>
        </extensions>
      </trkpt>
      <trkpt lat="25.06715096533298492431640625" lon="102.6887672580778598785400390625">
        <ele>1912</ele>
        <time>2026-10-04T23:19:15.000Z</time>
        <extensions>
          <ns3:TrackPointExtension>
            <ns3:hr>146</ns3:hr>
            <ns3:cad>97</ns3:cad>
          </ns3:TrackPointExtension>
        </extensions>
      </trkpt>
      <trkpt lat="25.067148618400096893310546875" lon="102.68873146735131740570068359375">
        <ele>1912</ele>
        <time>2026-10-04T23:19:16.000Z</time>
        <extensions>
          <ns3:TrackPointExtension>
            <ns3:hr>145</ns3:hr>
            <ns3:cad>97</ns3:cad>
          </ns3:TrackPointExtension>
        </extensions>
      </trkpt>
      <trkpt lat="25.0671467743813991546630859375" lon="102.68869559280574321746826171875">
        <ele>1912.199951171875</ele>
        <time>2026-10-04T23:19:17.000Z</time>
        <extensions>
          <ns3:TrackPointExtension>
            <ns3:hr>146</ns3:hr>
            <ns3:cad>97</ns3:cad>
          </ns3:TrackPointExtension>
        </extensions>
      </trkpt>
      <trkpt lat="25.067147947847843170166015625" lon="102.6886643283069133758544921875">
        <ele>1912.199951171875</ele>
        <time>2026-10-04T23:19:18.000Z</time>
        <extensions>
          <ns3:TrackPointExtension>
            <ns3:hr>146</ns3:hr>
            <ns3:cad>97</ns3:cad>
          </ns3:TrackPointExtension>
        </extensions>
      </trkpt>
      <trkpt lat="25.0671491213142871856689453125" lon="102.68863289617002010345458984375">
        <ele>1912.4000244140625</ele>
        <time>2026-10-04T23:19:19.000Z</time>
        <extensions>
          <ns3:TrackPointExtension>
            <ns3:hr>145</ns3:hr>
            <ns3:cad>96</ns3:cad>
          </ns3:TrackPointExtension>
        </extensions>
      </trkpt>
      <trkpt lat="25.067147947847843170166015625" lon="102.68860138021409511566162109375">
        <ele>1912.4000244140625</ele>
        <time>2026-10-04T23:19:20.000Z</time>
        <extensions>
          <ns3:TrackPointExtension>
            <ns3:hr>146</ns3:hr>
            <ns3:cad>96</ns3:cad>
          </ns3:TrackPointExtension>
        </extensions>
      </trkpt>
      <trkpt lat="25.067149959504604339599609375" lon="102.688564918935298919677734375">
        <ele>1912.4000244140625</ele>
        <time>2026-10-04T23:19:21.000Z</time>
        <extensions>
          <ns3:TrackPointExtension>
            <ns3:hr>146</ns3:hr>
            <ns3:cad>96</ns3:cad>
          </ns3:TrackPointExtension>
        </extensions>
      </trkpt>
      <trkpt lat="25.06714870221912860870361328125" lon="102.68853013403713703155517578125">
        <ele>1912.4000244140625</ele>
        <time>2026-10-04T23:19:22.000Z</time>
        <extensions>
          <ns3:TrackPointExtension>
            <ns3:hr>146</ns3:hr>
            <ns3:cad>96</ns3:cad>
          </ns3:TrackPointExtension>
        </extensions>
      </trkpt>
      <trkpt lat="25.067144595086574554443359375" lon="102.6885000430047512054443359375">
        <ele>1912.5999755859375</ele>
        <time>2026-10-04T23:19:23.000Z</time>
        <extensions>
          <ns3:TrackPointExtension>
            <ns3:hr>146</ns3:hr>
            <ns3:cad>96</ns3:cad>
          </ns3:TrackPointExtension>
        </extensions>
      </trkpt>
      <trkpt lat="25.06714467890560626983642578125" lon="102.68846333026885986328125">
        <ele>1912.800048828125</ele>
        <time>2026-10-04T23:19:24.000Z</time>
        <extensions>
          <ns3:TrackPointExtension>
            <ns3:hr>146</ns3:hr>
            <ns3:cad>96</ns3:cad>
          </ns3:TrackPointExtension>
        </extensions>
      </trkpt>
      <trkpt lat="25.0671447627246379852294921875" lon="102.68843608908355236053466796875">
        <ele>1912.800048828125</ele>
        <time>2026-10-04T23:19:25.000Z</time>
        <extensions>
          <ns3:TrackPointExtension>
            <ns3:hr>145</ns3:hr>
            <ns3:cad>96</ns3:cad>
          </ns3:TrackPointExtension>
        </extensions>
      </trkpt>
      <trkpt lat="25.06714434362947940826416015625" lon="102.68840256147086620330810546875">
        <ele>1912.800048828125</ele>
        <time>2026-10-04T23:19:26.000Z</time>
        <extensions>
          <ns3:TrackPointExtension>
            <ns3:hr>146</ns3:hr>
            <ns3:cad>96</ns3:cad>
          </ns3:TrackPointExtension>
        </extensions>
      </trkpt>
      <trkpt lat="25.067143253982067108154296875" lon="102.6883639208972454071044921875">
        <ele>1912.800048828125</ele>
        <time>2026-10-04T23:19:27.000Z</time>
        <extensions>
          <ns3:TrackPointExtension>
            <ns3:hr>146</ns3:hr>
            <ns3:cad>96</ns3:cad>
          </ns3:TrackPointExtension>
        </extensions>
      </trkpt>
      <trkpt lat="25.06714317016303539276123046875" lon="102.68833634443581104278564453125">
        <ele>1912.800048828125</ele>
        <time>2026-10-04T23:19:28.000Z</time>
        <extensions>
          <ns3:TrackPointExtension>
            <ns3:hr>145</ns3:hr>
            <ns3:cad>96</ns3:cad>
          </ns3:TrackPointExtension>
        </extensions>
      </trkpt>
      <trkpt lat="25.06714836694300174713134765625" lon="102.6883032359182834625244140625">
        <ele>1912.800048828125</ele>
        <time>2026-10-04T23:19:29.000Z</time>
        <extensions>
          <ns3:TrackPointExtension>
            <ns3:hr>146</ns3:hr>
            <ns3:cad>96</ns3:cad>
          </ns3:TrackPointExtension>
        </extensions>
      </trkpt>
      <trkpt lat="25.06715138442814350128173828125" lon="102.6882747374475002288818359375">
        <ele>1912.800048828125</ele>
        <time>2026-10-04T23:19:30.000Z</time>
        <extensions>
          <ns3:TrackPointExtension>
            <ns3:hr>146</ns3:hr>
            <ns3:cad>96</ns3:cad>
          </ns3:TrackPointExtension>
        </extensions>
      </trkpt>
      <trkpt lat="25.06715389899909496307373046875" lon="102.6882432214915752410888671875">
        <ele>1912.800048828125</ele>
        <time>2026-10-04T23:19:31.000Z</time>
        <extensions>
          <ns3:TrackPointExtension>
            <ns3:hr>145</ns3:hr>
            <ns3:cad>96</ns3:cad>
          </ns3:TrackPointExtension>
        </extensions>
      </trkpt>
      <trkpt lat="25.0671551562845706939697265625" lon="102.68820927478373050689697265625">
        <ele>1912.800048828125</ele>
        <time>2026-10-04T23:19:32.000Z</time>
        <extensions>
          <ns3:TrackPointExtension>
            <ns3:hr>146</ns3:hr>
            <ns3:cad>96</ns3:cad>
          </ns3:TrackPointExtension>
        </extensions>
      </trkpt>
      <trkpt lat="25.06715557537972927093505859375" lon="102.688180021941661834716796875">
        <ele>1912.800048828125</ele>
        <time>2026-10-04T23:19:33.000Z</time>
        <extensions>
          <ns3:TrackPointExtension>
            <ns3:hr>146</ns3:hr>
            <ns3:cad>96</ns3:cad>
          </ns3:TrackPointExtension>
        </extensions>
      </trkpt>
      <trkpt lat="25.06715959869325160980224609375" lon="102.688143141567707061767578125">
        <ele>1913</ele>
        <time>2026-10-04T23:19:34.000Z</time>
        <extensions>
          <ns3:TrackPointExtension>
            <ns3:hr>145</ns3:hr>
            <ns3:cad>96</ns3:cad>
          </ns3:TrackPointExtension>
        </extensions>
      </trkpt>
      <trkpt lat="25.06716010160744190216064453125" lon="102.6881064288318157196044921875">
        <ele>1913</ele>
        <time>2026-10-04T23:19:35.000Z</time>
        <extensions>
          <ns3:TrackPointExtension>
            <ns3:hr>146</ns3:hr>
            <ns3:cad>96</ns3:cad>
          </ns3:TrackPointExtension>
        </extensions>
      </trkpt>
      <trkpt lat="25.06716211326420307159423828125" lon="102.6880722306668758392333984375">
        <ele>1913</ele>
        <time>2026-10-04T23:19:36.000Z</time>
        <extensions>
          <ns3:TrackPointExtension>
            <ns3:hr>146</ns3:hr>
            <ns3:cad>96</ns3:cad>
          </ns3:TrackPointExtension>
        </extensions>
      </trkpt>
      <trkpt lat="25.0671635381877422332763671875" lon="102.68803258426487445831298828125">
        <ele>1913.199951171875</ele>
        <time>2026-10-04T23:19:37.000Z</time>
        <extensions>
          <ns3:TrackPointExtension>
            <ns3:hr>145</ns3:hr>
            <ns3:cad>97</ns3:cad>
          </ns3:TrackPointExtension>
        </extensions>
      </trkpt>
      <trkpt lat="25.0671596825122833251953125" lon="102.687999643385410308837890625">
        <ele>1913.199951171875</ele>
        <time>2026-10-04T23:19:38.000Z</time>
        <extensions>
          <ns3:TrackPointExtension>
            <ns3:hr>145</ns3:hr>
            <ns3:cad>97</ns3:cad>
          </ns3:TrackPointExtension>
        </extensions>
      </trkpt>
      <trkpt lat="25.06716228090226650238037109375" lon="102.68796469084918498992919921875">
        <ele>1913.199951171875</ele>
        <time>2026-10-04T23:19:39.000Z</time>
        <extensions>
          <ns3:TrackPointExtension>
            <ns3:hr>146</ns3:hr>
            <ns3:cad>96</ns3:cad>
          </ns3:TrackPointExtension>
        </extensions>
      </trkpt>
      <trkpt lat="25.0671598501503467559814453125" lon="102.6879309117794036865234375">
        <ele>1913.4000244140625</ele>
        <time>2026-10-04T23:19:40.000Z</time>
        <extensions>
          <ns3:TrackPointExtension>
            <ns3:hr>146</ns3:hr>
            <ns3:cad>97</ns3:cad>
          </ns3:TrackPointExtension>
        </extensions>
      </trkpt>
      <trkpt lat="25.0671615265309810638427734375" lon="102.68789730034768581390380859375">
        <ele>1913.5999755859375</ele>
        <time>2026-10-04T23:19:41.000Z</time>
        <extensions>
          <ns3:TrackPointExtension>
            <ns3:hr>146</ns3:hr>
            <ns3:cad>97</ns3:cad>
          </ns3:TrackPointExtension>
        </extensions>
      </trkpt>
      <trkpt lat="25.06716211326420307159423828125" lon="102.68785539083182811737060546875">
        <ele>1913.5999755859375</ele>
        <time>2026-10-04T23:19:42.000Z</time>
        <extensions>
          <ns3:TrackPointExtension>
            <ns3:hr>145</ns3:hr>
            <ns3:cad>97</ns3:cad>
          </ns3:TrackPointExtension>
        </extensions>
      </trkpt>
      <trkpt lat="25.0671558268368244171142578125" lon="102.6878258027136325836181640625">
        <ele>1913.800048828125</ele>
        <time>2026-10-04T23:19:43.000Z</time>
        <extensions>
          <ns3:TrackPointExtension>
            <ns3:hr>146</ns3:hr>
            <ns3:cad>97</ns3:cad>
          </ns3:TrackPointExtension>
        </extensions>
      </trkpt>
      <trkpt lat="25.0671571679413318634033203125" lon="102.68779017962515354156494140625">
        <ele>1913.800048828125</ele>
        <time>2026-10-04T23:19:44.000Z</time>
        <extensions>
          <ns3:TrackPointExtension>
            <ns3:hr>146</ns3:hr>
            <ns3:cad>96</ns3:cad>
          </ns3:TrackPointExtension>
        </extensions>
      </trkpt>
      <trkpt lat="25.06715456955134868621826171875" lon="102.687754221260547637939453125">
        <ele>1913.5999755859375</ele>
        <time>2026-10-04T23:19:45.000Z</time>
        <extensions>
          <ns3:TrackPointExtension>
            <ns3:hr>145</ns3:hr>
            <ns3:cad>96</ns3:cad>
          </ns3:TrackPointExtension>
        </extensions>
      </trkpt>
      <trkpt lat="25.06715440191328525543212890625" lon="102.68772329203784465789794921875">
        <ele>1913.5999755859375</ele>
        <time>2026-10-04T23:19:46.000Z</time>
        <extensions>
          <ns3:TrackPointExtension>
            <ns3:hr>146</ns3:hr>
            <ns3:cad>96</ns3:cad>
          </ns3:TrackPointExtension>
        </extensions>
      </trkpt>
      <trkpt lat="25.06715658120810985565185546875" lon="102.6876836456358432769775390625">
        <ele>1913.5999755859375</ele>
        <time>2026-10-04T23:19:47.000Z</time>
        <extensions>
          <ns3:TrackPointExtension>
            <ns3:hr>146</ns3:hr>
            <ns3:cad>96</ns3:cad>
          </ns3:TrackPointExtension>
        </extensions>
      </trkpt>
      <trkpt lat="25.06715104915201663970947265625" lon="102.68765129148960113525390625">
        <ele>1913.4000244140625</ele>
        <time>2026-10-04T23:19:48.000Z</time>
        <extensions>
          <ns3:TrackPointExtension>
            <ns3:hr>146</ns3:hr>
            <ns3:cad>96</ns3:cad>
          </ns3:TrackPointExtension>
        </extensions>
      </trkpt>
      <trkpt lat="25.0671558268368244171142578125" lon="102.68762036226689815521240234375">
        <ele>1913.4000244140625</ele>
        <time>2026-10-04T23:19:49.000Z</time>
        <extensions>
          <ns3:TrackPointExtension>
            <ns3:hr>145</ns3:hr>
            <ns3:cad>96</ns3:cad>
          </ns3:TrackPointExtension>
        </extensions>
      </trkpt>
      <trkpt lat="25.06716060452163219451904296875" lon="102.6875914447009563446044921875">
        <ele>1913.5999755859375</ele>
        <time>2026-10-04T23:19:50.000Z</time>
        <extensions>
          <ns3:TrackPointExtension>
            <ns3:hr>146</ns3:hr>
            <ns3:cad>97</ns3:cad>
          </ns3:TrackPointExtension>
        </extensions>
      </trkpt>
      <trkpt lat="25.0671678967773914337158203125" lon="102.687562443315982818603515625">
        <ele>1913.5999755859375</ele>
        <time>2026-10-04T23:19:51.000Z</time>
        <extensions>
          <ns3:TrackPointExtension>
            <ns3:hr>146</ns3:hr>
            <ns3:cad>97</ns3:cad>
          </ns3:TrackPointExtension>
        </extensions>
      </trkpt>
      <trkpt lat="25.067171417176723480224609375" lon="102.6875257305800914764404296875">
        <ele>1913.5999755859375</ele>
        <time>2026-10-04T23:19:52.000Z</time>
        <extensions>
          <ns3:TrackPointExtension>
            <ns3:hr>145</ns3:hr>
            <ns3:cad>96</ns3:cad>
          </ns3:TrackPointExtension>
        </extensions>
      </trkpt>
      <trkpt lat="25.06717736832797527313232421875" lon="102.687496729195117950439453125">
        <ele>1913.5999755859375</ele>
        <time>2026-10-04T23:19:53.000Z</time>
        <extensions>
          <ns3:TrackPointExtension>
            <ns3:hr>146</ns3:hr>
            <ns3:cad>96</ns3:cad>
          </ns3:TrackPointExtension>
        </extensions>
      </trkpt>
      <trkpt lat="25.0671742670238018035888671875" lon="102.68746613524854183197021484375">
        <ele>1913.5999755859375</ele>
        <time>2026-10-04T23:19:54.000Z</time>
        <extensions>
          <ns3:TrackPointExtension>
            <ns3:hr>146</ns3:hr>
            <ns3:cad>96</ns3:cad>
          </ns3:TrackPointExtension>
        </extensions>
      </trkpt>
      <trkpt lat="25.06716999225318431854248046875" lon="102.687429003417491912841796875">
        <ele>1913.5999755859375</ele>
        <time>2026-10-04T23:19:55.000Z</time>
        <extensions>
          <ns3:TrackPointExtension>
            <ns3:hr>146</ns3:hr>
            <ns3:cad>97</ns3:cad>
          </ns3:TrackPointExtension>
        </extensions>
      </trkpt>
      <trkpt lat="25.0671682320535182952880859375" lon="102.6874010078608989715576171875">
        <ele>1913.5999755859375</ele>
        <time>2026-10-04T23:19:56.000Z</time>
        <extensions>
          <ns3:TrackPointExtension>
            <ns3:hr>146</ns3:hr>
            <ns3:cad>97</ns3:cad>
          </ns3:TrackPointExtension>
        </extensions>
      </trkpt>
      <trkpt lat="25.06716814823448657989501953125" lon="102.68736320547759532928466796875">
        <ele>1913.5999755859375</ele>
        <time>2026-10-04T23:19:57.000Z</time>
        <extensions>
          <ns3:TrackPointExtension>
            <ns3:hr>146</ns3:hr>
            <ns3:cad>97</ns3:cad>
          </ns3:TrackPointExtension>
        </extensions>
      </trkpt>
      <trkpt lat="25.0671665556728839874267578125" lon="102.68732649274170398712158203125">
        <ele>1913.5999755859375</ele>
        <time>2026-10-04T23:19:58.000Z</time>
        <extensions>
          <ns3:TrackPointExtension>
            <ns3:hr>145</ns3:hr>
            <ns3:cad>96</ns3:cad>
          </ns3:TrackPointExtension>
        </extensions>
      </trkpt>
      <trkpt lat="25.06716437637805938720703125" lon="102.6872933842241764068603515625">
        <ele>1913.5999755859375</ele>
        <time>2026-10-04T23:19:59.000Z</time>
        <extensions>
          <ns3:TrackPointExtension>
            <ns3:hr>146</ns3:hr>
            <ns3:cad>96</ns3:cad>
          </ns3:TrackPointExtension>
        </extensions>
      </trkpt>
      <trkpt lat="25.06715725176036357879638671875" lon="102.687257342040538787841796875">
        <ele>1913.5999755859375</ele>
        <time>2026-10-04T23:20:00.000Z</time>
        <extensions>
          <ns3:TrackPointExtension>
            <ns3:hr>146</ns3:hr>
            <ns3:cad>96</ns3:cad>
          </ns3:TrackPointExtension>
        </extensions>
      </trkpt>
      <trkpt lat="25.0671528093516826629638671875" lon="102.6872286759316921234130859375">
        <ele>1913.5999755859375</ele>
        <time>2026-10-04T23:20:01.000Z</time>
        <extensions>
          <ns3:TrackPointExtension>
            <ns3:hr>146</ns3:hr>
            <ns3:cad>96</ns3:cad>
          </ns3:TrackPointExtension>
        </extensions>
      </trkpt>
      <trkpt lat="25.06715171970427036285400390625" lon="102.687194310128688812255859375">
        <ele>1913.5999755859375</ele>
        <time>2026-10-04T23:20:02.000Z</time>
        <extensions>
          <ns3:TrackPointExtension>
            <ns3:hr>145</ns3:hr>
            <ns3:cad>96</ns3:cad>
          </ns3:TrackPointExtension>
        </extensions>
      </trkpt>
      <trkpt lat="25.067149288952350616455078125" lon="102.6871597766876220703125">
        <ele>1913.800048828125</ele>
        <time>2026-10-04T23:20:03.000Z</time>
        <extensions>
          <ns3:TrackPointExtension>
            <ns3:hr>145</ns3:hr>
            <ns3:cad>96</ns3:cad>
          </ns3:TrackPointExtension>
        </extensions>
      </trkpt>
      <trkpt lat="25.06714719347655773162841796875" lon="102.6871284283697605133056640625">
        <ele>1913.800048828125</ele>
        <time>2026-10-04T23:20:04.000Z</time>
        <extensions>
          <ns3:TrackPointExtension>
            <ns3:hr>145</ns3:hr>
            <ns3:cad>96</ns3:cad>
          </ns3:TrackPointExtension>
        </extensions>
      </trkpt>
      <trkpt lat="25.06714694201946258544921875" lon="102.68709414638578891754150390625">
        <ele>1913.800048828125</ele>
        <time>2026-10-04T23:20:05.000Z</time>
        <extensions>
          <ns3:TrackPointExtension>
            <ns3:hr>145</ns3:hr>
            <ns3:cad>96</ns3:cad>
          </ns3:TrackPointExtension>
        </extensions>
      </trkpt>
      <trkpt lat="25.06714761257171630859375" lon="102.6870586909353733062744140625">
        <ele>1914</ele>
        <time>2026-10-04T23:20:06.000Z</time>
        <extensions>
          <ns3:TrackPointExtension>
            <ns3:hr>146</ns3:hr>
            <ns3:cad>96</ns3:cad>
          </ns3:TrackPointExtension>
        </extensions>
      </trkpt>
      <trkpt lat="25.06715088151395320892333984375" lon="102.6870214752852916717529296875">
        <ele>1914</ele>
        <time>2026-10-04T23:20:07.000Z</time>
        <extensions>
          <ns3:TrackPointExtension>
            <ns3:hr>145</ns3:hr>
            <ns3:cad>96</ns3:cad>
          </ns3:TrackPointExtension>
        </extensions>
      </trkpt>
      <trkpt lat="25.0671487860381603240966796875" lon="102.68699205480515956878662109375">
        <ele>1914</ele>
        <time>2026-10-04T23:20:08.000Z</time>
        <extensions>
          <ns3:TrackPointExtension>
            <ns3:hr>145</ns3:hr>
            <ns3:cad>96</ns3:cad>
          </ns3:TrackPointExtension>
        </extensions>
      </trkpt>
      <trkpt lat="25.06714786402881145477294921875" lon="102.68695299513638019561767578125">
        <ele>1914</ele>
        <time>2026-10-04T23:20:09.000Z</time>
        <extensions>
          <ns3:TrackPointExtension>
            <ns3:hr>145</ns3:hr>
            <ns3:cad>96</ns3:cad>
          </ns3:TrackPointExtension>
        </extensions>
      </trkpt>
      <trkpt lat="25.0671501271426677703857421875" lon="102.68691427074372768402099609375">
        <ele>1914</ele>
        <time>2026-10-04T23:20:10.000Z</time>
        <extensions>
          <ns3:TrackPointExtension>
            <ns3:hr>146</ns3:hr>
            <ns3:cad>96</ns3:cad>
          </ns3:TrackPointExtension>
        </extensions>
      </trkpt>
      <trkpt lat="25.0671518035233020782470703125" lon="102.68688015639781951904296875">
        <ele>1914</ele>
        <time>2026-10-04T23:20:11.000Z</time>
        <extensions>
          <ns3:TrackPointExtension>
            <ns3:hr>145</ns3:hr>
            <ns3:cad>96</ns3:cad>
          </ns3:TrackPointExtension>
        </extensions>
      </trkpt>
      <trkpt lat="25.06715825758874416351318359375" lon="102.68684168346226215362548828125">
        <ele>1914</ele>
        <time>2026-10-04T23:20:12.000Z</time>
        <extensions>
          <ns3:TrackPointExtension>
            <ns3:hr>145</ns3:hr>
            <ns3:cad>96</ns3:cad>
          </ns3:TrackPointExtension>
        </extensions>
      </trkpt>
      <trkpt lat="25.067153982818126678466796875" lon="102.6868142746388912200927734375">
        <ele>1914</ele>
        <time>2026-10-04T23:20:13.000Z</time>
        <extensions>
          <ns3:TrackPointExtension>
            <ns3:hr>146</ns3:hr>
            <ns3:cad>96</ns3:cad>
          </ns3:TrackPointExtension>
        </extensions>
      </trkpt>
      <trkpt lat="25.06715909577906131744384765625" lon="102.68678066320717334747314453125">
        <ele>1914.199951171875</ele>
        <time>2026-10-04T23:20:14.000Z</time>
        <extensions>
          <ns3:TrackPointExtension>
            <ns3:hr>145</ns3:hr>
            <ns3:cad>96</ns3:cad>
          </ns3:TrackPointExtension>
        </extensions>
      </trkpt>
      <trkpt lat="25.06715959869325160980224609375" lon="102.68675149418413639068603515625">
        <ele>1914.199951171875</ele>
        <time>2026-10-04T23:20:15.000Z</time>
        <extensions>
          <ns3:TrackPointExtension>
            <ns3:hr>146</ns3:hr>
            <ns3:cad>96</ns3:cad>
          </ns3:TrackPointExtension>
        </extensions>
      </trkpt>
      <trkpt lat="25.06716303527355194091796875" lon="102.6867260970175266265869140625">
        <ele>1914.4000244140625</ele>
        <time>2026-10-04T23:20:16.000Z</time>
        <extensions>
          <ns3:TrackPointExtension>
            <ns3:hr>146</ns3:hr>
            <ns3:cad>96</ns3:cad>
          </ns3:TrackPointExtension>
        </extensions>
      </trkpt>
      <trkpt lat="25.0671677291393280029296875" lon="102.686690390110015869140625">
        <ele>1914.4000244140625</ele>
        <time>2026-10-04T23:20:17.000Z</time>
        <extensions>
          <ns3:TrackPointExtension>
            <ns3:hr>146</ns3:hr>
            <ns3:cad>95</ns3:cad>
          </ns3:TrackPointExtension>
        </extensions>
      </trkpt>
      <trkpt lat="25.06716881878674030303955078125" lon="102.68665845505893230438232421875">
        <ele>1914.4000244140625</ele>
        <time>2026-10-04T23:20:18.000Z</time>
        <extensions>
          <ns3:TrackPointExtension>
            <ns3:hr>146</ns3:hr>
            <ns3:cad>95</ns3:cad>
          </ns3:TrackPointExtension>
        </extensions>
      </trkpt>
      <trkpt lat="25.06717250682413578033447265625" lon="102.68662543036043643951416015625">
        <ele>1914.4000244140625</ele>
        <time>2026-10-04T23:20:19.000Z</time>
        <extensions>
          <ns3:TrackPointExtension>
            <ns3:hr>145</ns3:hr>
            <ns3:cad>95</ns3:cad>
          </ns3:TrackPointExtension>
        </extensions>
      </trkpt>
      <trkpt lat="25.06716982461512088775634765625" lon="102.6865889690816402435302734375">
        <ele>1914.4000244140625</ele>
        <time>2026-10-04T23:20:20.000Z</time>
        <extensions>
          <ns3:TrackPointExtension>
            <ns3:hr>146</ns3:hr>
            <ns3:cad>96</ns3:cad>
          </ns3:TrackPointExtension>
        </extensions>
      </trkpt>
      <trkpt lat="25.06717510521411895751953125" lon="102.68655485473573207855224609375">
        <ele>1914.4000244140625</ele>
        <time>2026-10-04T23:20:21.000Z</time>
        <extensions>
          <ns3:TrackPointExtension>
            <ns3:hr>146</ns3:hr>
            <ns3:cad>97</ns3:cad>
          </ns3:TrackPointExtension>
        </extensions>
      </trkpt>
      <trkpt lat="25.06717937998473644256591796875" lon="102.6865212433040142059326171875">
        <ele>1914.4000244140625</ele>
        <time>2026-10-04T23:20:22.000Z</time>
        <extensions>
          <ns3:TrackPointExtension>
            <ns3:hr>145</ns3:hr>
            <ns3:cad>97</ns3:cad>
          </ns3:TrackPointExtension>
        </extensions>
      </trkpt>
      <trkpt lat="25.06718457676470279693603515625" lon="102.68648662604391574859619140625">
        <ele>1914.4000244140625</ele>
        <time>2026-10-04T23:20:23.000Z</time>
        <extensions>
          <ns3:TrackPointExtension>
            <ns3:hr>145</ns3:hr>
            <ns3:cad>97</ns3:cad>
          </ns3:TrackPointExtension>
        </extensions>
      </trkpt>
      <trkpt lat="25.0671880133450031280517578125" lon="102.6864545233547687530517578125">
        <ele>1914.5999755859375</ele>
        <time>2026-10-04T23:20:24.000Z</time>
        <extensions>
          <ns3:TrackPointExtension>
            <ns3:hr>145</ns3:hr>
            <ns3:cad>97</ns3:cad>
          </ns3:TrackPointExtension>
        </extensions>
      </trkpt>
      <trkpt lat="25.067193210124969482421875" lon="102.68642015755176544189453125">
        <ele>1914.5999755859375</ele>
        <time>2026-10-04T23:20:25.000Z</time>
        <extensions>
          <ns3:TrackPointExtension>
            <ns3:hr>145</ns3:hr>
            <ns3:cad>96</ns3:cad>
          </ns3:TrackPointExtension>
        </extensions>
      </trkpt>
      <trkpt lat="25.0671923719346523284912109375" lon="102.6863968558609485626220703125">
        <ele>1914.5999755859375</ele>
        <time>2026-10-04T23:20:26.000Z</time>
        <extensions>
          <ns3:TrackPointExtension>
            <ns3:hr>146</ns3:hr>
            <ns3:cad>96</ns3:cad>
          </ns3:TrackPointExtension>
        </extensions>
      </trkpt>
      <trkpt lat="25.067193545401096343994140625" lon="102.6863660104572772979736328125">
        <ele>1914.800048828125</ele>
        <time>2026-10-04T23:20:27.000Z</time>
        <extensions>
          <ns3:TrackPointExtension>
            <ns3:hr>146</ns3:hr>
            <ns3:cad>95</ns3:cad>
          </ns3:TrackPointExtension>
        </extensions>
      </trkpt>
      <trkpt lat="25.0671947188675403594970703125" lon="102.6863365061581134796142578125">
        <ele>1914.800048828125</ele>
        <time>2026-10-04T23:20:28.000Z</time>
        <extensions>
          <ns3:TrackPointExtension>
            <ns3:hr>146</ns3:hr>
            <ns3:cad>95</ns3:cad>
          </ns3:TrackPointExtension>
        </extensions>
      </trkpt>
      <trkpt lat="25.06719731725752353668212890625" lon="102.68630624748766422271728515625">
        <ele>1915</ele>
        <time>2026-10-04T23:20:29.000Z</time>
        <extensions>
          <ns3:TrackPointExtension>
            <ns3:hr>145</ns3:hr>
            <ns3:cad>95</ns3:cad>
          </ns3:TrackPointExtension>
        </extensions>
      </trkpt>
      <trkpt lat="25.06719413213431835174560546875" lon="102.6862771622836589813232421875">
        <ele>1915</ele>
        <time>2026-10-04T23:20:30.000Z</time>
        <extensions>
          <ns3:TrackPointExtension>
            <ns3:hr>146</ns3:hr>
            <ns3:cad>95</ns3:cad>
          </ns3:TrackPointExtension>
        </extensions>
      </trkpt>
      <trkpt lat="25.06719413213431835174560546875" lon="102.68625193275511264801025390625">
        <ele>1915</ele>
        <time>2026-10-04T23:20:31.000Z</time>
        <extensions>
          <ns3:TrackPointExtension>
            <ns3:hr>146</ns3:hr>
            <ns3:cad>96</ns3:cad>
          </ns3:TrackPointExtension>
        </extensions>
      </trkpt>
      <trkpt lat="25.0671990774571895599365234375" lon="102.686212621629238128662109375">
        <ele>1915.199951171875</ele>
        <time>2026-10-04T23:20:32.000Z</time>
        <extensions>
          <ns3:TrackPointExtension>
            <ns3:hr>145</ns3:hr>
            <ns3:cad>96</ns3:cad>
          </ns3:TrackPointExtension>
        </extensions>
      </trkpt>
      <trkpt lat="25.067198574542999267578125" lon="102.68618001602590084075927734375">
        <ele>1915.199951171875</ele>
        <time>2026-10-04T23:20:33.000Z</time>
        <extensions>
          <ns3:TrackPointExtension>
            <ns3:hr>146</ns3:hr>
            <ns3:cad>96</ns3:cad>
          </ns3:TrackPointExtension>
        </extensions>
      </trkpt>
      <trkpt lat="25.067203603684902191162109375" lon="102.68615168519318103790283203125">
        <ele>1915.199951171875</ele>
        <time>2026-10-04T23:20:34.000Z</time>
        <extensions>
          <ns3:TrackPointExtension>
            <ns3:hr>146</ns3:hr>
            <ns3:cad>95</ns3:cad>
          </ns3:TrackPointExtension>
        </extensions>
      </trkpt>
      <trkpt lat="25.06720351986587047576904296875" lon="102.68611866049468517303466796875">
        <ele>1915.4000244140625</ele>
        <time>2026-10-04T23:20:35.000Z</time>
        <extensions>
          <ns3:TrackPointExtension>
            <ns3:hr>146</ns3:hr>
            <ns3:cad>95</ns3:cad>
          </ns3:TrackPointExtension>
        </extensions>
      </trkpt>
      <trkpt lat="25.06720569916069507598876953125" lon="102.6860873959958553314208984375">
        <ele>1915.4000244140625</ele>
        <time>2026-10-04T23:20:36.000Z</time>
        <extensions>
          <ns3:TrackPointExtension>
            <ns3:hr>146</ns3:hr>
            <ns3:cad>97</ns3:cad>
          </ns3:TrackPointExtension>
        </extensions>
      </trkpt>
      <trkpt lat="25.06721290759742259979248046875" lon="102.68605043180286884307861328125">
        <ele>1915.4000244140625</ele>
        <time>2026-10-04T23:20:37.000Z</time>
        <extensions>
          <ns3:TrackPointExtension>
            <ns3:hr>146</ns3:hr>
            <ns3:cad>97</ns3:cad>
          </ns3:TrackPointExtension>
        </extensions>
      </trkpt>
      <trkpt lat="25.0672134943306446075439453125" lon="102.6860186643898487091064453125">
        <ele>1915.5999755859375</ele>
        <time>2026-10-04T23:20:38.000Z</time>
        <extensions>
          <ns3:TrackPointExtension>
            <ns3:hr>147</ns3:hr>
            <ns3:cad>96</ns3:cad>
          </ns3:TrackPointExtension>
        </extensions>
      </trkpt>
      <trkpt lat="25.06721408106386661529541015625" lon="102.68599024973809719085693359375">
        <ele>1915.5999755859375</ele>
        <time>2026-10-04T23:20:39.000Z</time>
        <extensions>
          <ns3:TrackPointExtension>
            <ns3:hr>147</ns3:hr>
            <ns3:cad>96</ns3:cad>
          </ns3:TrackPointExtension>
        </extensions>
      </trkpt>
      <trkpt lat="25.0672106444835662841796875" lon="102.68595286644995212554931640625">
        <ele>1915.5999755859375</ele>
        <time>2026-10-04T23:20:40.000Z</time>
        <extensions>
          <ns3:TrackPointExtension>
            <ns3:hr>147</ns3:hr>
            <ns3:cad>96</ns3:cad>
          </ns3:TrackPointExtension>
        </extensions>
      </trkpt>
      <trkpt lat="25.067209303379058837890625" lon="102.6859284751117229461669921875">
        <ele>1915.5999755859375</ele>
        <time>2026-10-04T23:20:41.000Z</time>
        <extensions>
          <ns3:TrackPointExtension>
            <ns3:hr>147</ns3:hr>
            <ns3:cad>96</ns3:cad>
          </ns3:TrackPointExtension>
        </extensions>
      </trkpt>
      <trkpt lat="25.06721399724483489990234375" lon="102.68588983453810214996337890625">
        <ele>1915.800048828125</ele>
        <time>2026-10-04T23:20:42.000Z</time>
        <extensions>
          <ns3:TrackPointExtension>
            <ns3:hr>147</ns3:hr>
            <ns3:cad>96</ns3:cad>
          </ns3:TrackPointExtension>
        </extensions>
      </trkpt>
      <trkpt lat="25.0672128237783908843994140625" lon="102.68585412763059139251708984375">
        <ele>1915.800048828125</ele>
        <time>2026-10-04T23:20:43.000Z</time>
        <extensions>
          <ns3:TrackPointExtension>
            <ns3:hr>147</ns3:hr>
            <ns3:cad>96</ns3:cad>
          </ns3:TrackPointExtension>
        </extensions>
      </trkpt>
      <trkpt lat="25.0672118179500102996826171875" lon="102.68581640906631946563720703125">
        <ele>1916</ele>
        <time>2026-10-04T23:20:44.000Z</time>
        <extensions>
          <ns3:TrackPointExtension>
            <ns3:hr>147</ns3:hr>
            <ns3:cad>96</ns3:cad>
          </ns3:TrackPointExtension>
        </extensions>
      </trkpt>
      <trkpt lat="25.06721533834934234619140625" lon="102.68577902577817440032958984375">
        <ele>1916</ele>
        <time>2026-10-04T23:20:45.000Z</time>
        <extensions>
          <ns3:TrackPointExtension>
            <ns3:hr>147</ns3:hr>
            <ns3:cad>96</ns3:cad>
          </ns3:TrackPointExtension>
        </extensions>
      </trkpt>
      <trkpt lat="25.06721575744450092315673828125" lon="102.68574750982224941253662109375">
        <ele>1916.199951171875</ele>
        <time>2026-10-04T23:20:46.000Z</time>
        <extensions>
          <ns3:TrackPointExtension>
            <ns3:hr>147</ns3:hr>
            <ns3:cad>96</ns3:cad>
          </ns3:TrackPointExtension>
        </extensions>
      </trkpt>
      <trkpt lat="25.06722162477672100067138671875" lon="102.68571071326732635498046875">
        <ele>1916.199951171875</ele>
        <time>2026-10-04T23:20:47.000Z</time>
        <extensions>
          <ns3:TrackPointExtension>
            <ns3:hr>147</ns3:hr>
            <ns3:cad>96</ns3:cad>
          </ns3:TrackPointExtension>
        </extensions>
      </trkpt>
      <trkpt lat="25.0672235526144504547119140625" lon="102.6856813766062259674072265625">
        <ele>1916.199951171875</ele>
        <time>2026-10-04T23:20:48.000Z</time>
        <extensions>
          <ns3:TrackPointExtension>
            <ns3:hr>148</ns3:hr>
            <ns3:cad>96</ns3:cad>
          </ns3:TrackPointExtension>
        </extensions>
      </trkpt>
      <trkpt lat="25.06722883321344852447509765625" lon="102.68564357422292232513427734375">
        <ele>1916.4000244140625</ele>
        <time>2026-10-04T23:20:49.000Z</time>
        <extensions>
          <ns3:TrackPointExtension>
            <ns3:hr>147</ns3:hr>
            <ns3:cad>96</ns3:cad>
          </ns3:TrackPointExtension>
        </extensions>
      </trkpt>
      <trkpt lat="25.06723067723214626312255859375" lon="102.68560669384896755218505859375">
        <ele>1916.4000244140625</ele>
        <time>2026-10-04T23:20:50.000Z</time>
        <extensions>
          <ns3:TrackPointExtension>
            <ns3:hr>147</ns3:hr>
            <ns3:cad>96</ns3:cad>
          </ns3:TrackPointExtension>
        </extensions>
      </trkpt>
      <trkpt lat="25.06723369471728801727294921875" lon="102.6855784468352794647216796875">
        <ele>1916.4000244140625</ele>
        <time>2026-10-04T23:20:51.000Z</time>
        <extensions>
          <ns3:TrackPointExtension>
            <ns3:hr>147</ns3:hr>
            <ns3:cad>96</ns3:cad>
          </ns3:TrackPointExtension>
        </extensions>
      </trkpt>
      <trkpt lat="25.06724459119141101837158203125" lon="102.685539387166500091552734375">
        <ele>1916.5999755859375</ele>
        <time>2026-10-04T23:20:52.000Z</time>
        <extensions>
          <ns3:TrackPointExtension>
            <ns3:hr>148</ns3:hr>
            <ns3:cad>96</ns3:cad>
          </ns3:TrackPointExtension>
        </extensions>
      </trkpt>
      <trkpt lat="25.06724593229591846466064453125" lon="102.68550611101090908050537109375">
        <ele>1916.5999755859375</ele>
        <time>2026-10-04T23:20:53.000Z</time>
        <extensions>
          <ns3:TrackPointExtension>
            <ns3:hr>148</ns3:hr>
            <ns3:cad>96</ns3:cad>
          </ns3:TrackPointExtension>
        </extensions>
      </trkpt>
      <trkpt lat="25.067256577312946319580078125" lon="102.685478031635284423828125">
        <ele>1916.800048828125</ele>
        <time>2026-10-04T23:20:54.000Z</time>
        <extensions>
          <ns3:TrackPointExtension>
            <ns3:hr>147</ns3:hr>
            <ns3:cad>96</ns3:cad>
          </ns3:TrackPointExtension>
        </extensions>
      </trkpt>
      <trkpt lat="25.067260265350341796875" lon="102.68543939106166362762451171875">
        <ele>1917</ele>
        <time>2026-10-04T23:20:55.000Z</time>
        <extensions>
          <ns3:TrackPointExtension>
            <ns3:hr>147</ns3:hr>
            <ns3:cad>96</ns3:cad>
          </ns3:TrackPointExtension>
        </extensions>
      </trkpt>
      <trkpt lat="25.06725599057972431182861328125" lon="102.6854141615331172943115234375">
        <ele>1917</ele>
        <time>2026-10-04T23:20:56.000Z</time>
        <extensions>
          <ns3:TrackPointExtension>
            <ns3:hr>147</ns3:hr>
            <ns3:cad>96</ns3:cad>
          </ns3:TrackPointExtension>
        </extensions>
      </trkpt>
      <trkpt lat="25.06725833751261234283447265625" lon="102.68538272939622402191162109375">
        <ele>1917</ele>
        <time>2026-10-04T23:20:57.000Z</time>
        <extensions>
          <ns3:TrackPointExtension>
            <ns3:hr>148</ns3:hr>
            <ns3:cad>96</ns3:cad>
          </ns3:TrackPointExtension>
        </extensions>
      </trkpt>
      <trkpt lat="25.067256577312946319580078125" lon="102.68535573966801166534423828125">
        <ele>1917</ele>
        <time>2026-10-04T23:20:58.000Z</time>
        <extensions>
          <ns3:TrackPointExtension>
            <ns3:hr>147</ns3:hr>
            <ns3:cad>96</ns3:cad>
          </ns3:TrackPointExtension>
        </extensions>
      </trkpt>
      <trkpt lat="25.06726068444550037384033203125" lon="102.68533025868237018585205078125">
        <ele>1917.199951171875</ele>
        <time>2026-10-04T23:20:59.000Z</time>
        <extensions>
          <ns3:TrackPointExtension>
            <ns3:hr>148</ns3:hr>
            <ns3:cad>96</ns3:cad>
          </ns3:TrackPointExtension>
        </extensions>
      </trkpt>
      <trkpt lat="25.06726454012095928192138671875" lon="102.68529287539422512054443359375">
        <ele>1917.199951171875</ele>
        <time>2026-10-04T23:21:00.000Z</time>
        <extensions>
          <ns3:TrackPointExtension>
            <ns3:hr>148</ns3:hr>
            <ns3:cad>96</ns3:cad>
          </ns3:TrackPointExtension>
        </extensions>
      </trkpt>
      <trkpt lat="25.067259930074214935302734375" lon="102.6852656342089176177978515625">
        <ele>1917.199951171875</ele>
        <time>2026-10-04T23:21:01.000Z</time>
        <extensions>
          <ns3:TrackPointExtension>
            <ns3:hr>148</ns3:hr>
            <ns3:cad>97</ns3:cad>
          </ns3:TrackPointExtension>
        </extensions>
      </trkpt>
      <trkpt lat="25.06725850515067577362060546875" lon="102.68522950820624828338623046875">
        <ele>1917.4000244140625</ele>
        <time>2026-10-04T23:21:02.000Z</time>
        <extensions>
          <ns3:TrackPointExtension>
            <ns3:hr>147</ns3:hr>
            <ns3:cad>97</ns3:cad>
          </ns3:TrackPointExtension>
        </extensions>
      </trkpt>
      <trkpt lat="25.067255236208438873291015625" lon="102.68519975244998931884765625">
        <ele>1917.4000244140625</ele>
        <time>2026-10-04T23:21:03.000Z</time>
        <extensions>
          <ns3:TrackPointExtension>
            <ns3:hr>147</ns3:hr>
            <ns3:cad>96</ns3:cad>
          </ns3:TrackPointExtension>
        </extensions>
      </trkpt>
      <trkpt lat="25.06726169027388095855712890625" lon="102.68517519347369670867919921875">
        <ele>1917.5999755859375</ele>
        <time>2026-10-04T23:21:04.000Z</time>
        <extensions>
          <ns3:TrackPointExtension>
            <ns3:hr>147</ns3:hr>
            <ns3:cad>96</ns3:cad>
          </ns3:TrackPointExtension>
        </extensions>
      </trkpt>
      <trkpt lat="25.06727032363414764404296875" lon="102.68513982184231281280517578125">
        <ele>1917.5999755859375</ele>
        <time>2026-10-04T23:21:05.000Z</time>
        <extensions>
          <ns3:TrackPointExtension>
            <ns3:hr>147</ns3:hr>
            <ns3:cad>96</ns3:cad>
          </ns3:TrackPointExtension>
        </extensions>
      </trkpt>
      <trkpt lat="25.06727032363414764404296875" lon="102.68511333502829074859619140625">
        <ele>1917.800048828125</ele>
        <time>2026-10-04T23:21:06.000Z</time>
        <extensions>
          <ns3:TrackPointExtension>
            <ns3:hr>148</ns3:hr>
            <ns3:cad>96</ns3:cad>
          </ns3:TrackPointExtension>
        </extensions>
      </trkpt>
      <trkpt lat="25.0672775320708751678466796875" lon="102.68507511354982852935791015625">
        <ele>1917.800048828125</ele>
        <time>2026-10-04T23:21:07.000Z</time>
        <extensions>
          <ns3:TrackPointExtension>
            <ns3:hr>148</ns3:hr>
            <ns3:cad>95</ns3:cad>
          </ns3:TrackPointExtension>
        </extensions>
      </trkpt>
      <trkpt lat="25.06727593950927257537841796875" lon="102.6850376464426517486572265625">
        <ele>1917.800048828125</ele>
        <time>2026-10-04T23:21:08.000Z</time>
        <extensions>
          <ns3:TrackPointExtension>
            <ns3:hr>148</ns3:hr>
            <ns3:cad>95</ns3:cad>
          </ns3:TrackPointExtension>
        </extensions>
      </trkpt>
      <trkpt lat="25.0672828964889049530029296875" lon="102.6850068010389804840087890625">
        <ele>1917.800048828125</ele>
        <time>2026-10-04T23:21:09.000Z</time>
        <extensions>
          <ns3:TrackPointExtension>
            <ns3:hr>148</ns3:hr>
            <ns3:cad>95</ns3:cad>
          </ns3:TrackPointExtension>
        </extensions>
      </trkpt>
      <trkpt lat="25.0672869198024272918701171875" lon="102.684966735541820526123046875">
        <ele>1917.800048828125</ele>
        <time>2026-10-04T23:21:10.000Z</time>
        <extensions>
          <ns3:TrackPointExtension>
            <ns3:hr>148</ns3:hr>
            <ns3:cad>95</ns3:cad>
          </ns3:TrackPointExtension>
        </extensions>
      </trkpt>
      <trkpt lat="25.06728599779307842254638671875" lon="102.68493748269975185394287109375">
        <ele>1917.800048828125</ele>
        <time>2026-10-04T23:21:11.000Z</time>
        <extensions>
          <ns3:TrackPointExtension>
            <ns3:hr>148</ns3:hr>
            <ns3:cad>95</ns3:cad>
          </ns3:TrackPointExtension>
        </extensions>
      </trkpt>
      <trkpt lat="25.06728700362145900726318359375" lon="102.684901691973209381103515625">
        <ele>1918</ele>
        <time>2026-10-04T23:21:12.000Z</time>
        <extensions>
          <ns3:TrackPointExtension>
            <ns3:hr>148</ns3:hr>
            <ns3:cad>95</ns3:cad>
          </ns3:TrackPointExtension>
        </extensions>
      </trkpt>
      <trkpt lat="25.06728415377438068389892578125" lon="102.68486774526536464691162109375">
        <ele>1918</ele>
        <time>2026-10-04T23:21:13.000Z</time>
        <extensions>
          <ns3:TrackPointExtension>
            <ns3:hr>148</ns3:hr>
            <ns3:cad>95</ns3:cad>
          </ns3:TrackPointExtension>
        </extensions>
      </trkpt>
      <trkpt lat="25.06728130392730236053466796875" lon="102.68483270891010761260986328125">
        <ele>1918</ele>
        <time>2026-10-04T23:21:14.000Z</time>
        <extensions>
          <ns3:TrackPointExtension>
            <ns3:hr>148</ns3:hr>
            <ns3:cad>95</ns3:cad>
          </ns3:TrackPointExtension>
        </extensions>
      </trkpt>
      <trkpt lat="25.06728298030793666839599609375" lon="102.6847992651164531707763671875">
        <ele>1918.199951171875</ele>
        <time>2026-10-04T23:21:15.000Z</time>
        <extensions>
          <ns3:TrackPointExtension>
            <ns3:hr>148</ns3:hr>
            <ns3:cad>96</ns3:cad>
          </ns3:TrackPointExtension>
        </extensions>
      </trkpt>
      <trkpt lat="25.067284740507602691650390625" lon="102.684771604835987091064453125">
        <ele>1918.199951171875</ele>
        <time>2026-10-04T23:21:16.000Z</time>
        <extensions>
          <ns3:TrackPointExtension>
            <ns3:hr>148</ns3:hr>
            <ns3:cad>96</ns3:cad>
          </ns3:TrackPointExtension>
        </extensions>
      </trkpt>
      <trkpt lat="25.06728599779307842254638671875" lon="102.68473195843398571014404296875">
        <ele>1918.199951171875</ele>
        <time>2026-10-04T23:21:17.000Z</time>
        <extensions>
          <ns3:TrackPointExtension>
            <ns3:hr>148</ns3:hr>
            <ns3:cad>96</ns3:cad>
          </ns3:TrackPointExtension>
        </extensions>
      </trkpt>
      <trkpt lat="25.0672805495560169219970703125" lon="102.6847010292112827301025390625">
        <ele>1918.199951171875</ele>
        <time>2026-10-04T23:21:18.000Z</time>
        <extensions>
          <ns3:TrackPointExtension>
            <ns3:hr>147</ns3:hr>
            <ns3:cad>96</ns3:cad>
          </ns3:TrackPointExtension>
        </extensions>
      </trkpt>
      <trkpt lat="25.06728775799274444580078125" lon="102.68467194400727748870849609375">
        <ele>1918.199951171875</ele>
        <time>2026-10-04T23:21:19.000Z</time>
        <extensions>
          <ns3:TrackPointExtension>
            <ns3:hr>147</ns3:hr>
            <ns3:cad>95</ns3:cad>
          </ns3:TrackPointExtension>
        </extensions>
      </trkpt>
      <trkpt lat="25.0672912783920764923095703125" lon="102.6846366561949253082275390625">
        <ele>1918.199951171875</ele>
        <time>2026-10-04T23:21:20.000Z</time>
        <extensions>
          <ns3:TrackPointExtension>
            <ns3:hr>147</ns3:hr>
            <ns3:cad>95</ns3:cad>
          </ns3:TrackPointExtension>
        </extensions>
      </trkpt>
      <trkpt lat="25.0672896020114421844482421875" lon="102.68461662344634532928466796875">
        <ele>1918.199951171875</ele>
        <time>2026-10-04T23:21:21.000Z</time>
        <extensions>
          <ns3:TrackPointExtension>
            <ns3:hr>147</ns3:hr>
            <ns3:cad>96</ns3:cad>
          </ns3:TrackPointExtension>
        </extensions>
      </trkpt>
      <trkpt lat="25.06729002110660076141357421875" lon="102.6845806650817394256591796875">
        <ele>1918.199951171875</ele>
        <time>2026-10-04T23:21:22.000Z</time>
        <extensions>
          <ns3:TrackPointExtension>
            <ns3:hr>147</ns3:hr>
            <ns3:cad>96</ns3:cad>
          </ns3:TrackPointExtension>
        </extensions>
      </trkpt>
      <trkpt lat="25.06728507578372955322265625" lon="102.68455308862030506134033203125">
        <ele>1918.199951171875</ele>
        <time>2026-10-04T23:21:23.000Z</time>
        <extensions>
          <ns3:TrackPointExtension>
            <ns3:hr>147</ns3:hr>
            <ns3:cad>96</ns3:cad>
          </ns3:TrackPointExtension>
        </extensions>
      </trkpt>
      <trkpt lat="25.06728968583047389984130859375" lon="102.68451838754117488861083984375">
        <ele>1918.4000244140625</ele>
        <time>2026-10-04T23:21:24.000Z</time>
        <extensions>
          <ns3:TrackPointExtension>
            <ns3:hr>147</ns3:hr>
            <ns3:cad>96</ns3:cad>
          </ns3:TrackPointExtension>
        </extensions>
      </trkpt>
      <trkpt lat="25.06729471497237682342529296875" lon="102.684478573501110076904296875">
        <ele>1918.4000244140625</ele>
        <time>2026-10-04T23:21:25.000Z</time>
        <extensions>
          <ns3:TrackPointExtension>
            <ns3:hr>147</ns3:hr>
            <ns3:cad>96</ns3:cad>
          </ns3:TrackPointExtension>
        </extensions>
      </trkpt>
      <trkpt lat="25.06730007939040660858154296875" lon="102.684454433619976043701171875">
        <ele>1918.4000244140625</ele>
        <time>2026-10-04T23:21:26.000Z</time>
        <extensions>
          <ns3:TrackPointExtension>
            <ns3:hr>147</ns3:hr>
            <ns3:cad>96</ns3:cad>
          </ns3:TrackPointExtension>
        </extensions>
      </trkpt>
      <trkpt lat="25.0673040188848972320556640625" lon="102.68441797234117984771728515625">
        <ele>1918.5999755859375</ele>
        <time>2026-10-04T23:21:27.000Z</time>
        <extensions>
          <ns3:TrackPointExtension>
            <ns3:hr>147</ns3:hr>
            <ns3:cad>96</ns3:cad>
          </ns3:TrackPointExtension>
        </extensions>
      </trkpt>
      <trkpt lat="25.0673020072281360626220703125" lon="102.68438511528074741363525390625">
        <ele>1918.5999755859375</ele>
        <time>2026-10-04T23:21:28.000Z</time>
        <extensions>
          <ns3:TrackPointExtension>
            <ns3:hr>147</ns3:hr>
            <ns3:cad>96</ns3:cad>
          </ns3:TrackPointExtension>
        </extensions>
      </trkpt>
      <trkpt lat="25.06730494089424610137939453125" lon="102.68435376696288585662841796875">
        <ele>1918.5999755859375</ele>
        <time>2026-10-04T23:21:29.000Z</time>
        <extensions>
          <ns3:TrackPointExtension>
            <ns3:hr>147</ns3:hr>
            <ns3:cad>96</ns3:cad>
          </ns3:TrackPointExtension>
        </extensions>
      </trkpt>
      <trkpt lat="25.06730393506586551666259765625" lon="102.684316299855709075927734375">
        <ele>1918.800048828125</ele>
        <time>2026-10-04T23:21:30.000Z</time>
        <extensions>
          <ns3:TrackPointExtension>
            <ns3:hr>147</ns3:hr>
            <ns3:cad>96</ns3:cad>
          </ns3:TrackPointExtension>
        </extensions>
      </trkpt>
      <trkpt lat="25.0672959722578525543212890625" lon="102.6842866279184818267822265625">
        <ele>1918.800048828125</ele>
        <time>2026-10-04T23:21:31.000Z</time>
        <extensions>
          <ns3:TrackPointExtension>
            <ns3:hr>147</ns3:hr>
            <ns3:cad>96</ns3:cad>
          </ns3:TrackPointExtension>
        </extensions>
      </trkpt>
      <trkpt lat="25.067295134067535400390625" lon="102.6842447184026241302490234375">
        <ele>1918.800048828125</ele>
        <time>2026-10-04T23:21:32.000Z</time>
        <extensions>
          <ns3:TrackPointExtension>
            <ns3:hr>147</ns3:hr>
            <ns3:cad>95</ns3:cad>
          </ns3:TrackPointExtension>
        </extensions>
      </trkpt>
      <trkpt lat="25.06729303859174251556396484375" lon="102.68421110697090625762939453125">
        <ele>1918.800048828125</ele>
        <time>2026-10-04T23:21:33.000Z</time>
        <extensions>
          <ns3:TrackPointExtension>
            <ns3:hr>147</ns3:hr>
            <ns3:cad>95</ns3:cad>
          </ns3:TrackPointExtension>
        </extensions>
      </trkpt>
      <trkpt lat="25.06729605607688426971435546875" lon="102.6841766573488712310791015625">
        <ele>1918.800048828125</ele>
        <time>2026-10-04T23:21:34.000Z</time>
        <extensions>
          <ns3:TrackPointExtension>
            <ns3:hr>147</ns3:hr>
            <ns3:cad>96</ns3:cad>
          </ns3:TrackPointExtension>
        </extensions>
      </trkpt>
      <trkpt lat="25.06729790009558200836181640625" lon="102.68413960933685302734375">
        <ele>1918.800048828125</ele>
        <time>2026-10-04T23:21:35.000Z</time>
        <extensions>
          <ns3:TrackPointExtension>
            <ns3:hr>147</ns3:hr>
            <ns3:cad>96</ns3:cad>
          </ns3:TrackPointExtension>
        </extensions>
      </trkpt>
      <trkpt lat="25.067296810448169708251953125" lon="102.6841142959892749786376953125">
        <ele>1918.800048828125</ele>
        <time>2026-10-04T23:21:36.000Z</time>
        <extensions>
          <ns3:TrackPointExtension>
            <ns3:hr>147</ns3:hr>
            <ns3:cad>96</ns3:cad>
          </ns3:TrackPointExtension>
        </extensions>
      </trkpt>
      <trkpt lat="25.06729773245751857757568359375" lon="102.684076242148876190185546875">
        <ele>1918.800048828125</ele>
        <time>2026-10-04T23:21:37.000Z</time>
        <extensions>
          <ns3:TrackPointExtension>
            <ns3:hr>147</ns3:hr>
            <ns3:cad>96</ns3:cad>
          </ns3:TrackPointExtension>
        </extensions>
      </trkpt>
      <trkpt lat="25.0672926194965839385986328125" lon="102.6840472407639026641845703125">
        <ele>1919</ele>
        <time>2026-10-04T23:21:38.000Z</time>
        <extensions>
          <ns3:TrackPointExtension>
            <ns3:hr>147</ns3:hr>
            <ns3:cad>96</ns3:cad>
          </ns3:TrackPointExtension>
        </extensions>
      </trkpt>
      <trkpt lat="25.06730007939040660858154296875" lon="102.68401429988443851470947265625">
        <ele>1919</ele>
        <time>2026-10-04T23:21:39.000Z</time>
        <extensions>
          <ns3:TrackPointExtension>
            <ns3:hr>147</ns3:hr>
            <ns3:cad>96</ns3:cad>
          </ns3:TrackPointExtension>
        </extensions>
      </trkpt>
      <trkpt lat="25.067304857075214385986328125" lon="102.68397926352918148040771484375">
        <ele>1919</ele>
        <time>2026-10-04T23:21:40.000Z</time>
        <extensions>
          <ns3:TrackPointExtension>
            <ns3:hr>147</ns3:hr>
            <ns3:cad>96</ns3:cad>
          </ns3:TrackPointExtension>
        </extensions>
      </trkpt>
      <trkpt lat="25.0673083774745464324951171875" lon="102.683949507772922515869140625">
        <ele>1919</ele>
        <time>2026-10-04T23:21:41.000Z</time>
        <extensions>
          <ns3:TrackPointExtension>
            <ns3:hr>147</ns3:hr>
            <ns3:cad>96</ns3:cad>
          </ns3:TrackPointExtension>
        </extensions>
      </trkpt>
      <trkpt lat="25.067314244806766510009765625" lon="102.6839104481041431427001953125">
        <ele>1919</ele>
        <time>2026-10-04T23:21:42.000Z</time>
        <extensions>
          <ns3:TrackPointExtension>
            <ns3:hr>148</ns3:hr>
            <ns3:cad>96</ns3:cad>
          </ns3:TrackPointExtension>
        </extensions>
      </trkpt>
      <trkpt lat="25.06731349043548107147216796875" lon="102.68388102762401103973388671875">
        <ele>1919</ele>
        <time>2026-10-04T23:21:43.000Z</time>
        <extensions>
          <ns3:TrackPointExtension>
            <ns3:hr>147</ns3:hr>
            <ns3:cad>96</ns3:cad>
          </ns3:TrackPointExtension>
        </extensions>
      </trkpt>
      <trkpt lat="25.06731935776770114898681640625" lon="102.68384716473519802093505859375">
        <ele>1919.199951171875</ele>
        <time>2026-10-04T23:21:44.000Z</time>
        <extensions>
          <ns3:TrackPointExtension>
            <ns3:hr>148</ns3:hr>
            <ns3:cad>96</ns3:cad>
          </ns3:TrackPointExtension>
        </extensions>
      </trkpt>
      <trkpt lat="25.06732170470058917999267578125" lon="102.683814056217670440673828125">
        <ele>1919.199951171875</ele>
        <time>2026-10-04T23:21:45.000Z</time>
        <extensions>
          <ns3:TrackPointExtension>
            <ns3:hr>148</ns3:hr>
            <ns3:cad>96</ns3:cad>
          </ns3:TrackPointExtension>
        </extensions>
      </trkpt>
      <trkpt lat="25.067321620881557464599609375" lon="102.68378614448010921478271484375">
        <ele>1919.199951171875</ele>
        <time>2026-10-04T23:21:46.000Z</time>
        <extensions>
          <ns3:TrackPointExtension>
            <ns3:hr>148</ns3:hr>
            <ns3:cad>96</ns3:cad>
          </ns3:TrackPointExtension>
        </extensions>
      </trkpt>
      <trkpt lat="25.06732472218573093414306640625" lon="102.6837520301342010498046875">
        <ele>1919.199951171875</ele>
        <time>2026-10-04T23:21:47.000Z</time>
        <extensions>
          <ns3:TrackPointExtension>
            <ns3:hr>148</ns3:hr>
            <ns3:cad>96</ns3:cad>
          </ns3:TrackPointExtension>
        </extensions>
      </trkpt>
      <trkpt lat="25.06732187233865261077880859375" lon="102.6837267167866230010986328125">
        <ele>1919.199951171875</ele>
        <time>2026-10-04T23:21:48.000Z</time>
        <extensions>
          <ns3:TrackPointExtension>
            <ns3:hr>148</ns3:hr>
            <ns3:cad>95</ns3:cad>
          </ns3:TrackPointExtension>
        </extensions>
      </trkpt>
      <trkpt lat="25.067328996956348419189453125" lon="102.68369478173553943634033203125">
        <ele>1919.199951171875</ele>
        <time>2026-10-04T23:21:49.000Z</time>
        <extensions>
          <ns3:TrackPointExtension>
            <ns3:hr>148</ns3:hr>
            <ns3:cad>95</ns3:cad>
          </ns3:TrackPointExtension>
        </extensions>
      </trkpt>
      <trkpt lat="25.06733159534633159637451171875" lon="102.683659493923187255859375">
        <ele>1919.199951171875</ele>
        <time>2026-10-04T23:21:50.000Z</time>
        <extensions>
          <ns3:TrackPointExtension>
            <ns3:hr>148</ns3:hr>
            <ns3:cad>95</ns3:cad>
          </ns3:TrackPointExtension>
        </extensions>
      </trkpt>
      <trkpt lat="25.0673328526318073272705078125" lon="102.68363074399530887603759765625">
        <ele>1919.4000244140625</ele>
        <time>2026-10-04T23:21:51.000Z</time>
        <extensions>
          <ns3:TrackPointExtension>
            <ns3:hr>148</ns3:hr>
            <ns3:cad>96</ns3:cad>
          </ns3:TrackPointExtension>
        </extensions>
      </trkpt>
      <trkpt lat="25.067335031926631927490234375" lon="102.68359386362135410308837890625">
        <ele>1919.4000244140625</ele>
        <time>2026-10-04T23:21:52.000Z</time>
        <extensions>
          <ns3:TrackPointExtension>
            <ns3:hr>148</ns3:hr>
            <ns3:cad>97</ns3:cad>
          </ns3:TrackPointExtension>
        </extensions>
      </trkpt>
      <trkpt lat="25.06733335554599761962890625" lon="102.68356368876993656158447265625">
        <ele>1919.4000244140625</ele>
        <time>2026-10-04T23:21:53.000Z</time>
        <extensions>
          <ns3:TrackPointExtension>
            <ns3:hr>147</ns3:hr>
            <ns3:cad>97</ns3:cad>
          </ns3:TrackPointExtension>
        </extensions>
      </trkpt>
      <trkpt lat="25.06733830086886882781982421875" lon="102.683534435927867889404296875">
        <ele>1919.5999755859375</ele>
        <time>2026-10-04T23:21:54.000Z</time>
        <extensions>
          <ns3:TrackPointExtension>
            <ns3:hr>147</ns3:hr>
            <ns3:cad>97</ns3:cad>
          </ns3:TrackPointExtension>
        </extensions>
      </trkpt>
      <trkpt lat="25.06734165363013744354248046875" lon="102.683497555553913116455078125">
        <ele>1919.5999755859375</ele>
        <time>2026-10-04T23:21:55.000Z</time>
        <extensions>
          <ns3:TrackPointExtension>
            <ns3:hr>147</ns3:hr>
            <ns3:cad>97</ns3:cad>
          </ns3:TrackPointExtension>
        </extensions>
      </trkpt>
      <trkpt lat="25.06734081543982028961181640625" lon="102.6834692247211933135986328125">
        <ele>1919.5999755859375</ele>
        <time>2026-10-04T23:21:56.000Z</time>
        <extensions>
          <ns3:TrackPointExtension>
            <ns3:hr>147</ns3:hr>
            <ns3:cad>96</ns3:cad>
          </ns3:TrackPointExtension>
        </extensions>
      </trkpt>
      <trkpt lat="25.06734064780175685882568359375" lon="102.68343108706176280975341796875">
        <ele>1919.800048828125</ele>
        <time>2026-10-04T23:21:57.000Z</time>
        <extensions>
          <ns3:TrackPointExtension>
            <ns3:hr>147</ns3:hr>
            <ns3:cad>96</ns3:cad>
          </ns3:TrackPointExtension>
        </extensions>
      </trkpt>
      <trkpt lat="25.0673398934304714202880859375" lon="102.68339789472520351409912109375">
        <ele>1919.800048828125</ele>
        <time>2026-10-04T23:21:58.000Z</time>
        <extensions>
          <ns3:TrackPointExtension>
            <ns3:hr>147</ns3:hr>
            <ns3:cad>96</ns3:cad>
          </ns3:TrackPointExtension>
        </extensions>
      </trkpt>
      <trkpt lat="25.06734249182045459747314453125" lon="102.6833669655025005340576171875">
        <ele>1920</ele>
        <time>2026-10-04T23:21:59.000Z</time>
        <extensions>
          <ns3:TrackPointExtension>
            <ns3:hr>148</ns3:hr>
            <ns3:cad>97</ns3:cad>
          </ns3:TrackPointExtension>
        </extensions>
      </trkpt>
      <trkpt lat="25.06733947433531284332275390625" lon="102.68333503045141696929931640625">
        <ele>1920</ele>
        <time>2026-10-04T23:22:00.000Z</time>
        <extensions>
          <ns3:TrackPointExtension>
            <ns3:hr>148</ns3:hr>
            <ns3:cad>97</ns3:cad>
          </ns3:TrackPointExtension>
        </extensions>
      </trkpt>
      <trkpt lat="25.0673368759453296661376953125" lon="102.68330317921936511993408203125">
        <ele>1920</ele>
        <time>2026-10-04T23:22:01.000Z</time>
        <extensions>
          <ns3:TrackPointExtension>
            <ns3:hr>148</ns3:hr>
            <ns3:cad>96</ns3:cad>
          </ns3:TrackPointExtension>
        </extensions>
      </trkpt>
      <trkpt lat="25.06733025424182415008544921875" lon="102.683262191712856292724609375">
        <ele>1920</ele>
        <time>2026-10-04T23:22:02.000Z</time>
        <extensions>
          <ns3:TrackPointExtension>
            <ns3:hr>148</ns3:hr>
            <ns3:cad>96</ns3:cad>
          </ns3:TrackPointExtension>
        </extensions>
      </trkpt>
      <trkpt lat="25.06732522509992122650146484375" lon="102.68322371877729892730712890625">
        <ele>1920</ele>
        <time>2026-10-04T23:22:03.000Z</time>
        <extensions>
          <ns3:TrackPointExtension>
            <ns3:hr>148</ns3:hr>
            <ns3:cad>96</ns3:cad>
          </ns3:TrackPointExtension>
        </extensions>
      </trkpt>
      <trkpt lat="25.06732505746185779571533203125" lon="102.68319077789783477783203125">
        <ele>1920.199951171875</ele>
        <time>2026-10-04T23:22:04.000Z</time>
        <extensions>
          <ns3:TrackPointExtension>
            <ns3:hr>148</ns3:hr>
            <ns3:cad>96</ns3:cad>
          </ns3:TrackPointExtension>
        </extensions>
      </trkpt>
      <trkpt lat="25.0673227943480014801025390625" lon="102.68315683118999004364013671875">
        <ele>1920.4000244140625</ele>
        <time>2026-10-04T23:22:05.000Z</time>
        <extensions>
          <ns3:TrackPointExtension>
            <ns3:hr>148</ns3:hr>
            <ns3:cad>96</ns3:cad>
          </ns3:TrackPointExtension>
        </extensions>
      </trkpt>
      <trkpt lat="25.0673211179673671722412109375" lon="102.6831248961389064788818359375">
        <ele>1920.4000244140625</ele>
        <time>2026-10-04T23:22:06.000Z</time>
        <extensions>
          <ns3:TrackPointExtension>
            <ns3:hr>148</ns3:hr>
            <ns3:cad>96</ns3:cad>
          </ns3:TrackPointExtension>
        </extensions>
      </trkpt>
      <trkpt lat="25.0673181004822254180908203125" lon="102.68308927305042743682861328125">
        <ele>1920.5999755859375</ele>
        <time>2026-10-04T23:22:07.000Z</time>
        <extensions>
          <ns3:TrackPointExtension>
            <ns3:hr>149</ns3:hr>
            <ns3:cad>96</ns3:cad>
          </ns3:TrackPointExtension>
        </extensions>
      </trkpt>
      <trkpt lat="25.067316256463527679443359375" lon="102.683058679103851318359375">
        <ele>1920.5999755859375</ele>
        <time>2026-10-04T23:22:08.000Z</time>
        <extensions>
          <ns3:TrackPointExtension>
            <ns3:hr>148</ns3:hr>
            <ns3:cad>96</ns3:cad>
          </ns3:TrackPointExtension>
        </extensions>
      </trkpt>
      <trkpt lat="25.0673164241015911102294921875" lon="102.68302573822438716888427734375">
        <ele>1920.800048828125</ele>
        <time>2026-10-04T23:22:09.000Z</time>
        <extensions>
          <ns3:TrackPointExtension>
            <ns3:hr>148</ns3:hr>
            <ns3:cad>95</ns3:cad>
          </ns3:TrackPointExtension>
        </extensions>
      </trkpt>
      <trkpt lat="25.067312903702259063720703125" lon="102.682993970811367034912109375">
        <ele>1920.800048828125</ele>
        <time>2026-10-04T23:22:10.000Z</time>
        <extensions>
          <ns3:TrackPointExtension>
            <ns3:hr>149</ns3:hr>
            <ns3:cad>95</ns3:cad>
          </ns3:TrackPointExtension>
        </extensions>
      </trkpt>
      <trkpt lat="25.0673100538551807403564453125" lon="102.682967483997344970703125">
        <ele>1920.800048828125</ele>
        <time>2026-10-04T23:22:11.000Z</time>
        <extensions>
          <ns3:TrackPointExtension>
            <ns3:hr>149</ns3:hr>
            <ns3:cad>96</ns3:cad>
          </ns3:TrackPointExtension>
        </extensions>
      </trkpt>
      <trkpt lat="25.06730661727488040924072265625" lon="102.68293353728950023651123046875">
        <ele>1921</ele>
        <time>2026-10-04T23:22:12.000Z</time>
        <extensions>
          <ns3:TrackPointExtension>
            <ns3:hr>149</ns3:hr>
            <ns3:cad>96</ns3:cad>
          </ns3:TrackPointExtension>
        </extensions>
      </trkpt>
      <trkpt lat="25.0672979839146137237548828125" lon="102.68291593529284000396728515625">
        <ele>1921</ele>
        <time>2026-10-04T23:22:13.000Z</time>
        <extensions>
          <ns3:TrackPointExtension>
            <ns3:hr>149</ns3:hr>
            <ns3:cad>96</ns3:cad>
          </ns3:TrackPointExtension>
        </extensions>
      </trkpt>
      <trkpt lat="25.067292787134647369384765625" lon="102.68288559280335903167724609375">
        <ele>1921.199951171875</ele>
        <time>2026-10-04T23:22:14.000Z</time>
        <extensions>
          <ns3:TrackPointExtension>
            <ns3:hr>148</ns3:hr>
            <ns3:cad>96</ns3:cad>
          </ns3:TrackPointExtension>
        </extensions>
      </trkpt>
      <trkpt lat="25.06728633306920528411865234375" lon="102.68285340629518032073974609375">
        <ele>1921.199951171875</ele>
        <time>2026-10-04T23:22:15.000Z</time>
        <extensions>
          <ns3:TrackPointExtension>
            <ns3:hr>148</ns3:hr>
            <ns3:cad>96</ns3:cad>
          </ns3:TrackPointExtension>
        </extensions>
      </trkpt>
      <trkpt lat="25.06728046573698520660400390625" lon="102.68282876349985599517822265625">
        <ele>1921.4000244140625</ele>
        <time>2026-10-04T23:22:16.000Z</time>
        <extensions>
          <ns3:TrackPointExtension>
            <ns3:hr>148</ns3:hr>
            <ns3:cad>96</ns3:cad>
          </ns3:TrackPointExtension>
        </extensions>
      </trkpt>
      <trkpt lat="25.0672731734812259674072265625" lon="102.68279205076396465301513671875">
        <ele>1921.4000244140625</ele>
        <time>2026-10-04T23:22:17.000Z</time>
        <extensions>
          <ns3:TrackPointExtension>
            <ns3:hr>148</ns3:hr>
            <ns3:cad>97</ns3:cad>
          </ns3:TrackPointExtension>
        </extensions>
      </trkpt>
      <trkpt lat="25.06725951097905635833740234375" lon="102.682761959731578826904296875">
        <ele>1921.5999755859375</ele>
        <time>2026-10-04T23:22:18.000Z</time>
        <extensions>
          <ns3:TrackPointExtension>
            <ns3:hr>148</ns3:hr>
            <ns3:cad>97</ns3:cad>
          </ns3:TrackPointExtension>
        </extensions>
      </trkpt>
      <trkpt lat="25.06724811159074306488037109375" lon="102.68272675573825836181640625">
        <ele>1921.5999755859375</ele>
        <time>2026-10-04T23:22:19.000Z</time>
        <extensions>
          <ns3:TrackPointExtension>
            <ns3:hr>148</ns3:hr>
            <ns3:cad>97</ns3:cad>
          </ns3:TrackPointExtension>
        </extensions>
      </trkpt>
      <trkpt lat="25.0672374665737152099609375" lon="102.6826913841068744659423828125">
        <ele>1921.800048828125</ele>
        <time>2026-10-04T23:22:20.000Z</time>
        <extensions>
          <ns3:TrackPointExtension>
            <ns3:hr>148</ns3:hr>
            <ns3:cad>97</ns3:cad>
          </ns3:TrackPointExtension>
        </extensions>
      </trkpt>
      <trkpt lat="25.06723050959408283233642578125" lon="102.68266347236931324005126953125">
        <ele>1922</ele>
        <time>2026-10-04T23:22:21.000Z</time>
        <extensions>
          <ns3:TrackPointExtension>
            <ns3:hr>148</ns3:hr>
            <ns3:cad>97</ns3:cad>
          </ns3:TrackPointExtension>
        </extensions>
      </trkpt>
      <trkpt lat="25.06722070276737213134765625" lon="102.68262709490954875946044921875">
        <ele>1922.199951171875</ele>
        <time>2026-10-04T23:22:22.000Z</time>
        <extensions>
          <ns3:TrackPointExtension>
            <ns3:hr>148</ns3:hr>
            <ns3:cad>97</ns3:cad>
          </ns3:TrackPointExtension>
        </extensions>
      </trkpt>
      <trkpt lat="25.06720737554132938385009765625" lon="102.6826001890003681182861328125">
        <ele>1922.199951171875</ele>
        <time>2026-10-04T23:22:23.000Z</time>
        <extensions>
          <ns3:TrackPointExtension>
            <ns3:hr>148</ns3:hr>
            <ns3:cad>97</ns3:cad>
          </ns3:TrackPointExtension>
        </extensions>
      </trkpt>
      <trkpt lat="25.06719698198139667510986328125" lon="102.68256993032991886138916015625">
        <ele>1922.4000244140625</ele>
        <time>2026-10-04T23:22:24.000Z</time>
        <extensions>
          <ns3:TrackPointExtension>
            <ns3:hr>147</ns3:hr>
            <ns3:cad>96</ns3:cad>
          </ns3:TrackPointExtension>
        </extensions>
      </trkpt>
      <trkpt lat="25.0671865046024322509765625" lon="102.6825401745736598968505859375">
        <ele>1922.4000244140625</ele>
        <time>2026-10-04T23:22:25.000Z</time>
        <extensions>
          <ns3:TrackPointExtension>
            <ns3:hr>148</ns3:hr>
            <ns3:cad>96</ns3:cad>
          </ns3:TrackPointExtension>
        </extensions>
      </trkpt>
      <trkpt lat="25.06717602722346782684326171875" lon="102.68251393921673297882080078125">
        <ele>1922.5999755859375</ele>
        <time>2026-10-04T23:22:26.000Z</time>
        <extensions>
          <ns3:TrackPointExtension>
            <ns3:hr>148</ns3:hr>
            <ns3:cad>96</ns3:cad>
          </ns3:TrackPointExtension>
        </extensions>
      </trkpt>
      <trkpt lat="25.0671621970832347869873046875" lon="102.682480327785015106201171875">
        <ele>1922.5999755859375</ele>
        <time>2026-10-04T23:22:27.000Z</time>
        <extensions>
          <ns3:TrackPointExtension>
            <ns3:hr>147</ns3:hr>
            <ns3:cad>96</ns3:cad>
          </ns3:TrackPointExtension>
        </extensions>
      </trkpt>
      <trkpt lat="25.06714886985719203948974609375" lon="102.6824593730270862579345703125">
        <ele>1922.5999755859375</ele>
        <time>2026-10-04T23:22:28.000Z</time>
        <extensions>
          <ns3:TrackPointExtension>
            <ns3:hr>148</ns3:hr>
            <ns3:cad>96</ns3:cad>
          </ns3:TrackPointExtension>
        </extensions>
      </trkpt>
      <trkpt lat="25.06713998503983020782470703125" lon="102.68243112601339817047119140625">
        <ele>1922.800048828125</ele>
        <time>2026-10-04T23:22:29.000Z</time>
        <extensions>
          <ns3:TrackPointExtension>
            <ns3:hr>148</ns3:hr>
            <ns3:cad>96</ns3:cad>
          </ns3:TrackPointExtension>
        </extensions>
      </trkpt>
      <trkpt lat="25.067125149071216583251953125" lon="102.6824053935706615447998046875">
        <ele>1922.800048828125</ele>
        <time>2026-10-04T23:22:30.000Z</time>
        <extensions>
          <ns3:TrackPointExtension>
            <ns3:hr>148</ns3:hr>
            <ns3:cad>96</ns3:cad>
          </ns3:TrackPointExtension>
        </extensions>
      </trkpt>
      <trkpt lat="25.06711768917739391326904296875" lon="102.68238116987049579620361328125">
        <ele>1923</ele>
        <time>2026-10-04T23:22:31.000Z</time>
        <extensions>
          <ns3:TrackPointExtension>
            <ns3:hr>148</ns3:hr>
            <ns3:cad>96</ns3:cad>
          </ns3:TrackPointExtension>
        </extensions>
      </trkpt>
      <trkpt lat="25.06710268557071685791015625" lon="102.68235216848552227020263671875">
        <ele>1923</ele>
        <time>2026-10-04T23:22:32.000Z</time>
        <extensions>
          <ns3:TrackPointExtension>
            <ns3:hr>148</ns3:hr>
            <ns3:cad>96</ns3:cad>
          </ns3:TrackPointExtension>
        </extensions>
      </trkpt>
      <trkpt lat="25.06708499975502490997314453125" lon="102.68233121372759342193603515625">
        <ele>1923.199951171875</ele>
        <time>2026-10-04T23:22:33.000Z</time>
        <extensions>
          <ns3:TrackPointExtension>
            <ns3:hr>149</ns3:hr>
            <ns3:cad>95</ns3:cad>
          </ns3:TrackPointExtension>
        </extensions>
      </trkpt>
      <trkpt lat="25.06706647574901580810546875" lon="102.6823014579713344573974609375">
        <ele>1923.199951171875</ele>
        <time>2026-10-04T23:22:34.000Z</time>
        <extensions>
          <ns3:TrackPointExtension>
            <ns3:hr>149</ns3:hr>
            <ns3:cad>94</ns3:cad>
          </ns3:TrackPointExtension>
        </extensions>
      </trkpt>
      <trkpt lat="25.0670522265136241912841796875" lon="102.6822776533663272857666015625">
        <ele>1923.199951171875</ele>
        <time>2026-10-04T23:22:35.000Z</time>
        <extensions>
          <ns3:TrackPointExtension>
            <ns3:hr>149</ns3:hr>
            <ns3:cad>94</ns3:cad>
          </ns3:TrackPointExtension>
        </extensions>
      </trkpt>
      <trkpt lat="25.06703856401145458221435546875" lon="102.68225208856165409088134765625">
        <ele>1923.4000244140625</ele>
        <time>2026-10-04T23:22:36.000Z</time>
        <extensions>
          <ns3:TrackPointExtension>
            <ns3:hr>149</ns3:hr>
            <ns3:cad>94</ns3:cad>
          </ns3:TrackPointExtension>
        </extensions>
      </trkpt>
      <trkpt lat="25.06703085266053676605224609375" lon="102.6822246797382831573486328125">
        <ele>1923.4000244140625</ele>
        <time>2026-10-04T23:22:37.000Z</time>
        <extensions>
          <ns3:TrackPointExtension>
            <ns3:hr>148</ns3:hr>
            <ns3:cad>94</ns3:cad>
          </ns3:TrackPointExtension>
        </extensions>
      </trkpt>
      <trkpt lat="25.067026577889919281005859375" lon="102.6821978576481342315673828125">
        <ele>1923.4000244140625</ele>
        <time>2026-10-04T23:22:38.000Z</time>
        <extensions>
          <ns3:TrackPointExtension>
            <ns3:hr>149</ns3:hr>
            <ns3:cad>96</ns3:cad>
          </ns3:TrackPointExtension>
        </extensions>
      </trkpt>
      <trkpt lat="25.06701677106320858001708984375" lon="102.68215854652225971221923828125">
        <ele>1923.5999755859375</ele>
        <time>2026-10-04T23:22:39.000Z</time>
        <extensions>
          <ns3:TrackPointExtension>
            <ns3:hr>149</ns3:hr>
            <ns3:cad>96</ns3:cad>
          </ns3:TrackPointExtension>
        </extensions>
      </trkpt>
      <trkpt lat="25.06700771860778331756591796875" lon="102.6821247674524784088134765625">
        <ele>1923.5999755859375</ele>
        <time>2026-10-04T23:22:40.000Z</time>
        <extensions>
          <ns3:TrackPointExtension>
            <ns3:hr>148</ns3:hr>
            <ns3:cad>96</ns3:cad>
          </ns3:TrackPointExtension>
        </extensions>
      </trkpt>
      <trkpt lat="25.0669995881617069244384765625" lon="102.682096771895885467529296875">
        <ele>1923.800048828125</ele>
        <time>2026-10-04T23:22:41.000Z</time>
        <extensions>
          <ns3:TrackPointExtension>
            <ns3:hr>149</ns3:hr>
            <ns3:cad>96</ns3:cad>
          </ns3:TrackPointExtension>
        </extensions>
      </trkpt>
      <trkpt lat="25.0669895298779010772705078125" lon="102.682067267596721649169921875">
        <ele>1923.800048828125</ele>
        <time>2026-10-04T23:22:42.000Z</time>
        <extensions>
          <ns3:TrackPointExtension>
            <ns3:hr>149</ns3:hr>
            <ns3:cad>95</ns3:cad>
          </ns3:TrackPointExtension>
        </extensions>
      </trkpt>
      <trkpt lat="25.06697268225252628326416015625" lon="102.6820389367640018463134765625">
        <ele>1924</ele>
        <time>2026-10-04T23:22:43.000Z</time>
        <extensions>
          <ns3:TrackPointExtension>
            <ns3:hr>148</ns3:hr>
            <ns3:cad>95</ns3:cad>
          </ns3:TrackPointExtension>
        </extensions>
      </trkpt>
      <trkpt lat="25.06696077995002269744873046875" lon="102.6820099353790283203125">
        <ele>1924</ele>
        <time>2026-10-04T23:22:44.000Z</time>
        <extensions>
          <ns3:TrackPointExtension>
            <ns3:hr>149</ns3:hr>
            <ns3:cad>95</ns3:cad>
          </ns3:TrackPointExtension>
        </extensions>
      </trkpt>
      <trkpt lat="25.06694887764751911163330078125" lon="102.681983448565006256103515625">
        <ele>1924.199951171875</ele>
        <time>2026-10-04T23:22:45.000Z</time>
        <extensions>
          <ns3:TrackPointExtension>
            <ns3:hr>149</ns3:hr>
            <ns3:cad>95</ns3:cad>
          </ns3:TrackPointExtension>
        </extensions>
      </trkpt>
      <trkpt lat="25.0669362209737300872802734375" lon="102.68195972777903079986572265625">
        <ele>1924.199951171875</ele>
        <time>2026-10-04T23:22:46.000Z</time>
        <extensions>
          <ns3:TrackPointExtension>
            <ns3:hr>148</ns3:hr>
            <ns3:cad>95</ns3:cad>
          </ns3:TrackPointExtension>
        </extensions>
      </trkpt>
      <trkpt lat="25.066919624805450439453125" lon="102.6819276250898838043212890625">
        <ele>1924.199951171875</ele>
        <time>2026-10-04T23:22:47.000Z</time>
        <extensions>
          <ns3:TrackPointExtension>
            <ns3:hr>149</ns3:hr>
            <ns3:cad>95</ns3:cad>
          </ns3:TrackPointExtension>
        </extensions>
      </trkpt>
      <trkpt lat="25.06690612994134426116943359375" lon="102.68190574832260608673095703125">
        <ele>1924.4000244140625</ele>
        <time>2026-10-04T23:22:48.000Z</time>
        <extensions>
          <ns3:TrackPointExtension>
            <ns3:hr>149</ns3:hr>
            <ns3:cad>95</ns3:cad>
          </ns3:TrackPointExtension>
        </extensions>
      </trkpt>
      <trkpt lat="25.0668919645249843597412109375" lon="102.68187825568020343780517578125">
        <ele>1924.4000244140625</ele>
        <time>2026-10-04T23:22:49.000Z</time>
        <extensions>
          <ns3:TrackPointExtension>
            <ns3:hr>148</ns3:hr>
            <ns3:cad>95</ns3:cad>
          </ns3:TrackPointExtension>
        </extensions>
      </trkpt>
      <trkpt lat="25.06687478162348270416259765625" lon="102.68185411579906940460205078125">
        <ele>1924.5999755859375</ele>
        <time>2026-10-04T23:22:50.000Z</time>
        <extensions>
          <ns3:TrackPointExtension>
            <ns3:hr>149</ns3:hr>
            <ns3:cad>95</ns3:cad>
          </ns3:TrackPointExtension>
        </extensions>
      </trkpt>
      <trkpt lat="25.0668564252555370330810546875" lon="102.68182360567152500152587890625">
        <ele>1924.5999755859375</ele>
        <time>2026-10-04T23:22:51.000Z</time>
        <extensions>
          <ns3:TrackPointExtension>
            <ns3:hr>149</ns3:hr>
            <ns3:cad>95</ns3:cad>
          </ns3:TrackPointExtension>
        </extensions>
      </trkpt>
      <trkpt lat="25.06683790124952793121337890625" lon="102.68179711885750293731689453125">
        <ele>1924.800048828125</ele>
        <time>2026-10-04T23:22:52.000Z</time>
        <extensions>
          <ns3:TrackPointExtension>
            <ns3:hr>149</ns3:hr>
            <ns3:cad>96</ns3:cad>
          </ns3:TrackPointExtension>
        </extensions>
      </trkpt>
      <trkpt lat="25.0668198801577091217041015625" lon="102.6817730627954006195068359375">
        <ele>1924.800048828125</ele>
        <time>2026-10-04T23:22:53.000Z</time>
        <extensions>
          <ns3:TrackPointExtension>
            <ns3:hr>150</ns3:hr>
            <ns3:cad>96</ns3:cad>
          </ns3:TrackPointExtension>
        </extensions>
      </trkpt>
      <trkpt lat="25.06680772639811038970947265625" lon="102.68175286240875720977783203125">
        <ele>1925</ele>
        <time>2026-10-04T23:22:54.000Z</time>
        <extensions>
          <ns3:TrackPointExtension>
            <ns3:hr>150</ns3:hr>
            <ns3:cad>96</ns3:cad>
          </ns3:TrackPointExtension>
        </extensions>
      </trkpt>
      <trkpt lat="25.066789872944355010986328125" lon="102.68172587268054485321044921875">
        <ele>1925</ele>
        <time>2026-10-04T23:22:55.000Z</time>
        <extensions>
          <ns3:TrackPointExtension>
            <ns3:hr>149</ns3:hr>
            <ns3:cad>96</ns3:cad>
          </ns3:TrackPointExtension>
        </extensions>
      </trkpt>
      <trkpt lat="25.06676984019577503204345703125" lon="102.68169838003814220428466796875">
        <ele>1925.199951171875</ele>
        <time>2026-10-04T23:22:56.000Z</time>
        <extensions>
          <ns3:TrackPointExtension>
            <ns3:hr>149</ns3:hr>
            <ns3:cad>96</ns3:cad>
          </ns3:TrackPointExtension>
        </extensions>
      </trkpt>
      <trkpt lat="25.0667555071413516998291015625" lon="102.68166719935834407806396484375">
        <ele>1925.199951171875</ele>
        <time>2026-10-04T23:22:57.000Z</time>
        <extensions>
          <ns3:TrackPointExtension>
            <ns3:hr>149</ns3:hr>
            <ns3:cad>96</ns3:cad>
          </ns3:TrackPointExtension>
        </extensions>
      </trkpt>
      <trkpt lat="25.06674502976238727569580078125" lon="102.68163484521210193634033203125">
        <ele>1925.4000244140625</ele>
        <time>2026-10-04T23:22:58.000Z</time>
        <extensions>
          <ns3:TrackPointExtension>
            <ns3:hr>149</ns3:hr>
            <ns3:cad>96</ns3:cad>
          </ns3:TrackPointExtension>
        </extensions>
      </trkpt>
      <trkpt lat="25.0667333789169788360595703125" lon="102.6816035807132720947265625">
        <ele>1925.4000244140625</ele>
        <time>2026-10-04T23:22:59.000Z</time>
        <extensions>
          <ns3:TrackPointExtension>
            <ns3:hr>149</ns3:hr>
            <ns3:cad>95</ns3:cad>
          </ns3:TrackPointExtension>
        </extensions>
      </trkpt>
      <trkpt lat="25.0667224824428558349609375" lon="102.68156929872930049896240234375">
        <ele>1925.5999755859375</ele>
        <time>2026-10-04T23:23:00.000Z</time>
        <extensions>
          <ns3:TrackPointExtension>
            <ns3:hr>149</ns3:hr>
            <ns3:cad>95</ns3:cad>
          </ns3:TrackPointExtension>
        </extensions>
      </trkpt>
      <trkpt lat="25.06669943220913410186767578125" lon="102.68154096789658069610595703125">
        <ele>1925.800048828125</ele>
        <time>2026-10-04T23:23:01.000Z</time>
        <extensions>
          <ns3:TrackPointExtension>
            <ns3:hr>148</ns3:hr>
            <ns3:cad>95</ns3:cad>
          </ns3:TrackPointExtension>
        </extensions>
      </trkpt>
      <trkpt lat="25.066679231822490692138671875" lon="102.681517414748668670654296875">
        <ele>1925.800048828125</ele>
        <time>2026-10-04T23:23:02.000Z</time>
        <extensions>
          <ns3:TrackPointExtension>
            <ns3:hr>148</ns3:hr>
            <ns3:cad>95</ns3:cad>
          </ns3:TrackPointExtension>
        </extensions>
      </trkpt>
      <trkpt lat="25.066667832434177398681640625" lon="102.68148958683013916015625">
        <ele>1925.800048828125</ele>
        <time>2026-10-04T23:23:03.000Z</time>
        <extensions>
          <ns3:TrackPointExtension>
            <ns3:hr>148</ns3:hr>
            <ns3:cad>95</ns3:cad>
          </ns3:TrackPointExtension>
        </extensions>
      </trkpt>
      <trkpt lat="25.06665475666522979736328125" lon="102.681462764739990234375">
        <ele>1925.800048828125</ele>
        <time>2026-10-04T23:23:04.000Z</time>
        <extensions>
          <ns3:TrackPointExtension>
            <ns3:hr>149</ns3:hr>
            <ns3:cad>95</ns3:cad>
          </ns3:TrackPointExtension>
        </extensions>
      </trkpt>
      <trkpt lat="25.0666393339633941650390625" lon="102.68143552355468273162841796875">
        <ele>1925.800048828125</ele>
        <time>2026-10-04T23:23:05.000Z</time>
        <extensions>
          <ns3:TrackPointExtension>
            <ns3:hr>149</ns3:hr>
            <ns3:cad>95</ns3:cad>
          </ns3:TrackPointExtension>
        </extensions>
      </trkpt>
      <trkpt lat="25.06662315689027309417724609375" lon="102.681407444179058074951171875">
        <ele>1925.800048828125</ele>
        <time>2026-10-04T23:23:06.000Z</time>
        <extensions>
          <ns3:TrackPointExtension>
            <ns3:hr>149</ns3:hr>
            <ns3:cad>95</ns3:cad>
          </ns3:TrackPointExtension>
        </extensions>
      </trkpt>
      <trkpt lat="25.066608153283596038818359375" lon="102.6813911832869052886962890625">
        <ele>1925.800048828125</ele>
        <time>2026-10-04T23:23:07.000Z</time>
        <extensions>
          <ns3:TrackPointExtension>
            <ns3:hr>148</ns3:hr>
            <ns3:cad>95</ns3:cad>
          </ns3:TrackPointExtension>
        </extensions>
      </trkpt>
      <trkpt lat="25.06659667007625102996826171875" lon="102.68136561848223209381103515625">
        <ele>1926</ele>
        <time>2026-10-04T23:23:08.000Z</time>
        <extensions>
          <ns3:TrackPointExtension>
            <ns3:hr>148</ns3:hr>
            <ns3:cad>95</ns3:cad>
          </ns3:TrackPointExtension>
        </extensions>
      </trkpt>
      <trkpt lat="25.0665808282792568206787109375" lon="102.681341730058193206787109375">
        <ele>1926</ele>
        <time>2026-10-04T23:23:09.000Z</time>
        <extensions>
          <ns3:TrackPointExtension>
            <ns3:hr>148</ns3:hr>
            <ns3:cad>95</ns3:cad>
          </ns3:TrackPointExtension>
        </extensions>
      </trkpt>
      <trkpt lat="25.0665731169283390045166015625" lon="102.68131448887288570404052734375">
        <ele>1926.199951171875</ele>
        <time>2026-10-04T23:23:10.000Z</time>
        <extensions>
          <ns3:TrackPointExtension>
            <ns3:hr>148</ns3:hr>
            <ns3:cad>95</ns3:cad>
          </ns3:TrackPointExtension>
        </extensions>
      </trkpt>
      <trkpt lat="25.06655660457909107208251953125" lon="102.6812818832695484161376953125">
        <ele>1926.199951171875</ele>
        <time>2026-10-04T23:23:11.000Z</time>
        <extensions>
          <ns3:TrackPointExtension>
            <ns3:hr>149</ns3:hr>
            <ns3:cad>95</ns3:cad>
          </ns3:TrackPointExtension>
        </extensions>
      </trkpt>
      <trkpt lat="25.0665392540395259857177734375" lon="102.68125631846487522125244140625">
        <ele>1926.4000244140625</ele>
        <time>2026-10-04T23:23:12.000Z</time>
        <extensions>
          <ns3:TrackPointExtension>
            <ns3:hr>150</ns3:hr>
            <ns3:cad>95</ns3:cad>
          </ns3:TrackPointExtension>
        </extensions>
      </trkpt>
      <trkpt lat="25.06652609445154666900634765625" lon="102.68123016692698001861572265625">
        <ele>1926.4000244140625</ele>
        <time>2026-10-04T23:23:13.000Z</time>
        <extensions>
          <ns3:TrackPointExtension>
            <ns3:hr>152</ns3:hr>
            <ns3:cad>95</ns3:cad>
          </ns3:TrackPointExtension>
        </extensions>
      </trkpt>
      <trkpt lat="25.066509246826171875" lon="102.68120032735168933868408203125">
        <ele>1926.5999755859375</ele>
        <time>2026-10-04T23:23:14.000Z</time>
        <extensions>
          <ns3:TrackPointExtension>
            <ns3:hr>152</ns3:hr>
            <ns3:cad>96</ns3:cad>
          </ns3:TrackPointExtension>
        </extensions>
      </trkpt>
      <trkpt lat="25.06649809889495372772216796875" lon="102.6811722479760646820068359375">
        <ele>1926.5999755859375</ele>
        <time>2026-10-04T23:23:15.000Z</time>
        <extensions>
          <ns3:TrackPointExtension>
            <ns3:hr>153</ns3:hr>
            <ns3:cad>96</ns3:cad>
          </ns3:TrackPointExtension>
        </extensions>
      </trkpt>
      <trkpt lat="25.0664819218218326568603515625" lon="102.68113813363015651702880859375">
        <ele>1926.5999755859375</ele>
        <time>2026-10-04T23:23:16.000Z</time>
        <extensions>
          <ns3:TrackPointExtension>
            <ns3:hr>152</ns3:hr>
            <ns3:cad>96</ns3:cad>
          </ns3:TrackPointExtension>
        </extensions>
      </trkpt>
      <trkpt lat="25.06646876223385334014892578125" lon="102.6811135746538639068603515625">
        <ele>1926.5999755859375</ele>
        <time>2026-10-04T23:23:17.000Z</time>
        <extensions>
          <ns3:TrackPointExtension>
            <ns3:hr>152</ns3:hr>
            <ns3:cad>96</ns3:cad>
          </ns3:TrackPointExtension>
        </extensions>
      </trkpt>
      <trkpt lat="25.0664527527987957000732421875" lon="102.681084573268890380859375">
        <ele>1926.5999755859375</ele>
        <time>2026-10-04T23:23:18.000Z</time>
        <extensions>
          <ns3:TrackPointExtension>
            <ns3:hr>152</ns3:hr>
            <ns3:cad>96</ns3:cad>
          </ns3:TrackPointExtension>
        </extensions>
      </trkpt>
      <trkpt lat="25.06643204949796199798583984375" lon="102.6810555718839168548583984375">
        <ele>1926.800048828125</ele>
        <time>2026-10-04T23:23:19.000Z</time>
        <extensions>
          <ns3:TrackPointExtension>
            <ns3:hr>152</ns3:hr>
            <ns3:cad>96</ns3:cad>
          </ns3:TrackPointExtension>
        </extensions>
      </trkpt>
      <trkpt lat="25.06641796790063381195068359375" lon="102.681030929088592529296875">
        <ele>1926.800048828125</ele>
        <time>2026-10-04T23:23:20.000Z</time>
        <extensions>
          <ns3:TrackPointExtension>
            <ns3:hr>152</ns3:hr>
            <ns3:cad>96</ns3:cad>
          </ns3:TrackPointExtension>
        </extensions>
      </trkpt>
      <trkpt lat="25.066398270428180694580078125" lon="102.680997736752033233642578125">
        <ele>1927</ele>
        <time>2026-10-04T23:23:21.000Z</time>
        <extensions>
          <ns3:TrackPointExtension>
            <ns3:hr>152</ns3:hr>
            <ns3:cad>95</ns3:cad>
          </ns3:TrackPointExtension>
        </extensions>
      </trkpt>
      <trkpt lat="25.06638309918344020843505859375" lon="102.680976949632167816162109375">
        <ele>1927</ele>
        <time>2026-10-04T23:23:22.000Z</time>
        <extensions>
          <ns3:TrackPointExtension>
            <ns3:hr>152</ns3:hr>
            <ns3:cad>95</ns3:cad>
          </ns3:TrackPointExtension>
        </extensions>
      </trkpt>
      <trkpt lat="25.06636817939579486846923828125" lon="102.680950127542018890380859375">
        <ele>1927</ele>
        <time>2026-10-04T23:23:23.000Z</time>
        <extensions>
          <ns3:TrackPointExtension>
            <ns3:hr>152</ns3:hr>
            <ns3:cad>95</ns3:cad>
          </ns3:TrackPointExtension>
        </extensions>
      </trkpt>
      <trkpt lat="25.06635225377976894378662109375" lon="102.68092405982315540313720703125">
        <ele>1927</ele>
        <time>2026-10-04T23:23:24.000Z</time>
        <extensions>
          <ns3:TrackPointExtension>
            <ns3:hr>151</ns3:hr>
            <ns3:cad>95</ns3:cad>
          </ns3:TrackPointExtension>
        </extensions>
      </trkpt>
      <trkpt lat="25.066341273486614227294921875" lon="102.6808993332087993621826171875">
        <ele>1927</ele>
        <time>2026-10-04T23:23:25.000Z</time>
        <extensions>
          <ns3:TrackPointExtension>
            <ns3:hr>151</ns3:hr>
            <ns3:cad>95</ns3:cad>
          </ns3:TrackPointExtension>
        </extensions>
      </trkpt>
      <trkpt lat="25.066323839128017425537109375" lon="102.68086622469127178192138671875">
        <ele>1927.199951171875</ele>
        <time>2026-10-04T23:23:26.000Z</time>
        <extensions>
          <ns3:TrackPointExtension>
            <ns3:hr>151</ns3:hr>
            <ns3:cad>96</ns3:cad>
          </ns3:TrackPointExtension>
        </extensions>
      </trkpt>
      <trkpt lat="25.06631118245422840118408203125" lon="102.68084409646689891815185546875">
        <ele>1927.199951171875</ele>
        <time>2026-10-04T23:23:27.000Z</time>
        <extensions>
          <ns3:TrackPointExtension>
            <ns3:hr>152</ns3:hr>
            <ns3:cad>96</ns3:cad>
          </ns3:TrackPointExtension>
        </extensions>
      </trkpt>
      <trkpt lat="25.0663015432655811309814453125" lon="102.680811323225498199462890625">
        <ele>1927.4000244140625</ele>
        <time>2026-10-04T23:23:28.000Z</time>
        <extensions>
          <ns3:TrackPointExtension>
            <ns3:hr>151</ns3:hr>
            <ns3:cad>96</ns3:cad>
          </ns3:TrackPointExtension>
        </extensions>
      </trkpt>
      <trkpt lat="25.066292993724346160888671875" lon="102.6807890273630619049072265625">
        <ele>1927.4000244140625</ele>
        <time>2026-10-04T23:23:29.000Z</time>
        <extensions>
          <ns3:TrackPointExtension>
            <ns3:hr>151</ns3:hr>
            <ns3:cad>96</ns3:cad>
          </ns3:TrackPointExtension>
        </extensions>
      </trkpt>
      <trkpt lat="25.0662857852876186370849609375" lon="102.68076212145388126373291015625">
        <ele>1927.4000244140625</ele>
        <time>2026-10-04T23:23:30.000Z</time>
        <extensions>
          <ns3:TrackPointExtension>
            <ns3:hr>151</ns3:hr>
            <ns3:cad>97</ns3:cad>
          </ns3:TrackPointExtension>
        </extensions>
      </trkpt>
      <trkpt lat="25.06626089103519916534423828125" lon="102.68072985112667083740234375">
        <ele>1927.4000244140625</ele>
        <time>2026-10-04T23:23:31.000Z</time>
        <extensions>
          <ns3:TrackPointExtension>
            <ns3:hr>151</ns3:hr>
            <ns3:cad>97</ns3:cad>
          </ns3:TrackPointExtension>
        </extensions>
      </trkpt>
      <trkpt lat="25.066242702305316925048828125" lon="102.68070780672132968902587890625">
        <ele>1927.4000244140625</ele>
        <time>2026-10-04T23:23:32.000Z</time>
        <extensions>
          <ns3:TrackPointExtension>
            <ns3:hr>151</ns3:hr>
            <ns3:cad>97</ns3:cad>
          </ns3:TrackPointExtension>
        </extensions>
      </trkpt>
      <trkpt lat="25.0662264414131641387939453125" lon="102.68067712895572185516357421875">
        <ele>1927.4000244140625</ele>
        <time>2026-10-04T23:23:33.000Z</time>
        <extensions>
          <ns3:TrackPointExtension>
            <ns3:hr>151</ns3:hr>
            <ns3:cad>95</ns3:cad>
          </ns3:TrackPointExtension>
        </extensions>
      </trkpt>
      <trkpt lat="25.0662120245397090911865234375" lon="102.68064695410430431365966796875">
        <ele>1927.5999755859375</ele>
        <time>2026-10-04T23:23:34.000Z</time>
        <extensions>
          <ns3:TrackPointExtension>
            <ns3:hr>152</ns3:hr>
            <ns3:cad>95</ns3:cad>
          </ns3:TrackPointExtension>
        </extensions>
      </trkpt>
      <trkpt lat="25.0662023015320301055908203125" lon="102.68061812035739421844482421875">
        <ele>1927.5999755859375</ele>
        <time>2026-10-04T23:23:35.000Z</time>
        <extensions>
          <ns3:TrackPointExtension>
            <ns3:hr>151</ns3:hr>
            <ns3:cad>95</ns3:cad>
          </ns3:TrackPointExtension>
        </extensions>
      </trkpt>
      <trkpt lat="25.06618461571633815765380859375" lon="102.6805798150599002838134765625">
        <ele>1927.5999755859375</ele>
        <time>2026-10-04T23:23:36.000Z</time>
        <extensions>
          <ns3:TrackPointExtension>
            <ns3:hr>151</ns3:hr>
            <ns3:cad>96</ns3:cad>
          </ns3:TrackPointExtension>
        </extensions>
      </trkpt>
      <trkpt lat="25.06616584025323390960693359375" lon="102.68055425025522708892822265625">
        <ele>1927.5999755859375</ele>
        <time>2026-10-04T23:23:37.000Z</time>
        <extensions>
          <ns3:TrackPointExtension>
            <ns3:hr>150</ns3:hr>
            <ns3:cad>96</ns3:cad>
          </ns3:TrackPointExtension>
        </extensions>
      </trkpt>
      <trkpt lat="25.06615184247493743896484375" lon="102.68052172847092151641845703125">
        <ele>1927.800048828125</ele>
        <time>2026-10-04T23:23:38.000Z</time>
        <extensions>
          <ns3:TrackPointExtension>
            <ns3:hr>150</ns3:hr>
            <ns3:cad>96</ns3:cad>
          </ns3:TrackPointExtension>
        </extensions>
      </trkpt>
      <trkpt lat="25.06613985635340213775634765625" lon="102.680487446486949920654296875">
        <ele>1927.800048828125</ele>
        <time>2026-10-04T23:23:39.000Z</time>
        <extensions>
          <ns3:TrackPointExtension>
            <ns3:hr>151</ns3:hr>
            <ns3:cad>97</ns3:cad>
          </ns3:TrackPointExtension>
        </extensions>
      </trkpt>
      <trkpt lat="25.066126696765422821044921875" lon="102.6804624684154987335205078125">
        <ele>1927.800048828125</ele>
        <time>2026-10-04T23:23:40.000Z</time>
        <extensions>
          <ns3:TrackPointExtension>
            <ns3:hr>151</ns3:hr>
            <ns3:cad>96</ns3:cad>
          </ns3:TrackPointExtension>
        </extensions>
      </trkpt>
      <trkpt lat="25.06611219607293605804443359375" lon="102.68042139708995819091796875">
        <ele>1928</ele>
        <time>2026-10-04T23:23:41.000Z</time>
        <extensions>
          <ns3:TrackPointExtension>
            <ns3:hr>151</ns3:hr>
            <ns3:cad>96</ns3:cad>
          </ns3:TrackPointExtension>
        </extensions>
      </trkpt>
      <trkpt lat="25.06609710864722728729248046875" lon="102.68039164133369922637939453125">
        <ele>1928</ele>
        <time>2026-10-04T23:23:42.000Z</time>
        <extensions>
          <ns3:TrackPointExtension>
            <ns3:hr>151</ns3:hr>
            <ns3:cad>96</ns3:cad>
          </ns3:TrackPointExtension>
        </extensions>
      </trkpt>
      <trkpt lat="25.06608688272535800933837890625" lon="102.68035459332168102264404296875">
        <ele>1928</ele>
        <time>2026-10-04T23:23:43.000Z</time>
        <extensions>
          <ns3:TrackPointExtension>
            <ns3:hr>151</ns3:hr>
            <ns3:cad>96</ns3:cad>
          </ns3:TrackPointExtension>
        </extensions>
      </trkpt>
      <trkpt lat="25.0660718791186809539794921875" lon="102.6803193055093288421630859375">
        <ele>1928.199951171875</ele>
        <time>2026-10-04T23:23:44.000Z</time>
        <extensions>
          <ns3:TrackPointExtension>
            <ns3:hr>150</ns3:hr>
            <ns3:cad>97</ns3:cad>
          </ns3:TrackPointExtension>
        </extensions>
      </trkpt>
      <trkpt lat="25.066057629883289337158203125" lon="102.6802948303520679473876953125">
        <ele>1928.199951171875</ele>
        <time>2026-10-04T23:23:45.000Z</time>
        <extensions>
          <ns3:TrackPointExtension>
            <ns3:hr>151</ns3:hr>
            <ns3:cad>97</ns3:cad>
          </ns3:TrackPointExtension>
        </extensions>
      </trkpt>
      <trkpt lat="25.066043548285961151123046875" lon="102.68025954253971576690673828125">
        <ele>1928.199951171875</ele>
        <time>2026-10-04T23:23:46.000Z</time>
        <extensions>
          <ns3:TrackPointExtension>
            <ns3:hr>151</ns3:hr>
            <ns3:cad>96</ns3:cad>
          </ns3:TrackPointExtension>
        </extensions>
      </trkpt>
      <trkpt lat="25.066030807793140411376953125" lon="102.68023238517343997955322265625">
        <ele>1928.199951171875</ele>
        <time>2026-10-04T23:23:47.000Z</time>
        <extensions>
          <ns3:TrackPointExtension>
            <ns3:hr>150</ns3:hr>
            <ns3:cad>96</ns3:cad>
          </ns3:TrackPointExtension>
        </extensions>
      </trkpt>
      <trkpt lat="25.06602267734706401824951171875" lon="102.68020438961684703826904296875">
        <ele>1928.199951171875</ele>
        <time>2026-10-04T23:23:48.000Z</time>
        <extensions>
          <ns3:TrackPointExtension>
            <ns3:hr>150</ns3:hr>
            <ns3:cad>96</ns3:cad>
          </ns3:TrackPointExtension>
        </extensions>
      </trkpt>
      <trkpt lat="25.066007673740386962890625" lon="102.68016926944255828857421875">
        <ele>1928.199951171875</ele>
        <time>2026-10-04T23:23:49.000Z</time>
        <extensions>
          <ns3:TrackPointExtension>
            <ns3:hr>150</ns3:hr>
            <ns3:cad>96</ns3:cad>
          </ns3:TrackPointExtension>
        </extensions>
      </trkpt>
      <trkpt lat="25.065989233553409576416015625" lon="102.6801432855427265167236328125">
        <ele>1928.199951171875</ele>
        <time>2026-10-04T23:23:50.000Z</time>
        <extensions>
          <ns3:TrackPointExtension>
            <ns3:hr>151</ns3:hr>
            <ns3:cad>96</ns3:cad>
          </ns3:TrackPointExtension>
        </extensions>
      </trkpt>
      <trkpt lat="25.065973810851573944091796875" lon="102.680111266672611236572265625">
        <ele>1928.199951171875</ele>
        <time>2026-10-04T23:23:51.000Z</time>
        <extensions>
          <ns3:TrackPointExtension>
            <ns3:hr>151</ns3:hr>
            <ns3:cad>96</ns3:cad>
          </ns3:TrackPointExtension>
        </extensions>
      </trkpt>
      <trkpt lat="25.06596048362553119659423828125" lon="102.68008285202085971832275390625">
        <ele>1928.199951171875</ele>
        <time>2026-10-04T23:23:52.000Z</time>
        <extensions>
          <ns3:TrackPointExtension>
            <ns3:hr>151</ns3:hr>
            <ns3:cad>96</ns3:cad>
          </ns3:TrackPointExtension>
        </extensions>
      </trkpt>
      <trkpt lat="25.06594824604690074920654296875" lon="102.680055610835552215576171875">
        <ele>1928.199951171875</ele>
        <time>2026-10-04T23:23:53.000Z</time>
        <extensions>
          <ns3:TrackPointExtension>
            <ns3:hr>151</ns3:hr>
            <ns3:cad>96</ns3:cad>
          </ns3:TrackPointExtension>
        </extensions>
      </trkpt>
      <trkpt lat="25.06593433208763599395751953125" lon="102.68002266995608806610107421875">
        <ele>1928.4000244140625</ele>
        <time>2026-10-04T23:23:54.000Z</time>
        <extensions>
          <ns3:TrackPointExtension>
            <ns3:hr>151</ns3:hr>
            <ns3:cad>96</ns3:cad>
          </ns3:TrackPointExtension>
        </extensions>
      </trkpt>
      <trkpt lat="25.06591983139514923095703125" lon="102.68000037409365177154541015625">
        <ele>1928.4000244140625</ele>
        <time>2026-10-04T23:23:55.000Z</time>
        <extensions>
          <ns3:TrackPointExtension>
            <ns3:hr>151</ns3:hr>
            <ns3:cad>96</ns3:cad>
          </ns3:TrackPointExtension>
        </extensions>
      </trkpt>
      <trkpt lat="25.06590583361685276031494140625" lon="102.67996768467128276824951171875">
        <ele>1928.4000244140625</ele>
        <time>2026-10-04T23:23:56.000Z</time>
        <extensions>
          <ns3:TrackPointExtension>
            <ns3:hr>150</ns3:hr>
            <ns3:cad>96</ns3:cad>
          </ns3:TrackPointExtension>
        </extensions>
      </trkpt>
      <trkpt lat="25.0658915005624294281005859375" lon="102.6799377612769603729248046875">
        <ele>1928.4000244140625</ele>
        <time>2026-10-04T23:23:57.000Z</time>
        <extensions>
          <ns3:TrackPointExtension>
            <ns3:hr>151</ns3:hr>
            <ns3:cad>95</ns3:cad>
          </ns3:TrackPointExtension>
        </extensions>
      </trkpt>
      <trkpt lat="25.06588387303054332733154296875" lon="102.67990951426327228546142578125">
        <ele>1928.4000244140625</ele>
        <time>2026-10-04T23:23:58.000Z</time>
        <extensions>
          <ns3:TrackPointExtension>
            <ns3:hr>151</ns3:hr>
            <ns3:cad>95</ns3:cad>
          </ns3:TrackPointExtension>
        </extensions>
      </trkpt>
      <trkpt lat="25.06586886942386627197265625" lon="102.67987548373639583587646484375">
        <ele>1928.4000244140625</ele>
        <time>2026-10-04T23:23:59.000Z</time>
        <extensions>
          <ns3:TrackPointExtension>
            <ns3:hr>151</ns3:hr>
            <ns3:cad>96</ns3:cad>
          </ns3:TrackPointExtension>
        </extensions>
      </trkpt>
      <trkpt lat="25.06585319526493549346923828125" lon="102.67985100857913494110107421875">
        <ele>1928.4000244140625</ele>
        <time>2026-10-04T23:24:00.000Z</time>
        <extensions>
          <ns3:TrackPointExtension>
            <ns3:hr>150</ns3:hr>
            <ns3:cad>96</ns3:cad>
          </ns3:TrackPointExtension>
        </extensions>
      </trkpt>
      <trkpt lat="25.0658381916582584381103515625" lon="102.6798140443861484527587890625">
        <ele>1928.4000244140625</ele>
        <time>2026-10-04T23:24:01.000Z</time>
        <extensions>
          <ns3:TrackPointExtension>
            <ns3:hr>150</ns3:hr>
            <ns3:cad>96</ns3:cad>
          </ns3:TrackPointExtension>
        </extensions>
      </trkpt>
      <trkpt lat="25.06582335568964481353759765625" lon="102.67978378571569919586181640625">
        <ele>1928.5999755859375</ele>
        <time>2026-10-04T23:24:02.000Z</time>
        <extensions>
          <ns3:TrackPointExtension>
            <ns3:hr>150</ns3:hr>
            <ns3:cad>96</ns3:cad>
          </ns3:TrackPointExtension>
        </extensions>
      </trkpt>
      <trkpt lat="25.06581128574907779693603515625" lon="102.6797513477504253387451171875">
        <ele>1928.5999755859375</ele>
        <time>2026-10-04T23:24:03.000Z</time>
        <extensions>
          <ns3:TrackPointExtension>
            <ns3:hr>150</ns3:hr>
            <ns3:cad>96</ns3:cad>
          </ns3:TrackPointExtension>
        </extensions>
      </trkpt>
      <trkpt lat="25.0657972879707813262939453125" lon="102.6797137968242168426513671875">
        <ele>1928.5999755859375</ele>
        <time>2026-10-04T23:24:04.000Z</time>
        <extensions>
          <ns3:TrackPointExtension>
            <ns3:hr>150</ns3:hr>
            <ns3:cad>96</ns3:cad>
          </ns3:TrackPointExtension>
        </extensions>
      </trkpt>
      <trkpt lat="25.065782368183135986328125" lon="102.67968890257179737091064453125">
        <ele>1928.800048828125</ele>
        <time>2026-10-04T23:24:05.000Z</time>
        <extensions>
          <ns3:TrackPointExtension>
            <ns3:hr>150</ns3:hr>
            <ns3:cad>96</ns3:cad>
          </ns3:TrackPointExtension>
        </extensions>
      </trkpt>
      <trkpt lat="25.0657674483954906463623046875" lon="102.6796524412930011749267578125">
        <ele>1928.800048828125</ele>
        <time>2026-10-04T23:24:06.000Z</time>
        <extensions>
          <ns3:TrackPointExtension>
            <ns3:hr>150</ns3:hr>
            <ns3:cad>96</ns3:cad>
          </ns3:TrackPointExtension>
        </extensions>
      </trkpt>
      <trkpt lat="25.065752528607845306396484375" lon="102.67962167970836162567138671875">
        <ele>1929</ele>
        <time>2026-10-04T23:24:07.000Z</time>
        <extensions>
          <ns3:TrackPointExtension>
            <ns3:hr>150</ns3:hr>
            <ns3:cad>96</ns3:cad>
          </ns3:TrackPointExtension>
        </extensions>
      </trkpt>
      <trkpt lat="25.0657412968575954437255859375" lon="102.67959049902856349945068359375">
        <ele>1929.199951171875</ele>
        <time>2026-10-04T23:24:08.000Z</time>
        <extensions>
          <ns3:TrackPointExtension>
            <ns3:hr>149</ns3:hr>
            <ns3:cad>96</ns3:cad>
          </ns3:TrackPointExtension>
        </extensions>
      </trkpt>
      <trkpt lat="25.065726377069950103759765625" lon="102.6795538701117038726806640625">
        <ele>1929.199951171875</ele>
        <time>2026-10-04T23:24:09.000Z</time>
        <extensions>
          <ns3:TrackPointExtension>
            <ns3:hr>149</ns3:hr>
            <ns3:cad>96</ns3:cad>
          </ns3:TrackPointExtension>
        </extensions>
      </trkpt>
      <trkpt lat="25.0657138042151927947998046875" lon="102.679525204002857208251953125">
        <ele>1929.199951171875</ele>
        <time>2026-10-04T23:24:10.000Z</time>
        <extensions>
          <ns3:TrackPointExtension>
            <ns3:hr>149</ns3:hr>
            <ns3:cad>96</ns3:cad>
          </ns3:TrackPointExtension>
        </extensions>
      </trkpt>
      <trkpt lat="25.06569997407495975494384765625" lon="102.67948706634342670440673828125">
        <ele>1929.199951171875</ele>
        <time>2026-10-04T23:24:11.000Z</time>
        <extensions>
          <ns3:TrackPointExtension>
            <ns3:hr>149</ns3:hr>
            <ns3:cad>96</ns3:cad>
          </ns3:TrackPointExtension>
        </extensions>
      </trkpt>
      <trkpt lat="25.06568488664925098419189453125" lon="102.67945571802556514739990234375">
        <ele>1929.199951171875</ele>
        <time>2026-10-04T23:24:12.000Z</time>
        <extensions>
          <ns3:TrackPointExtension>
            <ns3:hr>149</ns3:hr>
            <ns3:cad>97</ns3:cad>
          </ns3:TrackPointExtension>
        </extensions>
      </trkpt>
      <trkpt lat="25.06567575037479400634765625" lon="102.6794221065938472747802734375">
        <ele>1929.199951171875</ele>
        <time>2026-10-04T23:24:13.000Z</time>
        <extensions>
          <ns3:TrackPointExtension>
            <ns3:hr>148</ns3:hr>
            <ns3:cad>97</ns3:cad>
          </ns3:TrackPointExtension>
        </extensions>
      </trkpt>
      <trkpt lat="25.06566477008163928985595703125" lon="102.67938313074409961700439453125">
        <ele>1929</ele>
        <time>2026-10-04T23:24:14.000Z</time>
        <extensions>
          <ns3:TrackPointExtension>
            <ns3:hr>149</ns3:hr>
            <ns3:cad>97</ns3:cad>
          </ns3:TrackPointExtension>
        </extensions>
      </trkpt>
      <trkpt lat="25.065653622150421142578125" lon="102.6793547160923480987548828125">
        <ele>1929</ele>
        <time>2026-10-04T23:24:15.000Z</time>
        <extensions>
          <ns3:TrackPointExtension>
            <ns3:hr>149</ns3:hr>
            <ns3:cad>96</ns3:cad>
          </ns3:TrackPointExtension>
        </extensions>
      </trkpt>
      <trkpt lat="25.06564381532371044158935546875" lon="102.67931724898517131805419921875">
        <ele>1929</ele>
        <time>2026-10-04T23:24:16.000Z</time>
        <extensions>
          <ns3:TrackPointExtension>
            <ns3:hr>148</ns3:hr>
            <ns3:cad>96</ns3:cad>
          </ns3:TrackPointExtension>
        </extensions>
      </trkpt>
      <trkpt lat="25.0656333379447460174560546875" lon="102.6792856492102146148681640625">
        <ele>1929.199951171875</ele>
        <time>2026-10-04T23:24:17.000Z</time>
        <extensions>
          <ns3:TrackPointExtension>
            <ns3:hr>148</ns3:hr>
            <ns3:cad>96</ns3:cad>
          </ns3:TrackPointExtension>
        </extensions>
      </trkpt>
      <trkpt lat="25.065626464784145355224609375" lon="102.67925874330103397369384765625">
        <ele>1929.199951171875</ele>
        <time>2026-10-04T23:24:18.000Z</time>
        <extensions>
          <ns3:TrackPointExtension>
            <ns3:hr>149</ns3:hr>
            <ns3:cad>96</ns3:cad>
          </ns3:TrackPointExtension>
        </extensions>
      </trkpt>
      <trkpt lat="25.0656165741384029388427734375" lon="102.67922370694577693939208984375">
        <ele>1929.4000244140625</ele>
        <time>2026-10-04T23:24:19.000Z</time>
        <extensions>
          <ns3:TrackPointExtension>
            <ns3:hr>148</ns3:hr>
            <ns3:cad>96</ns3:cad>
          </ns3:TrackPointExtension>
        </extensions>
      </trkpt>
      <trkpt lat="25.06561028771102428436279296875" lon="102.67919654957950115203857421875">
        <ele>1929.4000244140625</ele>
        <time>2026-10-04T23:24:20.000Z</time>
        <extensions>
          <ns3:TrackPointExtension>
            <ns3:hr>149</ns3:hr>
            <ns3:cad>96</ns3:cad>
          </ns3:TrackPointExtension>
        </extensions>
      </trkpt>
      <trkpt lat="25.0656066834926605224609375" lon="102.67916117794811725616455078125">
        <ele>1929.199951171875</ele>
        <time>2026-10-04T23:24:21.000Z</time>
        <extensions>
          <ns3:TrackPointExtension>
            <ns3:hr>148</ns3:hr>
            <ns3:cad>96</ns3:cad>
          </ns3:TrackPointExtension>
        </extensions>
      </trkpt>
      <trkpt lat="25.0655957870185375213623046875" lon="102.67913284711539745330810546875">
        <ele>1929.199951171875</ele>
        <time>2026-10-04T23:24:22.000Z</time>
        <extensions>
          <ns3:TrackPointExtension>
            <ns3:hr>148</ns3:hr>
            <ns3:cad>95</ns3:cad>
          </ns3:TrackPointExtension>
        </extensions>
      </trkpt>
      <trkpt lat="25.06559117697179317474365234375" lon="102.6790965534746646881103515625">
        <ele>1929.199951171875</ele>
        <time>2026-10-04T23:24:23.000Z</time>
        <extensions>
          <ns3:TrackPointExtension>
            <ns3:hr>148</ns3:hr>
            <ns3:cad>95</ns3:cad>
          </ns3:TrackPointExtension>
        </extensions>
      </trkpt>
      <trkpt lat="25.0655870698392391204833984375" lon="102.67906378023326396942138671875">
        <ele>1929</ele>
        <time>2026-10-04T23:24:24.000Z</time>
        <extensions>
          <ns3:TrackPointExtension>
            <ns3:hr>149</ns3:hr>
            <ns3:cad>95</ns3:cad>
          </ns3:TrackPointExtension>
        </extensions>
      </trkpt>
      <trkpt lat="25.06557659246027469635009765625" lon="102.67903377301990985870361328125">
        <ele>1929</ele>
        <time>2026-10-04T23:24:25.000Z</time>
        <extensions>
          <ns3:TrackPointExtension>
            <ns3:hr>149</ns3:hr>
            <ns3:cad>95</ns3:cad>
          </ns3:TrackPointExtension>
        </extensions>
      </trkpt>
      <trkpt lat="25.06556712090969085693359375" lon="102.67899303697049617767333984375">
        <ele>1928.800048828125</ele>
        <time>2026-10-04T23:24:26.000Z</time>
        <extensions>
          <ns3:TrackPointExtension>
            <ns3:hr>149</ns3:hr>
            <ns3:cad>95</ns3:cad>
          </ns3:TrackPointExtension>
        </extensions>
      </trkpt>
      <trkpt lat="25.06555748172104358673095703125" lon="102.6789604313671588897705078125">
        <ele>1928.800048828125</ele>
        <time>2026-10-04T23:24:27.000Z</time>
        <extensions>
          <ns3:TrackPointExtension>
            <ns3:hr>149</ns3:hr>
            <ns3:cad>95</ns3:cad>
          </ns3:TrackPointExtension>
        </extensions>
      </trkpt>
      <trkpt lat="25.065553374588489532470703125" lon="102.6789347827434539794921875">
        <ele>1928.800048828125</ele>
        <time>2026-10-04T23:24:28.000Z</time>
        <extensions>
          <ns3:TrackPointExtension>
            <ns3:hr>149</ns3:hr>
            <ns3:cad>96</ns3:cad>
          </ns3:TrackPointExtension>
        </extensions>
      </trkpt>
      <trkpt lat="25.06554641760885715484619140625" lon="102.67890016548335552215576171875">
        <ele>1928.5999755859375</ele>
        <time>2026-10-04T23:24:29.000Z</time>
        <extensions>
          <ns3:TrackPointExtension>
            <ns3:hr>149</ns3:hr>
            <ns3:cad>96</ns3:cad>
          </ns3:TrackPointExtension>
        </extensions>
      </trkpt>
      <trkpt lat="25.065538622438907623291015625" lon="102.67887108027935028076171875">
        <ele>1928.5999755859375</ele>
        <time>2026-10-04T23:24:30.000Z</time>
        <extensions>
          <ns3:TrackPointExtension>
            <ns3:hr>149</ns3:hr>
            <ns3:cad>96</ns3:cad>
          </ns3:TrackPointExtension>
        </extensions>
      </trkpt>
      <trkpt lat="25.0655449926853179931640625" lon="102.67883495427668094635009765625">
        <ele>1928.4000244140625</ele>
        <time>2026-10-04T23:24:31.000Z</time>
        <extensions>
          <ns3:TrackPointExtension>
            <ns3:hr>148</ns3:hr>
            <ns3:cad>96</ns3:cad>
          </ns3:TrackPointExtension>
        </extensions>
      </trkpt>
      <trkpt lat="25.06554524414241313934326171875" lon="102.67879740335047245025634765625">
        <ele>1928.199951171875</ele>
        <time>2026-10-04T23:24:32.000Z</time>
        <extensions>
          <ns3:TrackPointExtension>
            <ns3:hr>149</ns3:hr>
            <ns3:cad>96</ns3:cad>
          </ns3:TrackPointExtension>
        </extensions>
      </trkpt>
      <trkpt lat="25.065549351274967193603515625" lon="102.67876446247100830078125">
        <ele>1928</ele>
        <time>2026-10-04T23:24:33.000Z</time>
        <extensions>
          <ns3:TrackPointExtension>
            <ns3:hr>149</ns3:hr>
            <ns3:cad>96</ns3:cad>
          </ns3:TrackPointExtension>
        </extensions>
      </trkpt>
      <trkpt lat="25.065552033483982086181640625" lon="102.6787227205932140350341796875">
        <ele>1928</ele>
        <time>2026-10-04T23:24:34.000Z</time>
        <extensions>
          <ns3:TrackPointExtension>
            <ns3:hr>149</ns3:hr>
            <ns3:cad>96</ns3:cad>
          </ns3:TrackPointExtension>
        </extensions>
      </trkpt>
      <trkpt lat="25.065549351274967193603515625" lon="102.67868458293378353118896484375">
        <ele>1928</ele>
        <time>2026-10-04T23:24:35.000Z</time>
        <extensions>
          <ns3:TrackPointExtension>
            <ns3:hr>149</ns3:hr>
            <ns3:cad>96</ns3:cad>
          </ns3:TrackPointExtension>
        </extensions>
      </trkpt>
      <trkpt lat="25.06555178202688694000244140625" lon="102.67864300869405269622802734375">
        <ele>1928</ele>
        <time>2026-10-04T23:24:36.000Z</time>
        <extensions>
          <ns3:TrackPointExtension>
            <ns3:hr>149</ns3:hr>
            <ns3:cad>97</ns3:cad>
          </ns3:TrackPointExtension>
        </extensions>
      </trkpt>
      <trkpt lat="25.06555312313139438629150390625" lon="102.6786026917397975921630859375">
        <ele>1927.800048828125</ele>
        <time>2026-10-04T23:24:37.000Z</time>
        <extensions>
          <ns3:TrackPointExtension>
            <ns3:hr>148</ns3:hr>
            <ns3:cad>97</ns3:cad>
          </ns3:TrackPointExtension>
        </extensions>
      </trkpt>
      <trkpt lat="25.06555530242621898651123046875" lon="102.6785745285451412200927734375">
        <ele>1927.800048828125</ele>
        <time>2026-10-04T23:24:38.000Z</time>
        <extensions>
          <ns3:TrackPointExtension>
            <ns3:hr>148</ns3:hr>
            <ns3:cad>97</ns3:cad>
          </ns3:TrackPointExtension>
        </extensions>
      </trkpt>
      <trkpt lat="25.065564773976802825927734375" lon="102.67853102646768093109130859375">
        <ele>1927.5999755859375</ele>
        <time>2026-10-04T23:24:39.000Z</time>
        <extensions>
          <ns3:TrackPointExtension>
            <ns3:hr>148</ns3:hr>
            <ns3:cad>97</ns3:cad>
          </ns3:TrackPointExtension>
        </extensions>
      </trkpt>
      <trkpt lat="25.0655612535774707794189453125" lon="102.67849699594080448150634765625">
        <ele>1927.199951171875</ele>
        <time>2026-10-04T23:24:40.000Z</time>
        <extensions>
          <ns3:TrackPointExtension>
            <ns3:hr>148</ns3:hr>
            <ns3:cad>97</ns3:cad>
          </ns3:TrackPointExtension>
        </extensions>
      </trkpt>
      <trkpt lat="25.0655599124729633331298828125" lon="102.678463719785213470458984375">
        <ele>1927</ele>
        <time>2026-10-04T23:24:41.000Z</time>
        <extensions>
          <ns3:TrackPointExtension>
            <ns3:hr>148</ns3:hr>
            <ns3:cad>97</ns3:cad>
          </ns3:TrackPointExtension>
        </extensions>
      </trkpt>
      <trkpt lat="25.0655605830252170562744140625" lon="102.678420804440975189208984375">
        <ele>1927</ele>
        <time>2026-10-04T23:24:42.000Z</time>
        <extensions>
          <ns3:TrackPointExtension>
            <ns3:hr>148</ns3:hr>
            <ns3:cad>97</ns3:cad>
          </ns3:TrackPointExtension>
        </extensions>
      </trkpt>
      <trkpt lat="25.0655532069504261016845703125" lon="102.67838694155216217041015625">
        <ele>1926.800048828125</ele>
        <time>2026-10-04T23:24:43.000Z</time>
        <extensions>
          <ns3:TrackPointExtension>
            <ns3:hr>148</ns3:hr>
            <ns3:cad>97</ns3:cad>
          </ns3:TrackPointExtension>
        </extensions>
      </trkpt>
      <trkpt lat="25.06555580534040927886962890625" lon="102.67834662459790706634521484375">
        <ele>1926.5999755859375</ele>
        <time>2026-10-04T23:24:44.000Z</time>
        <extensions>
          <ns3:TrackPointExtension>
            <ns3:hr>148</ns3:hr>
            <ns3:cad>97</ns3:cad>
          </ns3:TrackPointExtension>
        </extensions>
      </trkpt>
      <trkpt lat="25.06555949337780475616455078125" lon="102.67830655910074710845947265625">
        <ele>1926.4000244140625</ele>
        <time>2026-10-04T23:24:45.000Z</time>
        <extensions>
          <ns3:TrackPointExtension>
            <ns3:hr>148</ns3:hr>
            <ns3:cad>97</ns3:cad>
          </ns3:TrackPointExtension>
        </extensions>
      </trkpt>
      <trkpt lat="25.065558739006519317626953125" lon="102.6782734505832195281982421875">
        <ele>1926.4000244140625</ele>
        <time>2026-10-04T23:24:46.000Z</time>
        <extensions>
          <ns3:TrackPointExtension>
            <ns3:hr>148</ns3:hr>
            <ns3:cad>97</ns3:cad>
          </ns3:TrackPointExtension>
        </extensions>
      </trkpt>
      <trkpt lat="25.06556770764291286468505859375" lon="102.67823095433413982391357421875">
        <ele>1926.199951171875</ele>
        <time>2026-10-04T23:24:47.000Z</time>
        <extensions>
          <ns3:TrackPointExtension>
            <ns3:hr>148</ns3:hr>
            <ns3:cad>97</ns3:cad>
          </ns3:TrackPointExtension>
        </extensions>
      </trkpt>
      <trkpt lat="25.0655676238238811492919921875" lon="102.67819474451243877410888671875">
        <ele>1926</ele>
        <time>2026-10-04T23:24:48.000Z</time>
        <extensions>
          <ns3:TrackPointExtension>
            <ns3:hr>147</ns3:hr>
            <ns3:cad>97</ns3:cad>
          </ns3:TrackPointExtension>
        </extensions>
      </trkpt>
      <trkpt lat="25.06557516753673553466796875" lon="102.67816021107137203216552734375">
        <ele>1926</ele>
        <time>2026-10-04T23:24:49.000Z</time>
        <extensions>
          <ns3:TrackPointExtension>
            <ns3:hr>147</ns3:hr>
            <ns3:cad>97</ns3:cad>
          </ns3:TrackPointExtension>
        </extensions>
      </trkpt>
      <trkpt lat="25.065584219992160797119140625" lon="102.67811997793614864349365234375">
        <ele>1925.800048828125</ele>
        <time>2026-10-04T23:24:50.000Z</time>
        <extensions>
          <ns3:TrackPointExtension>
            <ns3:hr>146</ns3:hr>
            <ns3:cad>97</ns3:cad>
          </ns3:TrackPointExtension>
        </extensions>
      </trkpt>
      <trkpt lat="25.06558455526828765869140625" lon="102.67808812670409679412841796875">
        <ele>1925.800048828125</ele>
        <time>2026-10-04T23:24:51.000Z</time>
        <extensions>
          <ns3:TrackPointExtension>
            <ns3:hr>146</ns3:hr>
            <ns3:cad>97</ns3:cad>
          </ns3:TrackPointExtension>
        </extensions>
      </trkpt>
      <trkpt lat="25.0655884109437465667724609375" lon="102.67804806120693683624267578125">
        <ele>1925.5999755859375</ele>
        <time>2026-10-04T23:24:52.000Z</time>
        <extensions>
          <ns3:TrackPointExtension>
            <ns3:hr>145</ns3:hr>
            <ns3:cad>97</ns3:cad>
          </ns3:TrackPointExtension>
        </extensions>
      </trkpt>
      <trkpt lat="25.06558950059115886688232421875" lon="102.67801151610910892486572265625">
        <ele>1925.4000244140625</ele>
        <time>2026-10-04T23:24:53.000Z</time>
        <extensions>
          <ns3:TrackPointExtension>
            <ns3:hr>145</ns3:hr>
            <ns3:cad>97</ns3:cad>
          </ns3:TrackPointExtension>
        </extensions>
      </trkpt>
      <trkpt lat="25.06559067405760288238525390625" lon="102.677979581058025360107421875">
        <ele>1925.4000244140625</ele>
        <time>2026-10-04T23:24:54.000Z</time>
        <extensions>
          <ns3:TrackPointExtension>
            <ns3:hr>145</ns3:hr>
            <ns3:cad>98</ns3:cad>
          </ns3:TrackPointExtension>
        </extensions>
      </trkpt>
      <trkpt lat="25.06560006178915500640869140625" lon="102.67794035375118255615234375">
        <ele>1925.199951171875</ele>
        <time>2026-10-04T23:24:55.000Z</time>
        <extensions>
          <ns3:TrackPointExtension>
            <ns3:hr>145</ns3:hr>
            <ns3:cad>98</ns3:cad>
          </ns3:TrackPointExtension>
        </extensions>
      </trkpt>
      <trkpt lat="25.06559972651302814483642578125" lon="102.67790523357689380645751953125">
        <ele>1925</ele>
        <time>2026-10-04T23:24:56.000Z</time>
        <extensions>
          <ns3:TrackPointExtension>
            <ns3:hr>145</ns3:hr>
            <ns3:cad>98</ns3:cad>
          </ns3:TrackPointExtension>
        </extensions>
      </trkpt>
      <trkpt lat="25.065605007112026214599609375" lon="102.67786667682230472564697265625">
        <ele>1924.800048828125</ele>
        <time>2026-10-04T23:24:57.000Z</time>
        <extensions>
          <ns3:TrackPointExtension>
            <ns3:hr>145</ns3:hr>
            <ns3:cad>99</ns3:cad>
          </ns3:TrackPointExtension>
        </extensions>
      </trkpt>
      <trkpt lat="25.06560827605426311492919921875" lon="102.67782761715352535247802734375">
        <ele>1924.5999755859375</ele>
        <time>2026-10-04T23:24:58.000Z</time>
        <extensions>
          <ns3:TrackPointExtension>
            <ns3:hr>145</ns3:hr>
            <ns3:cad>99</ns3:cad>
          </ns3:TrackPointExtension>
        </extensions>
      </trkpt>
      <trkpt lat="25.06560802459716796875" lon="102.67779325135052204132080078125">
        <ele>1924.5999755859375</ele>
        <time>2026-10-04T23:24:59.000Z</time>
        <extensions>
          <ns3:TrackPointExtension>
            <ns3:hr>145</ns3:hr>
            <ns3:cad>96</ns3:cad>
          </ns3:TrackPointExtension>
        </extensions>
      </trkpt>
      <trkpt lat="25.06561531685292720794677734375" lon="102.6777537725865840911865234375">
        <ele>1924.4000244140625</ele>
        <time>2026-10-04T23:25:00.000Z</time>
        <extensions>
          <ns3:TrackPointExtension>
            <ns3:hr>145</ns3:hr>
            <ns3:cad>96</ns3:cad>
          </ns3:TrackPointExtension>
        </extensions>
      </trkpt>
      <trkpt lat="25.06561917252838611602783203125" lon="102.6777158863842487335205078125">
        <ele>1924.4000244140625</ele>
        <time>2026-10-04T23:25:01.000Z</time>
        <extensions>
          <ns3:TrackPointExtension>
            <ns3:hr>145</ns3:hr>
            <ns3:cad>96</ns3:cad>
          </ns3:TrackPointExtension>
        </extensions>
      </trkpt>
      <trkpt lat="25.0656182505190372467041015625" lon="102.677683532238006591796875">
        <ele>1924.199951171875</ele>
        <time>2026-10-04T23:25:02.000Z</time>
        <extensions>
          <ns3:TrackPointExtension>
            <ns3:hr>144</ns3:hr>
            <ns3:cad>96</ns3:cad>
          </ns3:TrackPointExtension>
        </extensions>
      </trkpt>
      <trkpt lat="25.06562118418514728546142578125" lon="102.67763885669410228729248046875">
        <ele>1924</ele>
        <time>2026-10-04T23:25:03.000Z</time>
        <extensions>
          <ns3:TrackPointExtension>
            <ns3:hr>143</ns3:hr>
            <ns3:cad>97</ns3:cad>
          </ns3:TrackPointExtension>
        </extensions>
      </trkpt>
      <trkpt lat="25.06561783142387866973876953125" lon="102.67760507762432098388671875">
        <ele>1923.800048828125</ele>
        <time>2026-10-04T23:25:04.000Z</time>
        <extensions>
          <ns3:TrackPointExtension>
            <ns3:hr>140</ns3:hr>
            <ns3:cad>97</ns3:cad>
          </ns3:TrackPointExtension>
        </extensions>
      </trkpt>
      <trkpt lat="25.06561749614775180816650390625" lon="102.677569873631000518798828125">
        <ele>1923.800048828125</ele>
        <time>2026-10-04T23:25:05.000Z</time>
        <extensions>
          <ns3:TrackPointExtension>
            <ns3:hr>141</ns3:hr>
            <ns3:cad>98</ns3:cad>
          </ns3:TrackPointExtension>
        </extensions>
      </trkpt>
      <trkpt lat="25.06561498157680034637451171875" lon="102.67752804793417453765869140625">
        <ele>1923.5999755859375</ele>
        <time>2026-10-04T23:25:06.000Z</time>
        <extensions>
          <ns3:TrackPointExtension>
            <ns3:hr>141</ns3:hr>
            <ns3:cad>98</ns3:cad>
          </ns3:TrackPointExtension>
        </extensions>
      </trkpt>
      <trkpt lat="25.06561313755810260772705078125" lon="102.677496112883090972900390625">
        <ele>1923.4000244140625</ele>
        <time>2026-10-04T23:25:07.000Z</time>
        <extensions>
          <ns3:TrackPointExtension>
            <ns3:hr>141</ns3:hr>
            <ns3:cad>97</ns3:cad>
          </ns3:TrackPointExtension>
        </extensions>
      </trkpt>
      <trkpt lat="25.06562034599483013153076171875" lon="102.67745621502399444580078125">
        <ele>1923.199951171875</ele>
        <time>2026-10-04T23:25:08.000Z</time>
        <extensions>
          <ns3:TrackPointExtension>
            <ns3:hr>141</ns3:hr>
            <ns3:cad>97</ns3:cad>
          </ns3:TrackPointExtension>
        </extensions>
      </trkpt>
      <trkpt lat="25.06562386639416217803955078125" lon="102.67742025665938854217529296875">
        <ele>1923</ele>
        <time>2026-10-04T23:25:09.000Z</time>
        <extensions>
          <ns3:TrackPointExtension>
            <ns3:hr>140</ns3:hr>
            <ns3:cad>97</ns3:cad>
          </ns3:TrackPointExtension>
        </extensions>
      </trkpt>
      <trkpt lat="25.06562571041285991668701171875" lon="102.6773844659328460693359375">
        <ele>1923</ele>
        <time>2026-10-04T23:25:10.000Z</time>
        <extensions>
          <ns3:TrackPointExtension>
            <ns3:hr>141</ns3:hr>
            <ns3:cad>97</ns3:cad>
          </ns3:TrackPointExtension>
        </extensions>
      </trkpt>
      <trkpt lat="25.0656373612582683563232421875" lon="102.677344568073749542236328125">
        <ele>1922.800048828125</ele>
        <time>2026-10-04T23:25:11.000Z</time>
        <extensions>
          <ns3:TrackPointExtension>
            <ns3:hr>141</ns3:hr>
            <ns3:cad>97</ns3:cad>
          </ns3:TrackPointExtension>
        </extensions>
      </trkpt>
      <trkpt lat="25.06563727743923664093017578125" lon="102.6773088611662387847900390625">
        <ele>1922.5999755859375</ele>
        <time>2026-10-04T23:25:12.000Z</time>
        <extensions>
          <ns3:TrackPointExtension>
            <ns3:hr>142</ns3:hr>
            <ns3:cad>97</ns3:cad>
          </ns3:TrackPointExtension>
        </extensions>
      </trkpt>
      <trkpt lat="25.0656417198479175567626953125" lon="102.67726988531649112701416015625">
        <ele>1922.4000244140625</ele>
        <time>2026-10-04T23:25:13.000Z</time>
        <extensions>
          <ns3:TrackPointExtension>
            <ns3:hr>143</ns3:hr>
            <ns3:cad>96</ns3:cad>
          </ns3:TrackPointExtension>
        </extensions>
      </trkpt>
      <trkpt lat="25.065644569694995880126953125" lon="102.67722688615322113037109375">
        <ele>1922.4000244140625</ele>
        <time>2026-10-04T23:25:14.000Z</time>
        <extensions>
          <ns3:TrackPointExtension>
            <ns3:hr>143</ns3:hr>
            <ns3:cad>96</ns3:cad>
          </ns3:TrackPointExtension>
        </extensions>
      </trkpt>
      <trkpt lat="25.06564381532371044158935546875" lon="102.6771886646747589111328125">
        <ele>1922.199951171875</ele>
        <time>2026-10-04T23:25:15.000Z</time>
        <extensions>
          <ns3:TrackPointExtension>
            <ns3:hr>143</ns3:hr>
            <ns3:cad>96</ns3:cad>
          </ns3:TrackPointExtension>
        </extensions>
      </trkpt>
      <trkpt lat="25.06565001793205738067626953125" lon="102.677141726016998291015625">
        <ele>1922</ele>
        <time>2026-10-04T23:25:16.000Z</time>
        <extensions>
          <ns3:TrackPointExtension>
            <ns3:hr>144</ns3:hr>
            <ns3:cad>96</ns3:cad>
          </ns3:TrackPointExtension>
        </extensions>
      </trkpt>
      <trkpt lat="25.0656537897884845733642578125" lon="102.67710350453853607177734375">
        <ele>1922</ele>
        <time>2026-10-04T23:25:17.000Z</time>
        <extensions>
          <ns3:TrackPointExtension>
            <ns3:hr>144</ns3:hr>
            <ns3:cad>96</ns3:cad>
          </ns3:TrackPointExtension>
        </extensions>
      </trkpt>
      <trkpt lat="25.0656544603407382965087890625" lon="102.67706721089780330657958984375">
        <ele>1921.800048828125</ele>
        <time>2026-10-04T23:25:18.000Z</time>
        <extensions>
          <ns3:TrackPointExtension>
            <ns3:hr>144</ns3:hr>
            <ns3:cad>99</ns3:cad>
          </ns3:TrackPointExtension>
        </extensions>
      </trkpt>
      <trkpt lat="25.0656568072736263275146484375" lon="102.67702328972518444061279296875">
        <ele>1921.5999755859375</ele>
        <time>2026-10-04T23:25:19.000Z</time>
        <extensions>
          <ns3:TrackPointExtension>
            <ns3:hr>144</ns3:hr>
            <ns3:cad>99</ns3:cad>
          </ns3:TrackPointExtension>
        </extensions>
      </trkpt>
      <trkpt lat="25.06565923802554607391357421875" lon="102.67698992975056171417236328125">
        <ele>1921.4000244140625</ele>
        <time>2026-10-04T23:25:20.000Z</time>
        <extensions>
          <ns3:TrackPointExtension>
            <ns3:hr>145</ns3:hr>
            <ns3:cad>98</ns3:cad>
          </ns3:TrackPointExtension>
        </extensions>
      </trkpt>
      <trkpt lat="25.065665356814861297607421875" lon="102.6769544743001461029052734375">
        <ele>1921.199951171875</ele>
        <time>2026-10-04T23:25:21.000Z</time>
        <extensions>
          <ns3:TrackPointExtension>
            <ns3:hr>145</ns3:hr>
            <ns3:cad>98</ns3:cad>
          </ns3:TrackPointExtension>
        </extensions>
      </trkpt>
      <trkpt lat="25.0656765885651111602783203125" lon="102.67691650427877902984619140625">
        <ele>1921</ele>
        <time>2026-10-04T23:25:22.000Z</time>
        <extensions>
          <ns3:TrackPointExtension>
            <ns3:hr>145</ns3:hr>
            <ns3:cad>97</ns3:cad>
          </ns3:TrackPointExtension>
        </extensions>
      </trkpt>
      <trkpt lat="25.06567633710801601409912109375" lon="102.67688046209514141082763671875">
        <ele>1920.800048828125</ele>
        <time>2026-10-04T23:25:23.000Z</time>
        <extensions>
          <ns3:TrackPointExtension>
            <ns3:hr>145</ns3:hr>
            <ns3:cad>97</ns3:cad>
          </ns3:TrackPointExtension>
        </extensions>
      </trkpt>
      <trkpt lat="25.06567977368831634521484375" lon="102.67683687619864940643310546875">
        <ele>1920.5999755859375</ele>
        <time>2026-10-04T23:25:24.000Z</time>
        <extensions>
          <ns3:TrackPointExtension>
            <ns3:hr>145</ns3:hr>
            <ns3:cad>97</ns3:cad>
          </ns3:TrackPointExtension>
        </extensions>
      </trkpt>
      <trkpt lat="25.0656796060502529144287109375" lon="102.67679463140666484832763671875">
        <ele>1920.5999755859375</ele>
        <time>2026-10-04T23:25:25.000Z</time>
        <extensions>
          <ns3:TrackPointExtension>
            <ns3:hr>144</ns3:hr>
            <ns3:cad>97</ns3:cad>
          </ns3:TrackPointExtension>
        </extensions>
      </trkpt>
      <trkpt lat="25.06567918695509433746337890625" lon="102.6767637021839618682861328125">
        <ele>1920.4000244140625</ele>
        <time>2026-10-04T23:25:26.000Z</time>
        <extensions>
          <ns3:TrackPointExtension>
            <ns3:hr>144</ns3:hr>
            <ns3:cad>98</ns3:cad>
          </ns3:TrackPointExtension>
        </extensions>
      </trkpt>
      <trkpt lat="25.06568354554474353790283203125" lon="102.6767194457352161407470703125">
        <ele>1920.4000244140625</ele>
        <time>2026-10-04T23:25:27.000Z</time>
        <extensions>
          <ns3:TrackPointExtension>
            <ns3:hr>144</ns3:hr>
            <ns3:cad>98</ns3:cad>
          </ns3:TrackPointExtension>
        </extensions>
      </trkpt>
      <trkpt lat="25.0656792707741260528564453125" lon="102.67668097279965877532958984375">
        <ele>1920.199951171875</ele>
        <time>2026-10-04T23:25:28.000Z</time>
        <extensions>
          <ns3:TrackPointExtension>
            <ns3:hr>144</ns3:hr>
            <ns3:cad>97</ns3:cad>
          </ns3:TrackPointExtension>
        </extensions>
      </trkpt>
      <trkpt lat="25.06568513810634613037109375" lon="102.676644511520862579345703125">
        <ele>1920.199951171875</ele>
        <time>2026-10-04T23:25:29.000Z</time>
        <extensions>
          <ns3:TrackPointExtension>
            <ns3:hr>144</ns3:hr>
            <ns3:cad>97</ns3:cad>
          </ns3:TrackPointExtension>
        </extensions>
      </trkpt>
      <trkpt lat="25.06569092161953449249267578125" lon="102.67660905607044696807861328125">
        <ele>1920</ele>
        <time>2026-10-04T23:25:30.000Z</time>
        <extensions>
          <ns3:TrackPointExtension>
            <ns3:hr>144</ns3:hr>
            <ns3:cad>97</ns3:cad>
          </ns3:TrackPointExtension>
        </extensions>
      </trkpt>
      <trkpt lat="25.06569108925759792327880859375" lon="102.676575444638729095458984375">
        <ele>1919.800048828125</ele>
        <time>2026-10-04T23:25:31.000Z</time>
        <extensions>
          <ns3:TrackPointExtension>
            <ns3:hr>144</ns3:hr>
            <ns3:cad>98</ns3:cad>
          </ns3:TrackPointExtension>
        </extensions>
      </trkpt>
      <trkpt lat="25.065698213875293731689453125" lon="102.67652976326644420623779296875">
        <ele>1919.800048828125</ele>
        <time>2026-10-04T23:25:32.000Z</time>
        <extensions>
          <ns3:TrackPointExtension>
            <ns3:hr>144</ns3:hr>
            <ns3:cad>48</ns3:cad>
          </ns3:TrackPointExtension>
        </extensions>
      </trkpt>
      <trkpt lat="25.06569863297045230865478515625" lon="102.6764931343495845794677734375">
        <ele>1919.800048828125</ele>
        <time>2026-10-04T23:25:33.000Z</time>
        <extensions>
          <ns3:TrackPointExtension>
            <ns3:hr>144</ns3:hr>
            <ns3:cad>48</ns3:cad>
          </ns3:TrackPointExtension>
        </extensions>
      </trkpt>
      <trkpt lat="25.0656997226178646087646484375" lon="102.67645784653723239898681640625">
        <ele>1919.5999755859375</ele>
        <time>2026-10-04T23:25:34.000Z</time>
        <extensions>
          <ns3:TrackPointExtension>
            <ns3:hr>144</ns3:hr>
            <ns3:cad>48</ns3:cad>
          </ns3:TrackPointExtension>
        </extensions>
      </trkpt>
      <trkpt lat="25.065702237188816070556640625" lon="102.67641459591686725616455078125">
        <ele>1919.5999755859375</ele>
        <time>2026-10-04T23:25:35.000Z</time>
        <extensions>
          <ns3:TrackPointExtension>
            <ns3:hr>145</ns3:hr>
            <ns3:cad>49</ns3:cad>
          </ns3:TrackPointExtension>
        </extensions>
      </trkpt>
      <trkpt lat="25.06569846533238887786865234375" lon="102.67638291232287883758544921875">
        <ele>1919.4000244140625</ele>
        <time>2026-10-04T23:25:36.000Z</time>
        <extensions>
          <ns3:TrackPointExtension>
            <ns3:hr>144</ns3:hr>
            <ns3:cad>49</ns3:cad>
          </ns3:TrackPointExtension>
        </extensions>
      </trkpt>
      <trkpt lat="25.065705589950084686279296875" lon="102.67634200863540172576904296875">
        <ele>1919</ele>
        <time>2026-10-04T23:25:37.000Z</time>
        <extensions>
          <ns3:TrackPointExtension>
            <ns3:hr>144</ns3:hr>
            <ns3:cad>49</ns3:cad>
          </ns3:TrackPointExtension>
        </extensions>
      </trkpt>
      <trkpt lat="25.06571120582520961761474609375" lon="102.6762969978153705596923828125">
        <ele>1918.800048828125</ele>
        <time>2026-10-04T23:25:38.000Z</time>
        <extensions>
          <ns3:TrackPointExtension>
            <ns3:hr>144</ns3:hr>
            <ns3:cad>49</ns3:cad>
          </ns3:TrackPointExtension>
        </extensions>
      </trkpt>
      <trkpt lat="25.0657091103494167327880859375" lon="102.67626129090785980224609375">
        <ele>1918.5999755859375</ele>
        <time>2026-10-04T23:25:39.000Z</time>
        <extensions>
          <ns3:TrackPointExtension>
            <ns3:hr>144</ns3:hr>
            <ns3:cad>49</ns3:cad>
          </ns3:TrackPointExtension>
        </extensions>
      </trkpt>
      <trkpt lat="25.06571598351001739501953125" lon="102.6762242428958415985107421875">
        <ele>1918.4000244140625</ele>
        <time>2026-10-04T23:25:40.000Z</time>
        <extensions>
          <ns3:TrackPointExtension>
            <ns3:hr>144</ns3:hr>
            <ns3:cad>49</ns3:cad>
          </ns3:TrackPointExtension>
        </extensions>
      </trkpt>
      <trkpt lat="25.06572000682353973388671875" lon="102.67618576996028423309326171875">
        <ele>1918.199951171875</ele>
        <time>2026-10-04T23:25:41.000Z</time>
        <extensions>
          <ns3:TrackPointExtension>
            <ns3:hr>143</ns3:hr>
            <ns3:cad>49</ns3:cad>
          </ns3:TrackPointExtension>
        </extensions>
      </trkpt>
      <trkpt lat="25.06572461687028408050537109375" lon="102.6761531643569469451904296875">
        <ele>1918.199951171875</ele>
        <time>2026-10-04T23:25:42.000Z</time>
        <extensions>
          <ns3:TrackPointExtension>
            <ns3:hr>143</ns3:hr>
            <ns3:cad>49</ns3:cad>
          </ns3:TrackPointExtension>
        </extensions>
      </trkpt>
      <trkpt lat="25.0657332502305507659912109375" lon="102.6761112548410892486572265625">
        <ele>1918</ele>
        <time>2026-10-04T23:25:43.000Z</time>
        <extensions>
          <ns3:TrackPointExtension>
            <ns3:hr>143</ns3:hr>
            <ns3:cad>100</ns3:cad>
          </ns3:TrackPointExtension>
        </extensions>
      </trkpt>
      <trkpt lat="25.06573383696377277374267578125" lon="102.676074542105197906494140625">
        <ele>1917.800048828125</ele>
        <time>2026-10-04T23:25:44.000Z</time>
        <extensions>
          <ns3:TrackPointExtension>
            <ns3:hr>142</ns3:hr>
            <ns3:cad>100</ns3:cad>
          </ns3:TrackPointExtension>
        </extensions>
      </trkpt>
      <trkpt lat="25.06573299877345561981201171875" lon="102.67603305168449878692626953125">
        <ele>1917.5999755859375</ele>
        <time>2026-10-04T23:25:45.000Z</time>
        <extensions>
          <ns3:TrackPointExtension>
            <ns3:hr>142</ns3:hr>
            <ns3:cad>98</ns3:cad>
          </ns3:TrackPointExtension>
        </extensions>
      </trkpt>
      <trkpt lat="25.0657359324395656585693359375" lon="102.67598678357899188995361328125">
        <ele>1917.4000244140625</ele>
        <time>2026-10-04T23:25:46.000Z</time>
        <extensions>
          <ns3:TrackPointExtension>
            <ns3:hr>142</ns3:hr>
            <ns3:cad>98</ns3:cad>
          </ns3:TrackPointExtension>
        </extensions>
      </trkpt>
      <trkpt lat="25.06573584862053394317626953125" lon="102.67595325596630573272705078125">
        <ele>1917.199951171875</ele>
        <time>2026-10-04T23:25:47.000Z</time>
        <extensions>
          <ns3:TrackPointExtension>
            <ns3:hr>143</ns3:hr>
            <ns3:cad>98</ns3:cad>
          </ns3:TrackPointExtension>
        </extensions>
      </trkpt>
      <trkpt lat="25.06574280560016632080078125" lon="102.67591553740203380584716796875">
        <ele>1917</ele>
        <time>2026-10-04T23:25:48.000Z</time>
        <extensions>
          <ns3:TrackPointExtension>
            <ns3:hr>143</ns3:hr>
            <ns3:cad>97</ns3:cad>
          </ns3:TrackPointExtension>
        </extensions>
      </trkpt>
      <trkpt lat="25.06575093604624271392822265625" lon="102.675874717533588409423828125">
        <ele>1917</ele>
        <time>2026-10-04T23:25:49.000Z</time>
        <extensions>
          <ns3:TrackPointExtension>
            <ns3:hr>143</ns3:hr>
            <ns3:cad>97</ns3:cad>
          </ns3:TrackPointExtension>
        </extensions>
      </trkpt>
      <trkpt lat="25.06575328297913074493408203125" lon="102.675838172435760498046875">
        <ele>1916.800048828125</ele>
        <time>2026-10-04T23:25:50.000Z</time>
        <extensions>
          <ns3:TrackPointExtension>
            <ns3:hr>142</ns3:hr>
            <ns3:cad>97</ns3:cad>
          </ns3:TrackPointExtension>
        </extensions>
      </trkpt>
      <trkpt lat="25.06576485000550746917724609375" lon="102.67580104060471057891845703125">
        <ele>1916.5999755859375</ele>
        <time>2026-10-04T23:25:51.000Z</time>
        <extensions>
          <ns3:TrackPointExtension>
            <ns3:hr>142</ns3:hr>
            <ns3:cad>97</ns3:cad>
          </ns3:TrackPointExtension>
        </extensions>
      </trkpt>
      <trkpt lat="25.06577499210834503173828125" lon="102.6757686026394367218017578125">
        <ele>1916.5999755859375</ele>
        <time>2026-10-04T23:25:52.000Z</time>
        <extensions>
          <ns3:TrackPointExtension>
            <ns3:hr>142</ns3:hr>
            <ns3:cad>97</ns3:cad>
          </ns3:TrackPointExtension>
        </extensions>
      </trkpt>
      <trkpt lat="25.0657882355153560638427734375" lon="102.675739936530590057373046875">
        <ele>1916.4000244140625</ele>
        <time>2026-10-04T23:25:53.000Z</time>
        <extensions>
          <ns3:TrackPointExtension>
            <ns3:hr>143</ns3:hr>
            <ns3:cad>97</ns3:cad>
          </ns3:TrackPointExtension>
        </extensions>
      </trkpt>
      <trkpt lat="25.06580139510333538055419921875" lon="102.67569668591022491455078125">
        <ele>1916.199951171875</ele>
        <time>2026-10-04T23:25:54.000Z</time>
        <extensions>
          <ns3:TrackPointExtension>
            <ns3:hr>143</ns3:hr>
            <ns3:cad>97</ns3:cad>
          </ns3:TrackPointExtension>
        </extensions>
      </trkpt>
      <trkpt lat="25.065809190273284912109375" lon="102.67565838061273097991943359375">
        <ele>1916</ele>
        <time>2026-10-04T23:25:55.000Z</time>
        <extensions>
          <ns3:TrackPointExtension>
            <ns3:hr>143</ns3:hr>
            <ns3:cad>97</ns3:cad>
          </ns3:TrackPointExtension>
        </extensions>
      </trkpt>
      <trkpt lat="25.0658220984041690826416015625" lon="102.67562032677233219146728515625">
        <ele>1915.800048828125</ele>
        <time>2026-10-04T23:25:56.000Z</time>
        <extensions>
          <ns3:TrackPointExtension>
            <ns3:hr>142</ns3:hr>
            <ns3:cad>97</ns3:cad>
          </ns3:TrackPointExtension>
        </extensions>
      </trkpt>
      <trkpt lat="25.06583659909665584564208984375" lon="102.67557992599904537200927734375">
        <ele>1915.5999755859375</ele>
        <time>2026-10-04T23:25:57.000Z</time>
        <extensions>
          <ns3:TrackPointExtension>
            <ns3:hr>142</ns3:hr>
            <ns3:cad>97</ns3:cad>
          </ns3:TrackPointExtension>
        </extensions>
      </trkpt>
      <trkpt lat="25.0658418796956539154052734375" lon="102.67554824240505695343017578125">
        <ele>1915.4000244140625</ele>
        <time>2026-10-04T23:25:58.000Z</time>
        <extensions>
          <ns3:TrackPointExtension>
            <ns3:hr>142</ns3:hr>
            <ns3:cad>97</ns3:cad>
          </ns3:TrackPointExtension>
        </extensions>
      </trkpt>
      <trkpt lat="25.06585654802620410919189453125" lon="102.67550784163177013397216796875">
        <ele>1915.4000244140625</ele>
        <time>2026-10-04T23:25:59.000Z</time>
        <extensions>
          <ns3:TrackPointExtension>
            <ns3:hr>142</ns3:hr>
            <ns3:cad>98</ns3:cad>
          </ns3:TrackPointExtension>
        </extensions>
      </trkpt>
      <trkpt lat="25.0658668577671051025390625" lon="102.67547247000038623809814453125">
        <ele>1915.199951171875</ele>
        <time>2026-10-04T23:26:00.000Z</time>
        <extensions>
          <ns3:TrackPointExtension>
            <ns3:hr>143</ns3:hr>
            <ns3:cad>98</ns3:cad>
          </ns3:TrackPointExtension>
        </extensions>
      </trkpt>
      <trkpt lat="25.0658720545470714569091796875" lon="102.67543676309287548065185546875">
        <ele>1915</ele>
        <time>2026-10-04T23:26:01.000Z</time>
        <extensions>
          <ns3:TrackPointExtension>
            <ns3:hr>142</ns3:hr>
            <ns3:cad>97</ns3:cad>
          </ns3:TrackPointExtension>
        </extensions>
      </trkpt>
      <trkpt lat="25.065883956849575042724609375" lon="102.67539451830089092254638671875">
        <ele>1914.800048828125</ele>
        <time>2026-10-04T23:26:02.000Z</time>
        <extensions>
          <ns3:TrackPointExtension>
            <ns3:hr>143</ns3:hr>
            <ns3:cad>97</ns3:cad>
          </ns3:TrackPointExtension>
        </extensions>
      </trkpt>
      <trkpt lat="25.065893344581127166748046875" lon="102.67536166124045848846435546875">
        <ele>1914.5999755859375</ele>
        <time>2026-10-04T23:26:03.000Z</time>
        <extensions>
          <ns3:TrackPointExtension>
            <ns3:hr>142</ns3:hr>
            <ns3:cad>97</ns3:cad>
          </ns3:TrackPointExtension>
        </extensions>
      </trkpt>
      <trkpt lat="25.0659102760255336761474609375" lon="102.67532444559037685394287109375">
        <ele>1914.4000244140625</ele>
        <time>2026-10-04T23:26:04.000Z</time>
        <extensions>
          <ns3:TrackPointExtension>
            <ns3:hr>141</ns3:hr>
            <ns3:cad>98</ns3:cad>
          </ns3:TrackPointExtension>
        </extensions>
      </trkpt>
      <trkpt lat="25.06592947058379650115966796875" lon="102.67528764903545379638671875">
        <ele>1914.4000244140625</ele>
        <time>2026-10-04T23:26:05.000Z</time>
        <extensions>
          <ns3:TrackPointExtension>
            <ns3:hr>141</ns3:hr>
            <ns3:cad>98</ns3:cad>
          </ns3:TrackPointExtension>
        </extensions>
      </trkpt>
      <trkpt lat="25.06593919359147548675537109375" lon="102.6752547919750213623046875">
        <ele>1914.199951171875</ele>
        <time>2026-10-04T23:26:06.000Z</time>
        <extensions>
          <ns3:TrackPointExtension>
            <ns3:hr>141</ns3:hr>
            <ns3:cad>98</ns3:cad>
          </ns3:TrackPointExtension>
        </extensions>
      </trkpt>
      <trkpt lat="25.06595998071134090423583984375" lon="102.67522084526717662811279296875">
        <ele>1914</ele>
        <time>2026-10-04T23:26:07.000Z</time>
        <extensions>
          <ns3:TrackPointExtension>
            <ns3:hr>141</ns3:hr>
            <ns3:cad>98</ns3:cad>
          </ns3:TrackPointExtension>
        </extensions>
      </trkpt>
      <trkpt lat="25.06598043255507946014404296875" lon="102.67519377171993255615234375">
        <ele>1914</ele>
        <time>2026-10-04T23:26:08.000Z</time>
        <extensions>
          <ns3:TrackPointExtension>
            <ns3:hr>141</ns3:hr>
            <ns3:cad>98</ns3:cad>
          </ns3:TrackPointExtension>
        </extensions>
      </trkpt>
      <trkpt lat="25.06599518470466136932373046875" lon="102.67516686581075191497802734375">
        <ele>1913.800048828125</ele>
        <time>2026-10-04T23:26:09.000Z</time>
        <extensions>
          <ns3:TrackPointExtension>
            <ns3:hr>140</ns3:hr>
            <ns3:cad>97</ns3:cad>
          </ns3:TrackPointExtension>
        </extensions>
      </trkpt>
      <trkpt lat="25.06601697765290737152099609375" lon="102.675128392875194549560546875">
        <ele>1913.5999755859375</ele>
        <time>2026-10-04T23:26:10.000Z</time>
        <extensions>
          <ns3:TrackPointExtension>
            <ns3:hr>141</ns3:hr>
            <ns3:cad>97</ns3:cad>
          </ns3:TrackPointExtension>
        </extensions>
      </trkpt>
      <trkpt lat="25.0660366751253604888916015625" lon="102.67509520053863525390625">
        <ele>1913.4000244140625</ele>
        <time>2026-10-04T23:26:11.000Z</time>
        <extensions>
          <ns3:TrackPointExtension>
            <ns3:hr>141</ns3:hr>
            <ns3:cad>97</ns3:cad>
          </ns3:TrackPointExtension>
        </extensions>
      </trkpt>
      <trkpt lat="25.0660537742078304290771484375" lon="102.67506527714431285858154296875">
        <ele>1913.199951171875</ele>
        <time>2026-10-04T23:26:12.000Z</time>
        <extensions>
          <ns3:TrackPointExtension>
            <ns3:hr>140</ns3:hr>
            <ns3:cad>97</ns3:cad>
          </ns3:TrackPointExtension>
        </extensions>
      </trkpt>
      <trkpt lat="25.06607598625123500823974609375" lon="102.675029821693897247314453125">
        <ele>1913</ele>
        <time>2026-10-04T23:26:13.000Z</time>
        <extensions>
          <ns3:TrackPointExtension>
            <ns3:hr>141</ns3:hr>
            <ns3:cad>97</ns3:cad>
          </ns3:TrackPointExtension>
        </extensions>
      </trkpt>
      <trkpt lat="25.0660879723727703094482421875" lon="102.674994282424449920654296875">
        <ele>1912.800048828125</ele>
        <time>2026-10-04T23:26:14.000Z</time>
        <extensions>
          <ns3:TrackPointExtension>
            <ns3:hr>141</ns3:hr>
            <ns3:cad>97</ns3:cad>
          </ns3:TrackPointExtension>
        </extensions>
      </trkpt>
      <trkpt lat="25.0661050714552402496337890625" lon="102.6749669574201107025146484375">
        <ele>1912.800048828125</ele>
        <time>2026-10-04T23:26:15.000Z</time>
        <extensions>
          <ns3:TrackPointExtension>
            <ns3:hr>141</ns3:hr>
            <ns3:cad>97</ns3:cad>
          </ns3:TrackPointExtension>
        </extensions>
      </trkpt>
      <trkpt lat="25.0661275349557399749755859375" lon="102.67493502236902713775634765625">
        <ele>1912.5999755859375</ele>
        <time>2026-10-04T23:26:16.000Z</time>
        <extensions>
          <ns3:TrackPointExtension>
            <ns3:hr>141</ns3:hr>
            <ns3:cad>98</ns3:cad>
          </ns3:TrackPointExtension>
        </extensions>
      </trkpt>
      <trkpt lat="25.0661422871053218841552734375" lon="102.6749015785753726959228515625">
        <ele>1912.199951171875</ele>
        <time>2026-10-04T23:26:17.000Z</time>
        <extensions>
          <ns3:TrackPointExtension>
            <ns3:hr>141</ns3:hr>
            <ns3:cad>98</ns3:cad>
          </ns3:TrackPointExtension>
        </extensions>
      </trkpt>
      <trkpt lat="25.06616818718612194061279296875" lon="102.6748752593994140625">
        <ele>1912</ele>
        <time>2026-10-04T23:26:18.000Z</time>
        <extensions>
          <ns3:TrackPointExtension>
            <ns3:hr>141</ns3:hr>
            <ns3:cad>98</ns3:cad>
          </ns3:TrackPointExtension>
        </extensions>
      </trkpt>
      <trkpt lat="25.06619274616241455078125" lon="102.674852795898914337158203125">
        <ele>1911.800048828125</ele>
        <time>2026-10-04T23:26:19.000Z</time>
        <extensions>
          <ns3:TrackPointExtension>
            <ns3:hr>141</ns3:hr>
            <ns3:cad>98</ns3:cad>
          </ns3:TrackPointExtension>
        </extensions>
      </trkpt>
      <trkpt lat="25.0662120245397090911865234375" lon="102.67482253722846508026123046875">
        <ele>1911.5999755859375</ele>
        <time>2026-10-04T23:26:20.000Z</time>
        <extensions>
          <ns3:TrackPointExtension>
            <ns3:hr>141</ns3:hr>
            <ns3:cad>97</ns3:cad>
          </ns3:TrackPointExtension>
        </extensions>
      </trkpt>
      <trkpt lat="25.06624630652368068695068359375" lon="102.67478850670158863067626953125">
        <ele>1911.5999755859375</ele>
        <time>2026-10-04T23:26:21.000Z</time>
        <extensions>
          <ns3:TrackPointExtension>
            <ns3:hr>140</ns3:hr>
            <ns3:cad>97</ns3:cad>
          </ns3:TrackPointExtension>
        </extensions>
      </trkpt>
      <trkpt lat="25.066267512738704681396484375" lon="102.67476503737270832061767578125">
        <ele>1911.4000244140625</ele>
        <time>2026-10-04T23:26:22.000Z</time>
        <extensions>
          <ns3:TrackPointExtension>
            <ns3:hr>141</ns3:hr>
            <ns3:cad>96</ns3:cad>
          </ns3:TrackPointExtension>
        </extensions>
      </trkpt>
      <trkpt lat="25.06629056297242641448974609375" lon="102.67473285086452960968017578125">
        <ele>1911.4000244140625</ele>
        <time>2026-10-04T23:26:23.000Z</time>
        <extensions>
          <ns3:TrackPointExtension>
            <ns3:hr>141</ns3:hr>
            <ns3:cad>96</ns3:cad>
          </ns3:TrackPointExtension>
        </extensions>
      </trkpt>
      <trkpt lat="25.06631948053836822509765625" lon="102.67470720224082469940185546875">
        <ele>1911.4000244140625</ele>
        <time>2026-10-04T23:26:24.000Z</time>
        <extensions>
          <ns3:TrackPointExtension>
            <ns3:hr>140</ns3:hr>
            <ns3:cad>96</ns3:cad>
          </ns3:TrackPointExtension>
        </extensions>
      </trkpt>
      <trkpt lat="25.066341273486614227294921875" lon="102.6746839843690395355224609375">
        <ele>1911.199951171875</ele>
        <time>2026-10-04T23:26:25.000Z</time>
        <extensions>
          <ns3:TrackPointExtension>
            <ns3:hr>141</ns3:hr>
            <ns3:cad>97</ns3:cad>
          </ns3:TrackPointExtension>
        </extensions>
      </trkpt>
      <trkpt lat="25.06637287326157093048095703125" lon="102.674650959670543670654296875">
        <ele>1911.199951171875</ele>
        <time>2026-10-04T23:26:26.000Z</time>
        <extensions>
          <ns3:TrackPointExtension>
            <ns3:hr>141</ns3:hr>
            <ns3:cad>97</ns3:cad>
          </ns3:TrackPointExtension>
        </extensions>
      </trkpt>
      <trkpt lat="25.0664006173610687255859375" lon="102.67461935989558696746826171875">
        <ele>1911</ele>
        <time>2026-10-04T23:26:27.000Z</time>
        <extensions>
          <ns3:TrackPointExtension>
            <ns3:hr>141</ns3:hr>
            <ns3:cad>97</ns3:cad>
          </ns3:TrackPointExtension>
        </extensions>
      </trkpt>
      <trkpt lat="25.06642802618443965911865234375" lon="102.674594633281230926513671875">
        <ele>1911</ele>
        <time>2026-10-04T23:26:28.000Z</time>
        <extensions>
          <ns3:TrackPointExtension>
            <ns3:hr>141</ns3:hr>
            <ns3:cad>96</ns3:cad>
          </ns3:TrackPointExtension>
        </extensions>
      </trkpt>
      <trkpt lat="25.0664597935974597930908203125" lon="102.67456772737205028533935546875">
        <ele>1910.800048828125</ele>
        <time>2026-10-04T23:26:29.000Z</time>
        <extensions>
          <ns3:TrackPointExtension>
            <ns3:hr>141</ns3:hr>
            <ns3:cad>96</ns3:cad>
          </ns3:TrackPointExtension>
        </extensions>
      </trkpt>
      <trkpt lat="25.06648200564086437225341796875" lon="102.67454325221478939056396484375">
        <ele>1910.800048828125</ele>
        <time>2026-10-04T23:26:30.000Z</time>
        <extensions>
          <ns3:TrackPointExtension>
            <ns3:hr>141</ns3:hr>
            <ns3:cad>96</ns3:cad>
          </ns3:TrackPointExtension>
        </extensions>
      </trkpt>
      <trkpt lat="25.0665124319493770599365234375" lon="102.67451995052397251129150390625">
        <ele>1910.5999755859375</ele>
        <time>2026-10-04T23:26:31.000Z</time>
        <extensions>
          <ns3:TrackPointExtension>
            <ns3:hr>141</ns3:hr>
            <ns3:cad>97</ns3:cad>
          </ns3:TrackPointExtension>
        </extensions>
      </trkpt>
      <trkpt lat="25.06654520519077777862548828125" lon="102.6744992472231388092041015625">
        <ele>1910.5999755859375</ele>
        <time>2026-10-04T23:26:32.000Z</time>
        <extensions>
          <ns3:TrackPointExtension>
            <ns3:hr>141</ns3:hr>
            <ns3:cad>97</ns3:cad>
          </ns3:TrackPointExtension>
        </extensions>
      </trkpt>
      <trkpt lat="25.06656968034803867340087890625" lon="102.674480974674224853515625">
        <ele>1910.4000244140625</ele>
        <time>2026-10-04T23:26:33.000Z</time>
        <extensions>
          <ns3:TrackPointExtension>
            <ns3:hr>141</ns3:hr>
            <ns3:cad>97</ns3:cad>
          </ns3:TrackPointExtension>
        </extensions>
      </trkpt>
      <trkpt lat="25.06660320796072483062744140625" lon="102.67445750534534454345703125">
        <ele>1910.4000244140625</ele>
        <time>2026-10-04T23:26:34.000Z</time>
        <extensions>
          <ns3:TrackPointExtension>
            <ns3:hr>141</ns3:hr>
            <ns3:cad>97</ns3:cad>
          </ns3:TrackPointExtension>
        </extensions>
      </trkpt>
      <trkpt lat="25.06662801839411258697509765625" lon="102.67444099299609661102294921875">
        <ele>1910.199951171875</ele>
        <time>2026-10-04T23:26:35.000Z</time>
        <extensions>
          <ns3:TrackPointExtension>
            <ns3:hr>142</ns3:hr>
            <ns3:cad>97</ns3:cad>
          </ns3:TrackPointExtension>
        </extensions>
      </trkpt>
      <trkpt lat="25.0666619651019573211669921875" lon="102.6744241453707218170166015625">
        <ele>1910.199951171875</ele>
        <time>2026-10-04T23:26:36.000Z</time>
        <extensions>
          <ns3:TrackPointExtension>
            <ns3:hr>141</ns3:hr>
            <ns3:cad>97</ns3:cad>
          </ns3:TrackPointExtension>
        </extensions>
      </trkpt>
      <trkpt lat="25.0666921399533748626708984375" lon="102.67440545372664928436279296875">
        <ele>1910</ele>
        <time>2026-10-04T23:26:37.000Z</time>
        <extensions>
          <ns3:TrackPointExtension>
            <ns3:hr>141</ns3:hr>
            <ns3:cad>97</ns3:cad>
          </ns3:TrackPointExtension>
        </extensions>
      </trkpt>
      <trkpt lat="25.06671418435871601104736328125" lon="102.674378715455532073974609375">
        <ele>1910</ele>
        <time>2026-10-04T23:26:38.000Z</time>
        <extensions>
          <ns3:TrackPointExtension>
            <ns3:hr>141</ns3:hr>
            <ns3:cad>97</ns3:cad>
          </ns3:TrackPointExtension>
        </extensions>
      </trkpt>
      <trkpt lat="25.06674301810562610626220703125" lon="102.67435197718441486358642578125">
        <ele>1909.800048828125</ele>
        <time>2026-10-04T23:26:39.000Z</time>
        <extensions>
          <ns3:TrackPointExtension>
            <ns3:hr>141</ns3:hr>
            <ns3:cad>96</ns3:cad>
          </ns3:TrackPointExtension>
        </extensions>
      </trkpt>
      <trkpt lat="25.0667707622051239013671875" lon="102.67432280816137790679931640625">
        <ele>1909.800048828125</ele>
        <time>2026-10-04T23:26:40.000Z</time>
        <extensions>
          <ns3:TrackPointExtension>
            <ns3:hr>141</ns3:hr>
            <ns3:cad>96</ns3:cad>
          </ns3:TrackPointExtension>
        </extensions>
      </trkpt>
      <trkpt lat="25.06679733283817768096923828125" lon="102.67430772073566913604736328125">
        <ele>1909.800048828125</ele>
        <time>2026-10-04T23:26:41.000Z</time>
        <extensions>
          <ns3:TrackPointExtension>
            <ns3:hr>141</ns3:hr>
            <ns3:cad>96</ns3:cad>
          </ns3:TrackPointExtension>
        </extensions>
      </trkpt>
      <trkpt lat="25.0668222270905971527099609375" lon="102.67428047955036163330078125">
        <ele>1909.5999755859375</ele>
        <time>2026-10-04T23:26:42.000Z</time>
        <extensions>
          <ns3:TrackPointExtension>
            <ns3:hr>142</ns3:hr>
            <ns3:cad>96</ns3:cad>
          </ns3:TrackPointExtension>
        </extensions>
      </trkpt>
      <trkpt lat="25.0668416731059551239013671875" lon="102.674251981079578399658203125">
        <ele>1909.4000244140625</ele>
        <time>2026-10-04T23:26:43.000Z</time>
        <extensions>
          <ns3:TrackPointExtension>
            <ns3:hr>142</ns3:hr>
            <ns3:cad>97</ns3:cad>
          </ns3:TrackPointExtension>
        </extensions>
      </trkpt>
      <trkpt lat="25.06686891429126262664794921875" lon="102.67422675155103206634521484375">
        <ele>1909.199951171875</ele>
        <time>2026-10-04T23:26:44.000Z</time>
        <extensions>
          <ns3:TrackPointExtension>
            <ns3:hr>142</ns3:hr>
            <ns3:cad>97</ns3:cad>
          </ns3:TrackPointExtension>
        </extensions>
      </trkpt>
      <trkpt lat="25.06689439527690410614013671875" lon="102.674202360212802886962890625">
        <ele>1909.199951171875</ele>
        <time>2026-10-04T23:26:45.000Z</time>
        <extensions>
          <ns3:TrackPointExtension>
            <ns3:hr>142</ns3:hr>
            <ns3:cad>97</ns3:cad>
          </ns3:TrackPointExtension>
        </extensions>
      </trkpt>
      <trkpt lat="25.0669204629957675933837890625" lon="102.67418417148292064666748046875">
        <ele>1909</ele>
        <time>2026-10-04T23:26:46.000Z</time>
        <extensions>
          <ns3:TrackPointExtension>
            <ns3:hr>142</ns3:hr>
            <ns3:cad>97</ns3:cad>
          </ns3:TrackPointExtension>
        </extensions>
      </trkpt>
      <trkpt lat="25.0669531524181365966796875" lon="102.67416053451597690582275390625">
        <ele>1909</ele>
        <time>2026-10-04T23:26:47.000Z</time>
        <extensions>
          <ns3:TrackPointExtension>
            <ns3:hr>142</ns3:hr>
            <ns3:cad>97</ns3:cad>
          </ns3:TrackPointExtension>
        </extensions>
      </trkpt>
      <trkpt lat="25.06697603501379489898681640625" lon="102.67413740046322345733642578125">
        <ele>1908.800048828125</ele>
        <time>2026-10-04T23:26:48.000Z</time>
        <extensions>
          <ns3:TrackPointExtension>
            <ns3:hr>142</ns3:hr>
            <ns3:cad>97</ns3:cad>
          </ns3:TrackPointExtension>
        </extensions>
      </trkpt>
      <trkpt lat="25.067002438008785247802734375" lon="102.674119882285594940185546875">
        <ele>1908.800048828125</ele>
        <time>2026-10-04T23:26:49.000Z</time>
        <extensions>
          <ns3:TrackPointExtension>
            <ns3:hr>143</ns3:hr>
            <ns3:cad>97</ns3:cad>
          </ns3:TrackPointExtension>
        </extensions>
      </trkpt>
      <trkpt lat="25.0670347921550273895263671875" lon="102.67409213818609714508056640625">
        <ele>1908.800048828125</ele>
        <time>2026-10-04T23:26:50.000Z</time>
        <extensions>
          <ns3:TrackPointExtension>
            <ns3:hr>142</ns3:hr>
            <ns3:cad>97</ns3:cad>
          </ns3:TrackPointExtension>
        </extensions>
      </trkpt>
      <trkpt lat="25.06705448962748050689697265625" lon="102.67406749539077281951904296875">
        <ele>1908.5999755859375</ele>
        <time>2026-10-04T23:26:51.000Z</time>
        <extensions>
          <ns3:TrackPointExtension>
            <ns3:hr>142</ns3:hr>
            <ns3:cad>97</ns3:cad>
          </ns3:TrackPointExtension>
        </extensions>
      </trkpt>
      <trkpt lat="25.06708323955535888671875" lon="102.6740436069667339324951171875">
        <ele>1908.5999755859375</ele>
        <time>2026-10-04T23:26:52.000Z</time>
        <extensions>
          <ns3:TrackPointExtension>
            <ns3:hr>143</ns3:hr>
            <ns3:cad>97</ns3:cad>
          </ns3:TrackPointExtension>
        </extensions>
      </trkpt>
      <trkpt lat="25.06710670888423919677734375" lon="102.6740201376378536224365234375">
        <ele>1908.4000244140625</ele>
        <time>2026-10-04T23:26:53.000Z</time>
        <extensions>
          <ns3:TrackPointExtension>
            <ns3:hr>141</ns3:hr>
            <ns3:cad>97</ns3:cad>
          </ns3:TrackPointExtension>
        </extensions>
      </trkpt>
      <trkpt lat="25.06712615489959716796875" lon="102.6739933155477046966552734375">
        <ele>1908.4000244140625</ele>
        <time>2026-10-04T23:26:54.000Z</time>
        <extensions>
          <ns3:TrackPointExtension>
            <ns3:hr>141</ns3:hr>
            <ns3:cad>97</ns3:cad>
          </ns3:TrackPointExtension>
        </extensions>
      </trkpt>
      <trkpt lat="25.06715155206620693206787109375" lon="102.6739557646214962005615234375">
        <ele>1908.199951171875</ele>
        <time>2026-10-04T23:26:55.000Z</time>
        <extensions>
          <ns3:TrackPointExtension>
            <ns3:hr>140</ns3:hr>
            <ns3:cad>97</ns3:cad>
          </ns3:TrackPointExtension>
        </extensions>
      </trkpt>
      <trkpt lat="25.067171417176723480224609375" lon="102.6739245839416980743408203125">
        <ele>1908.199951171875</ele>
        <time>2026-10-04T23:26:56.000Z</time>
        <extensions>
          <ns3:TrackPointExtension>
            <ns3:hr>140</ns3:hr>
            <ns3:cad>97</ns3:cad>
          </ns3:TrackPointExtension>
        </extensions>
      </trkpt>
      <trkpt lat="25.0671990774571895599365234375" lon="102.6739037968218326568603515625">
        <ele>1908</ele>
        <time>2026-10-04T23:26:57.000Z</time>
        <extensions>
          <ns3:TrackPointExtension>
            <ns3:hr>140</ns3:hr>
            <ns3:cad>96</ns3:cad>
          </ns3:TrackPointExtension>
        </extensions>
      </trkpt>
      <trkpt lat="25.0672289170324802398681640625" lon="102.67387672327458858489990234375">
        <ele>1908</ele>
        <time>2026-10-04T23:26:58.000Z</time>
        <extensions>
          <ns3:TrackPointExtension>
            <ns3:hr>141</ns3:hr>
            <ns3:cad>96</ns3:cad>
          </ns3:TrackPointExtension>
        </extensions>
      </trkpt>
      <trkpt lat="25.0672440044581890106201171875" lon="102.673846967518329620361328125">
        <ele>1908</ele>
        <time>2026-10-04T23:26:59.000Z</time>
        <extensions>
          <ns3:TrackPointExtension>
            <ns3:hr>141</ns3:hr>
            <ns3:cad>96</ns3:cad>
          </ns3:TrackPointExtension>
        </extensions>
      </trkpt>
      <trkpt lat="25.067273341119289398193359375" lon="102.6738189719617366790771484375">
        <ele>1907.800048828125</ele>
        <time>2026-10-04T23:27:00.000Z</time>
        <extensions>
          <ns3:TrackPointExtension>
            <ns3:hr>140</ns3:hr>
            <ns3:cad>97</ns3:cad>
          </ns3:TrackPointExtension>
        </extensions>
      </trkpt>
      <trkpt lat="25.06729454733431339263916015625" lon="102.67379810102283954620361328125">
        <ele>1907.800048828125</ele>
        <time>2026-10-04T23:27:01.000Z</time>
        <extensions>
          <ns3:TrackPointExtension>
            <ns3:hr>141</ns3:hr>
            <ns3:cad>97</ns3:cad>
          </ns3:TrackPointExtension>
        </extensions>
      </trkpt>
      <trkpt lat="25.0673248060047626495361328125" lon="102.6737757213413715362548828125">
        <ele>1907.5999755859375</ele>
        <time>2026-10-04T23:27:02.000Z</time>
        <extensions>
          <ns3:TrackPointExtension>
            <ns3:hr>141</ns3:hr>
            <ns3:cad>97</ns3:cad>
          </ns3:TrackPointExtension>
        </extensions>
      </trkpt>
      <trkpt lat="25.06735590286552906036376953125" lon="102.67375350929796695709228515625">
        <ele>1907.4000244140625</ele>
        <time>2026-10-04T23:27:03.000Z</time>
        <extensions>
          <ns3:TrackPointExtension>
            <ns3:hr>141</ns3:hr>
            <ns3:cad>96</ns3:cad>
          </ns3:TrackPointExtension>
        </extensions>
      </trkpt>
      <trkpt lat="25.06737224757671356201171875" lon="102.6737277768552303314208984375">
        <ele>1907.4000244140625</ele>
        <time>2026-10-04T23:27:04.000Z</time>
        <extensions>
          <ns3:TrackPointExtension>
            <ns3:hr>141</ns3:hr>
            <ns3:cad>95</ns3:cad>
          </ns3:TrackPointExtension>
        </extensions>
      </trkpt>
      <trkpt lat="25.06739982403814792633056640625" lon="102.6736935786902904510498046875">
        <ele>1907.199951171875</ele>
        <time>2026-10-04T23:27:05.000Z</time>
        <extensions>
          <ns3:TrackPointExtension>
            <ns3:hr>141</ns3:hr>
            <ns3:cad>95</ns3:cad>
          </ns3:TrackPointExtension>
        </extensions>
      </trkpt>
      <trkpt lat="25.0674270652234554290771484375" lon="102.67367170192301273345947265625">
        <ele>1907.199951171875</ele>
        <time>2026-10-04T23:27:06.000Z</time>
        <extensions>
          <ns3:TrackPointExtension>
            <ns3:hr>141</ns3:hr>
            <ns3:cad>95</ns3:cad>
          </ns3:TrackPointExtension>
        </extensions>
      </trkpt>
      <trkpt lat="25.06745539605617523193359375" lon="102.6736540161073207855224609375">
        <ele>1907</ele>
        <time>2026-10-04T23:27:07.000Z</time>
        <extensions>
          <ns3:TrackPointExtension>
            <ns3:hr>142</ns3:hr>
            <ns3:cad>97</ns3:cad>
          </ns3:TrackPointExtension>
        </extensions>
      </trkpt>
      <trkpt lat="25.06748448126018047332763671875" lon="102.6736268587410449981689453125">
        <ele>1907</ele>
        <time>2026-10-04T23:27:08.000Z</time>
        <extensions>
          <ns3:TrackPointExtension>
            <ns3:hr>142</ns3:hr>
            <ns3:cad>97</ns3:cad>
          </ns3:TrackPointExtension>
        </extensions>
      </trkpt>
      <trkpt lat="25.06750577129423618316650390625" lon="102.67360456287860870361328125">
        <ele>1907</ele>
        <time>2026-10-04T23:27:09.000Z</time>
        <extensions>
          <ns3:TrackPointExtension>
            <ns3:hr>142</ns3:hr>
            <ns3:cad>97</ns3:cad>
          </ns3:TrackPointExtension>
        </extensions>
      </trkpt>
      <trkpt lat="25.0675356946885585784912109375" lon="102.673584111034870147705078125">
        <ele>1906.800048828125</ele>
        <time>2026-10-04T23:27:10.000Z</time>
        <extensions>
          <ns3:TrackPointExtension>
            <ns3:hr>142</ns3:hr>
            <ns3:cad>97</ns3:cad>
          </ns3:TrackPointExtension>
        </extensions>
      </trkpt>
      <trkpt lat="25.0675611756742000579833984375" lon="102.6735571213066577911376953125">
        <ele>1906.800048828125</ele>
        <time>2026-10-04T23:27:11.000Z</time>
        <extensions>
          <ns3:TrackPointExtension>
            <ns3:hr>142</ns3:hr>
            <ns3:cad>97</ns3:cad>
          </ns3:TrackPointExtension>
        </extensions>
      </trkpt>
      <trkpt lat="25.0675853155553340911865234375" lon="102.673540525138378143310546875">
        <ele>1906.5999755859375</ele>
        <time>2026-10-04T23:27:12.000Z</time>
        <extensions>
          <ns3:TrackPointExtension>
            <ns3:hr>142</ns3:hr>
            <ns3:cad>95</ns3:cad>
          </ns3:TrackPointExtension>
        </extensions>
      </trkpt>
      <trkpt lat="25.0676121376454830169677734375" lon="102.6735182292759418487548828125">
        <ele>1906.4000244140625</ele>
        <time>2026-10-04T23:27:13.000Z</time>
        <extensions>
          <ns3:TrackPointExtension>
            <ns3:hr>143</ns3:hr>
            <ns3:cad>95</ns3:cad>
          </ns3:TrackPointExtension>
        </extensions>
      </trkpt>
      <trkpt lat="25.0676285661756992340087890625" lon="102.67349333502352237701416015625">
        <ele>1906.199951171875</ele>
        <time>2026-10-04T23:27:14.000Z</time>
        <extensions>
          <ns3:TrackPointExtension>
            <ns3:hr>143</ns3:hr>
            <ns3:cad>95</ns3:cad>
          </ns3:TrackPointExtension>
        </extensions>
      </trkpt>
      <trkpt lat="25.06765245459973812103271484375" lon="102.6734697818756103515625">
        <ele>1906.199951171875</ele>
        <time>2026-10-04T23:27:15.000Z</time>
        <extensions>
          <ns3:TrackPointExtension>
            <ns3:hr>143</ns3:hr>
            <ns3:cad>95</ns3:cad>
          </ns3:TrackPointExtension>
        </extensions>
      </trkpt>
      <trkpt lat="25.06768028251826763153076171875" lon="102.6734397746622562408447265625">
        <ele>1906.199951171875</ele>
        <time>2026-10-04T23:27:16.000Z</time>
        <extensions>
          <ns3:TrackPointExtension>
            <ns3:hr>142</ns3:hr>
            <ns3:cad>96</ns3:cad>
          </ns3:TrackPointExtension>
        </extensions>
      </trkpt>
      <trkpt lat="25.06769738160073757171630859375" lon="102.67341504804790019989013671875">
        <ele>1906</ele>
        <time>2026-10-04T23:27:17.000Z</time>
        <extensions>
          <ns3:TrackPointExtension>
            <ns3:hr>143</ns3:hr>
            <ns3:cad>96</ns3:cad>
          </ns3:TrackPointExtension>
        </extensions>
      </trkpt>
      <trkpt lat="25.06772629916667938232421875" lon="102.6733928360044956207275390625">
        <ele>1906</ele>
        <time>2026-10-04T23:27:18.000Z</time>
        <extensions>
          <ns3:TrackPointExtension>
            <ns3:hr>143</ns3:hr>
            <ns3:cad>97</ns3:cad>
          </ns3:TrackPointExtension>
        </extensions>
      </trkpt>
      <trkpt lat="25.06775052286684513092041015625" lon="102.67337322235107421875">
        <ele>1905.800048828125</ele>
        <time>2026-10-04T23:27:19.000Z</time>
        <extensions>
          <ns3:TrackPointExtension>
            <ns3:hr>143</ns3:hr>
            <ns3:cad>98</ns3:cad>
          </ns3:TrackPointExtension>
        </extensions>
      </trkpt>
      <trkpt lat="25.06777432747185230255126953125" lon="102.67335285432636737823486328125">
        <ele>1905.800048828125</ele>
        <time>2026-10-04T23:27:20.000Z</time>
        <extensions>
          <ns3:TrackPointExtension>
            <ns3:hr>142</ns3:hr>
            <ns3:cad>98</ns3:cad>
          </ns3:TrackPointExtension>
        </extensions>
      </trkpt>
      <trkpt lat="25.06779829971492290496826171875" lon="102.6733254455029964447021484375">
        <ele>1905.800048828125</ele>
        <time>2026-10-04T23:27:21.000Z</time>
        <extensions>
          <ns3:TrackPointExtension>
            <ns3:hr>143</ns3:hr>
            <ns3:cad>98</ns3:cad>
          </ns3:TrackPointExtension>
        </extensions>
      </trkpt>
      <trkpt lat="25.06781891919672489166259765625" lon="102.67330306582152843475341796875">
        <ele>1905.800048828125</ele>
        <time>2026-10-04T23:27:22.000Z</time>
        <extensions>
          <ns3:TrackPointExtension>
            <ns3:hr>143</ns3:hr>
            <ns3:cad>97</ns3:cad>
          </ns3:TrackPointExtension>
        </extensions>
      </trkpt>
      <trkpt lat="25.06784792058169841766357421875" lon="102.67327465116977691650390625">
        <ele>1905.800048828125</ele>
        <time>2026-10-04T23:27:23.000Z</time>
        <extensions>
          <ns3:TrackPointExtension>
            <ns3:hr>142</ns3:hr>
            <ns3:cad>96</ns3:cad>
          </ns3:TrackPointExtension>
        </extensions>
      </trkpt>
      <trkpt lat="25.0678682886064052581787109375" lon="102.67325327731668949127197265625">
        <ele>1905.800048828125</ele>
        <time>2026-10-04T23:27:24.000Z</time>
        <extensions>
          <ns3:TrackPointExtension>
            <ns3:hr>143</ns3:hr>
            <ns3:cad>96</ns3:cad>
          </ns3:TrackPointExtension>
        </extensions>
      </trkpt>
      <trkpt lat="25.0678954459726810455322265625" lon="102.67322729341685771942138671875">
        <ele>1905.5999755859375</ele>
        <time>2026-10-04T23:27:25.000Z</time>
        <extensions>
          <ns3:TrackPointExtension>
            <ns3:hr>143</ns3:hr>
            <ns3:cad>96</ns3:cad>
          </ns3:TrackPointExtension>
        </extensions>
      </trkpt>
      <trkpt lat="25.06791564635932445526123046875" lon="102.673206590116024017333984375">
        <ele>1905.5999755859375</ele>
        <time>2026-10-04T23:27:26.000Z</time>
        <extensions>
          <ns3:TrackPointExtension>
            <ns3:hr>142</ns3:hr>
            <ns3:cad>96</ns3:cad>
          </ns3:TrackPointExtension>
        </extensions>
      </trkpt>
      <trkpt lat="25.06793148815631866455078125" lon="102.67317809164524078369140625">
        <ele>1905.5999755859375</ele>
        <time>2026-10-04T23:27:27.000Z</time>
        <extensions>
          <ns3:TrackPointExtension>
            <ns3:hr>142</ns3:hr>
            <ns3:cad>97</ns3:cad>
          </ns3:TrackPointExtension>
        </extensions>
      </trkpt>
      <trkpt lat="25.06793090142309665679931640625" lon="102.673140875995159149169921875">
        <ele>1905.4000244140625</ele>
        <time>2026-10-04T23:27:28.000Z</time>
        <extensions>
          <ns3:TrackPointExtension>
            <ns3:hr>142</ns3:hr>
            <ns3:cad>97</ns3:cad>
          </ns3:TrackPointExtension>
        </extensions>
      </trkpt>
      <trkpt lat="25.0679187476634979248046875" lon="102.6731088571250438690185546875">
        <ele>1905.199951171875</ele>
        <time>2026-10-04T23:27:29.000Z</time>
        <extensions>
          <ns3:TrackPointExtension>
            <ns3:hr>143</ns3:hr>
            <ns3:cad>96</ns3:cad>
          </ns3:TrackPointExtension>
        </extensions>
      </trkpt>
      <trkpt lat="25.0679051689803600311279296875" lon="102.67306485213339328765869140625">
        <ele>1905</ele>
        <time>2026-10-04T23:27:30.000Z</time>
        <extensions>
          <ns3:TrackPointExtension>
            <ns3:hr>143</ns3:hr>
            <ns3:cad>96</ns3:cad>
          </ns3:TrackPointExtension>
        </extensions>
      </trkpt>
      <trkpt lat="25.06789050064980983734130859375" lon="102.67302914522588253021240234375">
        <ele>1904.800048828125</ele>
        <time>2026-10-04T23:27:31.000Z</time>
        <extensions>
          <ns3:TrackPointExtension>
            <ns3:hr>143</ns3:hr>
            <ns3:cad>96</ns3:cad>
          </ns3:TrackPointExtension>
        </extensions>
      </trkpt>
      <trkpt lat="25.067884884774684906005859375" lon="102.67299863509833812713623046875">
        <ele>1904.800048828125</ele>
        <time>2026-10-04T23:27:32.000Z</time>
        <extensions>
          <ns3:TrackPointExtension>
            <ns3:hr>143</ns3:hr>
            <ns3:cad>96</ns3:cad>
          </ns3:TrackPointExtension>
        </extensions>
      </trkpt>
      <trkpt lat="25.0678736530244350433349609375" lon="102.67295706085860729217529296875">
        <ele>1904.5999755859375</ele>
        <time>2026-10-04T23:27:33.000Z</time>
        <extensions>
          <ns3:TrackPointExtension>
            <ns3:hr>143</ns3:hr>
            <ns3:cad>94</ns3:cad>
          </ns3:TrackPointExtension>
        </extensions>
      </trkpt>
      <trkpt lat="25.06785797886550426483154296875" lon="102.67292554490268230438232421875">
        <ele>1904.5999755859375</ele>
        <time>2026-10-04T23:27:34.000Z</time>
        <extensions>
          <ns3:TrackPointExtension>
            <ns3:hr>143</ns3:hr>
            <ns3:cad>94</ns3:cad>
          </ns3:TrackPointExtension>
        </extensions>
      </trkpt>
      <trkpt lat="25.0678538717329502105712890625" lon="102.67287793569266796112060546875">
        <ele>1904.4000244140625</ele>
        <time>2026-10-04T23:27:35.000Z</time>
        <extensions>
          <ns3:TrackPointExtension>
            <ns3:hr>143</ns3:hr>
            <ns3:cad>96</ns3:cad>
          </ns3:TrackPointExtension>
        </extensions>
      </trkpt>
      <trkpt lat="25.06784272380173206329345703125" lon="102.67284038476645946502685546875">
        <ele>1904</ele>
        <time>2026-10-04T23:27:36.000Z</time>
        <extensions>
          <ns3:TrackPointExtension>
            <ns3:hr>142</ns3:hr>
            <ns3:cad>97</ns3:cad>
          </ns3:TrackPointExtension>
        </extensions>
      </trkpt>
      <trkpt lat="25.06783350370824337005615234375" lon="102.6728112995624542236328125">
        <ele>1903.5999755859375</ele>
        <time>2026-10-04T23:27:37.000Z</time>
        <extensions>
          <ns3:TrackPointExtension>
            <ns3:hr>142</ns3:hr>
            <ns3:cad>96</ns3:cad>
          </ns3:TrackPointExtension>
        </extensions>
      </trkpt>
      <trkpt lat="25.0678297318518161773681640625" lon="102.67277039587497711181640625">
        <ele>1903.199951171875</ele>
        <time>2026-10-04T23:27:38.000Z</time>
        <extensions>
          <ns3:TrackPointExtension>
            <ns3:hr>142</ns3:hr>
            <ns3:cad>96</ns3:cad>
          </ns3:TrackPointExtension>
        </extensions>
      </trkpt>
      <trkpt lat="25.0678324140608310699462890625" lon="102.672738544642925262451171875">
        <ele>1902.800048828125</ele>
        <time>2026-10-04T23:27:39.000Z</time>
        <extensions>
          <ns3:TrackPointExtension>
            <ns3:hr>142</ns3:hr>
            <ns3:cad>96</ns3:cad>
          </ns3:TrackPointExtension>
        </extensions>
      </trkpt>
      <trkpt lat="25.06784406490623950958251953125" lon="102.67270660959184169769287109375">
        <ele>1902.4000244140625</ele>
        <time>2026-10-04T23:27:40.000Z</time>
        <extensions>
          <ns3:TrackPointExtension>
            <ns3:hr>143</ns3:hr>
            <ns3:cad>96</ns3:cad>
          </ns3:TrackPointExtension>
        </extensions>
      </trkpt>
      <trkpt lat="25.067869462072849273681640625" lon="102.6726850681006908416748046875">
        <ele>1902.199951171875</ele>
        <time>2026-10-04T23:27:41.000Z</time>
        <extensions>
          <ns3:TrackPointExtension>
            <ns3:hr>143</ns3:hr>
            <ns3:cad>96</ns3:cad>
          </ns3:TrackPointExtension>
        </extensions>
      </trkpt>
      <trkpt lat="25.0679041631519794464111328125" lon="102.67267576418817043304443359375">
        <ele>1902.199951171875</ele>
        <time>2026-10-04T23:27:42.000Z</time>
        <extensions>
          <ns3:TrackPointExtension>
            <ns3:hr>142</ns3:hr>
            <ns3:cad>96</ns3:cad>
          </ns3:TrackPointExtension>
        </extensions>
      </trkpt>
      <trkpt lat="25.0679407082498073577880859375" lon="102.67266335897147655487060546875">
        <ele>1902</ele>
        <time>2026-10-04T23:27:43.000Z</time>
        <extensions>
          <ns3:TrackPointExtension>
            <ns3:hr>142</ns3:hr>
            <ns3:cad>96</ns3:cad>
          </ns3:TrackPointExtension>
        </extensions>
      </trkpt>
      <trkpt lat="25.0679695419967174530029296875" lon="102.67265866510570049285888671875">
        <ele>1902</ele>
        <time>2026-10-04T23:27:44.000Z</time>
        <extensions>
          <ns3:TrackPointExtension>
            <ns3:hr>142</ns3:hr>
            <ns3:cad>96</ns3:cad>
          </ns3:TrackPointExtension>
        </extensions>
      </trkpt>
      <trkpt lat="25.06800063885748386383056640625" lon="102.672652043402194976806640625">
        <ele>1902</ele>
        <time>2026-10-04T23:27:45.000Z</time>
        <extensions>
          <ns3:TrackPointExtension>
            <ns3:hr>142</ns3:hr>
            <ns3:cad>96</ns3:cad>
          </ns3:TrackPointExtension>
        </extensions>
      </trkpt>
      <trkpt lat="25.0680288858711719512939453125" lon="102.67265103757381439208984375">
        <ele>1902</ele>
        <time>2026-10-04T23:27:46.000Z</time>
        <extensions>
          <ns3:TrackPointExtension>
            <ns3:hr>142</ns3:hr>
            <ns3:cad>95</ns3:cad>
          </ns3:TrackPointExtension>
        </extensions>
      </trkpt>
      <trkpt lat="25.068061240017414093017578125" lon="102.67264324240386486053466796875">
        <ele>1902</ele>
        <time>2026-10-04T23:27:47.000Z</time>
        <extensions>
          <ns3:TrackPointExtension>
            <ns3:hr>141</ns3:hr>
            <ns3:cad>95</ns3:cad>
          </ns3:TrackPointExtension>
        </extensions>
      </trkpt>
      <trkpt lat="25.068084709346294403076171875" lon="102.6726331003010272979736328125">
        <ele>1901.800048828125</ele>
        <time>2026-10-04T23:27:48.000Z</time>
        <extensions>
          <ns3:TrackPointExtension>
            <ns3:hr>141</ns3:hr>
            <ns3:cad>95</ns3:cad>
          </ns3:TrackPointExtension>
        </extensions>
      </trkpt>
      <trkpt lat="25.06811630912125110626220703125" lon="102.67262530513107776641845703125">
        <ele>1901.800048828125</ele>
        <time>2026-10-04T23:27:49.000Z</time>
        <extensions>
          <ns3:TrackPointExtension>
            <ns3:hr>140</ns3:hr>
            <ns3:cad>93</ns3:cad>
          </ns3:TrackPointExtension>
        </extensions>
      </trkpt>
      <trkpt lat="25.068139024078845977783203125" lon="102.672617174685001373291015625">
        <ele>1901.800048828125</ele>
        <time>2026-10-04T23:27:50.000Z</time>
        <extensions>
          <ns3:TrackPointExtension>
            <ns3:hr>140</ns3:hr>
            <ns3:cad>93</ns3:cad>
          </ns3:TrackPointExtension>
        </extensions>
      </trkpt>
      <trkpt lat="25.0681646727025508880615234375" lon="102.672608792781829833984375">
        <ele>1901.800048828125</ele>
        <time>2026-10-04T23:27:51.000Z</time>
        <extensions>
          <ns3:TrackPointExtension>
            <ns3:hr>140</ns3:hr>
            <ns3:cad>92</ns3:cad>
          </ns3:TrackPointExtension>
        </extensions>
      </trkpt>
      <trkpt lat="25.06818470545113086700439453125" lon="102.67260887660086154937744140625">
        <ele>1901.5999755859375</ele>
        <time>2026-10-04T23:27:52.000Z</time>
        <extensions>
          <ns3:TrackPointExtension>
            <ns3:hr>140</ns3:hr>
            <ns3:cad>92</ns3:cad>
          </ns3:TrackPointExtension>
        </extensions>
      </trkpt>
      <trkpt lat="25.06820641458034515380859375" lon="102.67260082997381687164306640625">
        <ele>1901.800048828125</ele>
        <time>2026-10-04T23:27:53.000Z</time>
        <extensions>
          <ns3:TrackPointExtension>
            <ns3:hr>140</ns3:hr>
            <ns3:cad>92</ns3:cad>
          </ns3:TrackPointExtension>
        </extensions>
      </trkpt>
      <trkpt lat="25.0682213343679904937744140625" lon="102.67259345389902591705322265625">
        <ele>1901.800048828125</ele>
        <time>2026-10-04T23:27:54.000Z</time>
        <extensions>
          <ns3:TrackPointExtension>
            <ns3:hr>139</ns3:hr>
            <ns3:cad>93</ns3:cad>
          </ns3:TrackPointExtension>
        </extensions>
      </trkpt>
      <trkpt lat="25.0682397745549678802490234375" lon="102.67257861793041229248046875">
        <ele>1902</ele>
        <time>2026-10-04T23:27:55.000Z</time>
        <extensions>
          <ns3:TrackPointExtension>
            <ns3:hr>139</ns3:hr>
            <ns3:cad>93</ns3:cad>
          </ns3:TrackPointExtension>
        </extensions>
      </trkpt>
      <trkpt lat="25.068244971334934234619140625" lon="102.672564201056957244873046875">
        <ele>1902</ele>
        <time>2026-10-04T23:27:56.000Z</time>
        <extensions>
          <ns3:TrackPointExtension>
            <ns3:hr>140</ns3:hr>
            <ns3:cad>93</ns3:cad>
          </ns3:TrackPointExtension>
        </extensions>
      </trkpt>
      <trkpt lat="25.06824756972491741180419921875" lon="102.67253897152841091156005859375">
        <ele>1902</ele>
        <time>2026-10-04T23:27:57.000Z</time>
        <extensions>
          <ns3:TrackPointExtension>
            <ns3:hr>140</ns3:hr>
            <ns3:cad>87</ns3:cad>
          </ns3:TrackPointExtension>
        </extensions>
      </trkpt>
      <trkpt lat="25.0682406127452850341796875" lon="102.67251022160053253173828125">
        <ele>1901.800048828125</ele>
        <time>2026-10-04T23:27:58.000Z</time>
        <extensions>
          <ns3:TrackPointExtension>
            <ns3:hr>139</ns3:hr>
            <ns3:cad>87</ns3:cad>
          </ns3:TrackPointExtension>
        </extensions>
      </trkpt>
      <trkpt lat="25.0682379305362701416015625" lon="102.6724785380065441131591796875">
        <ele>1901.5999755859375</ele>
        <time>2026-10-04T23:27:59.000Z</time>
        <extensions>
          <ns3:TrackPointExtension>
            <ns3:hr>139</ns3:hr>
            <ns3:cad>87</ns3:cad>
          </ns3:TrackPointExtension>
        </extensions>
      </trkpt>
      <trkpt lat="25.06823147647082805633544921875" lon="102.67244316637516021728515625">
        <ele>1901.4000244140625</ele>
        <time>2026-10-04T23:28:00.000Z</time>
        <extensions>
          <ns3:TrackPointExtension>
            <ns3:hr>138</ns3:hr>
            <ns3:cad>87</ns3:cad>
          </ns3:TrackPointExtension>
        </extensions>
      </trkpt>
      <trkpt lat="25.06822946481406688690185546875" lon="102.6724124886095523834228515625">
        <ele>1901.199951171875</ele>
        <time>2026-10-04T23:28:01.000Z</time>
        <extensions>
          <ns3:TrackPointExtension>
            <ns3:hr>138</ns3:hr>
            <ns3:cad>87</ns3:cad>
          </ns3:TrackPointExtension>
        </extensions>
      </trkpt>
      <trkpt lat="25.06822309456765651702880859375" lon="102.6723695732653141021728515625">
        <ele>1901</ele>
        <time>2026-10-04T23:28:02.000Z</time>
        <extensions>
          <ns3:TrackPointExtension>
            <ns3:hr>137</ns3:hr>
            <ns3:cad>87</ns3:cad>
          </ns3:TrackPointExtension>
        </extensions>
      </trkpt>
      <trkpt lat="25.0682173110544681549072265625" lon="102.67233319580554962158203125">
        <ele>1900.800048828125</ele>
        <time>2026-10-04T23:28:03.000Z</time>
        <extensions>
          <ns3:TrackPointExtension>
            <ns3:hr>136</ns3:hr>
            <ns3:cad>87</ns3:cad>
          </ns3:TrackPointExtension>
        </extensions>
      </trkpt>
      <trkpt lat="25.068213455379009246826171875" lon="102.67229296267032623291015625">
        <ele>1900.5999755859375</ele>
        <time>2026-10-04T23:28:04.000Z</time>
        <extensions>
          <ns3:TrackPointExtension>
            <ns3:hr>136</ns3:hr>
            <ns3:cad>94</ns3:cad>
          </ns3:TrackPointExtension>
        </extensions>
      </trkpt>
      <trkpt lat="25.06820398382842540740966796875" lon="102.67226169817149639129638671875">
        <ele>1900.5999755859375</ele>
        <time>2026-10-04T23:28:05.000Z</time>
        <extensions>
          <ns3:TrackPointExtension>
            <ns3:hr>136</ns3:hr>
            <ns3:cad>94</ns3:cad>
          </ns3:TrackPointExtension>
        </extensions>
      </trkpt>
      <trkpt lat="25.06819778122007846832275390625" lon="102.67222867347300052642822265625">
        <ele>1900.4000244140625</ele>
        <time>2026-10-04T23:28:06.000Z</time>
        <extensions>
          <ns3:TrackPointExtension>
            <ns3:hr>137</ns3:hr>
            <ns3:cad>96</ns3:cad>
          </ns3:TrackPointExtension>
        </extensions>
      </trkpt>
      <trkpt lat="25.06819593720138072967529296875" lon="102.67219237983226776123046875">
        <ele>1900</ele>
        <time>2026-10-04T23:28:07.000Z</time>
        <extensions>
          <ns3:TrackPointExtension>
            <ns3:hr>137</ns3:hr>
            <ns3:cad>96</ns3:cad>
          </ns3:TrackPointExtension>
        </extensions>
      </trkpt>
      <trkpt lat="25.06818805821239948272705078125" lon="102.67215809784829616546630859375">
        <ele>1899.800048828125</ele>
        <time>2026-10-04T23:28:08.000Z</time>
        <extensions>
          <ns3:TrackPointExtension>
            <ns3:hr>137</ns3:hr>
            <ns3:cad>96</ns3:cad>
          </ns3:TrackPointExtension>
        </extensions>
      </trkpt>
      <trkpt lat="25.06817833520472049713134765625" lon="102.67211954109370708465576171875">
        <ele>1899.5999755859375</ele>
        <time>2026-10-04T23:28:09.000Z</time>
        <extensions>
          <ns3:TrackPointExtension>
            <ns3:hr>136</ns3:hr>
            <ns3:cad>96</ns3:cad>
          </ns3:TrackPointExtension>
        </extensions>
      </trkpt>
      <trkpt lat="25.0681680254638195037841796875" lon="102.67208484001457691192626953125">
        <ele>1899.4000244140625</ele>
        <time>2026-10-04T23:28:10.000Z</time>
        <extensions>
          <ns3:TrackPointExtension>
            <ns3:hr>137</ns3:hr>
            <ns3:cad>95</ns3:cad>
          </ns3:TrackPointExtension>
        </extensions>
      </trkpt>
      <trkpt lat="25.06816425360739231109619140625" lon="102.67205349169671535491943359375">
        <ele>1899.4000244140625</ele>
        <time>2026-10-04T23:28:11.000Z</time>
        <extensions>
          <ns3:TrackPointExtension>
            <ns3:hr>137</ns3:hr>
            <ns3:cad>95</ns3:cad>
          </ns3:TrackPointExtension>
        </extensions>
      </trkpt>
      <trkpt lat="25.0681599788367748260498046875" lon="102.672017700970172882080078125">
        <ele>1899.199951171875</ele>
        <time>2026-10-04T23:28:12.000Z</time>
        <extensions>
          <ns3:TrackPointExtension>
            <ns3:hr>136</ns3:hr>
            <ns3:cad>95</ns3:cad>
          </ns3:TrackPointExtension>
        </extensions>
      </trkpt>
      <trkpt lat="25.06815545260906219482421875" lon="102.67198123969137668609619140625">
        <ele>1899.199951171875</ele>
        <time>2026-10-04T23:28:13.000Z</time>
        <extensions>
          <ns3:TrackPointExtension>
            <ns3:hr>137</ns3:hr>
            <ns3:cad>95</ns3:cad>
          </ns3:TrackPointExtension>
        </extensions>
      </trkpt>
      <trkpt lat="25.06815151311457157135009765625" lon="102.67194402404129505157470703125">
        <ele>1899.199951171875</ele>
        <time>2026-10-04T23:28:14.000Z</time>
        <extensions>
          <ns3:TrackPointExtension>
            <ns3:hr>138</ns3:hr>
            <ns3:cad>95</ns3:cad>
          </ns3:TrackPointExtension>
        </extensions>
      </trkpt>
      <trkpt lat="25.0681462325155735015869140625" lon="102.671909742057323455810546875">
        <ele>1899</ele>
        <time>2026-10-04T23:28:15.000Z</time>
        <extensions>
          <ns3:TrackPointExtension>
            <ns3:hr>138</ns3:hr>
            <ns3:cad>96</ns3:cad>
          </ns3:TrackPointExtension>
        </extensions>
      </trkpt>
      <trkpt lat="25.0681442208588123321533203125" lon="102.67187780700623989105224609375">
        <ele>1898.800048828125</ele>
        <time>2026-10-04T23:28:16.000Z</time>
        <extensions>
          <ns3:TrackPointExtension>
            <ns3:hr>138</ns3:hr>
            <ns3:cad>96</ns3:cad>
          </ns3:TrackPointExtension>
        </extensions>
      </trkpt>
      <trkpt lat="25.06813977845013141632080078125" lon="102.6718374900519847869873046875">
        <ele>1898.800048828125</ele>
        <time>2026-10-04T23:28:17.000Z</time>
        <extensions>
          <ns3:TrackPointExtension>
            <ns3:hr>139</ns3:hr>
            <ns3:cad>96</ns3:cad>
          </ns3:TrackPointExtension>
        </extensions>
      </trkpt>
      <trkpt lat="25.06814204156398773193359375" lon="102.6718049682676792144775390625">
        <ele>1898.5999755859375</ele>
        <time>2026-10-04T23:28:18.000Z</time>
        <extensions>
          <ns3:TrackPointExtension>
            <ns3:hr>139</ns3:hr>
            <ns3:cad>96</ns3:cad>
          </ns3:TrackPointExtension>
        </extensions>
      </trkpt>
      <trkpt lat="25.06813525222241878509521484375" lon="102.6717643998563289642333984375">
        <ele>1898.4000244140625</ele>
        <time>2026-10-04T23:28:19.000Z</time>
        <extensions>
          <ns3:TrackPointExtension>
            <ns3:hr>139</ns3:hr>
            <ns3:cad>96</ns3:cad>
          </ns3:TrackPointExtension>
        </extensions>
      </trkpt>
      <trkpt lat="25.06812737323343753814697265625" lon="102.6717250049114227294921875">
        <ele>1898.199951171875</ele>
        <time>2026-10-04T23:28:20.000Z</time>
        <extensions>
          <ns3:TrackPointExtension>
            <ns3:hr>139</ns3:hr>
            <ns3:cad>96</ns3:cad>
          </ns3:TrackPointExtension>
        </extensions>
      </trkpt>
      <trkpt lat="25.0681244395673274993896484375" lon="102.67168938182294368743896484375">
        <ele>1898.199951171875</ele>
        <time>2026-10-04T23:28:21.000Z</time>
        <extensions>
          <ns3:TrackPointExtension>
            <ns3:hr>139</ns3:hr>
            <ns3:cad>96</ns3:cad>
          </ns3:TrackPointExtension>
        </extensions>
      </trkpt>
      <trkpt lat="25.06811949424445629119873046875" lon="102.67164747230708599090576171875">
        <ele>1898</ele>
        <time>2026-10-04T23:28:22.000Z</time>
        <extensions>
          <ns3:TrackPointExtension>
            <ns3:hr>139</ns3:hr>
            <ns3:cad>96</ns3:cad>
          </ns3:TrackPointExtension>
        </extensions>
      </trkpt>
      <trkpt lat="25.0681173987686634063720703125" lon="102.6716141961514949798583984375">
        <ele>1897.800048828125</ele>
        <time>2026-10-04T23:28:23.000Z</time>
        <extensions>
          <ns3:TrackPointExtension>
            <ns3:hr>139</ns3:hr>
            <ns3:cad>96</ns3:cad>
          </ns3:TrackPointExtension>
        </extensions>
      </trkpt>
      <trkpt lat="25.068117566406726837158203125" lon="102.67157371155917644500732421875">
        <ele>1897.5999755859375</ele>
        <time>2026-10-04T23:28:24.000Z</time>
        <extensions>
          <ns3:TrackPointExtension>
            <ns3:hr>138</ns3:hr>
            <ns3:cad>96</ns3:cad>
          </ns3:TrackPointExtension>
        </extensions>
      </trkpt>
      <trkpt lat="25.0681113637983798980712890625" lon="102.6715417765080928802490234375">
        <ele>1897.4000244140625</ele>
        <time>2026-10-04T23:28:25.000Z</time>
        <extensions>
          <ns3:TrackPointExtension>
            <ns3:hr>138</ns3:hr>
            <ns3:cad>96</ns3:cad>
          </ns3:TrackPointExtension>
        </extensions>
      </trkpt>
      <trkpt lat="25.0681033171713352203369140625" lon="102.671510092914104461669921875">
        <ele>1897.4000244140625</ele>
        <time>2026-10-04T23:28:26.000Z</time>
        <extensions>
          <ns3:TrackPointExtension>
            <ns3:hr>138</ns3:hr>
            <ns3:cad>96</ns3:cad>
          </ns3:TrackPointExtension>
        </extensions>
      </trkpt>
      <trkpt lat="25.06809753365814685821533203125" lon="102.67146809957921504974365234375">
        <ele>1897.199951171875</ele>
        <time>2026-10-04T23:28:27.000Z</time>
        <extensions>
          <ns3:TrackPointExtension>
            <ns3:hr>138</ns3:hr>
            <ns3:cad>96</ns3:cad>
          </ns3:TrackPointExtension>
        </extensions>
      </trkpt>
      <trkpt lat="25.06808848120272159576416015625" lon="102.67143390141427516937255859375">
        <ele>1897.199951171875</ele>
        <time>2026-10-04T23:28:28.000Z</time>
        <extensions>
          <ns3:TrackPointExtension>
            <ns3:hr>138</ns3:hr>
            <ns3:cad>96</ns3:cad>
          </ns3:TrackPointExtension>
        </extensions>
      </trkpt>
      <trkpt lat="25.0680801831185817718505859375" lon="102.6713932491838932037353515625">
        <ele>1897</ele>
        <time>2026-10-04T23:28:29.000Z</time>
        <extensions>
          <ns3:TrackPointExtension>
            <ns3:hr>138</ns3:hr>
            <ns3:cad>96</ns3:cad>
          </ns3:TrackPointExtension>
        </extensions>
      </trkpt>
      <trkpt lat="25.0680758245289325714111328125" lon="102.67135561443865299224853515625">
        <ele>1896.800048828125</ele>
        <time>2026-10-04T23:28:30.000Z</time>
        <extensions>
          <ns3:TrackPointExtension>
            <ns3:hr>138</ns3:hr>
            <ns3:cad>96</ns3:cad>
          </ns3:TrackPointExtension>
        </extensions>
      </trkpt>
      <trkpt lat="25.068072639405727386474609375" lon="102.67132191918790340423583984375">
        <ele>1896.5999755859375</ele>
        <time>2026-10-04T23:28:31.000Z</time>
        <extensions>
          <ns3:TrackPointExtension>
            <ns3:hr>139</ns3:hr>
            <ns3:cad>96</ns3:cad>
          </ns3:TrackPointExtension>
        </extensions>
      </trkpt>
      <trkpt lat="25.068071298301219940185546875" lon="102.67128788866102695465087890625">
        <ele>1896.5999755859375</ele>
        <time>2026-10-04T23:28:32.000Z</time>
        <extensions>
          <ns3:TrackPointExtension>
            <ns3:hr>138</ns3:hr>
            <ns3:cad>96</ns3:cad>
          </ns3:TrackPointExtension>
        </extensions>
      </trkpt>
      <trkpt lat="25.06806920282542705535888671875" lon="102.6712567918002605438232421875">
        <ele>1896.4000244140625</ele>
        <time>2026-10-04T23:28:33.000Z</time>
        <extensions>
          <ns3:TrackPointExtension>
            <ns3:hr>138</ns3:hr>
            <ns3:cad>96</ns3:cad>
          </ns3:TrackPointExtension>
        </extensions>
      </trkpt>
      <trkpt lat="25.06807004101574420928955078125" lon="102.67121915705502033233642578125">
        <ele>1896.4000244140625</ele>
        <time>2026-10-04T23:28:34.000Z</time>
        <extensions>
          <ns3:TrackPointExtension>
            <ns3:hr>138</ns3:hr>
            <ns3:cad>96</ns3:cad>
          </ns3:TrackPointExtension>
        </extensions>
      </trkpt>
      <trkpt lat="25.0680681131780147552490234375" lon="102.67118529416620731353759765625">
        <ele>1896.4000244140625</ele>
        <time>2026-10-04T23:28:35.000Z</time>
        <extensions>
          <ns3:TrackPointExtension>
            <ns3:hr>138</ns3:hr>
            <ns3:cad>95</ns3:cad>
          </ns3:TrackPointExtension>
        </extensions>
      </trkpt>
      <trkpt lat="25.068067945539951324462890625" lon="102.67115310765802860260009765625">
        <ele>1896.4000244140625</ele>
        <time>2026-10-04T23:28:36.000Z</time>
        <extensions>
          <ns3:TrackPointExtension>
            <ns3:hr>138</ns3:hr>
            <ns3:cad>95</ns3:cad>
          </ns3:TrackPointExtension>
        </extensions>
      </trkpt>
      <trkpt lat="25.06806752644479274749755859375" lon="102.67111136578023433685302734375">
        <ele>1896.199951171875</ele>
        <time>2026-10-04T23:28:37.000Z</time>
        <extensions>
          <ns3:TrackPointExtension>
            <ns3:hr>138</ns3:hr>
            <ns3:cad>97</ns3:cad>
          </ns3:TrackPointExtension>
        </extensions>
      </trkpt>
      <trkpt lat="25.06806249730288982391357421875" lon="102.67107280902564525604248046875">
        <ele>1896.199951171875</ele>
        <time>2026-10-04T23:28:38.000Z</time>
        <extensions>
          <ns3:TrackPointExtension>
            <ns3:hr>138</ns3:hr>
            <ns3:cad>97</ns3:cad>
          </ns3:TrackPointExtension>
        </extensions>
      </trkpt>
      <trkpt lat="25.06806585006415843963623046875" lon="102.67104296945035457611083984375">
        <ele>1896.199951171875</ele>
        <time>2026-10-04T23:28:39.000Z</time>
        <extensions>
          <ns3:TrackPointExtension>
            <ns3:hr>139</ns3:hr>
            <ns3:cad>95</ns3:cad>
          </ns3:TrackPointExtension>
        </extensions>
      </trkpt>
      <trkpt lat="25.06806015037000179290771484375" lon="102.671001814305782318115234375">
        <ele>1896</ele>
        <time>2026-10-04T23:28:40.000Z</time>
        <extensions>
          <ns3:TrackPointExtension>
            <ns3:hr>139</ns3:hr>
            <ns3:cad>95</ns3:cad>
          </ns3:TrackPointExtension>
        </extensions>
      </trkpt>
      <trkpt lat="25.06805093027651309967041015625" lon="102.6709687896072864532470703125">
        <ele>1896.199951171875</ele>
        <time>2026-10-04T23:28:41.000Z</time>
        <extensions>
          <ns3:TrackPointExtension>
            <ns3:hr>139</ns3:hr>
            <ns3:cad>95</ns3:cad>
          </ns3:TrackPointExtension>
        </extensions>
      </trkpt>
      <trkpt lat="25.06804271601140499114990234375" lon="102.6709298975765705108642578125">
        <ele>1896.199951171875</ele>
        <time>2026-10-04T23:28:42.000Z</time>
        <extensions>
          <ns3:TrackPointExtension>
            <ns3:hr>139</ns3:hr>
            <ns3:cad>96</ns3:cad>
          </ns3:TrackPointExtension>
        </extensions>
      </trkpt>
      <trkpt lat="25.0680349208414554595947265625" lon="102.67089846543967723846435546875">
        <ele>1896.199951171875</ele>
        <time>2026-10-04T23:28:43.000Z</time>
        <extensions>
          <ns3:TrackPointExtension>
            <ns3:hr>139</ns3:hr>
            <ns3:cad>96</ns3:cad>
          </ns3:TrackPointExtension>
        </extensions>
      </trkpt>
      <trkpt lat="25.06803064607083797454833984375" lon="102.6708666980266571044921875">
        <ele>1896.199951171875</ele>
        <time>2026-10-04T23:28:44.000Z</time>
        <extensions>
          <ns3:TrackPointExtension>
            <ns3:hr>139</ns3:hr>
            <ns3:cad>96</ns3:cad>
          </ns3:TrackPointExtension>
        </extensions>
      </trkpt>
      <trkpt lat="25.06803072988986968994140625" lon="102.6708360202610492706298828125">
        <ele>1896.199951171875</ele>
        <time>2026-10-04T23:28:45.000Z</time>
        <extensions>
          <ns3:TrackPointExtension>
            <ns3:hr>139</ns3:hr>
            <ns3:cad>96</ns3:cad>
          </ns3:TrackPointExtension>
        </extensions>
      </trkpt>
      <trkpt lat="25.068024359643459320068359375" lon="102.67081045545637607574462890625">
        <ele>1896</ele>
        <time>2026-10-04T23:28:46.000Z</time>
        <extensions>
          <ns3:TrackPointExtension>
            <ns3:hr>140</ns3:hr>
            <ns3:cad>96</ns3:cad>
          </ns3:TrackPointExtension>
        </extensions>
      </trkpt>
      <trkpt lat="25.06801958195865154266357421875" lon="102.67076946794986724853515625">
        <ele>1896</ele>
        <time>2026-10-04T23:28:47.000Z</time>
        <extensions>
          <ns3:TrackPointExtension>
            <ns3:hr>139</ns3:hr>
            <ns3:cad>96</ns3:cad>
          </ns3:TrackPointExtension>
        </extensions>
      </trkpt>
      <trkpt lat="25.06801128387451171875" lon="102.67073535360395908355712890625">
        <ele>1896</ele>
        <time>2026-10-04T23:28:48.000Z</time>
        <extensions>
          <ns3:TrackPointExtension>
            <ns3:hr>139</ns3:hr>
            <ns3:cad>96</ns3:cad>
          </ns3:TrackPointExtension>
        </extensions>
      </trkpt>
      <trkpt lat="25.06801019422709941864013671875" lon="102.67070400528609752655029296875">
        <ele>1896</ele>
        <time>2026-10-04T23:28:49.000Z</time>
        <extensions>
          <ns3:TrackPointExtension>
            <ns3:hr>139</ns3:hr>
            <ns3:cad>96</ns3:cad>
          </ns3:TrackPointExtension>
        </extensions>
      </trkpt>
      <trkpt lat="25.06801061332225799560546875" lon="102.67066980712115764617919921875">
        <ele>1896</ele>
        <time>2026-10-04T23:28:50.000Z</time>
        <extensions>
          <ns3:TrackPointExtension>
            <ns3:hr>139</ns3:hr>
            <ns3:cad>96</ns3:cad>
          </ns3:TrackPointExtension>
        </extensions>
      </trkpt>
      <trkpt lat="25.06800197996199131011962890625" lon="102.67064080573618412017822265625">
        <ele>1896</ele>
        <time>2026-10-04T23:28:51.000Z</time>
        <extensions>
          <ns3:TrackPointExtension>
            <ns3:hr>139</ns3:hr>
            <ns3:cad>96</ns3:cad>
          </ns3:TrackPointExtension>
        </extensions>
      </trkpt>
      <trkpt lat="25.067997537553310394287109375" lon="102.67059889622032642364501953125">
        <ele>1896</ele>
        <time>2026-10-04T23:28:52.000Z</time>
        <extensions>
          <ns3:TrackPointExtension>
            <ns3:hr>139</ns3:hr>
            <ns3:cad>96</ns3:cad>
          </ns3:TrackPointExtension>
        </extensions>
      </trkpt>
      <trkpt lat="25.0679909996688365936279296875" lon="102.67056570388376712799072265625">
        <ele>1896</ele>
        <time>2026-10-04T23:28:53.000Z</time>
        <extensions>
          <ns3:TrackPointExtension>
            <ns3:hr>139</ns3:hr>
            <ns3:cad>96</ns3:cad>
          </ns3:TrackPointExtension>
        </extensions>
      </trkpt>
      <trkpt lat="25.067989826202392578125" lon="102.6705332659184932708740234375">
        <ele>1896</ele>
        <time>2026-10-04T23:28:54.000Z</time>
        <extensions>
          <ns3:TrackPointExtension>
            <ns3:hr>139</ns3:hr>
            <ns3:cad>96</ns3:cad>
          </ns3:TrackPointExtension>
        </extensions>
      </trkpt>
      <trkpt lat="25.06798488087952136993408203125" lon="102.670494876801967620849609375">
        <ele>1896</ele>
        <time>2026-10-04T23:28:55.000Z</time>
        <extensions>
          <ns3:TrackPointExtension>
            <ns3:hr>139</ns3:hr>
            <ns3:cad>96</ns3:cad>
          </ns3:TrackPointExtension>
        </extensions>
      </trkpt>
      <trkpt lat="25.06797582842409610748291015625" lon="102.67046679742634296417236328125">
        <ele>1896</ele>
        <time>2026-10-04T23:28:56.000Z</time>
        <extensions>
          <ns3:TrackPointExtension>
            <ns3:hr>138</ns3:hr>
            <ns3:cad>95</ns3:cad>
          </ns3:TrackPointExtension>
        </extensions>
      </trkpt>
      <trkpt lat="25.06797247566282749176025390625" lon="102.67043025232851505279541015625">
        <ele>1896.199951171875</ele>
        <time>2026-10-04T23:28:57.000Z</time>
        <extensions>
          <ns3:TrackPointExtension>
            <ns3:hr>138</ns3:hr>
            <ns3:cad>95</ns3:cad>
          </ns3:TrackPointExtension>
        </extensions>
      </trkpt>
      <trkpt lat="25.06796627305448055267333984375" lon="102.67039588652551174163818359375">
        <ele>1896.199951171875</ele>
        <time>2026-10-04T23:28:58.000Z</time>
        <extensions>
          <ns3:TrackPointExtension>
            <ns3:hr>138</ns3:hr>
            <ns3:cad>96</ns3:cad>
          </ns3:TrackPointExtension>
        </extensions>
      </trkpt>
      <trkpt lat="25.06796426139771938323974609375" lon="102.6703686453402042388916015625">
        <ele>1896</ele>
        <time>2026-10-04T23:28:59.000Z</time>
        <extensions>
          <ns3:TrackPointExtension>
            <ns3:hr>138</ns3:hr>
            <ns3:cad>96</ns3:cad>
          </ns3:TrackPointExtension>
        </extensions>
      </trkpt>
      <trkpt lat="25.06796459667384624481201171875" lon="102.67032832838594913482666015625">
        <ele>1896</ele>
        <time>2026-10-04T23:29:00.000Z</time>
        <extensions>
          <ns3:TrackPointExtension>
            <ns3:hr>138</ns3:hr>
            <ns3:cad>96</ns3:cad>
          </ns3:TrackPointExtension>
        </extensions>
      </trkpt>
      <trkpt lat="25.0679594837129116058349609375" lon="102.6703012548387050628662109375">
        <ele>1896</ele>
        <time>2026-10-04T23:29:01.000Z</time>
        <extensions>
          <ns3:TrackPointExtension>
            <ns3:hr>138</ns3:hr>
            <ns3:cad>96</ns3:cad>
          </ns3:TrackPointExtension>
        </extensions>
      </trkpt>
      <trkpt lat="25.0679591484367847442626953125" lon="102.67026596702635288238525390625">
        <ele>1896</ele>
        <time>2026-10-04T23:29:02.000Z</time>
        <extensions>
          <ns3:TrackPointExtension>
            <ns3:hr>138</ns3:hr>
            <ns3:cad>96</ns3:cad>
          </ns3:TrackPointExtension>
        </extensions>
      </trkpt>
      <trkpt lat="25.06795722059905529022216796875" lon="102.6702298410236835479736328125">
        <ele>1896</ele>
        <time>2026-10-04T23:29:03.000Z</time>
        <extensions>
          <ns3:TrackPointExtension>
            <ns3:hr>138</ns3:hr>
            <ns3:cad>96</ns3:cad>
          </ns3:TrackPointExtension>
        </extensions>
      </trkpt>
      <trkpt lat="25.06795805878937244415283203125" lon="102.67019673250615596771240234375">
        <ele>1896</ele>
        <time>2026-10-04T23:29:04.000Z</time>
        <extensions>
          <ns3:TrackPointExtension>
            <ns3:hr>139</ns3:hr>
            <ns3:cad>97</ns3:cad>
          </ns3:TrackPointExtension>
        </extensions>
      </trkpt>
      <trkpt lat="25.0679557956755161285400390625" lon="102.6701597683131694793701171875">
        <ele>1896</ele>
        <time>2026-10-04T23:29:05.000Z</time>
        <extensions>
          <ns3:TrackPointExtension>
            <ns3:hr>139</ns3:hr>
            <ns3:cad>97</ns3:cad>
          </ns3:TrackPointExtension>
        </extensions>
      </trkpt>
      <trkpt lat="25.06794531829655170440673828125" lon="102.67012632451951503753662109375">
        <ele>1896</ele>
        <time>2026-10-04T23:29:06.000Z</time>
        <extensions>
          <ns3:TrackPointExtension>
            <ns3:hr>138</ns3:hr>
            <ns3:cad>97</ns3:cad>
          </ns3:TrackPointExtension>
        </extensions>
      </trkpt>
      <trkpt lat="25.06793928332626819610595703125" lon="102.670091874897480010986328125">
        <ele>1896</ele>
        <time>2026-10-04T23:29:07.000Z</time>
        <extensions>
          <ns3:TrackPointExtension>
            <ns3:hr>138</ns3:hr>
            <ns3:cad>97</ns3:cad>
          </ns3:TrackPointExtension>
        </extensions>
      </trkpt>
      <trkpt lat="25.0679329968988895416259765625" lon="102.67006178386509418487548828125">
        <ele>1896</ele>
        <time>2026-10-04T23:29:08.000Z</time>
        <extensions>
          <ns3:TrackPointExtension>
            <ns3:hr>138</ns3:hr>
            <ns3:cad>95</ns3:cad>
          </ns3:TrackPointExtension>
        </extensions>
      </trkpt>
      <trkpt lat="25.06793417036533355712890625" lon="102.6700296811759471893310546875">
        <ele>1896</ele>
        <time>2026-10-04T23:29:09.000Z</time>
        <extensions>
          <ns3:TrackPointExtension>
            <ns3:hr>138</ns3:hr>
            <ns3:cad>95</ns3:cad>
          </ns3:TrackPointExtension>
        </extensions>
      </trkpt>
      <trkpt lat="25.067931823432445526123046875" lon="102.669996321201324462890625">
        <ele>1895.800048828125</ele>
        <time>2026-10-04T23:29:10.000Z</time>
        <extensions>
          <ns3:TrackPointExtension>
            <ns3:hr>139</ns3:hr>
            <ns3:cad>95</ns3:cad>
          </ns3:TrackPointExtension>
        </extensions>
      </trkpt>
      <trkpt lat="25.06793039850890636444091796875" lon="102.66996773891150951385498046875">
        <ele>1895.800048828125</ele>
        <time>2026-10-04T23:29:11.000Z</time>
        <extensions>
          <ns3:TrackPointExtension>
            <ns3:hr>138</ns3:hr>
            <ns3:cad>95</ns3:cad>
          </ns3:TrackPointExtension>
        </extensions>
      </trkpt>
      <trkpt lat="25.067927129566669464111328125" lon="102.66992549411952495574951171875">
        <ele>1895.800048828125</ele>
        <time>2026-10-04T23:29:12.000Z</time>
        <extensions>
          <ns3:TrackPointExtension>
            <ns3:hr>138</ns3:hr>
            <ns3:cad>95</ns3:cad>
          </ns3:TrackPointExtension>
        </extensions>
      </trkpt>
      <trkpt lat="25.067922435700893402099609375" lon="102.6698912121355533599853515625">
        <ele>1896</ele>
        <time>2026-10-04T23:29:13.000Z</time>
        <extensions>
          <ns3:TrackPointExtension>
            <ns3:hr>138</ns3:hr>
            <ns3:cad>95</ns3:cad>
          </ns3:TrackPointExtension>
        </extensions>
      </trkpt>
      <trkpt lat="25.06792369298636913299560546875" lon="102.66986179165542125701904296875">
        <ele>1896</ele>
        <time>2026-10-04T23:29:14.000Z</time>
        <extensions>
          <ns3:TrackPointExtension>
            <ns3:hr>138</ns3:hr>
            <ns3:cad>95</ns3:cad>
          </ns3:TrackPointExtension>
        </extensions>
      </trkpt>
      <trkpt lat="25.06791916675865650177001953125" lon="102.66982675530016422271728515625">
        <ele>1896</ele>
        <time>2026-10-04T23:29:15.000Z</time>
        <extensions>
          <ns3:TrackPointExtension>
            <ns3:hr>139</ns3:hr>
            <ns3:cad>95</ns3:cad>
          </ns3:TrackPointExtension>
        </extensions>
      </trkpt>
      <trkpt lat="25.06790944375097751617431640625" lon="102.669799514114856719970703125">
        <ele>1896</ele>
        <time>2026-10-04T23:29:16.000Z</time>
        <extensions>
          <ns3:TrackPointExtension>
            <ns3:hr>139</ns3:hr>
            <ns3:cad>95</ns3:cad>
          </ns3:TrackPointExtension>
        </extensions>
      </trkpt>
      <trkpt lat="25.06790206767618656158447265625" lon="102.6697567664086818695068359375">
        <ele>1895.800048828125</ele>
        <time>2026-10-04T23:29:17.000Z</time>
        <extensions>
          <ns3:TrackPointExtension>
            <ns3:hr>139</ns3:hr>
            <ns3:cad>95</ns3:cad>
          </ns3:TrackPointExtension>
        </extensions>
      </trkpt>
      <trkpt lat="25.0679024867713451385498046875" lon="102.6697267591953277587890625">
        <ele>1895.800048828125</ele>
        <time>2026-10-04T23:29:18.000Z</time>
        <extensions>
          <ns3:TrackPointExtension>
            <ns3:hr>139</ns3:hr>
            <ns3:cad>95</ns3:cad>
          </ns3:TrackPointExtension>
        </extensions>
      </trkpt>
      <trkpt lat="25.06789955310523509979248046875" lon="102.669688872992992401123046875">
        <ele>1895.800048828125</ele>
        <time>2026-10-04T23:29:19.000Z</time>
        <extensions>
          <ns3:TrackPointExtension>
            <ns3:hr>139</ns3:hr>
            <ns3:cad>95</ns3:cad>
          </ns3:TrackPointExtension>
        </extensions>
      </trkpt>
      <trkpt lat="25.0678971223533153533935546875" lon="102.669658698141574859619140625">
        <ele>1895.800048828125</ele>
        <time>2026-10-04T23:29:20.000Z</time>
        <extensions>
          <ns3:TrackPointExtension>
            <ns3:hr>138</ns3:hr>
            <ns3:cad>95</ns3:cad>
          </ns3:TrackPointExtension>
        </extensions>
      </trkpt>
      <trkpt lat="25.0678914226591587066650390625" lon="102.669631876051425933837890625">
        <ele>1895.800048828125</ele>
        <time>2026-10-04T23:29:21.000Z</time>
        <extensions>
          <ns3:TrackPointExtension>
            <ns3:hr>138</ns3:hr>
            <ns3:cad>97</ns3:cad>
          </ns3:TrackPointExtension>
        </extensions>
      </trkpt>
      <trkpt lat="25.067889578640460968017578125" lon="102.669593654572963714599609375">
        <ele>1895.800048828125</ele>
        <time>2026-10-04T23:29:22.000Z</time>
        <extensions>
          <ns3:TrackPointExtension>
            <ns3:hr>138</ns3:hr>
            <ns3:cad>97</ns3:cad>
          </ns3:TrackPointExtension>
        </extensions>
      </trkpt>
      <trkpt lat="25.06788681261241436004638671875" lon="102.6695569418370723724365234375">
        <ele>1895.800048828125</ele>
        <time>2026-10-04T23:29:23.000Z</time>
        <extensions>
          <ns3:TrackPointExtension>
            <ns3:hr>138</ns3:hr>
            <ns3:cad>97</ns3:cad>
          </ns3:TrackPointExtension>
        </extensions>
      </trkpt>
      <trkpt lat="25.06788547150790691375732421875" lon="102.6695229113101959228515625">
        <ele>1895.5999755859375</ele>
        <time>2026-10-04T23:29:24.000Z</time>
        <extensions>
          <ns3:TrackPointExtension>
            <ns3:hr>138</ns3:hr>
            <ns3:cad>97</ns3:cad>
          </ns3:TrackPointExtension>
        </extensions>
      </trkpt>
      <trkpt lat="25.0678840465843677520751953125" lon="102.6694855280220508575439453125">
        <ele>1895.5999755859375</ele>
        <time>2026-10-04T23:29:25.000Z</time>
        <extensions>
          <ns3:TrackPointExtension>
            <ns3:hr>138</ns3:hr>
            <ns3:cad>97</ns3:cad>
          </ns3:TrackPointExtension>
        </extensions>
      </trkpt>
      <trkpt lat="25.06788295693695545196533203125" lon="102.66945895738899707794189453125">
        <ele>1895.5999755859375</ele>
        <time>2026-10-04T23:29:26.000Z</time>
        <extensions>
          <ns3:TrackPointExtension>
            <ns3:hr>138</ns3:hr>
            <ns3:cad>97</ns3:cad>
          </ns3:TrackPointExtension>
        </extensions>
      </trkpt>
      <trkpt lat="25.06787926889955997467041015625" lon="102.669418640434741973876953125">
        <ele>1895.5999755859375</ele>
        <time>2026-10-04T23:29:27.000Z</time>
        <extensions>
          <ns3:TrackPointExtension>
            <ns3:hr>138</ns3:hr>
            <ns3:cad>97</ns3:cad>
          </ns3:TrackPointExtension>
        </extensions>
      </trkpt>
      <trkpt lat="25.06787004880607128143310546875" lon="102.66938821412622928619384765625">
        <ele>1895.5999755859375</ele>
        <time>2026-10-04T23:29:28.000Z</time>
        <extensions>
          <ns3:TrackPointExtension>
            <ns3:hr>138</ns3:hr>
            <ns3:cad>96</ns3:cad>
          </ns3:TrackPointExtension>
        </extensions>
      </trkpt>
      <trkpt lat="25.0678669475018978118896484375" lon="102.66935569234192371368408203125">
        <ele>1895.5999755859375</ele>
        <time>2026-10-04T23:29:29.000Z</time>
        <extensions>
          <ns3:TrackPointExtension>
            <ns3:hr>138</ns3:hr>
            <ns3:cad>96</ns3:cad>
          </ns3:TrackPointExtension>
        </extensions>
      </trkpt>
      <trkpt lat="25.06786418147385120391845703125" lon="102.66932643949985504150390625">
        <ele>1895.800048828125</ele>
        <time>2026-10-04T23:29:30.000Z</time>
        <extensions>
          <ns3:TrackPointExtension>
            <ns3:hr>138</ns3:hr>
            <ns3:cad>96</ns3:cad>
          </ns3:TrackPointExtension>
        </extensions>
      </trkpt>
      <trkpt lat="25.06786015816032886505126953125" lon="102.669295258820056915283203125">
        <ele>1895.800048828125</ele>
        <time>2026-10-04T23:29:31.000Z</time>
        <extensions>
          <ns3:TrackPointExtension>
            <ns3:hr>139</ns3:hr>
            <ns3:cad>96</ns3:cad>
          </ns3:TrackPointExtension>
        </extensions>
      </trkpt>
      <trkpt lat="25.06785638630390167236328125" lon="102.669256366789340972900390625">
        <ele>1895.800048828125</ele>
        <time>2026-10-04T23:29:32.000Z</time>
        <extensions>
          <ns3:TrackPointExtension>
            <ns3:hr>139</ns3:hr>
            <ns3:cad>96</ns3:cad>
          </ns3:TrackPointExtension>
        </extensions>
      </trkpt>
      <trkpt lat="25.0678515248000621795654296875" lon="102.66922610811889171600341796875">
        <ele>1895.800048828125</ele>
        <time>2026-10-04T23:29:33.000Z</time>
        <extensions>
          <ns3:TrackPointExtension>
            <ns3:hr>139</ns3:hr>
            <ns3:cad>96</ns3:cad>
          </ns3:TrackPointExtension>
        </extensions>
      </trkpt>
      <trkpt lat="25.0678516924381256103515625" lon="102.6691881380975246429443359375">
        <ele>1895.800048828125</ele>
        <time>2026-10-04T23:29:34.000Z</time>
        <extensions>
          <ns3:TrackPointExtension>
            <ns3:hr>139</ns3:hr>
            <ns3:cad>96</ns3:cad>
          </ns3:TrackPointExtension>
        </extensions>
      </trkpt>
      <trkpt lat="25.0678498484194278717041015625" lon="102.669156454503536224365234375">
        <ele>1895.800048828125</ele>
        <time>2026-10-04T23:29:35.000Z</time>
        <extensions>
          <ns3:TrackPointExtension>
            <ns3:hr>139</ns3:hr>
            <ns3:cad>96</ns3:cad>
          </ns3:TrackPointExtension>
        </extensions>
      </trkpt>
      <trkpt lat="25.067845992743968963623046875" lon="102.6691232621669769287109375">
        <ele>1895.5999755859375</ele>
        <time>2026-10-04T23:29:36.000Z</time>
        <extensions>
          <ns3:TrackPointExtension>
            <ns3:hr>139</ns3:hr>
            <ns3:cad>96</ns3:cad>
          </ns3:TrackPointExtension>
        </extensions>
      </trkpt>
      <trkpt lat="25.0678424723446369171142578125" lon="102.66909115947782993316650390625">
        <ele>1895.5999755859375</ele>
        <time>2026-10-04T23:29:37.000Z</time>
        <extensions>
          <ns3:TrackPointExtension>
            <ns3:hr>140</ns3:hr>
            <ns3:cad>97</ns3:cad>
          </ns3:TrackPointExtension>
        </extensions>
      </trkpt>
      <trkpt lat="25.06783735938370227813720703125" lon="102.669061236083507537841796875">
        <ele>1895.5999755859375</ele>
        <time>2026-10-04T23:29:38.000Z</time>
        <extensions>
          <ns3:TrackPointExtension>
            <ns3:hr>139</ns3:hr>
            <ns3:cad>97</ns3:cad>
          </ns3:TrackPointExtension>
        </extensions>
      </trkpt>
      <trkpt lat="25.06783585064113140106201171875" lon="102.6690248586237430572509765625">
        <ele>1895.5999755859375</ele>
        <time>2026-10-04T23:29:39.000Z</time>
        <extensions>
          <ns3:TrackPointExtension>
            <ns3:hr>139</ns3:hr>
            <ns3:cad>97</ns3:cad>
          </ns3:TrackPointExtension>
        </extensions>
      </trkpt>
      <trkpt lat="25.06783065386116504669189453125" lon="102.6689971983432769775390625">
        <ele>1895.5999755859375</ele>
        <time>2026-10-04T23:29:40.000Z</time>
        <extensions>
          <ns3:TrackPointExtension>
            <ns3:hr>140</ns3:hr>
            <ns3:cad>96</ns3:cad>
          </ns3:TrackPointExtension>
        </extensions>
      </trkpt>
      <trkpt lat="25.0678280554711818695068359375" lon="102.66896978951990604400634765625">
        <ele>1895.5999755859375</ele>
        <time>2026-10-04T23:29:41.000Z</time>
        <extensions>
          <ns3:TrackPointExtension>
            <ns3:hr>140</ns3:hr>
            <ns3:cad>95</ns3:cad>
          </ns3:TrackPointExtension>
        </extensions>
      </trkpt>
      <trkpt lat="25.06782663054764270782470703125" lon="102.66893274150788784027099609375">
        <ele>1895.5999755859375</ele>
        <time>2026-10-04T23:29:42.000Z</time>
        <extensions>
          <ns3:TrackPointExtension>
            <ns3:hr>140</ns3:hr>
            <ns3:cad>95</ns3:cad>
          </ns3:TrackPointExtension>
        </extensions>
      </trkpt>
      <trkpt lat="25.06782093085348606109619140625" lon="102.668904997408390045166015625">
        <ele>1895.5999755859375</ele>
        <time>2026-10-04T23:29:43.000Z</time>
        <extensions>
          <ns3:TrackPointExtension>
            <ns3:hr>140</ns3:hr>
            <ns3:cad>95</ns3:cad>
          </ns3:TrackPointExtension>
        </extensions>
      </trkpt>
      <trkpt lat="25.06782160140573978424072265625" lon="102.66886887140572071075439453125">
        <ele>1895.5999755859375</ele>
        <time>2026-10-04T23:29:44.000Z</time>
        <extensions>
          <ns3:TrackPointExtension>
            <ns3:hr>140</ns3:hr>
            <ns3:cad>96</ns3:cad>
          </ns3:TrackPointExtension>
        </extensions>
      </trkpt>
      <trkpt lat="25.0678183324635028839111328125" lon="102.6688364334404468536376953125">
        <ele>1895.5999755859375</ele>
        <time>2026-10-04T23:29:45.000Z</time>
        <extensions>
          <ns3:TrackPointExtension>
            <ns3:hr>140</ns3:hr>
            <ns3:cad>96</ns3:cad>
          </ns3:TrackPointExtension>
        </extensions>
      </trkpt>
      <trkpt lat="25.06781355477869510650634765625" lon="102.66880433075129985809326171875">
        <ele>1895.5999755859375</ele>
        <time>2026-10-04T23:29:46.000Z</time>
        <extensions>
          <ns3:TrackPointExtension>
            <ns3:hr>141</ns3:hr>
            <ns3:cad>96</ns3:cad>
          </ns3:TrackPointExtension>
        </extensions>
      </trkpt>
      <trkpt lat="25.06781020201742649078369140625" lon="102.66876745037734508514404296875">
        <ele>1895.5999755859375</ele>
        <time>2026-10-04T23:29:47.000Z</time>
        <extensions>
          <ns3:TrackPointExtension>
            <ns3:hr>141</ns3:hr>
            <ns3:cad>96</ns3:cad>
          </ns3:TrackPointExtension>
        </extensions>
      </trkpt>
      <trkpt lat="25.06780517287552356719970703125" lon="102.66873903572559356689453125">
        <ele>1895.5999755859375</ele>
        <time>2026-10-04T23:29:48.000Z</time>
        <extensions>
          <ns3:TrackPointExtension>
            <ns3:hr>141</ns3:hr>
            <ns3:cad>97</ns3:cad>
          </ns3:TrackPointExtension>
        </extensions>
      </trkpt>
      <trkpt lat="25.0678002275526523590087890625" lon="102.6687013171613216400146484375">
        <ele>1895.5999755859375</ele>
        <time>2026-10-04T23:29:49.000Z</time>
        <extensions>
          <ns3:TrackPointExtension>
            <ns3:hr>141</ns3:hr>
            <ns3:cad>97</ns3:cad>
          </ns3:TrackPointExtension>
        </extensions>
      </trkpt>
      <trkpt lat="25.0677980482578277587890625" lon="102.6686728186905384063720703125">
        <ele>1895.5999755859375</ele>
        <time>2026-10-04T23:29:50.000Z</time>
        <extensions>
          <ns3:TrackPointExtension>
            <ns3:hr>141</ns3:hr>
            <ns3:cad>96</ns3:cad>
          </ns3:TrackPointExtension>
        </extensions>
      </trkpt>
      <trkpt lat="25.06779578514397144317626953125" lon="102.668646834790706634521484375">
        <ele>1895.5999755859375</ele>
        <time>2026-10-04T23:29:51.000Z</time>
        <extensions>
          <ns3:TrackPointExtension>
            <ns3:hr>141</ns3:hr>
            <ns3:cad>96</ns3:cad>
          </ns3:TrackPointExtension>
        </extensions>
      </trkpt>
      <trkpt lat="25.0677884928882122039794921875" lon="102.66861037351191043853759765625">
        <ele>1895.5999755859375</ele>
        <time>2026-10-04T23:29:52.000Z</time>
        <extensions>
          <ns3:TrackPointExtension>
            <ns3:hr>141</ns3:hr>
            <ns3:cad>96</ns3:cad>
          </ns3:TrackPointExtension>
        </extensions>
      </trkpt>
      <trkpt lat="25.06778036244213581085205078125" lon="102.6685776002705097198486328125">
        <ele>1895.800048828125</ele>
        <time>2026-10-04T23:29:53.000Z</time>
        <extensions>
          <ns3:TrackPointExtension>
            <ns3:hr>141</ns3:hr>
            <ns3:cad>96</ns3:cad>
          </ns3:TrackPointExtension>
        </extensions>
      </trkpt>
      <trkpt lat="25.067775249481201171875" lon="102.66853912733495235443115234375">
        <ele>1895.800048828125</ele>
        <time>2026-10-04T23:29:54.000Z</time>
        <extensions>
          <ns3:TrackPointExtension>
            <ns3:hr>141</ns3:hr>
            <ns3:cad>95</ns3:cad>
          </ns3:TrackPointExtension>
        </extensions>
      </trkpt>
      <trkpt lat="25.06776728667318820953369140625" lon="102.66850442625582218170166015625">
        <ele>1895.800048828125</ele>
        <time>2026-10-04T23:29:55.000Z</time>
        <extensions>
          <ns3:TrackPointExtension>
            <ns3:hr>141</ns3:hr>
            <ns3:cad>95</ns3:cad>
          </ns3:TrackPointExtension>
        </extensions>
      </trkpt>
      <trkpt lat="25.06775940768420696258544921875" lon="102.66847391612827777862548828125">
        <ele>1895.800048828125</ele>
        <time>2026-10-04T23:29:56.000Z</time>
        <extensions>
          <ns3:TrackPointExtension>
            <ns3:hr>142</ns3:hr>
            <ns3:cad>95</ns3:cad>
          </ns3:TrackPointExtension>
        </extensions>
      </trkpt>
      <trkpt lat="25.06774599663913249969482421875" lon="102.668434940278530120849609375">
        <ele>1895.800048828125</ele>
        <time>2026-10-04T23:29:57.000Z</time>
        <extensions>
          <ns3:TrackPointExtension>
            <ns3:hr>142</ns3:hr>
            <ns3:cad>96</ns3:cad>
          </ns3:TrackPointExtension>
        </extensions>
      </trkpt>
      <trkpt lat="25.0677390396595001220703125" lon="102.6684009097516536712646484375">
        <ele>1895.800048828125</ele>
        <time>2026-10-04T23:29:58.000Z</time>
        <extensions>
          <ns3:TrackPointExtension>
            <ns3:hr>142</ns3:hr>
            <ns3:cad>96</ns3:cad>
          </ns3:TrackPointExtension>
        </extensions>
      </trkpt>
      <trkpt lat="25.06773191504180431365966796875" lon="102.66835975460708141326904296875">
        <ele>1895.800048828125</ele>
        <time>2026-10-04T23:29:59.000Z</time>
        <extensions>
          <ns3:TrackPointExtension>
            <ns3:hr>142</ns3:hr>
            <ns3:cad>96</ns3:cad>
          </ns3:TrackPointExtension>
        </extensions>
      </trkpt>
      <trkpt lat="25.06772621534764766693115234375" lon="102.66832505352795124053955078125">
        <ele>1895.800048828125</ele>
        <time>2026-10-04T23:30:00.000Z</time>
        <extensions>
          <ns3:TrackPointExtension>
            <ns3:hr>142</ns3:hr>
            <ns3:cad>96</ns3:cad>
          </ns3:TrackPointExtension>
        </extensions>
      </trkpt>
      <trkpt lat="25.0677214376628398895263671875" lon="102.66829689033329486846923828125">
        <ele>1896</ele>
        <time>2026-10-04T23:30:01.000Z</time>
        <extensions>
          <ns3:TrackPointExtension>
            <ns3:hr>142</ns3:hr>
            <ns3:cad>96</ns3:cad>
          </ns3:TrackPointExtension>
        </extensions>
      </trkpt>
      <trkpt lat="25.0677237845957279205322265625" lon="102.66825531609356403350830078125">
        <ele>1896</ele>
        <time>2026-10-04T23:30:02.000Z</time>
        <extensions>
          <ns3:TrackPointExtension>
            <ns3:hr>142</ns3:hr>
            <ns3:cad>96</ns3:cad>
          </ns3:TrackPointExtension>
        </extensions>
      </trkpt>
      <trkpt lat="25.0677217729389667510986328125" lon="102.66822136938571929931640625">
        <ele>1896</ele>
        <time>2026-10-04T23:30:03.000Z</time>
        <extensions>
          <ns3:TrackPointExtension>
            <ns3:hr>142</ns3:hr>
            <ns3:cad>96</ns3:cad>
          </ns3:TrackPointExtension>
        </extensions>
      </trkpt>
      <trkpt lat="25.0677278079092502593994140625" lon="102.668184153735637664794921875">
        <ele>1896</ele>
        <time>2026-10-04T23:30:04.000Z</time>
        <extensions>
          <ns3:TrackPointExtension>
            <ns3:hr>142</ns3:hr>
            <ns3:cad>95</ns3:cad>
          </ns3:TrackPointExtension>
        </extensions>
      </trkpt>
      <trkpt lat="25.067735351622104644775390625" lon="102.6681467704474925994873046875">
        <ele>1896</ele>
        <time>2026-10-04T23:30:05.000Z</time>
        <extensions>
          <ns3:TrackPointExtension>
            <ns3:hr>142</ns3:hr>
            <ns3:cad>95</ns3:cad>
          </ns3:TrackPointExtension>
        </extensions>
      </trkpt>
      <trkpt lat="25.06774499081075191497802734375" lon="102.6681176014244556427001953125">
        <ele>1896.199951171875</ele>
        <time>2026-10-04T23:30:06.000Z</time>
        <extensions>
          <ns3:TrackPointExtension>
            <ns3:hr>142</ns3:hr>
            <ns3:cad>95</ns3:cad>
          </ns3:TrackPointExtension>
        </extensions>
      </trkpt>
      <trkpt lat="25.06776745431125164031982421875" lon="102.66808197833597660064697265625">
        <ele>1896.199951171875</ele>
        <time>2026-10-04T23:30:07.000Z</time>
        <extensions>
          <ns3:TrackPointExtension>
            <ns3:hr>142</ns3:hr>
            <ns3:cad>95</ns3:cad>
          </ns3:TrackPointExtension>
        </extensions>
      </trkpt>
      <trkpt lat="25.0677739083766937255859375" lon="102.668054737150669097900390625">
        <ele>1896.199951171875</ele>
        <time>2026-10-04T23:30:08.000Z</time>
        <extensions>
          <ns3:TrackPointExtension>
            <ns3:hr>142</ns3:hr>
            <ns3:cad>95</ns3:cad>
          </ns3:TrackPointExtension>
        </extensions>
      </trkpt>
      <trkpt lat="25.06778664886951446533203125" lon="102.66802263446152210235595703125">
        <ele>1896.199951171875</ele>
        <time>2026-10-04T23:30:09.000Z</time>
        <extensions>
          <ns3:TrackPointExtension>
            <ns3:hr>142</ns3:hr>
            <ns3:cad>95</ns3:cad>
          </ns3:TrackPointExtension>
        </extensions>
      </trkpt>
      <trkpt lat="25.067791678011417388916015625" lon="102.66799279488623142242431640625">
        <ele>1896.199951171875</ele>
        <time>2026-10-04T23:30:10.000Z</time>
        <extensions>
          <ns3:TrackPointExtension>
            <ns3:hr>142</ns3:hr>
            <ns3:cad>96</ns3:cad>
          </ns3:TrackPointExtension>
        </extensions>
      </trkpt>
      <trkpt lat="25.06780550815165042877197265625" lon="102.6679620333015918731689453125">
        <ele>1896.199951171875</ele>
        <time>2026-10-04T23:30:11.000Z</time>
        <extensions>
          <ns3:TrackPointExtension>
            <ns3:hr>142</ns3:hr>
            <ns3:cad>96</ns3:cad>
          </ns3:TrackPointExtension>
        </extensions>
      </trkpt>
      <trkpt lat="25.06780802272260189056396484375" lon="102.6679415814578533172607421875">
        <ele>1896.199951171875</ele>
        <time>2026-10-04T23:30:12.000Z</time>
        <extensions>
          <ns3:TrackPointExtension>
            <ns3:hr>142</ns3:hr>
            <ns3:cad>96</ns3:cad>
          </ns3:TrackPointExtension>
        </extensions>
      </trkpt>
      <trkpt lat="25.0678156502544879913330078125" lon="102.6679174415767192840576171875">
        <ele>1896.199951171875</ele>
        <time>2026-10-04T23:30:13.000Z</time>
        <extensions>
          <ns3:TrackPointExtension>
            <ns3:hr>142</ns3:hr>
            <ns3:cad>95</ns3:cad>
          </ns3:TrackPointExtension>
        </extensions>
      </trkpt>
      <trkpt lat="25.067834593355655670166015625" lon="102.6678840816020965576171875">
        <ele>1896.199951171875</ele>
        <time>2026-10-04T23:30:14.000Z</time>
        <extensions>
          <ns3:TrackPointExtension>
            <ns3:hr>142</ns3:hr>
            <ns3:cad>95</ns3:cad>
          </ns3:TrackPointExtension>
        </extensions>
      </trkpt>
      <trkpt lat="25.067845992743968963623046875" lon="102.6678517274558544158935546875">
        <ele>1896.199951171875</ele>
        <time>2026-10-04T23:30:15.000Z</time>
        <extensions>
          <ns3:TrackPointExtension>
            <ns3:hr>142</ns3:hr>
            <ns3:cad>96</ns3:cad>
          </ns3:TrackPointExtension>
        </extensions>
      </trkpt>
      <trkpt lat="25.06785931997001171112060546875" lon="102.66782465390861034393310546875">
        <ele>1896.199951171875</ele>
        <time>2026-10-04T23:30:16.000Z</time>
        <extensions>
          <ns3:TrackPointExtension>
            <ns3:hr>143</ns3:hr>
            <ns3:cad>96</ns3:cad>
          </ns3:TrackPointExtension>
        </extensions>
      </trkpt>
      <trkpt lat="25.06787113845348358154296875" lon="102.66779213212430477142333984375">
        <ele>1896.4000244140625</ele>
        <time>2026-10-04T23:30:17.000Z</time>
        <extensions>
          <ns3:TrackPointExtension>
            <ns3:hr>142</ns3:hr>
            <ns3:cad>96</ns3:cad>
          </ns3:TrackPointExtension>
        </extensions>
      </trkpt>
      <trkpt lat="25.0678770057857036590576171875" lon="102.66776137053966522216796875">
        <ele>1896.4000244140625</ele>
        <time>2026-10-04T23:30:18.000Z</time>
        <extensions>
          <ns3:TrackPointExtension>
            <ns3:hr>143</ns3:hr>
            <ns3:cad>96</ns3:cad>
          </ns3:TrackPointExtension>
        </extensions>
      </trkpt>
      <trkpt lat="25.06788983009755611419677734375" lon="102.66772725619375705718994140625">
        <ele>1896.199951171875</ele>
        <time>2026-10-04T23:30:19.000Z</time>
        <extensions>
          <ns3:TrackPointExtension>
            <ns3:hr>143</ns3:hr>
            <ns3:cad>95</ns3:cad>
          </ns3:TrackPointExtension>
        </extensions>
      </trkpt>
      <trkpt lat="25.06789661943912506103515625" lon="102.6677042059600353240966796875">
        <ele>1896.199951171875</ele>
        <time>2026-10-04T23:30:20.000Z</time>
        <extensions>
          <ns3:TrackPointExtension>
            <ns3:hr>143</ns3:hr>
            <ns3:cad>95</ns3:cad>
          </ns3:TrackPointExtension>
        </extensions>
      </trkpt>
      <trkpt lat="25.067905001342296600341796875" lon="102.66767084598541259765625">
        <ele>1896.4000244140625</ele>
        <time>2026-10-04T23:30:21.000Z</time>
        <extensions>
          <ns3:TrackPointExtension>
            <ns3:hr>143</ns3:hr>
            <ns3:cad>95</ns3:cad>
          </ns3:TrackPointExtension>
        </extensions>
      </trkpt>
      <trkpt lat="25.0679108686745166778564453125" lon="102.66764578409492969512939453125">
        <ele>1896.199951171875</ele>
        <time>2026-10-04T23:30:22.000Z</time>
        <extensions>
          <ns3:TrackPointExtension>
            <ns3:hr>143</ns3:hr>
            <ns3:cad>96</ns3:cad>
          </ns3:TrackPointExtension>
        </extensions>
      </trkpt>
      <trkpt lat="25.06791916675865650177001953125" lon="102.667624242603778839111328125">
        <ele>1896.199951171875</ele>
        <time>2026-10-04T23:30:23.000Z</time>
        <extensions>
          <ns3:TrackPointExtension>
            <ns3:hr>144</ns3:hr>
            <ns3:cad>95</ns3:cad>
          </ns3:TrackPointExtension>
        </extensions>
      </trkpt>
      <trkpt lat="25.067922435700893402099609375" lon="102.66758962534368038177490234375">
        <ele>1896.4000244140625</ele>
        <time>2026-10-04T23:30:24.000Z</time>
        <extensions>
          <ns3:TrackPointExtension>
            <ns3:hr>144</ns3:hr>
            <ns3:cad>95</ns3:cad>
          </ns3:TrackPointExtension>
        </extensions>
      </trkpt>
      <trkpt lat="25.06792008876800537109375" lon="102.6675583608448505401611328125">
        <ele>1896.4000244140625</ele>
        <time>2026-10-04T23:30:25.000Z</time>
        <extensions>
          <ns3:TrackPointExtension>
            <ns3:hr>144</ns3:hr>
            <ns3:cad>95</ns3:cad>
          </ns3:TrackPointExtension>
        </extensions>
      </trkpt>
      <trkpt lat="25.067932493984699249267578125" lon="102.66753195784986019134521484375">
        <ele>1896.199951171875</ele>
        <time>2026-10-04T23:30:26.000Z</time>
        <extensions>
          <ns3:TrackPointExtension>
            <ns3:hr>144</ns3:hr>
            <ns3:cad>95</ns3:cad>
          </ns3:TrackPointExtension>
        </extensions>
      </trkpt>
      <trkpt lat="25.06793844513595104217529296875" lon="102.6675040461122989654541015625">
        <ele>1896.4000244140625</ele>
        <time>2026-10-04T23:30:27.000Z</time>
        <extensions>
          <ns3:TrackPointExtension>
            <ns3:hr>144</ns3:hr>
            <ns3:cad>95</ns3:cad>
          </ns3:TrackPointExtension>
        </extensions>
      </trkpt>
      <trkpt lat="25.06794892251491546630859375" lon="102.66748216934502124786376953125">
        <ele>1896.4000244140625</ele>
        <time>2026-10-04T23:30:28.000Z</time>
        <extensions>
          <ns3:TrackPointExtension>
            <ns3:hr>145</ns3:hr>
            <ns3:cad>95</ns3:cad>
          </ns3:TrackPointExtension>
        </extensions>
      </trkpt>
      <trkpt lat="25.06795638240873813629150390625" lon="102.66745434142649173736572265625">
        <ele>1896.4000244140625</ele>
        <time>2026-10-04T23:30:29.000Z</time>
        <extensions>
          <ns3:TrackPointExtension>
            <ns3:hr>144</ns3:hr>
            <ns3:cad>95</ns3:cad>
          </ns3:TrackPointExtension>
        </extensions>
      </trkpt>
      <trkpt lat="25.0679631717503070831298828125" lon="102.6674265973269939422607421875">
        <ele>1896.4000244140625</ele>
        <time>2026-10-04T23:30:30.000Z</time>
        <extensions>
          <ns3:TrackPointExtension>
            <ns3:hr>144</ns3:hr>
            <ns3:cad>95</ns3:cad>
          </ns3:TrackPointExtension>
        </extensions>
      </trkpt>
      <trkpt lat="25.06797549314796924591064453125" lon="102.66738594509661197662353515625">
        <ele>1896.5999755859375</ele>
        <time>2026-10-04T23:30:31.000Z</time>
        <extensions>
          <ns3:TrackPointExtension>
            <ns3:hr>145</ns3:hr>
            <ns3:cad>95</ns3:cad>
          </ns3:TrackPointExtension>
        </extensions>
      </trkpt>
      <trkpt lat="25.0679809413850307464599609375" lon="102.6673464663326740264892578125">
        <ele>1896.5999755859375</ele>
        <time>2026-10-04T23:30:32.000Z</time>
        <extensions>
          <ns3:TrackPointExtension>
            <ns3:hr>144</ns3:hr>
            <ns3:cad>95</ns3:cad>
          </ns3:TrackPointExtension>
        </extensions>
      </trkpt>
      <trkpt lat="25.06800013594329357147216796875" lon="102.6673095859587192535400390625">
        <ele>1896.4000244140625</ele>
        <time>2026-10-04T23:30:33.000Z</time>
        <extensions>
          <ns3:TrackPointExtension>
            <ns3:hr>144</ns3:hr>
            <ns3:cad>96</ns3:cad>
          </ns3:TrackPointExtension>
        </extensions>
      </trkpt>
      <trkpt lat="25.068016313016414642333984375" lon="102.66727186739444732666015625">
        <ele>1896.4000244140625</ele>
        <time>2026-10-04T23:30:34.000Z</time>
        <extensions>
          <ns3:TrackPointExtension>
            <ns3:hr>144</ns3:hr>
            <ns3:cad>96</ns3:cad>
          </ns3:TrackPointExtension>
        </extensions>
      </trkpt>
      <trkpt lat="25.06802561692893505096435546875" lon="102.6672385074198246002197265625">
        <ele>1896.5999755859375</ele>
        <time>2026-10-04T23:30:35.000Z</time>
        <extensions>
          <ns3:TrackPointExtension>
            <ns3:hr>144</ns3:hr>
            <ns3:cad>96</ns3:cad>
          </ns3:TrackPointExtension>
        </extensions>
      </trkpt>
      <trkpt lat="25.06804011762142181396484375" lon="102.6672001183032989501953125">
        <ele>1896.5999755859375</ele>
        <time>2026-10-04T23:30:36.000Z</time>
        <extensions>
          <ns3:TrackPointExtension>
            <ns3:hr>144</ns3:hr>
            <ns3:cad>96</ns3:cad>
          </ns3:TrackPointExtension>
        </extensions>
      </trkpt>
      <trkpt lat="25.06804690696299076080322265625" lon="102.667164914309978485107421875">
        <ele>1896.5999755859375</ele>
        <time>2026-10-04T23:30:37.000Z</time>
        <extensions>
          <ns3:TrackPointExtension>
            <ns3:hr>143</ns3:hr>
            <ns3:cad>96</ns3:cad>
          </ns3:TrackPointExtension>
        </extensions>
      </trkpt>
      <trkpt lat="25.06806115619838237762451171875" lon="102.66713415272533893585205078125">
        <ele>1896.5999755859375</ele>
        <time>2026-10-04T23:30:38.000Z</time>
        <extensions>
          <ns3:TrackPointExtension>
            <ns3:hr>142</ns3:hr>
            <ns3:cad>96</ns3:cad>
          </ns3:TrackPointExtension>
        </extensions>
      </trkpt>
      <trkpt lat="25.06807490251958370208740234375" lon="102.66710263676941394805908203125">
        <ele>1896.5999755859375</ele>
        <time>2026-10-04T23:30:39.000Z</time>
        <extensions>
          <ns3:TrackPointExtension>
            <ns3:hr>141</ns3:hr>
            <ns3:cad>96</ns3:cad>
          </ns3:TrackPointExtension>
        </extensions>
      </trkpt>
      <trkpt lat="25.068080686032772064208984375" lon="102.66707497648894786834716796875">
        <ele>1896.800048828125</ele>
        <time>2026-10-04T23:30:40.000Z</time>
        <extensions>
          <ns3:TrackPointExtension>
            <ns3:hr>139</ns3:hr>
            <ns3:cad>96</ns3:cad>
          </ns3:TrackPointExtension>
        </extensions>
      </trkpt>
      <trkpt lat="25.0680976174771785736083984375" lon="102.6670393534004688262939453125">
        <ele>1896.800048828125</ele>
        <time>2026-10-04T23:30:41.000Z</time>
        <extensions>
          <ns3:TrackPointExtension>
            <ns3:hr>137</ns3:hr>
            <ns3:cad>96</ns3:cad>
          </ns3:TrackPointExtension>
        </extensions>
      </trkpt>
      <trkpt lat="25.06810985505580902099609375" lon="102.66701110638678073883056640625">
        <ele>1896.800048828125</ele>
        <time>2026-10-04T23:30:42.000Z</time>
        <extensions>
          <ns3:TrackPointExtension>
            <ns3:hr>135</ns3:hr>
            <ns3:cad>96</ns3:cad>
          </ns3:TrackPointExtension>
        </extensions>
      </trkpt>
      <trkpt lat="25.06812167353928089141845703125" lon="102.66697975806891918182373046875">
        <ele>1896.800048828125</ele>
        <time>2026-10-04T23:30:43.000Z</time>
        <extensions>
          <ns3:TrackPointExtension>
            <ns3:hr>135</ns3:hr>
            <ns3:cad>96</ns3:cad>
          </ns3:TrackPointExtension>
        </extensions>
      </trkpt>
      <trkpt lat="25.06813424639403820037841796875" lon="102.6669461466372013092041015625">
        <ele>1896.5999755859375</ele>
        <time>2026-10-04T23:30:44.000Z</time>
        <extensions>
          <ns3:TrackPointExtension>
            <ns3:hr>135</ns3:hr>
            <ns3:cad>96</ns3:cad>
          </ns3:TrackPointExtension>
        </extensions>
      </trkpt>
      <trkpt lat="25.06813935935497283935546875" lon="102.666921503841876983642578125">
        <ele>1896.5999755859375</ele>
        <time>2026-10-04T23:30:45.000Z</time>
        <extensions>
          <ns3:TrackPointExtension>
            <ns3:hr>134</ns3:hr>
            <ns3:cad>96</ns3:cad>
          </ns3:TrackPointExtension>
        </extensions>
      </trkpt>
      <trkpt lat="25.06814765743911266326904296875" lon="102.66688923351466655731201171875">
        <ele>1896.5999755859375</ele>
        <time>2026-10-04T23:30:46.000Z</time>
        <extensions>
          <ns3:TrackPointExtension>
            <ns3:hr>134</ns3:hr>
            <ns3:cad>96</ns3:cad>
          </ns3:TrackPointExtension>
        </extensions>
      </trkpt>
      <trkpt lat="25.0681492500007152557373046875" lon="102.66685956157743930816650390625">
        <ele>1896.5999755859375</ele>
        <time>2026-10-04T23:30:47.000Z</time>
        <extensions>
          <ns3:TrackPointExtension>
            <ns3:hr>133</ns3:hr>
            <ns3:cad>96</ns3:cad>
          </ns3:TrackPointExtension>
        </extensions>
      </trkpt>
      <trkpt lat="25.06815369240939617156982421875" lon="102.6668267883360385894775390625">
        <ele>1896.5999755859375</ele>
        <time>2026-10-04T23:30:48.000Z</time>
        <extensions>
          <ns3:TrackPointExtension>
            <ns3:hr>132</ns3:hr>
            <ns3:cad>96</ns3:cad>
          </ns3:TrackPointExtension>
        </extensions>
      </trkpt>
      <trkpt lat="25.06815813481807708740234375" lon="102.66679870896041393280029296875">
        <ele>1896.5999755859375</ele>
        <time>2026-10-04T23:30:49.000Z</time>
        <extensions>
          <ns3:TrackPointExtension>
            <ns3:hr>131</ns3:hr>
            <ns3:cad>96</ns3:cad>
          </ns3:TrackPointExtension>
        </extensions>
      </trkpt>
      <trkpt lat="25.06816240958869457244873046875" lon="102.6667671091854572296142578125">
        <ele>1896.5999755859375</ele>
        <time>2026-10-04T23:30:50.000Z</time>
        <extensions>
          <ns3:TrackPointExtension>
            <ns3:hr>131</ns3:hr>
            <ns3:cad>96</ns3:cad>
          </ns3:TrackPointExtension>
        </extensions>
      </trkpt>
      <trkpt lat="25.0681576319038867950439453125" lon="102.666744478046894073486328125">
        <ele>1896.5999755859375</ele>
        <time>2026-10-04T23:30:51.000Z</time>
        <extensions>
          <ns3:TrackPointExtension>
            <ns3:hr>132</ns3:hr>
            <ns3:cad>96</ns3:cad>
          </ns3:TrackPointExtension>
        </extensions>
      </trkpt>
      <trkpt lat="25.0681472383439540863037109375" lon="102.6667308993637561798095703125">
        <ele>1896.5999755859375</ele>
        <time>2026-10-04T23:30:52.000Z</time>
        <extensions>
          <ns3:TrackPointExtension>
            <ns3:hr>135</ns3:hr>
            <ns3:cad>95</ns3:cad>
          </ns3:TrackPointExtension>
        </extensions>
      </trkpt>
      <trkpt lat="25.06813676096498966217041015625" lon="102.6667091064155101776123046875">
        <ele>1896.5999755859375</ele>
        <time>2026-10-04T23:30:53.000Z</time>
        <extensions>
          <ns3:TrackPointExtension>
            <ns3:hr>136</ns3:hr>
            <ns3:cad>95</ns3:cad>
          </ns3:TrackPointExtension>
        </extensions>
      </trkpt>
      <trkpt lat="25.06812754087150096893310546875" lon="102.666670046746730804443359375">
        <ele>1896.5999755859375</ele>
        <time>2026-10-04T23:30:54.000Z</time>
        <extensions>
          <ns3:TrackPointExtension>
            <ns3:hr>137</ns3:hr>
            <ns3:cad>95</ns3:cad>
          </ns3:TrackPointExtension>
        </extensions>
      </trkpt>
      <trkpt lat="25.0681086815893650054931640625" lon="102.66664154827594757080078125">
        <ele>1896.5999755859375</ele>
        <time>2026-10-04T23:30:55.000Z</time>
        <extensions>
          <ns3:TrackPointExtension>
            <ns3:hr>137</ns3:hr>
            <ns3:cad>95</ns3:cad>
          </ns3:TrackPointExtension>
        </extensions>
      </trkpt>
      <trkpt lat="25.06808730773627758026123046875" lon="102.6666028238832950592041015625">
        <ele>1896.5999755859375</ele>
        <time>2026-10-04T23:30:56.000Z</time>
        <extensions>
          <ns3:TrackPointExtension>
            <ns3:hr>137</ns3:hr>
            <ns3:cad>95</ns3:cad>
          </ns3:TrackPointExtension>
        </extensions>
      </trkpt>
      <trkpt lat="25.068069286644458770751953125" lon="102.6665689609944820404052734375">
        <ele>1896.4000244140625</ele>
        <time>2026-10-04T23:30:57.000Z</time>
        <extensions>
          <ns3:TrackPointExtension>
            <ns3:hr>138</ns3:hr>
            <ns3:cad>95</ns3:cad>
          </ns3:TrackPointExtension>
        </extensions>
      </trkpt>
      <trkpt lat="25.068055205047130584716796875" lon="102.66653300262987613677978515625">
        <ele>1896.4000244140625</ele>
        <time>2026-10-04T23:30:58.000Z</time>
        <extensions>
          <ns3:TrackPointExtension>
            <ns3:hr>138</ns3:hr>
            <ns3:cad>95</ns3:cad>
          </ns3:TrackPointExtension>
        </extensions>
      </trkpt>
      <trkpt lat="25.06804137490689754486083984375" lon="102.66649134457111358642578125">
        <ele>1896.4000244140625</ele>
        <time>2026-10-04T23:30:59.000Z</time>
        <extensions>
          <ns3:TrackPointExtension>
            <ns3:hr>139</ns3:hr>
            <ns3:cad>95</ns3:cad>
          </ns3:TrackPointExtension>
        </extensions>
      </trkpt>
      <trkpt lat="25.0680312328040599822998046875" lon="102.66645354218780994415283203125">
        <ele>1896.4000244140625</ele>
        <time>2026-10-04T23:31:00.000Z</time>
        <extensions>
          <ns3:TrackPointExtension>
            <ns3:hr>140</ns3:hr>
            <ns3:cad>95</ns3:cad>
          </ns3:TrackPointExtension>
        </extensions>
      </trkpt>
      <trkpt lat="25.068021006882190704345703125" lon="102.6664073579013347625732421875">
        <ele>1896.5999755859375</ele>
        <time>2026-10-04T23:31:01.000Z</time>
        <extensions>
          <ns3:TrackPointExtension>
            <ns3:hr>141</ns3:hr>
            <ns3:cad>95</ns3:cad>
          </ns3:TrackPointExtension>
        </extensions>
      </trkpt>
      <trkpt lat="25.06800600327551364898681640625" lon="102.66637173481285572052001953125">
        <ele>1896.5999755859375</ele>
        <time>2026-10-04T23:31:02.000Z</time>
        <extensions>
          <ns3:TrackPointExtension>
            <ns3:hr>142</ns3:hr>
            <ns3:cad>95</ns3:cad>
          </ns3:TrackPointExtension>
        </extensions>
      </trkpt>
      <trkpt lat="25.0679960288107395172119140625" lon="102.66633150167763233184814453125">
        <ele>1896.4000244140625</ele>
        <time>2026-10-04T23:31:03.000Z</time>
        <extensions>
          <ns3:TrackPointExtension>
            <ns3:hr>142</ns3:hr>
            <ns3:cad>95</ns3:cad>
          </ns3:TrackPointExtension>
        </extensions>
      </trkpt>
      <trkpt lat="25.0679806061089038848876953125" lon="102.66629328019917011260986328125">
        <ele>1896.4000244140625</ele>
        <time>2026-10-04T23:31:04.000Z</time>
        <extensions>
          <ns3:TrackPointExtension>
            <ns3:hr>143</ns3:hr>
            <ns3:cad>95</ns3:cad>
          </ns3:TrackPointExtension>
        </extensions>
      </trkpt>
      <trkpt lat="25.06796007044613361358642578125" lon="102.66626277007162570953369140625">
        <ele>1896.4000244140625</ele>
        <time>2026-10-04T23:31:05.000Z</time>
        <extensions>
          <ns3:TrackPointExtension>
            <ns3:hr>144</ns3:hr>
            <ns3:cad>95</ns3:cad>
          </ns3:TrackPointExtension>
        </extensions>
      </trkpt>
      <trkpt lat="25.06793810985982418060302734375" lon="102.666226141154766082763671875">
        <ele>1896.199951171875</ele>
        <time>2026-10-04T23:31:06.000Z</time>
        <extensions>
          <ns3:TrackPointExtension>
            <ns3:hr>145</ns3:hr>
            <ns3:cad>95</ns3:cad>
          </ns3:TrackPointExtension>
        </extensions>
      </trkpt>
      <trkpt lat="25.0679145567119121551513671875" lon="102.66620032489299774169921875">
        <ele>1896.199951171875</ele>
        <time>2026-10-04T23:31:07.000Z</time>
        <extensions>
          <ns3:TrackPointExtension>
            <ns3:hr>146</ns3:hr>
            <ns3:cad>95</ns3:cad>
          </ns3:TrackPointExtension>
        </extensions>
      </trkpt>
      <trkpt lat="25.06789368577301502227783203125" lon="102.66616973094642162322998046875">
        <ele>1896.199951171875</ele>
        <time>2026-10-04T23:31:08.000Z</time>
        <extensions>
          <ns3:TrackPointExtension>
            <ns3:hr>147</ns3:hr>
            <ns3:cad>96</ns3:cad>
          </ns3:TrackPointExtension>
        </extensions>
      </trkpt>
      <trkpt lat="25.06786971352994441986083984375" lon="102.66613989137113094329833984375">
        <ele>1896.199951171875</ele>
        <time>2026-10-04T23:31:09.000Z</time>
        <extensions>
          <ns3:TrackPointExtension>
            <ns3:hr>147</ns3:hr>
            <ns3:cad>96</ns3:cad>
          </ns3:TrackPointExtension>
        </extensions>
      </trkpt>
      <trkpt lat="25.06784741766750812530517578125" lon="102.666113488376140594482421875">
        <ele>1896.199951171875</ele>
        <time>2026-10-04T23:31:10.000Z</time>
        <extensions>
          <ns3:TrackPointExtension>
            <ns3:hr>147</ns3:hr>
            <ns3:cad>96</ns3:cad>
          </ns3:TrackPointExtension>
        </extensions>
      </trkpt>
      <trkpt lat="25.067831240594387054443359375" lon="102.6660771109163761138916015625">
        <ele>1896</ele>
        <time>2026-10-04T23:31:11.000Z</time>
        <extensions>
          <ns3:TrackPointExtension>
            <ns3:hr>148</ns3:hr>
            <ns3:cad>96</ns3:cad>
          </ns3:TrackPointExtension>
        </extensions>
      </trkpt>
      <trkpt lat="25.06781271658837795257568359375" lon="102.6660479418933391571044921875">
        <ele>1896</ele>
        <time>2026-10-04T23:31:12.000Z</time>
        <extensions>
          <ns3:TrackPointExtension>
            <ns3:hr>148</ns3:hr>
            <ns3:cad>96</ns3:cad>
          </ns3:TrackPointExtension>
        </extensions>
      </trkpt>
      <trkpt lat="25.067807771265506744384765625" lon="102.66601533629000186920166015625">
        <ele>1895.800048828125</ele>
        <time>2026-10-04T23:31:13.000Z</time>
        <extensions>
          <ns3:TrackPointExtension>
            <ns3:hr>147</ns3:hr>
            <ns3:cad>96</ns3:cad>
          </ns3:TrackPointExtension>
        </extensions>
      </trkpt>
      <trkpt lat="25.0678007304668426513671875" lon="102.6659798808395862579345703125">
        <ele>1895.800048828125</ele>
        <time>2026-10-04T23:31:14.000Z</time>
        <extensions>
          <ns3:TrackPointExtension>
            <ns3:hr>147</ns3:hr>
            <ns3:cad>96</ns3:cad>
          </ns3:TrackPointExtension>
        </extensions>
      </trkpt>
      <trkpt lat="25.0677965395152568817138671875" lon="102.6659513823688030242919921875">
        <ele>1895.800048828125</ele>
        <time>2026-10-04T23:31:15.000Z</time>
        <extensions>
          <ns3:TrackPointExtension>
            <ns3:hr>147</ns3:hr>
            <ns3:cad>96</ns3:cad>
          </ns3:TrackPointExtension>
        </extensions>
      </trkpt>
      <trkpt lat="25.06779293529689311981201171875" lon="102.665910311043262481689453125">
        <ele>1895.5999755859375</ele>
        <time>2026-10-04T23:31:16.000Z</time>
        <extensions>
          <ns3:TrackPointExtension>
            <ns3:hr>147</ns3:hr>
            <ns3:cad>96</ns3:cad>
          </ns3:TrackPointExtension>
        </extensions>
      </trkpt>
      <trkpt lat="25.0677888281643390655517578125" lon="102.66587938182055950164794921875">
        <ele>1895.5999755859375</ele>
        <time>2026-10-04T23:31:17.000Z</time>
        <extensions>
          <ns3:TrackPointExtension>
            <ns3:hr>147</ns3:hr>
            <ns3:cad>96</ns3:cad>
          </ns3:TrackPointExtension>
        </extensions>
      </trkpt>
      <trkpt lat="25.067788995802402496337890625" lon="102.66584895551204681396484375">
        <ele>1895.5999755859375</ele>
        <time>2026-10-04T23:31:18.000Z</time>
        <extensions>
          <ns3:TrackPointExtension>
            <ns3:hr>147</ns3:hr>
            <ns3:cad>96</ns3:cad>
          </ns3:TrackPointExtension>
        </extensions>
      </trkpt>
      <trkpt lat="25.06778438575565814971923828125" lon="102.6658155955374240875244140625">
        <ele>1895.5999755859375</ele>
        <time>2026-10-04T23:31:19.000Z</time>
        <extensions>
          <ns3:TrackPointExtension>
            <ns3:hr>147</ns3:hr>
            <ns3:cad>96</ns3:cad>
          </ns3:TrackPointExtension>
        </extensions>
      </trkpt>
      <trkpt lat="25.06777918897569179534912109375" lon="102.6657864265143871307373046875">
        <ele>1895.5999755859375</ele>
        <time>2026-10-04T23:31:20.000Z</time>
        <extensions>
          <ns3:TrackPointExtension>
            <ns3:hr>147</ns3:hr>
            <ns3:cad>96</ns3:cad>
          </ns3:TrackPointExtension>
        </extensions>
      </trkpt>
      <trkpt lat="25.06777499802410602569580078125" lon="102.6657498814165592193603515625">
        <ele>1895.4000244140625</ele>
        <time>2026-10-04T23:31:21.000Z</time>
        <extensions>
          <ns3:TrackPointExtension>
            <ns3:hr>147</ns3:hr>
            <ns3:cad>96</ns3:cad>
          </ns3:TrackPointExtension>
        </extensions>
      </trkpt>
      <trkpt lat="25.06777181290090084075927734375" lon="102.6657146774232387542724609375">
        <ele>1895.4000244140625</ele>
        <time>2026-10-04T23:31:22.000Z</time>
        <extensions>
          <ns3:TrackPointExtension>
            <ns3:hr>147</ns3:hr>
            <ns3:cad>96</ns3:cad>
          </ns3:TrackPointExtension>
        </extensions>
      </trkpt>
      <trkpt lat="25.067766867578029632568359375" lon="102.6656801439821720123291015625">
        <ele>1895.4000244140625</ele>
        <time>2026-10-04T23:31:23.000Z</time>
        <extensions>
          <ns3:TrackPointExtension>
            <ns3:hr>147</ns3:hr>
            <ns3:cad>96</ns3:cad>
          </ns3:TrackPointExtension>
        </extensions>
      </trkpt>
      <trkpt lat="25.06776208989322185516357421875" lon="102.66564301215112209320068359375">
        <ele>1895.4000244140625</ele>
        <time>2026-10-04T23:31:24.000Z</time>
        <extensions>
          <ns3:TrackPointExtension>
            <ns3:hr>147</ns3:hr>
            <ns3:cad>96</ns3:cad>
          </ns3:TrackPointExtension>
        </extensions>
      </trkpt>
      <trkpt lat="25.06775521673262119293212890625" lon="102.66561116091907024383544921875">
        <ele>1895.199951171875</ele>
        <time>2026-10-04T23:31:25.000Z</time>
        <extensions>
          <ns3:TrackPointExtension>
            <ns3:hr>147</ns3:hr>
            <ns3:cad>97</ns3:cad>
          </ns3:TrackPointExtension>
        </extensions>
      </trkpt>
      <trkpt lat="25.06775588728487491607666015625" lon="102.66557461582124233245849609375">
        <ele>1895</ele>
        <time>2026-10-04T23:31:26.000Z</time>
        <extensions>
          <ns3:TrackPointExtension>
            <ns3:hr>146</ns3:hr>
            <ns3:cad>97</ns3:cad>
          </ns3:TrackPointExtension>
        </extensions>
      </trkpt>
      <trkpt lat="25.0677529536187648773193359375" lon="102.66554242931306362152099609375">
        <ele>1895</ele>
        <time>2026-10-04T23:31:27.000Z</time>
        <extensions>
          <ns3:TrackPointExtension>
            <ns3:hr>147</ns3:hr>
            <ns3:cad>97</ns3:cad>
          </ns3:TrackPointExtension>
        </extensions>
      </trkpt>
      <trkpt lat="25.0677519477903842926025390625" lon="102.66551242209970951080322265625">
        <ele>1895</ele>
        <time>2026-10-04T23:31:28.000Z</time>
        <extensions>
          <ns3:TrackPointExtension>
            <ns3:hr>147</ns3:hr>
            <ns3:cad>97</ns3:cad>
          </ns3:TrackPointExtension>
        </extensions>
      </trkpt>
      <trkpt lat="25.0677472539246082305908203125" lon="102.665475793182849884033203125">
        <ele>1895</ele>
        <time>2026-10-04T23:31:29.000Z</time>
        <extensions>
          <ns3:TrackPointExtension>
            <ns3:hr>147</ns3:hr>
            <ns3:cad>97</ns3:cad>
          </ns3:TrackPointExtension>
        </extensions>
      </trkpt>
      <trkpt lat="25.06774230860173702239990234375" lon="102.665445618331432342529296875">
        <ele>1895</ele>
        <time>2026-10-04T23:31:30.000Z</time>
        <extensions>
          <ns3:TrackPointExtension>
            <ns3:hr>147</ns3:hr>
            <ns3:cad>97</ns3:cad>
          </ns3:TrackPointExtension>
        </extensions>
      </trkpt>
      <trkpt lat="25.06774230860173702239990234375" lon="102.6654142700135707855224609375">
        <ele>1895</ele>
        <time>2026-10-04T23:31:31.000Z</time>
        <extensions>
          <ns3:TrackPointExtension>
            <ns3:hr>147</ns3:hr>
            <ns3:cad>96</ns3:cad>
          </ns3:TrackPointExtension>
        </extensions>
      </trkpt>
      <trkpt lat="25.06773711182177066802978515625" lon="102.6653800718486309051513671875">
        <ele>1894.800048828125</ele>
        <time>2026-10-04T23:31:32.000Z</time>
        <extensions>
          <ns3:TrackPointExtension>
            <ns3:hr>146</ns3:hr>
            <ns3:cad>96</ns3:cad>
          </ns3:TrackPointExtension>
        </extensions>
      </trkpt>
      <trkpt lat="25.06772722117602825164794921875" lon="102.6653505675494670867919921875">
        <ele>1894.800048828125</ele>
        <time>2026-10-04T23:31:33.000Z</time>
        <extensions>
          <ns3:TrackPointExtension>
            <ns3:hr>146</ns3:hr>
            <ns3:cad>96</ns3:cad>
          </ns3:TrackPointExtension>
        </extensions>
      </trkpt>
      <trkpt lat="25.0677221082150936126708984375" lon="102.66531117260456085205078125">
        <ele>1894.800048828125</ele>
        <time>2026-10-04T23:31:34.000Z</time>
        <extensions>
          <ns3:TrackPointExtension>
            <ns3:hr>146</ns3:hr>
            <ns3:cad>96</ns3:cad>
          </ns3:TrackPointExtension>
        </extensions>
      </trkpt>
      <trkpt lat="25.06771515123546123504638671875" lon="102.6652761362493038177490234375">
        <ele>1894.800048828125</ele>
        <time>2026-10-04T23:31:35.000Z</time>
        <extensions>
          <ns3:TrackPointExtension>
            <ns3:hr>146</ns3:hr>
            <ns3:cad>96</ns3:cad>
          </ns3:TrackPointExtension>
        </extensions>
      </trkpt>
      <trkpt lat="25.0677113793790340423583984375" lon="102.665243446826934814453125">
        <ele>1894.800048828125</ele>
        <time>2026-10-04T23:31:36.000Z</time>
        <extensions>
          <ns3:TrackPointExtension>
            <ns3:hr>146</ns3:hr>
            <ns3:cad>96</ns3:cad>
          </ns3:TrackPointExtension>
        </extensions>
      </trkpt>
      <trkpt lat="25.067711882293224334716796875" lon="102.66520748846232891082763671875">
        <ele>1894.800048828125</ele>
        <time>2026-10-04T23:31:37.000Z</time>
        <extensions>
          <ns3:TrackPointExtension>
            <ns3:hr>145</ns3:hr>
            <ns3:cad>96</ns3:cad>
          </ns3:TrackPointExtension>
        </extensions>
      </trkpt>
      <trkpt lat="25.06770710460841655731201171875" lon="102.6651748828589916229248046875">
        <ele>1894.800048828125</ele>
        <time>2026-10-04T23:31:38.000Z</time>
        <extensions>
          <ns3:TrackPointExtension>
            <ns3:hr>145</ns3:hr>
            <ns3:cad>96</ns3:cad>
          </ns3:TrackPointExtension>
        </extensions>
      </trkpt>
      <trkpt lat="25.067703165113925933837890625" lon="102.66513825394213199615478515625">
        <ele>1894.800048828125</ele>
        <time>2026-10-04T23:31:39.000Z</time>
        <extensions>
          <ns3:TrackPointExtension>
            <ns3:hr>145</ns3:hr>
            <ns3:cad>96</ns3:cad>
          </ns3:TrackPointExtension>
        </extensions>
      </trkpt>
      <trkpt lat="25.0676988065242767333984375" lon="102.6651074923574924468994140625">
        <ele>1894.5999755859375</ele>
        <time>2026-10-04T23:31:40.000Z</time>
        <extensions>
          <ns3:TrackPointExtension>
            <ns3:hr>146</ns3:hr>
            <ns3:cad>96</ns3:cad>
          </ns3:TrackPointExtension>
        </extensions>
      </trkpt>
      <trkpt lat="25.06770241074264049530029296875" lon="102.66507538966834545135498046875">
        <ele>1894.5999755859375</ele>
        <time>2026-10-04T23:31:41.000Z</time>
        <extensions>
          <ns3:TrackPointExtension>
            <ns3:hr>145</ns3:hr>
            <ns3:cad>96</ns3:cad>
          </ns3:TrackPointExtension>
        </extensions>
      </trkpt>
      <trkpt lat="25.06770073436200618743896484375" lon="102.66504119150340557098388671875">
        <ele>1894.5999755859375</ele>
        <time>2026-10-04T23:31:42.000Z</time>
        <extensions>
          <ns3:TrackPointExtension>
            <ns3:hr>145</ns3:hr>
            <ns3:cad>96</ns3:cad>
          </ns3:TrackPointExtension>
        </extensions>
      </trkpt>
      <trkpt lat="25.0676956214010715484619140625" lon="102.66501034609973430633544921875">
        <ele>1894.5999755859375</ele>
        <time>2026-10-04T23:31:43.000Z</time>
        <extensions>
          <ns3:TrackPointExtension>
            <ns3:hr>145</ns3:hr>
            <ns3:cad>96</ns3:cad>
          </ns3:TrackPointExtension>
        </extensions>
      </trkpt>
      <trkpt lat="25.06769478321075439453125" lon="102.66497245989739894866943359375">
        <ele>1894.4000244140625</ele>
        <time>2026-10-04T23:31:44.000Z</time>
        <extensions>
          <ns3:TrackPointExtension>
            <ns3:hr>145</ns3:hr>
            <ns3:cad>96</ns3:cad>
          </ns3:TrackPointExtension>
        </extensions>
      </trkpt>
      <trkpt lat="25.06768472492694854736328125" lon="102.6649395190179347991943359375">
        <ele>1894.4000244140625</ele>
        <time>2026-10-04T23:31:45.000Z</time>
        <extensions>
          <ns3:TrackPointExtension>
            <ns3:hr>145</ns3:hr>
            <ns3:cad>96</ns3:cad>
          </ns3:TrackPointExtension>
        </extensions>
      </trkpt>
      <trkpt lat="25.0676828809082508087158203125" lon="102.6649056561291217803955078125">
        <ele>1894.4000244140625</ele>
        <time>2026-10-04T23:31:46.000Z</time>
        <extensions>
          <ns3:TrackPointExtension>
            <ns3:hr>145</ns3:hr>
            <ns3:cad>96</ns3:cad>
          </ns3:TrackPointExtension>
        </extensions>
      </trkpt>
      <trkpt lat="25.067677684128284454345703125" lon="102.66486751846969127655029296875">
        <ele>1894.4000244140625</ele>
        <time>2026-10-04T23:31:47.000Z</time>
        <extensions>
          <ns3:TrackPointExtension>
            <ns3:hr>145</ns3:hr>
            <ns3:cad>97</ns3:cad>
          </ns3:TrackPointExtension>
        </extensions>
      </trkpt>
      <trkpt lat="25.06767089478671550750732421875" lon="102.66483549959957599639892578125">
        <ele>1894.4000244140625</ele>
        <time>2026-10-04T23:31:48.000Z</time>
        <extensions>
          <ns3:TrackPointExtension>
            <ns3:hr>145</ns3:hr>
            <ns3:cad>97</ns3:cad>
          </ns3:TrackPointExtension>
        </extensions>
      </trkpt>
      <trkpt lat="25.0676674582064151763916015625" lon="102.66479694284498691558837890625">
        <ele>1894.4000244140625</ele>
        <time>2026-10-04T23:31:49.000Z</time>
        <extensions>
          <ns3:TrackPointExtension>
            <ns3:hr>144</ns3:hr>
            <ns3:cad>97</ns3:cad>
          </ns3:TrackPointExtension>
        </extensions>
      </trkpt>
      <trkpt lat="25.06766083650290966033935546875" lon="102.66476266086101531982421875">
        <ele>1894.4000244140625</ele>
        <time>2026-10-04T23:31:50.000Z</time>
        <extensions>
          <ns3:TrackPointExtension>
            <ns3:hr>144</ns3:hr>
            <ns3:cad>97</ns3:cad>
          </ns3:TrackPointExtension>
        </extensions>
      </trkpt>
      <trkpt lat="25.06766268052160739898681640625" lon="102.66473357565701007843017578125">
        <ele>1894.199951171875</ele>
        <time>2026-10-04T23:31:51.000Z</time>
        <extensions>
          <ns3:TrackPointExtension>
            <ns3:hr>144</ns3:hr>
            <ns3:cad>96</ns3:cad>
          </ns3:TrackPointExtension>
        </extensions>
      </trkpt>
      <trkpt lat="25.0676573999226093292236328125" lon="102.664695940911769866943359375">
        <ele>1894.199951171875</ele>
        <time>2026-10-04T23:31:52.000Z</time>
        <extensions>
          <ns3:TrackPointExtension>
            <ns3:hr>145</ns3:hr>
            <ns3:cad>96</ns3:cad>
          </ns3:TrackPointExtension>
        </extensions>
      </trkpt>
      <trkpt lat="25.06765245459973812103271484375" lon="102.664663083851337432861328125">
        <ele>1894.199951171875</ele>
        <time>2026-10-04T23:31:53.000Z</time>
        <extensions>
          <ns3:TrackPointExtension>
            <ns3:hr>144</ns3:hr>
            <ns3:cad>96</ns3:cad>
          </ns3:TrackPointExtension>
        </extensions>
      </trkpt>
      <trkpt lat="25.06764675490558147430419921875" lon="102.6646240241825580596923828125">
        <ele>1894.199951171875</ele>
        <time>2026-10-04T23:31:54.000Z</time>
        <extensions>
          <ns3:TrackPointExtension>
            <ns3:hr>144</ns3:hr>
            <ns3:cad>96</ns3:cad>
          </ns3:TrackPointExtension>
        </extensions>
      </trkpt>
      <trkpt lat="25.067642144858837127685546875" lon="102.66458957456052303314208984375">
        <ele>1894.199951171875</ele>
        <time>2026-10-04T23:31:55.000Z</time>
        <extensions>
          <ns3:TrackPointExtension>
            <ns3:hr>144</ns3:hr>
            <ns3:cad>96</ns3:cad>
          </ns3:TrackPointExtension>
        </extensions>
      </trkpt>
      <trkpt lat="25.067634768784046173095703125" lon="102.664558477699756622314453125">
        <ele>1894.199951171875</ele>
        <time>2026-10-04T23:31:56.000Z</time>
        <extensions>
          <ns3:TrackPointExtension>
            <ns3:hr>144</ns3:hr>
            <ns3:cad>96</ns3:cad>
          </ns3:TrackPointExtension>
        </extensions>
      </trkpt>
      <trkpt lat="25.06763108074665069580078125" lon="102.66452201642096042633056640625">
        <ele>1894.199951171875</ele>
        <time>2026-10-04T23:31:57.000Z</time>
        <extensions>
          <ns3:TrackPointExtension>
            <ns3:hr>144</ns3:hr>
            <ns3:cad>96</ns3:cad>
          </ns3:TrackPointExtension>
        </extensions>
      </trkpt>
      <trkpt lat="25.06762328557670116424560546875" lon="102.66449016518890857696533203125">
        <ele>1894.199951171875</ele>
        <time>2026-10-04T23:31:58.000Z</time>
        <extensions>
          <ns3:TrackPointExtension>
            <ns3:hr>144</ns3:hr>
            <ns3:cad>96</ns3:cad>
          </ns3:TrackPointExtension>
        </extensions>
      </trkpt>
      <trkpt lat="25.06762378849089145660400390625" lon="102.664453200995922088623046875">
        <ele>1894</ele>
        <time>2026-10-04T23:31:59.000Z</time>
        <extensions>
          <ns3:TrackPointExtension>
            <ns3:hr>144</ns3:hr>
            <ns3:cad>97</ns3:cad>
          </ns3:TrackPointExtension>
        </extensions>
      </trkpt>
      <trkpt lat="25.06761766970157623291015625" lon="102.66441791318356990814208984375">
        <ele>1894</ele>
        <time>2026-10-04T23:32:00.000Z</time>
        <extensions>
          <ns3:TrackPointExtension>
            <ns3:hr>145</ns3:hr>
            <ns3:cad>96</ns3:cad>
          </ns3:TrackPointExtension>
        </extensions>
      </trkpt>
      <trkpt lat="25.06761188618838787078857421875" lon="102.66438656486570835113525390625">
        <ele>1894</ele>
        <time>2026-10-04T23:32:01.000Z</time>
        <extensions>
          <ns3:TrackPointExtension>
            <ns3:hr>144</ns3:hr>
            <ns3:cad>96</ns3:cad>
          </ns3:TrackPointExtension>
        </extensions>
      </trkpt>
      <trkpt lat="25.06760518066585063934326171875" lon="102.664348594844341278076171875">
        <ele>1894</ele>
        <time>2026-10-04T23:32:02.000Z</time>
        <extensions>
          <ns3:TrackPointExtension>
            <ns3:hr>144</ns3:hr>
            <ns3:cad>96</ns3:cad>
          </ns3:TrackPointExtension>
        </extensions>
      </trkpt>
      <trkpt lat="25.06759679876267910003662109375" lon="102.66431565396487712860107421875">
        <ele>1894</ele>
        <time>2026-10-04T23:32:03.000Z</time>
        <extensions>
          <ns3:TrackPointExtension>
            <ns3:hr>144</ns3:hr>
            <ns3:cad>96</ns3:cad>
          </ns3:TrackPointExtension>
        </extensions>
      </trkpt>
      <trkpt lat="25.06759780459105968475341796875" lon="102.6642793603241443634033203125">
        <ele>1894</ele>
        <time>2026-10-04T23:32:04.000Z</time>
        <extensions>
          <ns3:TrackPointExtension>
            <ns3:hr>144</ns3:hr>
            <ns3:cad>96</ns3:cad>
          </ns3:TrackPointExtension>
        </extensions>
      </trkpt>
      <trkpt lat="25.06759663112461566925048828125" lon="102.66424541361629962921142578125">
        <ele>1893.800048828125</ele>
        <time>2026-10-04T23:32:05.000Z</time>
        <extensions>
          <ns3:TrackPointExtension>
            <ns3:hr>143</ns3:hr>
            <ns3:cad>96</ns3:cad>
          </ns3:TrackPointExtension>
        </extensions>
      </trkpt>
      <trkpt lat="25.06759361363947391510009765625" lon="102.6642149873077869415283203125">
        <ele>1893.800048828125</ele>
        <time>2026-10-04T23:32:06.000Z</time>
        <extensions>
          <ns3:TrackPointExtension>
            <ns3:hr>143</ns3:hr>
            <ns3:cad>96</ns3:cad>
          </ns3:TrackPointExtension>
        </extensions>
      </trkpt>
      <trkpt lat="25.0675873272120952606201171875" lon="102.66417785547673702239990234375">
        <ele>1893.800048828125</ele>
        <time>2026-10-04T23:32:07.000Z</time>
        <extensions>
          <ns3:TrackPointExtension>
            <ns3:hr>143</ns3:hr>
            <ns3:cad>96</ns3:cad>
          </ns3:TrackPointExtension>
        </extensions>
      </trkpt>
      <trkpt lat="25.06758305244147777557373046875" lon="102.664144746959209442138671875">
        <ele>1894</ele>
        <time>2026-10-04T23:32:08.000Z</time>
        <extensions>
          <ns3:TrackPointExtension>
            <ns3:hr>143</ns3:hr>
            <ns3:cad>96</ns3:cad>
          </ns3:TrackPointExtension>
        </extensions>
      </trkpt>
      <trkpt lat="25.06758145987987518310546875" lon="102.66411365009844303131103515625">
        <ele>1894</ele>
        <time>2026-10-04T23:32:09.000Z</time>
        <extensions>
          <ns3:TrackPointExtension>
            <ns3:hr>142</ns3:hr>
            <ns3:cad>96</ns3:cad>
          </ns3:TrackPointExtension>
        </extensions>
      </trkpt>
      <trkpt lat="25.067576430737972259521484375" lon="102.66407777555286884307861328125">
        <ele>1894</ele>
        <time>2026-10-04T23:32:10.000Z</time>
        <extensions>
          <ns3:TrackPointExtension>
            <ns3:hr>142</ns3:hr>
            <ns3:cad>96</ns3:cad>
          </ns3:TrackPointExtension>
        </extensions>
      </trkpt>
      <trkpt lat="25.067569054663181304931640625" lon="102.66404357738792896270751953125">
        <ele>1894</ele>
        <time>2026-10-04T23:32:11.000Z</time>
        <extensions>
          <ns3:TrackPointExtension>
            <ns3:hr>143</ns3:hr>
            <ns3:cad>96</ns3:cad>
          </ns3:TrackPointExtension>
        </extensions>
      </trkpt>
      <trkpt lat="25.06756494753062725067138671875" lon="102.66400116495788097381591796875">
        <ele>1893.800048828125</ele>
        <time>2026-10-04T23:32:12.000Z</time>
        <extensions>
          <ns3:TrackPointExtension>
            <ns3:hr>143</ns3:hr>
            <ns3:cad>96</ns3:cad>
          </ns3:TrackPointExtension>
        </extensions>
      </trkpt>
      <trkpt lat="25.06756075657904148101806640625" lon="102.66396294347941875457763671875">
        <ele>1893.800048828125</ele>
        <time>2026-10-04T23:32:13.000Z</time>
        <extensions>
          <ns3:TrackPointExtension>
            <ns3:hr>142</ns3:hr>
            <ns3:cad>97</ns3:cad>
          </ns3:TrackPointExtension>
        </extensions>
      </trkpt>
      <trkpt lat="25.06756159476935863494873046875" lon="102.663925476372241973876953125">
        <ele>1893.5999755859375</ele>
        <time>2026-10-04T23:32:14.000Z</time>
        <extensions>
          <ns3:TrackPointExtension>
            <ns3:hr>142</ns3:hr>
            <ns3:cad>97</ns3:cad>
          </ns3:TrackPointExtension>
        </extensions>
      </trkpt>
      <trkpt lat="25.067558325827121734619140625" lon="102.6638860814273357391357421875">
        <ele>1893.5999755859375</ele>
        <time>2026-10-04T23:32:15.000Z</time>
        <extensions>
          <ns3:TrackPointExtension>
            <ns3:hr>143</ns3:hr>
            <ns3:cad>97</ns3:cad>
          </ns3:TrackPointExtension>
        </extensions>
      </trkpt>
      <trkpt lat="25.06755338050425052642822265625" lon="102.66385263763368129730224609375">
        <ele>1893.5999755859375</ele>
        <time>2026-10-04T23:32:16.000Z</time>
        <extensions>
          <ns3:TrackPointExtension>
            <ns3:hr>143</ns3:hr>
            <ns3:cad>97</ns3:cad>
          </ns3:TrackPointExtension>
        </extensions>
      </trkpt>
      <trkpt lat="25.067557655274868011474609375" lon="102.6638146676123142242431640625">
        <ele>1893.5999755859375</ele>
        <time>2026-10-04T23:32:17.000Z</time>
        <extensions>
          <ns3:TrackPointExtension>
            <ns3:hr>143</ns3:hr>
            <ns3:cad>96</ns3:cad>
          </ns3:TrackPointExtension>
        </extensions>
      </trkpt>
      <trkpt lat="25.06755069829523563385009765625" lon="102.6637814752757549285888671875">
        <ele>1893.5999755859375</ele>
        <time>2026-10-04T23:32:18.000Z</time>
        <extensions>
          <ns3:TrackPointExtension>
            <ns3:hr>143</ns3:hr>
            <ns3:cad>96</ns3:cad>
          </ns3:TrackPointExtension>
        </extensions>
      </trkpt>
      <trkpt lat="25.06754533387720584869384765625" lon="102.663751132786273956298828125">
        <ele>1893.5999755859375</ele>
        <time>2026-10-04T23:32:19.000Z</time>
        <extensions>
          <ns3:TrackPointExtension>
            <ns3:hr>143</ns3:hr>
            <ns3:cad>96</ns3:cad>
          </ns3:TrackPointExtension>
        </extensions>
      </trkpt>
      <trkpt lat="25.06753913126885890960693359375" lon="102.66370846889913082122802734375">
        <ele>1893.5999755859375</ele>
        <time>2026-10-04T23:32:20.000Z</time>
        <extensions>
          <ns3:TrackPointExtension>
            <ns3:hr>143</ns3:hr>
            <ns3:cad>96</ns3:cad>
          </ns3:TrackPointExtension>
        </extensions>
      </trkpt>
      <trkpt lat="25.06753510795533657073974609375" lon="102.66367904841899871826171875">
        <ele>1893.4000244140625</ele>
        <time>2026-10-04T23:32:21.000Z</time>
        <extensions>
          <ns3:TrackPointExtension>
            <ns3:hr>144</ns3:hr>
            <ns3:cad>96</ns3:cad>
          </ns3:TrackPointExtension>
        </extensions>
      </trkpt>
      <trkpt lat="25.06753996945917606353759765625" lon="102.66364325769245624542236328125">
        <ele>1893.4000244140625</ele>
        <time>2026-10-04T23:32:22.000Z</time>
        <extensions>
          <ns3:TrackPointExtension>
            <ns3:hr>144</ns3:hr>
            <ns3:cad>96</ns3:cad>
          </ns3:TrackPointExtension>
        </extensions>
      </trkpt>
      <trkpt lat="25.0675373710691928863525390625" lon="102.6636071316897869110107421875">
        <ele>1893.4000244140625</ele>
        <time>2026-10-04T23:32:23.000Z</time>
        <extensions>
          <ns3:TrackPointExtension>
            <ns3:hr>144</ns3:hr>
            <ns3:cad>97</ns3:cad>
          </ns3:TrackPointExtension>
        </extensions>
      </trkpt>
      <trkpt lat="25.067532844841480255126953125" lon="102.66357787884771823883056640625">
        <ele>1893.4000244140625</ele>
        <time>2026-10-04T23:32:24.000Z</time>
        <extensions>
          <ns3:TrackPointExtension>
            <ns3:hr>144</ns3:hr>
            <ns3:cad>97</ns3:cad>
          </ns3:TrackPointExtension>
        </extensions>
      </trkpt>
      <trkpt lat="25.06753074936568737030029296875" lon="102.66353932209312915802001953125">
        <ele>1893.4000244140625</ele>
        <time>2026-10-04T23:32:25.000Z</time>
        <extensions>
          <ns3:TrackPointExtension>
            <ns3:hr>144</ns3:hr>
            <ns3:cad>96</ns3:cad>
          </ns3:TrackPointExtension>
        </extensions>
      </trkpt>
      <trkpt lat="25.067522116005420684814453125" lon="102.66350948251783847808837890625">
        <ele>1893.4000244140625</ele>
        <time>2026-10-04T23:32:26.000Z</time>
        <extensions>
          <ns3:TrackPointExtension>
            <ns3:hr>144</ns3:hr>
            <ns3:cad>96</ns3:cad>
          </ns3:TrackPointExtension>
        </extensions>
      </trkpt>
      <trkpt lat="25.06751465611159801483154296875" lon="102.6634736917912960052490234375">
        <ele>1893.5999755859375</ele>
        <time>2026-10-04T23:32:27.000Z</time>
        <extensions>
          <ns3:TrackPointExtension>
            <ns3:hr>144</ns3:hr>
            <ns3:cad>96</ns3:cad>
          </ns3:TrackPointExtension>
        </extensions>
      </trkpt>
      <trkpt lat="25.06750577129423618316650390625" lon="102.663442008197307586669921875">
        <ele>1893.5999755859375</ele>
        <time>2026-10-04T23:32:28.000Z</time>
        <extensions>
          <ns3:TrackPointExtension>
            <ns3:hr>144</ns3:hr>
            <ns3:cad>96</ns3:cad>
          </ns3:TrackPointExtension>
        </extensions>
      </trkpt>
      <trkpt lat="25.0675003230571746826171875" lon="102.6634103246033191680908203125">
        <ele>1893.5999755859375</ele>
        <time>2026-10-04T23:32:29.000Z</time>
        <extensions>
          <ns3:TrackPointExtension>
            <ns3:hr>144</ns3:hr>
            <ns3:cad>96</ns3:cad>
          </ns3:TrackPointExtension>
        </extensions>
      </trkpt>
      <trkpt lat="25.0674974732100963592529296875" lon="102.6633751206099987030029296875">
        <ele>1893.5999755859375</ele>
        <time>2026-10-04T23:32:30.000Z</time>
        <extensions>
          <ns3:TrackPointExtension>
            <ns3:hr>144</ns3:hr>
            <ns3:cad>96</ns3:cad>
          </ns3:TrackPointExtension>
        </extensions>
      </trkpt>
      <trkpt lat="25.0674890913069248199462890625" lon="102.66334285028278827667236328125">
        <ele>1893.4000244140625</ele>
        <time>2026-10-04T23:32:31.000Z</time>
        <extensions>
          <ns3:TrackPointExtension>
            <ns3:hr>144</ns3:hr>
            <ns3:cad>96</ns3:cad>
          </ns3:TrackPointExtension>
        </extensions>
      </trkpt>
      <trkpt lat="25.06748800165951251983642578125" lon="102.66330622136592864990234375">
        <ele>1893.4000244140625</ele>
        <time>2026-10-04T23:32:32.000Z</time>
        <extensions>
          <ns3:TrackPointExtension>
            <ns3:hr>144</ns3:hr>
            <ns3:cad>96</ns3:cad>
          </ns3:TrackPointExtension>
        </extensions>
      </trkpt>
      <trkpt lat="25.06747911684215068817138671875" lon="102.66327059827744960784912109375">
        <ele>1893.5999755859375</ele>
        <time>2026-10-04T23:32:33.000Z</time>
        <extensions>
          <ns3:TrackPointExtension>
            <ns3:hr>144</ns3:hr>
            <ns3:cad>96</ns3:cad>
          </ns3:TrackPointExtension>
        </extensions>
      </trkpt>
      <trkpt lat="25.06747609935700893402099609375" lon="102.66323757357895374298095703125">
        <ele>1893.5999755859375</ele>
        <time>2026-10-04T23:32:34.000Z</time>
        <extensions>
          <ns3:TrackPointExtension>
            <ns3:hr>144</ns3:hr>
            <ns3:cad>96</ns3:cad>
          </ns3:TrackPointExtension>
        </extensions>
      </trkpt>
      <trkpt lat="25.067471154034137725830078125" lon="102.66319734044373035430908203125">
        <ele>1893.5999755859375</ele>
        <time>2026-10-04T23:32:35.000Z</time>
        <extensions>
          <ns3:TrackPointExtension>
            <ns3:hr>144</ns3:hr>
            <ns3:cad>96</ns3:cad>
          </ns3:TrackPointExtension>
        </extensions>
      </trkpt>
      <trkpt lat="25.0674627721309661865234375" lon="102.6631692610681056976318359375">
        <ele>1893.5999755859375</ele>
        <time>2026-10-04T23:32:36.000Z</time>
        <extensions>
          <ns3:TrackPointExtension>
            <ns3:hr>144</ns3:hr>
            <ns3:cad>96</ns3:cad>
          </ns3:TrackPointExtension>
        </extensions>
      </trkpt>
      <trkpt lat="25.0674582459032535552978515625" lon="102.66313011758029460906982421875">
        <ele>1893.800048828125</ele>
        <time>2026-10-04T23:32:37.000Z</time>
        <extensions>
          <ns3:TrackPointExtension>
            <ns3:hr>144</ns3:hr>
            <ns3:cad>96</ns3:cad>
          </ns3:TrackPointExtension>
        </extensions>
      </trkpt>
      <trkpt lat="25.06745003163814544677734375" lon="102.66309692524373531341552734375">
        <ele>1893.800048828125</ele>
        <time>2026-10-04T23:32:38.000Z</time>
        <extensions>
          <ns3:TrackPointExtension>
            <ns3:hr>143</ns3:hr>
            <ns3:cad>96</ns3:cad>
          </ns3:TrackPointExtension>
        </extensions>
      </trkpt>
      <trkpt lat="25.06744642741978168487548828125" lon="102.66306607984006404876708984375">
        <ele>1893.800048828125</ele>
        <time>2026-10-04T23:32:39.000Z</time>
        <extensions>
          <ns3:TrackPointExtension>
            <ns3:hr>144</ns3:hr>
            <ns3:cad>96</ns3:cad>
          </ns3:TrackPointExtension>
        </extensions>
      </trkpt>
      <trkpt lat="25.067442990839481353759765625" lon="102.6630306243896484375">
        <ele>1893.800048828125</ele>
        <time>2026-10-04T23:32:40.000Z</time>
        <extensions>
          <ns3:TrackPointExtension>
            <ns3:hr>144</ns3:hr>
            <ns3:cad>96</ns3:cad>
          </ns3:TrackPointExtension>
        </extensions>
      </trkpt>
      <trkpt lat="25.06744056008756160736083984375" lon="102.6630036346614360809326171875">
        <ele>1893.800048828125</ele>
        <time>2026-10-04T23:32:41.000Z</time>
        <extensions>
          <ns3:TrackPointExtension>
            <ns3:hr>144</ns3:hr>
            <ns3:cad>95</ns3:cad>
          </ns3:TrackPointExtension>
        </extensions>
      </trkpt>
      <trkpt lat="25.06743729114532470703125" lon="102.662969268858432769775390625">
        <ele>1893.800048828125</ele>
        <time>2026-10-04T23:32:42.000Z</time>
        <extensions>
          <ns3:TrackPointExtension>
            <ns3:hr>144</ns3:hr>
            <ns3:cad>94</ns3:cad>
          </ns3:TrackPointExtension>
        </extensions>
      </trkpt>
      <trkpt lat="25.0674327649176120758056640625" lon="102.66294018365442752838134765625">
        <ele>1893.800048828125</ele>
        <time>2026-10-04T23:32:43.000Z</time>
        <extensions>
          <ns3:TrackPointExtension>
            <ns3:hr>144</ns3:hr>
            <ns3:cad>94</ns3:cad>
          </ns3:TrackPointExtension>
        </extensions>
      </trkpt>
      <trkpt lat="25.0674320943653583526611328125" lon="102.662912271916866302490234375">
        <ele>1893.800048828125</ele>
        <time>2026-10-04T23:32:44.000Z</time>
        <extensions>
          <ns3:TrackPointExtension>
            <ns3:hr>144</ns3:hr>
            <ns3:cad>94</ns3:cad>
          </ns3:TrackPointExtension>
        </extensions>
      </trkpt>
      <trkpt lat="25.06742966361343860626220703125" lon="102.66287505626678466796875">
        <ele>1893.800048828125</ele>
        <time>2026-10-04T23:32:45.000Z</time>
        <extensions>
          <ns3:TrackPointExtension>
            <ns3:hr>144</ns3:hr>
            <ns3:cad>94</ns3:cad>
          </ns3:TrackPointExtension>
        </extensions>
      </trkpt>
      <trkpt lat="25.06742530502378940582275390625" lon="102.66284630633890628814697265625">
        <ele>1893.800048828125</ele>
        <time>2026-10-04T23:32:46.000Z</time>
        <extensions>
          <ns3:TrackPointExtension>
            <ns3:hr>144</ns3:hr>
            <ns3:cad>96</ns3:cad>
          </ns3:TrackPointExtension>
        </extensions>
      </trkpt>
      <trkpt lat="25.0674225389957427978515625" lon="102.6628093421459197998046875">
        <ele>1893.800048828125</ele>
        <time>2026-10-04T23:32:47.000Z</time>
        <extensions>
          <ns3:TrackPointExtension>
            <ns3:hr>145</ns3:hr>
            <ns3:cad>96</ns3:cad>
          </ns3:TrackPointExtension>
        </extensions>
      </trkpt>
      <trkpt lat="25.06741541437804698944091796875" lon="102.66277992166578769683837890625">
        <ele>1893.800048828125</ele>
        <time>2026-10-04T23:32:48.000Z</time>
        <extensions>
          <ns3:TrackPointExtension>
            <ns3:hr>145</ns3:hr>
            <ns3:cad>96</ns3:cad>
          </ns3:TrackPointExtension>
        </extensions>
      </trkpt>
      <trkpt lat="25.06741558201611042022705078125" lon="102.6627521775662899017333984375">
        <ele>1894</ele>
        <time>2026-10-04T23:32:49.000Z</time>
        <extensions>
          <ns3:TrackPointExtension>
            <ns3:hr>144</ns3:hr>
            <ns3:cad>96</ns3:cad>
          </ns3:TrackPointExtension>
        </extensions>
      </trkpt>
      <trkpt lat="25.067410133779048919677734375" lon="102.66271420754492282867431640625">
        <ele>1894</ele>
        <time>2026-10-04T23:32:50.000Z</time>
        <extensions>
          <ns3:TrackPointExtension>
            <ns3:hr>144</ns3:hr>
            <ns3:cad>96</ns3:cad>
          </ns3:TrackPointExtension>
        </extensions>
      </trkpt>
      <trkpt lat="25.06740711629390716552734375" lon="102.662688307464122772216796875">
        <ele>1894</ele>
        <time>2026-10-04T23:32:51.000Z</time>
        <extensions>
          <ns3:TrackPointExtension>
            <ns3:hr>144</ns3:hr>
            <ns3:cad>96</ns3:cad>
          </ns3:TrackPointExtension>
        </extensions>
      </trkpt>
      <trkpt lat="25.0674039311707019805908203125" lon="102.6626505888998508453369140625">
        <ele>1894</ele>
        <time>2026-10-04T23:32:52.000Z</time>
        <extensions>
          <ns3:TrackPointExtension>
            <ns3:hr>144</ns3:hr>
            <ns3:cad>96</ns3:cad>
          </ns3:TrackPointExtension>
        </extensions>
      </trkpt>
      <trkpt lat="25.06739747710525989532470703125" lon="102.662618570029735565185546875">
        <ele>1894</ele>
        <time>2026-10-04T23:32:53.000Z</time>
        <extensions>
          <ns3:TrackPointExtension>
            <ns3:hr>144</ns3:hr>
            <ns3:cad>96</ns3:cad>
          </ns3:TrackPointExtension>
        </extensions>
      </trkpt>
      <trkpt lat="25.06739345379173755645751953125" lon="102.6625862158834934234619140625">
        <ele>1894</ele>
        <time>2026-10-04T23:32:54.000Z</time>
        <extensions>
          <ns3:TrackPointExtension>
            <ns3:hr>144</ns3:hr>
            <ns3:cad>96</ns3:cad>
          </ns3:TrackPointExtension>
        </extensions>
      </trkpt>
      <trkpt lat="25.06738968193531036376953125" lon="102.66255143098533153533935546875">
        <ele>1894</ele>
        <time>2026-10-04T23:32:55.000Z</time>
        <extensions>
          <ns3:TrackPointExtension>
            <ns3:hr>144</ns3:hr>
            <ns3:cad>48</ns3:cad>
          </ns3:TrackPointExtension>
        </extensions>
      </trkpt>
      <trkpt lat="25.0673854909837245941162109375" lon="102.6625251956284046173095703125">
        <ele>1894</ele>
        <time>2026-10-04T23:32:56.000Z</time>
        <extensions>
          <ns3:TrackPointExtension>
            <ns3:hr>144</ns3:hr>
            <ns3:cad>96</ns3:cad>
          </ns3:TrackPointExtension>
        </extensions>
      </trkpt>
      <trkpt lat="25.0673804618418216705322265625" lon="102.662485800683498382568359375">
        <ele>1894</ele>
        <time>2026-10-04T23:32:57.000Z</time>
        <extensions>
          <ns3:TrackPointExtension>
            <ns3:hr>144</ns3:hr>
            <ns3:cad>96</ns3:cad>
          </ns3:TrackPointExtension>
        </extensions>
      </trkpt>
      <trkpt lat="25.06737451069056987762451171875" lon="102.66245034523308277130126953125">
        <ele>1894</ele>
        <time>2026-10-04T23:32:58.000Z</time>
        <extensions>
          <ns3:TrackPointExtension>
            <ns3:hr>144</ns3:hr>
            <ns3:cad>96</ns3:cad>
          </ns3:TrackPointExtension>
        </extensions>
      </trkpt>
      <trkpt lat="25.06737216375768184661865234375" lon="102.662420086562633514404296875">
        <ele>1894</ele>
        <time>2026-10-04T23:32:59.000Z</time>
        <extensions>
          <ns3:TrackPointExtension>
            <ns3:hr>145</ns3:hr>
            <ns3:cad>96</ns3:cad>
          </ns3:TrackPointExtension>
        </extensions>
      </trkpt>
      <trkpt lat="25.0673693977296352386474609375" lon="102.66238194890320301055908203125">
        <ele>1894</ele>
        <time>2026-10-04T23:33:00.000Z</time>
        <extensions>
          <ns3:TrackPointExtension>
            <ns3:hr>145</ns3:hr>
            <ns3:cad>96</ns3:cad>
          </ns3:TrackPointExtension>
        </extensions>
      </trkpt>
      <trkpt lat="25.067363865673542022705078125" lon="102.66234959475696086883544921875">
        <ele>1894</ele>
        <time>2026-10-04T23:33:01.000Z</time>
        <extensions>
          <ns3:TrackPointExtension>
            <ns3:hr>145</ns3:hr>
            <ns3:cad>96</ns3:cad>
          </ns3:TrackPointExtension>
        </extensions>
      </trkpt>
      <trkpt lat="25.06736311130225658416748046875" lon="102.66231112182140350341796875">
        <ele>1894.199951171875</ele>
        <time>2026-10-04T23:33:02.000Z</time>
        <extensions>
          <ns3:TrackPointExtension>
            <ns3:hr>146</ns3:hr>
            <ns3:cad>96</ns3:cad>
          </ns3:TrackPointExtension>
        </extensions>
      </trkpt>
      <trkpt lat="25.06735707633197307586669921875" lon="102.6622774265706539154052734375">
        <ele>1894</ele>
        <time>2026-10-04T23:33:03.000Z</time>
        <extensions>
          <ns3:TrackPointExtension>
            <ns3:hr>146</ns3:hr>
            <ns3:cad>96</ns3:cad>
          </ns3:TrackPointExtension>
        </extensions>
      </trkpt>
      <trkpt lat="25.06735749542713165283203125" lon="102.6622460782527923583984375">
        <ele>1894.199951171875</ele>
        <time>2026-10-04T23:33:04.000Z</time>
        <extensions>
          <ns3:TrackPointExtension>
            <ns3:hr>146</ns3:hr>
            <ns3:cad>96</ns3:cad>
          </ns3:TrackPointExtension>
        </extensions>
      </trkpt>
      <trkpt lat="25.06735506467521190643310546875" lon="102.66220995225012302398681640625">
        <ele>1894</ele>
        <time>2026-10-04T23:33:05.000Z</time>
        <extensions>
          <ns3:TrackPointExtension>
            <ns3:hr>147</ns3:hr>
            <ns3:cad>96</ns3:cad>
          </ns3:TrackPointExtension>
        </extensions>
      </trkpt>
      <trkpt lat="25.06734550930559635162353515625" lon="102.6621790230274200439453125">
        <ele>1894</ele>
        <time>2026-10-04T23:33:06.000Z</time>
        <extensions>
          <ns3:TrackPointExtension>
            <ns3:hr>147</ns3:hr>
            <ns3:cad>96</ns3:cad>
          </ns3:TrackPointExtension>
        </extensions>
      </trkpt>
      <trkpt lat="25.06734006106853485107421875" lon="102.66213954426348209381103515625">
        <ele>1894</ele>
        <time>2026-10-04T23:33:07.000Z</time>
        <extensions>
          <ns3:TrackPointExtension>
            <ns3:hr>147</ns3:hr>
            <ns3:cad>96</ns3:cad>
          </ns3:TrackPointExtension>
        </extensions>
      </trkpt>
      <trkpt lat="25.06733335554599761962890625" lon="102.6621091179549694061279296875">
        <ele>1894</ele>
        <time>2026-10-04T23:33:08.000Z</time>
        <extensions>
          <ns3:TrackPointExtension>
            <ns3:hr>147</ns3:hr>
            <ns3:cad>96</ns3:cad>
          </ns3:TrackPointExtension>
        </extensions>
      </trkpt>
      <trkpt lat="25.06733209826052188873291015625" lon="102.6620792783796787261962890625">
        <ele>1894</ele>
        <time>2026-10-04T23:33:09.000Z</time>
        <extensions>
          <ns3:TrackPointExtension>
            <ns3:hr>147</ns3:hr>
            <ns3:cad>96</ns3:cad>
          </ns3:TrackPointExtension>
        </extensions>
      </trkpt>
      <trkpt lat="25.06732723675668239593505859375" lon="102.66204214654862880706787109375">
        <ele>1894</ele>
        <time>2026-10-04T23:33:10.000Z</time>
        <extensions>
          <ns3:TrackPointExtension>
            <ns3:hr>146</ns3:hr>
            <ns3:cad>96</ns3:cad>
          </ns3:TrackPointExtension>
        </extensions>
      </trkpt>
      <trkpt lat="25.0673194415867328643798828125" lon="102.66201532445847988128662109375">
        <ele>1893.800048828125</ele>
        <time>2026-10-04T23:33:11.000Z</time>
        <extensions>
          <ns3:TrackPointExtension>
            <ns3:hr>146</ns3:hr>
            <ns3:cad>96</ns3:cad>
          </ns3:TrackPointExtension>
        </extensions>
      </trkpt>
      <trkpt lat="25.06731667555868625640869140625" lon="102.661976516246795654296875">
        <ele>1894</ele>
        <time>2026-10-04T23:33:12.000Z</time>
        <extensions>
          <ns3:TrackPointExtension>
            <ns3:hr>146</ns3:hr>
            <ns3:cad>96</ns3:cad>
          </ns3:TrackPointExtension>
        </extensions>
      </trkpt>
      <trkpt lat="25.067310892045497894287109375" lon="102.66194089315831661224365234375">
        <ele>1894</ele>
        <time>2026-10-04T23:33:13.000Z</time>
        <extensions>
          <ns3:TrackPointExtension>
            <ns3:hr>146</ns3:hr>
            <ns3:cad>96</ns3:cad>
          </ns3:TrackPointExtension>
        </extensions>
      </trkpt>
      <trkpt lat="25.06730695255100727081298828125" lon="102.66190837137401103973388671875">
        <ele>1894</ele>
        <time>2026-10-04T23:33:14.000Z</time>
        <extensions>
          <ns3:TrackPointExtension>
            <ns3:hr>146</ns3:hr>
            <ns3:cad>96</ns3:cad>
          </ns3:TrackPointExtension>
        </extensions>
      </trkpt>
      <trkpt lat="25.0673010013997554779052734375" lon="102.66186864115297794342041015625">
        <ele>1894</ele>
        <time>2026-10-04T23:33:15.000Z</time>
        <extensions>
          <ns3:TrackPointExtension>
            <ns3:hr>146</ns3:hr>
            <ns3:cad>96</ns3:cad>
          </ns3:TrackPointExtension>
        </extensions>
      </trkpt>
      <trkpt lat="25.0672922842204570770263671875" lon="102.66183528117835521697998046875">
        <ele>1894</ele>
        <time>2026-10-04T23:33:16.000Z</time>
        <extensions>
          <ns3:TrackPointExtension>
            <ns3:hr>147</ns3:hr>
            <ns3:cad>96</ns3:cad>
          </ns3:TrackPointExtension>
        </extensions>
      </trkpt>
      <trkpt lat="25.0672966428101062774658203125" lon="102.6618009991943836212158203125">
        <ele>1894</ele>
        <time>2026-10-04T23:33:17.000Z</time>
        <extensions>
          <ns3:TrackPointExtension>
            <ns3:hr>147</ns3:hr>
            <ns3:cad>96</ns3:cad>
          </ns3:TrackPointExtension>
        </extensions>
      </trkpt>
      <trkpt lat="25.067295134067535400390625" lon="102.66176587902009487152099609375">
        <ele>1894</ele>
        <time>2026-10-04T23:33:18.000Z</time>
        <extensions>
          <ns3:TrackPointExtension>
            <ns3:hr>147</ns3:hr>
            <ns3:cad>96</ns3:cad>
          </ns3:TrackPointExtension>
        </extensions>
      </trkpt>
      <trkpt lat="25.067289769649505615234375" lon="102.66173788346350193023681640625">
        <ele>1894</ele>
        <time>2026-10-04T23:33:19.000Z</time>
        <extensions>
          <ns3:TrackPointExtension>
            <ns3:hr>147</ns3:hr>
            <ns3:cad>96</ns3:cad>
          </ns3:TrackPointExtension>
        </extensions>
      </trkpt>
      <trkpt lat="25.067281387746334075927734375" lon="102.66169446520507335662841796875">
        <ele>1894</ele>
        <time>2026-10-04T23:33:20.000Z</time>
        <extensions>
          <ns3:TrackPointExtension>
            <ns3:hr>147</ns3:hr>
            <ns3:cad>96</ns3:cad>
          </ns3:TrackPointExtension>
        </extensions>
      </trkpt>
      <trkpt lat="25.0672644563019275665283203125" lon="102.66166294924914836883544921875">
        <ele>1894</ele>
        <time>2026-10-04T23:33:21.000Z</time>
        <extensions>
          <ns3:TrackPointExtension>
            <ns3:hr>147</ns3:hr>
            <ns3:cad>96</ns3:cad>
          </ns3:TrackPointExtension>
        </extensions>
      </trkpt>
      <trkpt lat="25.0672453455626964569091796875" lon="102.66162204556167125701904296875">
        <ele>1894</ele>
        <time>2026-10-04T23:33:22.000Z</time>
        <extensions>
          <ns3:TrackPointExtension>
            <ns3:hr>147</ns3:hr>
            <ns3:cad>96</ns3:cad>
          </ns3:TrackPointExtension>
        </extensions>
      </trkpt>
      <trkpt lat="25.0672215409576892852783203125" lon="102.66159363090991973876953125">
        <ele>1894</ele>
        <time>2026-10-04T23:33:23.000Z</time>
        <extensions>
          <ns3:TrackPointExtension>
            <ns3:hr>147</ns3:hr>
            <ns3:cad>96</ns3:cad>
          </ns3:TrackPointExtension>
        </extensions>
      </trkpt>
      <trkpt lat="25.067198574542999267578125" lon="102.6615753583610057830810546875">
        <ele>1894</ele>
        <time>2026-10-04T23:33:24.000Z</time>
        <extensions>
          <ns3:TrackPointExtension>
            <ns3:hr>147</ns3:hr>
            <ns3:cad>96</ns3:cad>
          </ns3:TrackPointExtension>
        </extensions>
      </trkpt>
      <trkpt lat="25.067164041101932525634765625" lon="102.66155934892594814300537109375">
        <ele>1893.800048828125</ele>
        <time>2026-10-04T23:33:25.000Z</time>
        <extensions>
          <ns3:TrackPointExtension>
            <ns3:hr>146</ns3:hr>
            <ns3:cad>96</ns3:cad>
          </ns3:TrackPointExtension>
        </extensions>
      </trkpt>
      <trkpt lat="25.06713830865919589996337890625" lon="102.66156152822077274322509765625">
        <ele>1893.5999755859375</ele>
        <time>2026-10-04T23:33:26.000Z</time>
        <extensions>
          <ns3:TrackPointExtension>
            <ns3:hr>146</ns3:hr>
            <ns3:cad>96</ns3:cad>
          </ns3:TrackPointExtension>
        </extensions>
      </trkpt>
      <trkpt lat="25.06710545159876346588134765625" lon="102.66156278550624847412109375">
        <ele>1893.5999755859375</ele>
        <time>2026-10-04T23:33:27.000Z</time>
        <extensions>
          <ns3:TrackPointExtension>
            <ns3:hr>145</ns3:hr>
            <ns3:cad>95</ns3:cad>
          </ns3:TrackPointExtension>
        </extensions>
      </trkpt>
      <trkpt lat="25.06707494147121906280517578125" lon="102.6615669764578342437744140625">
        <ele>1893.4000244140625</ele>
        <time>2026-10-04T23:33:28.000Z</time>
        <extensions>
          <ns3:TrackPointExtension>
            <ns3:hr>145</ns3:hr>
            <ns3:cad>95</ns3:cad>
          </ns3:TrackPointExtension>
        </extensions>
      </trkpt>
      <trkpt lat="25.06704577244818210601806640625" lon="102.66157242469489574432373046875">
        <ele>1893.5999755859375</ele>
        <time>2026-10-04T23:33:29.000Z</time>
        <extensions>
          <ns3:TrackPointExtension>
            <ns3:hr>145</ns3:hr>
            <ns3:cad>95</ns3:cad>
          </ns3:TrackPointExtension>
        </extensions>
      </trkpt>
      <trkpt lat="25.06701283156871795654296875" lon="102.6615782082080841064453125">
        <ele>1893.5999755859375</ele>
        <time>2026-10-04T23:33:30.000Z</time>
        <extensions>
          <ns3:TrackPointExtension>
            <ns3:hr>145</ns3:hr>
            <ns3:cad>95</ns3:cad>
          </ns3:TrackPointExtension>
        </extensions>
      </trkpt>
      <trkpt lat="25.06698609329760074615478515625" lon="102.6615830697119235992431640625">
        <ele>1893.800048828125</ele>
        <time>2026-10-04T23:33:31.000Z</time>
        <extensions>
          <ns3:TrackPointExtension>
            <ns3:hr>145</ns3:hr>
            <ns3:cad>95</ns3:cad>
          </ns3:TrackPointExtension>
        </extensions>
      </trkpt>
      <trkpt lat="25.0669526495039463043212890625" lon="102.661585919559001922607421875">
        <ele>1893.800048828125</ele>
        <time>2026-10-04T23:33:32.000Z</time>
        <extensions>
          <ns3:TrackPointExtension>
            <ns3:hr>144</ns3:hr>
            <ns3:cad>95</ns3:cad>
          </ns3:TrackPointExtension>
        </extensions>
      </trkpt>
      <trkpt lat="25.0669238157570362091064453125" lon="102.66158424317836761474609375">
        <ele>1894</ele>
        <time>2026-10-04T23:33:33.000Z</time>
        <extensions>
          <ns3:TrackPointExtension>
            <ns3:hr>144</ns3:hr>
            <ns3:cad>95</ns3:cad>
          </ns3:TrackPointExtension>
        </extensions>
      </trkpt>
      <trkpt lat="25.06689406000077724456787109375" lon="102.66157443635165691375732421875">
        <ele>1894</ele>
        <time>2026-10-04T23:33:34.000Z</time>
        <extensions>
          <ns3:TrackPointExtension>
            <ns3:hr>145</ns3:hr>
            <ns3:cad>95</ns3:cad>
          </ns3:TrackPointExtension>
        </extensions>
      </trkpt>
      <trkpt lat="25.06685935892164707183837890625" lon="102.66156454570591449737548828125">
        <ele>1893.800048828125</ele>
        <time>2026-10-04T23:33:35.000Z</time>
        <extensions>
          <ns3:TrackPointExtension>
            <ns3:hr>145</ns3:hr>
            <ns3:cad>95</ns3:cad>
          </ns3:TrackPointExtension>
        </extensions>
      </trkpt>
      <trkpt lat="25.06683387793600559234619140625" lon="102.661559768021106719970703125">
        <ele>1893.800048828125</ele>
        <time>2026-10-04T23:33:36.000Z</time>
        <extensions>
          <ns3:TrackPointExtension>
            <ns3:hr>145</ns3:hr>
            <ns3:cad>95</ns3:cad>
          </ns3:TrackPointExtension>
        </extensions>
      </trkpt>
      <trkpt lat="25.06679959595203399658203125" lon="102.661555744707584381103515625">
        <ele>1893.800048828125</ele>
        <time>2026-10-04T23:33:37.000Z</time>
        <extensions>
          <ns3:TrackPointExtension>
            <ns3:hr>145</ns3:hr>
            <ns3:cad>95</ns3:cad>
          </ns3:TrackPointExtension>
        </extensions>
      </trkpt>
      <trkpt lat="25.06676967255771160125732421875" lon="102.6615562476217746734619140625">
        <ele>1893.800048828125</ele>
        <time>2026-10-04T23:33:38.000Z</time>
        <extensions>
          <ns3:TrackPointExtension>
            <ns3:hr>145</ns3:hr>
            <ns3:cad>95</ns3:cad>
          </ns3:TrackPointExtension>
        </extensions>
      </trkpt>
      <trkpt lat="25.06673924624919891357421875" lon="102.66155817545950412750244140625">
        <ele>1893.800048828125</ele>
        <time>2026-10-04T23:33:39.000Z</time>
        <extensions>
          <ns3:TrackPointExtension>
            <ns3:hr>145</ns3:hr>
            <ns3:cad>95</ns3:cad>
          </ns3:TrackPointExtension>
        </extensions>
      </trkpt>
      <trkpt lat="25.0667045451700687408447265625" lon="102.66156035475432872772216796875">
        <ele>1893.800048828125</ele>
        <time>2026-10-04T23:33:40.000Z</time>
        <extensions>
          <ns3:TrackPointExtension>
            <ns3:hr>145</ns3:hr>
            <ns3:cad>95</ns3:cad>
          </ns3:TrackPointExtension>
        </extensions>
      </trkpt>
      <trkpt lat="25.0666790641844272613525390625" lon="102.661565802991390228271484375">
        <ele>1893.800048828125</ele>
        <time>2026-10-04T23:33:41.000Z</time>
        <extensions>
          <ns3:TrackPointExtension>
            <ns3:hr>145</ns3:hr>
            <ns3:cad>95</ns3:cad>
          </ns3:TrackPointExtension>
        </extensions>
      </trkpt>
      <trkpt lat="25.0666446983814239501953125" lon="102.661567144095897674560546875">
        <ele>1893.800048828125</ele>
        <time>2026-10-04T23:33:42.000Z</time>
        <extensions>
          <ns3:TrackPointExtension>
            <ns3:hr>145</ns3:hr>
            <ns3:cad>95</ns3:cad>
          </ns3:TrackPointExtension>
        </extensions>
      </trkpt>
      <trkpt lat="25.0666220672428607940673828125" lon="102.6615699939429759979248046875">
        <ele>1893.800048828125</ele>
        <time>2026-10-04T23:33:43.000Z</time>
        <extensions>
          <ns3:TrackPointExtension>
            <ns3:hr>145</ns3:hr>
            <ns3:cad>96</ns3:cad>
          </ns3:TrackPointExtension>
        </extensions>
      </trkpt>
      <trkpt lat="25.0665905512869358062744140625" lon="102.66157225705683231353759765625">
        <ele>1893.5999755859375</ele>
        <time>2026-10-04T23:33:44.000Z</time>
        <extensions>
          <ns3:TrackPointExtension>
            <ns3:hr>145</ns3:hr>
            <ns3:cad>96</ns3:cad>
          </ns3:TrackPointExtension>
        </extensions>
      </trkpt>
      <trkpt lat="25.0665627233684062957763671875" lon="102.6615803875029087066650390625">
        <ele>1893.5999755859375</ele>
        <time>2026-10-04T23:33:45.000Z</time>
        <extensions>
          <ns3:TrackPointExtension>
            <ns3:hr>146</ns3:hr>
            <ns3:cad>95</ns3:cad>
          </ns3:TrackPointExtension>
        </extensions>
      </trkpt>
      <trkpt lat="25.06653715856373310089111328125" lon="102.6615837402641773223876953125">
        <ele>1893.5999755859375</ele>
        <time>2026-10-04T23:33:46.000Z</time>
        <extensions>
          <ns3:TrackPointExtension>
            <ns3:hr>146</ns3:hr>
            <ns3:cad>95</ns3:cad>
          </ns3:TrackPointExtension>
        </extensions>
      </trkpt>
      <trkpt lat="25.06650379858911037445068359375" lon="102.661587260663509368896484375">
        <ele>1893.800048828125</ele>
        <time>2026-10-04T23:33:47.000Z</time>
        <extensions>
          <ns3:TrackPointExtension>
            <ns3:hr>146</ns3:hr>
            <ns3:cad>95</ns3:cad>
          </ns3:TrackPointExtension>
        </extensions>
      </trkpt>
      <trkpt lat="25.06647798232734203338623046875" lon="102.66159689985215663909912109375">
        <ele>1893.800048828125</ele>
        <time>2026-10-04T23:33:48.000Z</time>
        <extensions>
          <ns3:TrackPointExtension>
            <ns3:hr>145</ns3:hr>
            <ns3:cad>48</ns3:cad>
          </ns3:TrackPointExtension>
        </extensions>
      </trkpt>
      <trkpt lat="25.06644696928560733795166015625" lon="102.661596648395061492919921875">
        <ele>1894</ele>
        <time>2026-10-04T23:33:49.000Z</time>
        <extensions>
          <ns3:TrackPointExtension>
            <ns3:hr>146</ns3:hr>
            <ns3:cad>95</ns3:cad>
          </ns3:TrackPointExtension>
        </extensions>
      </trkpt>
      <trkpt lat="25.0664140284061431884765625" lon="102.6615981571376323699951171875">
        <ele>1894</ele>
        <time>2026-10-04T23:33:50.000Z</time>
        <extensions>
          <ns3:TrackPointExtension>
            <ns3:hr>146</ns3:hr>
            <ns3:cad>95</ns3:cad>
          </ns3:TrackPointExtension>
        </extensions>
      </trkpt>
      <trkpt lat="25.066388882696628570556640625" lon="102.661600671708583831787109375">
        <ele>1894</ele>
        <time>2026-10-04T23:33:51.000Z</time>
        <extensions>
          <ns3:TrackPointExtension>
            <ns3:hr>145</ns3:hr>
            <ns3:cad>95</ns3:cad>
          </ns3:TrackPointExtension>
        </extensions>
      </trkpt>
      <trkpt lat="25.06635309197008609771728515625" lon="102.6616035215556621551513671875">
        <ele>1894</ele>
        <time>2026-10-04T23:33:52.000Z</time>
        <extensions>
          <ns3:TrackPointExtension>
            <ns3:hr>145</ns3:hr>
            <ns3:cad>95</ns3:cad>
          </ns3:TrackPointExtension>
        </extensions>
      </trkpt>
      <trkpt lat="25.06632274948060512542724609375" lon="102.66160394065082073211669921875">
        <ele>1894</ele>
        <time>2026-10-04T23:33:53.000Z</time>
        <extensions>
          <ns3:TrackPointExtension>
            <ns3:hr>146</ns3:hr>
            <ns3:cad>97</ns3:cad>
          </ns3:TrackPointExtension>
        </extensions>
      </trkpt>
      <trkpt lat="25.0662945024669170379638671875" lon="102.66161316074430942535400390625">
        <ele>1894</ele>
        <time>2026-10-04T23:33:54.000Z</time>
        <extensions>
          <ns3:TrackPointExtension>
            <ns3:hr>146</ns3:hr>
            <ns3:cad>97</ns3:cad>
          </ns3:TrackPointExtension>
        </extensions>
      </trkpt>
      <trkpt lat="25.06625887937843799591064453125" lon="102.66162103973329067230224609375">
        <ele>1893.800048828125</ele>
        <time>2026-10-04T23:33:55.000Z</time>
        <extensions>
          <ns3:TrackPointExtension>
            <ns3:hr>146</ns3:hr>
            <ns3:cad>97</ns3:cad>
          </ns3:TrackPointExtension>
        </extensions>
      </trkpt>
      <trkpt lat="25.06623339839279651641845703125" lon="102.66162472777068614959716796875">
        <ele>1893.800048828125</ele>
        <time>2026-10-04T23:33:56.000Z</time>
        <extensions>
          <ns3:TrackPointExtension>
            <ns3:hr>146</ns3:hr>
            <ns3:cad>97</ns3:cad>
          </ns3:TrackPointExtension>
        </extensions>
      </trkpt>
      <trkpt lat="25.066201798617839813232421875" lon="102.66162824817001819610595703125">
        <ele>1893.800048828125</ele>
        <time>2026-10-04T23:33:57.000Z</time>
        <extensions>
          <ns3:TrackPointExtension>
            <ns3:hr>146</ns3:hr>
            <ns3:cad>97</ns3:cad>
          </ns3:TrackPointExtension>
        </extensions>
      </trkpt>
      <trkpt lat="25.0661753118038177490234375" lon="102.6616373844444751739501953125">
        <ele>1893.800048828125</ele>
        <time>2026-10-04T23:33:58.000Z</time>
        <extensions>
          <ns3:TrackPointExtension>
            <ns3:hr>146</ns3:hr>
            <ns3:cad>97</ns3:cad>
          </ns3:TrackPointExtension>
        </extensions>
      </trkpt>
      <trkpt lat="25.06614438258111476898193359375" lon="102.6616373844444751739501953125">
        <ele>1893.800048828125</ele>
        <time>2026-10-04T23:33:59.000Z</time>
        <extensions>
          <ns3:TrackPointExtension>
            <ns3:hr>146</ns3:hr>
            <ns3:cad>97</ns3:cad>
          </ns3:TrackPointExtension>
        </extensions>
      </trkpt>
      <trkpt lat="25.06611102260649204254150390625" lon="102.6616424135863780975341796875">
        <ele>1893.800048828125</ele>
        <time>2026-10-04T23:34:00.000Z</time>
        <extensions>
          <ns3:TrackPointExtension>
            <ns3:hr>146</ns3:hr>
            <ns3:cad>96</ns3:cad>
          </ns3:TrackPointExtension>
        </extensions>
      </trkpt>
      <trkpt lat="25.0660866312682628631591796875" lon="102.6616477780044078826904296875">
        <ele>1894</ele>
        <time>2026-10-04T23:34:01.000Z</time>
        <extensions>
          <ns3:TrackPointExtension>
            <ns3:hr>145</ns3:hr>
            <ns3:cad>96</ns3:cad>
          </ns3:TrackPointExtension>
        </extensions>
      </trkpt>
      <trkpt lat="25.06605436094105243682861328125" lon="102.66165289096534252166748046875">
        <ele>1894</ele>
        <time>2026-10-04T23:34:02.000Z</time>
        <extensions>
          <ns3:TrackPointExtension>
            <ns3:hr>146</ns3:hr>
            <ns3:cad>96</ns3:cad>
          </ns3:TrackPointExtension>
        </extensions>
      </trkpt>
      <trkpt lat="25.06602217443287372589111328125" lon="102.661656998097896575927734375">
        <ele>1894</ele>
        <time>2026-10-04T23:34:03.000Z</time>
        <extensions>
          <ns3:TrackPointExtension>
            <ns3:hr>146</ns3:hr>
            <ns3:cad>96</ns3:cad>
          </ns3:TrackPointExtension>
        </extensions>
      </trkpt>
      <trkpt lat="25.0659940950572490692138671875" lon="102.66165926121175289154052734375">
        <ele>1894</ele>
        <time>2026-10-04T23:34:04.000Z</time>
        <extensions>
          <ns3:TrackPointExtension>
            <ns3:hr>146</ns3:hr>
            <ns3:cad>48</ns3:cad>
          </ns3:TrackPointExtension>
        </extensions>
      </trkpt>
      <trkpt lat="25.0659620761871337890625" lon="102.6616682298481464385986328125">
        <ele>1894</ele>
        <time>2026-10-04T23:34:05.000Z</time>
        <extensions>
          <ns3:TrackPointExtension>
            <ns3:hr>145</ns3:hr>
            <ns3:cad>48</ns3:cad>
          </ns3:TrackPointExtension>
        </extensions>
      </trkpt>
      <trkpt lat="25.06593936122953891754150390625" lon="102.6616772823035717010498046875">
        <ele>1893.800048828125</ele>
        <time>2026-10-04T23:34:06.000Z</time>
        <extensions>
          <ns3:TrackPointExtension>
            <ns3:hr>145</ns3:hr>
            <ns3:cad>48</ns3:cad>
          </ns3:TrackPointExtension>
        </extensions>
      </trkpt>
      <trkpt lat="25.065908096730709075927734375" lon="102.66167921014130115509033203125">
        <ele>1893.800048828125</ele>
        <time>2026-10-04T23:34:07.000Z</time>
        <extensions>
          <ns3:TrackPointExtension>
            <ns3:hr>145</ns3:hr>
            <ns3:cad>96</ns3:cad>
          </ns3:TrackPointExtension>
        </extensions>
      </trkpt>
      <trkpt lat="25.06587767042219638824462890625" lon="102.6616895198822021484375">
        <ele>1893.800048828125</ele>
        <time>2026-10-04T23:34:08.000Z</time>
        <extensions>
          <ns3:TrackPointExtension>
            <ns3:hr>145</ns3:hr>
            <ns3:cad>96</ns3:cad>
          </ns3:TrackPointExtension>
        </extensions>
      </trkpt>
      <trkpt lat="25.0658556260168552398681640625" lon="102.6616900227963924407958984375">
        <ele>1893.800048828125</ele>
        <time>2026-10-04T23:34:09.000Z</time>
        <extensions>
          <ns3:TrackPointExtension>
            <ns3:hr>146</ns3:hr>
            <ns3:cad>48</ns3:cad>
          </ns3:TrackPointExtension>
        </extensions>
      </trkpt>
      <trkpt lat="25.06582872010767459869384765625" lon="102.661692537367343902587890625">
        <ele>1893.800048828125</ele>
        <time>2026-10-04T23:34:10.000Z</time>
        <extensions>
          <ns3:TrackPointExtension>
            <ns3:hr>145</ns3:hr>
            <ns3:cad>48</ns3:cad>
          </ns3:TrackPointExtension>
        </extensions>
      </trkpt>
      <trkpt lat="25.06580105982720851898193359375" lon="102.6616913639008998870849609375">
        <ele>1893.800048828125</ele>
        <time>2026-10-04T23:34:11.000Z</time>
        <extensions>
          <ns3:TrackPointExtension>
            <ns3:hr>146</ns3:hr>
            <ns3:cad>96</ns3:cad>
          </ns3:TrackPointExtension>
        </extensions>
      </trkpt>
      <trkpt lat="25.06577490828931331634521484375" lon="102.66169429756700992584228515625">
        <ele>1893.800048828125</ele>
        <time>2026-10-04T23:34:12.000Z</time>
        <extensions>
          <ns3:TrackPointExtension>
            <ns3:hr>146</ns3:hr>
            <ns3:cad>96</ns3:cad>
          </ns3:TrackPointExtension>
        </extensions>
      </trkpt>
      <trkpt lat="25.06574875675141811370849609375" lon="102.66169982962310314178466796875">
        <ele>1893.800048828125</ele>
        <time>2026-10-04T23:34:13.000Z</time>
        <extensions>
          <ns3:TrackPointExtension>
            <ns3:hr>145</ns3:hr>
            <ns3:cad>96</ns3:cad>
          </ns3:TrackPointExtension>
        </extensions>
      </trkpt>
      <trkpt lat="25.0657248683273792266845703125" lon="102.66170603223145008087158203125">
        <ele>1893.5999755859375</ele>
        <time>2026-10-04T23:34:14.000Z</time>
        <extensions>
          <ns3:TrackPointExtension>
            <ns3:hr>145</ns3:hr>
            <ns3:cad>96</ns3:cad>
          </ns3:TrackPointExtension>
        </extensions>
      </trkpt>
      <trkpt lat="25.06569293327629566192626953125" lon="102.66170904971659183502197265625">
        <ele>1893.5999755859375</ele>
        <time>2026-10-04T23:34:15.000Z</time>
        <extensions>
          <ns3:TrackPointExtension>
            <ns3:hr>145</ns3:hr>
            <ns3:cad>96</ns3:cad>
          </ns3:TrackPointExtension>
        </extensions>
      </trkpt>
      <trkpt lat="25.06566326133906841278076171875" lon="102.6617188565433025360107421875">
        <ele>1893.800048828125</ele>
        <time>2026-10-04T23:34:16.000Z</time>
        <extensions>
          <ns3:TrackPointExtension>
            <ns3:hr>145</ns3:hr>
            <ns3:cad>97</ns3:cad>
          </ns3:TrackPointExtension>
        </extensions>
      </trkpt>
      <trkpt lat="25.065633170306682586669921875" lon="102.661728747189044952392578125">
        <ele>1893.800048828125</ele>
        <time>2026-10-04T23:34:17.000Z</time>
        <extensions>
          <ns3:TrackPointExtension>
            <ns3:hr>145</ns3:hr>
            <ns3:cad>97</ns3:cad>
          </ns3:TrackPointExtension>
        </extensions>
      </trkpt>
      <trkpt lat="25.06559302099049091339111328125" lon="102.66173637472093105316162109375">
        <ele>1893.800048828125</ele>
        <time>2026-10-04T23:34:18.000Z</time>
        <extensions>
          <ns3:TrackPointExtension>
            <ns3:hr>145</ns3:hr>
            <ns3:cad>96</ns3:cad>
          </ns3:TrackPointExtension>
        </extensions>
      </trkpt>
      <trkpt lat="25.06556049920618534088134765625" lon="102.66174257732927799224853515625">
        <ele>1893.5999755859375</ele>
        <time>2026-10-04T23:34:19.000Z</time>
        <extensions>
          <ns3:TrackPointExtension>
            <ns3:hr>145</ns3:hr>
            <ns3:cad>96</ns3:cad>
          </ns3:TrackPointExtension>
        </extensions>
      </trkpt>
      <trkpt lat="25.0655257143080234527587890625" lon="102.661745846271514892578125">
        <ele>1893.5999755859375</ele>
        <time>2026-10-04T23:34:20.000Z</time>
        <extensions>
          <ns3:TrackPointExtension>
            <ns3:hr>145</ns3:hr>
            <ns3:cad>96</ns3:cad>
          </ns3:TrackPointExtension>
        </extensions>
      </trkpt>
      <trkpt lat="25.06549310870468616485595703125" lon="102.66175012104213237762451171875">
        <ele>1893.5999755859375</ele>
        <time>2026-10-04T23:34:21.000Z</time>
        <extensions>
          <ns3:TrackPointExtension>
            <ns3:hr>145</ns3:hr>
            <ns3:cad>97</ns3:cad>
          </ns3:TrackPointExtension>
        </extensions>
      </trkpt>
      <trkpt lat="25.0654606707394123077392578125" lon="102.66174852848052978515625">
        <ele>1893.4000244140625</ele>
        <time>2026-10-04T23:34:22.000Z</time>
        <extensions>
          <ns3:TrackPointExtension>
            <ns3:hr>145</ns3:hr>
            <ns3:cad>97</ns3:cad>
          </ns3:TrackPointExtension>
        </extensions>
      </trkpt>
      <trkpt lat="25.06542722694575786590576171875" lon="102.66175548546016216278076171875">
        <ele>1893.4000244140625</ele>
        <time>2026-10-04T23:34:23.000Z</time>
        <extensions>
          <ns3:TrackPointExtension>
            <ns3:hr>146</ns3:hr>
            <ns3:cad>97</ns3:cad>
          </ns3:TrackPointExtension>
        </extensions>
      </trkpt>
      <trkpt lat="25.06540107540786266326904296875" lon="102.66175800003111362457275390625">
        <ele>1893.5999755859375</ele>
        <time>2026-10-04T23:34:24.000Z</time>
        <extensions>
          <ns3:TrackPointExtension>
            <ns3:hr>145</ns3:hr>
            <ns3:cad>96</ns3:cad>
          </ns3:TrackPointExtension>
        </extensions>
      </trkpt>
      <trkpt lat="25.065369643270969390869140625" lon="102.66176261007785797119140625">
        <ele>1893.5999755859375</ele>
        <time>2026-10-04T23:34:25.000Z</time>
        <extensions>
          <ns3:TrackPointExtension>
            <ns3:hr>145</ns3:hr>
            <ns3:cad>96</ns3:cad>
          </ns3:TrackPointExtension>
        </extensions>
      </trkpt>
      <trkpt lat="25.06533720530569553375244140625" lon="102.66176604665815830230712890625">
        <ele>1893.5999755859375</ele>
        <time>2026-10-04T23:34:26.000Z</time>
        <extensions>
          <ns3:TrackPointExtension>
            <ns3:hr>145</ns3:hr>
            <ns3:cad>96</ns3:cad>
          </ns3:TrackPointExtension>
        </extensions>
      </trkpt>
      <trkpt lat="25.06531055085361003875732421875" lon="102.66177602112293243408203125">
        <ele>1893.5999755859375</ele>
        <time>2026-10-04T23:34:27.000Z</time>
        <extensions>
          <ns3:TrackPointExtension>
            <ns3:hr>145</ns3:hr>
            <ns3:cad>96</ns3:cad>
          </ns3:TrackPointExtension>
        </extensions>
      </trkpt>
      <trkpt lat="25.06527878344058990478515625" lon="102.66178716905415058135986328125">
        <ele>1893.5999755859375</ele>
        <time>2026-10-04T23:34:28.000Z</time>
        <extensions>
          <ns3:TrackPointExtension>
            <ns3:hr>145</ns3:hr>
            <ns3:cad>96</ns3:cad>
          </ns3:TrackPointExtension>
        </extensions>
      </trkpt>
      <trkpt lat="25.06525338627398014068603515625" lon="102.66179236583411693572998046875">
        <ele>1893.5999755859375</ele>
        <time>2026-10-04T23:34:29.000Z</time>
        <extensions>
          <ns3:TrackPointExtension>
            <ns3:hr>146</ns3:hr>
            <ns3:cad>96</ns3:cad>
          </ns3:TrackPointExtension>
        </extensions>
      </trkpt>
      <trkpt lat="25.0652226246893405914306640625" lon="102.66179479658603668212890625">
        <ele>1893.5999755859375</ele>
        <time>2026-10-04T23:34:30.000Z</time>
        <extensions>
          <ns3:TrackPointExtension>
            <ns3:hr>145</ns3:hr>
            <ns3:cad>96</ns3:cad>
          </ns3:TrackPointExtension>
        </extensions>
      </trkpt>
      <trkpt lat="25.06519454531371593475341796875" lon="102.6617946289479732513427734375">
        <ele>1893.5999755859375</ele>
        <time>2026-10-04T23:34:31.000Z</time>
        <extensions>
          <ns3:TrackPointExtension>
            <ns3:hr>145</ns3:hr>
            <ns3:cad>96</ns3:cad>
          </ns3:TrackPointExtension>
        </extensions>
      </trkpt>
      <trkpt lat="25.06516302935779094696044921875" lon="102.6617968082427978515625">
        <ele>1893.5999755859375</ele>
        <time>2026-10-04T23:34:32.000Z</time>
        <extensions>
          <ns3:TrackPointExtension>
            <ns3:hr>146</ns3:hr>
            <ns3:cad>96</ns3:cad>
          </ns3:TrackPointExtension>
        </extensions>
      </trkpt>
      <trkpt lat="25.06513059139251708984375" lon="102.66179773025214672088623046875">
        <ele>1893.5999755859375</ele>
        <time>2026-10-04T23:34:33.000Z</time>
        <extensions>
          <ns3:TrackPointExtension>
            <ns3:hr>146</ns3:hr>
            <ns3:cad>96</ns3:cad>
          </ns3:TrackPointExtension>
        </extensions>
      </trkpt>
      <trkpt lat="25.06510318256914615631103515625" lon="102.6618026755750179290771484375">
        <ele>1893.5999755859375</ele>
        <time>2026-10-04T23:34:34.000Z</time>
        <extensions>
          <ns3:TrackPointExtension>
            <ns3:hr>146</ns3:hr>
            <ns3:cad>96</ns3:cad>
          </ns3:TrackPointExtension>
        </extensions>
      </trkpt>
      <trkpt lat="25.0650702416896820068359375" lon="102.6618066988885402679443359375">
        <ele>1893.5999755859375</ele>
        <time>2026-10-04T23:34:35.000Z</time>
        <extensions>
          <ns3:TrackPointExtension>
            <ns3:hr>146</ns3:hr>
            <ns3:cad>95</ns3:cad>
          </ns3:TrackPointExtension>
        </extensions>
      </trkpt>
      <trkpt lat="25.0650358758866786956787109375" lon="102.661807537078857421875">
        <ele>1893.5999755859375</ele>
        <time>2026-10-04T23:34:36.000Z</time>
        <extensions>
          <ns3:TrackPointExtension>
            <ns3:hr>145</ns3:hr>
            <ns3:cad>96</ns3:cad>
          </ns3:TrackPointExtension>
        </extensions>
      </trkpt>
      <trkpt lat="25.065001510083675384521484375" lon="102.661809213459491729736328125">
        <ele>1893.5999755859375</ele>
        <time>2026-10-04T23:34:37.000Z</time>
        <extensions>
          <ns3:TrackPointExtension>
            <ns3:hr>145</ns3:hr>
            <ns3:cad>96</ns3:cad>
          </ns3:TrackPointExtension>
        </extensions>
      </trkpt>
      <trkpt lat="25.06496136076748371124267578125" lon="102.66181197948753833770751953125">
        <ele>1893.5999755859375</ele>
        <time>2026-10-04T23:34:38.000Z</time>
        <extensions>
          <ns3:TrackPointExtension>
            <ns3:hr>145</ns3:hr>
            <ns3:cad>96</ns3:cad>
          </ns3:TrackPointExtension>
        </extensions>
      </trkpt>
      <trkpt lat="25.0649292580783367156982421875" lon="102.6618177630007266998291015625">
        <ele>1893.5999755859375</ele>
        <time>2026-10-04T23:34:39.000Z</time>
        <extensions>
          <ns3:TrackPointExtension>
            <ns3:hr>145</ns3:hr>
            <ns3:cad>96</ns3:cad>
          </ns3:TrackPointExtension>
        </extensions>
      </trkpt>
      <trkpt lat="25.0648987479507923126220703125" lon="102.661821953952312469482421875">
        <ele>1893.4000244140625</ele>
        <time>2026-10-04T23:34:40.000Z</time>
        <extensions>
          <ns3:TrackPointExtension>
            <ns3:hr>145</ns3:hr>
            <ns3:cad>96</ns3:cad>
          </ns3:TrackPointExtension>
        </extensions>
      </trkpt>
      <trkpt lat="25.06485792808234691619873046875" lon="102.661823295056819915771484375">
        <ele>1893.4000244140625</ele>
        <time>2026-10-04T23:34:41.000Z</time>
        <extensions>
          <ns3:TrackPointExtension>
            <ns3:hr>145</ns3:hr>
            <ns3:cad>96</ns3:cad>
          </ns3:TrackPointExtension>
        </extensions>
      </trkpt>
      <trkpt lat="25.06483219563961029052734375" lon="102.6618303358554840087890625">
        <ele>1893.4000244140625</ele>
        <time>2026-10-04T23:34:42.000Z</time>
        <extensions>
          <ns3:TrackPointExtension>
            <ns3:hr>145</ns3:hr>
            <ns3:cad>48</ns3:cad>
          </ns3:TrackPointExtension>
        </extensions>
      </trkpt>
      <trkpt lat="25.06479732692241668701171875" lon="102.6618315093219280242919921875">
        <ele>1893.4000244140625</ele>
        <time>2026-10-04T23:34:43.000Z</time>
        <extensions>
          <ns3:TrackPointExtension>
            <ns3:hr>145</ns3:hr>
            <ns3:cad>48</ns3:cad>
          </ns3:TrackPointExtension>
        </extensions>
      </trkpt>
      <trkpt lat="25.06476916372776031494140625" lon="102.66184316016733646392822265625">
        <ele>1893.4000244140625</ele>
        <time>2026-10-04T23:34:44.000Z</time>
        <extensions>
          <ns3:TrackPointExtension>
            <ns3:hr>144</ns3:hr>
            <ns3:cad>48</ns3:cad>
          </ns3:TrackPointExtension>
        </extensions>
      </trkpt>
      <trkpt lat="25.064741671085357666015625" lon="102.66184852458536624908447265625">
        <ele>1893.4000244140625</ele>
        <time>2026-10-04T23:34:45.000Z</time>
        <extensions>
          <ns3:TrackPointExtension>
            <ns3:hr>144</ns3:hr>
            <ns3:cad>48</ns3:cad>
          </ns3:TrackPointExtension>
        </extensions>
      </trkpt>
      <trkpt lat="25.06470571272075176239013671875" lon="102.6618566550314426422119140625">
        <ele>1893.4000244140625</ele>
        <time>2026-10-04T23:34:46.000Z</time>
        <extensions>
          <ns3:TrackPointExtension>
            <ns3:hr>144</ns3:hr>
            <ns3:cad>48</ns3:cad>
          </ns3:TrackPointExtension>
        </extensions>
      </trkpt>
      <trkpt lat="25.06467872299253940582275390625" lon="102.6618653722107410430908203125">
        <ele>1893.4000244140625</ele>
        <time>2026-10-04T23:34:47.000Z</time>
        <extensions>
          <ns3:TrackPointExtension>
            <ns3:hr>144</ns3:hr>
            <ns3:cad>96</ns3:cad>
          </ns3:TrackPointExtension>
        </extensions>
      </trkpt>
      <trkpt lat="25.06464284844696521759033203125" lon="102.66187258064746856689453125">
        <ele>1893.4000244140625</ele>
        <time>2026-10-04T23:34:48.000Z</time>
        <extensions>
          <ns3:TrackPointExtension>
            <ns3:hr>144</ns3:hr>
            <ns3:cad>96</ns3:cad>
          </ns3:TrackPointExtension>
        </extensions>
      </trkpt>
      <trkpt lat="25.0646097399294376373291015625" lon="102.66187568195164203643798828125">
        <ele>1893.4000244140625</ele>
        <time>2026-10-04T23:34:49.000Z</time>
        <extensions>
          <ns3:TrackPointExtension>
            <ns3:hr>145</ns3:hr>
            <ns3:cad>96</ns3:cad>
          </ns3:TrackPointExtension>
        </extensions>
      </trkpt>
      <trkpt lat="25.06457604467868804931640625" lon="102.66187400557100772857666015625">
        <ele>1893.4000244140625</ele>
        <time>2026-10-04T23:34:50.000Z</time>
        <extensions>
          <ns3:TrackPointExtension>
            <ns3:hr>144</ns3:hr>
            <ns3:cad>96</ns3:cad>
          </ns3:TrackPointExtension>
        </extensions>
      </trkpt>
      <trkpt lat="25.064540170133113861083984375" lon="102.66187920235097408294677734375">
        <ele>1893.4000244140625</ele>
        <time>2026-10-04T23:34:51.000Z</time>
        <extensions>
          <ns3:TrackPointExtension>
            <ns3:hr>144</ns3:hr>
            <ns3:cad>96</ns3:cad>
          </ns3:TrackPointExtension>
        </extensions>
      </trkpt>
      <trkpt lat="25.06451703608036041259765625" lon="102.66189479269087314605712890625">
        <ele>1893.199951171875</ele>
        <time>2026-10-04T23:34:52.000Z</time>
        <extensions>
          <ns3:TrackPointExtension>
            <ns3:hr>144</ns3:hr>
            <ns3:cad>96</ns3:cad>
          </ns3:TrackPointExtension>
        </extensions>
      </trkpt>
      <trkpt lat="25.0644830055534839630126953125" lon="102.66189998947083950042724609375">
        <ele>1893.199951171875</ele>
        <time>2026-10-04T23:34:53.000Z</time>
        <extensions>
          <ns3:TrackPointExtension>
            <ns3:hr>145</ns3:hr>
            <ns3:cad>96</ns3:cad>
          </ns3:TrackPointExtension>
        </extensions>
      </trkpt>
      <trkpt lat="25.06445266306400299072265625" lon="102.6619032584130764007568359375">
        <ele>1893.199951171875</ele>
        <time>2026-10-04T23:34:54.000Z</time>
        <extensions>
          <ns3:TrackPointExtension>
            <ns3:hr>144</ns3:hr>
            <ns3:cad>96</ns3:cad>
          </ns3:TrackPointExtension>
        </extensions>
      </trkpt>
      <trkpt lat="25.064422823488712310791015625" lon="102.66190216876566410064697265625">
        <ele>1893.199951171875</ele>
        <time>2026-10-04T23:34:55.000Z</time>
        <extensions>
          <ns3:TrackPointExtension>
            <ns3:hr>144</ns3:hr>
            <ns3:cad>96</ns3:cad>
          </ns3:TrackPointExtension>
        </extensions>
      </trkpt>
      <trkpt lat="25.0643862783908843994140625" lon="102.6619009114801883697509765625">
        <ele>1893.199951171875</ele>
        <time>2026-10-04T23:34:56.000Z</time>
        <extensions>
          <ns3:TrackPointExtension>
            <ns3:hr>144</ns3:hr>
            <ns3:cad>95</ns3:cad>
          </ns3:TrackPointExtension>
        </extensions>
      </trkpt>
      <trkpt lat="25.06435601972043514251708984375" lon="102.66190434806048870086669921875">
        <ele>1893</ele>
        <time>2026-10-04T23:34:57.000Z</time>
        <extensions>
          <ns3:TrackPointExtension>
            <ns3:hr>144</ns3:hr>
            <ns3:cad>95</ns3:cad>
          </ns3:TrackPointExtension>
        </extensions>
      </trkpt>
      <trkpt lat="25.06431964226067066192626953125" lon="102.66190619207918643951416015625">
        <ele>1893.199951171875</ele>
        <time>2026-10-04T23:34:58.000Z</time>
        <extensions>
          <ns3:TrackPointExtension>
            <ns3:hr>144</ns3:hr>
            <ns3:cad>96</ns3:cad>
          </ns3:TrackPointExtension>
        </extensions>
      </trkpt>
      <trkpt lat="25.064292736351490020751953125" lon="102.66190879046916961669921875">
        <ele>1893.199951171875</ele>
        <time>2026-10-04T23:34:59.000Z</time>
        <extensions>
          <ns3:TrackPointExtension>
            <ns3:hr>144</ns3:hr>
            <ns3:cad>96</ns3:cad>
          </ns3:TrackPointExtension>
        </extensions>
      </trkpt>
      <trkpt lat="25.06426180712878704071044921875" lon="102.66191105358302593231201171875">
        <ele>1893.199951171875</ele>
        <time>2026-10-04T23:35:00.000Z</time>
        <extensions>
          <ns3:TrackPointExtension>
            <ns3:hr>145</ns3:hr>
            <ns3:cad>96</ns3:cad>
          </ns3:TrackPointExtension>
        </extensions>
      </trkpt>
      <trkpt lat="25.0642255134880542755126953125" lon="102.6619143225252628326416015625">
        <ele>1893.199951171875</ele>
        <time>2026-10-04T23:35:01.000Z</time>
        <extensions>
          <ns3:TrackPointExtension>
            <ns3:hr>144</ns3:hr>
            <ns3:cad>96</ns3:cad>
          </ns3:TrackPointExtension>
        </extensions>
      </trkpt>
      <trkpt lat="25.06419860757887363433837890625" lon="102.66191658563911914825439453125">
        <ele>1893.199951171875</ele>
        <time>2026-10-04T23:35:02.000Z</time>
        <extensions>
          <ns3:TrackPointExtension>
            <ns3:hr>144</ns3:hr>
            <ns3:cad>96</ns3:cad>
          </ns3:TrackPointExtension>
        </extensions>
      </trkpt>
      <trkpt lat="25.06416323594748973846435546875" lon="102.6619166694581508636474609375">
        <ele>1893.199951171875</ele>
        <time>2026-10-04T23:35:03.000Z</time>
        <extensions>
          <ns3:TrackPointExtension>
            <ns3:hr>145</ns3:hr>
            <ns3:cad>96</ns3:cad>
          </ns3:TrackPointExtension>
        </extensions>
      </trkpt>
      <trkpt lat="25.06413121707737445831298828125" lon="102.6619190163910388946533203125">
        <ele>1893.199951171875</ele>
        <time>2026-10-04T23:35:04.000Z</time>
        <extensions>
          <ns3:TrackPointExtension>
            <ns3:hr>145</ns3:hr>
            <ns3:cad>96</ns3:cad>
          </ns3:TrackPointExtension>
        </extensions>
      </trkpt>
      <trkpt lat="25.0641028024256229400634765625" lon="102.66191951930522918701171875">
        <ele>1893.199951171875</ele>
        <time>2026-10-04T23:35:05.000Z</time>
        <extensions>
          <ns3:TrackPointExtension>
            <ns3:hr>145</ns3:hr>
            <ns3:cad>96</ns3:cad>
          </ns3:TrackPointExtension>
        </extensions>
      </trkpt>
      <trkpt lat="25.06406634114682674407958984375" lon="102.6619186811149120330810546875">
        <ele>1893.199951171875</ele>
        <time>2026-10-04T23:35:06.000Z</time>
        <extensions>
          <ns3:TrackPointExtension>
            <ns3:hr>145</ns3:hr>
            <ns3:cad>96</ns3:cad>
          </ns3:TrackPointExtension>
        </extensions>
      </trkpt>
      <trkpt lat="25.064037926495075225830078125" lon="102.66191951930522918701171875">
        <ele>1893.199951171875</ele>
        <time>2026-10-04T23:35:07.000Z</time>
        <extensions>
          <ns3:TrackPointExtension>
            <ns3:hr>146</ns3:hr>
            <ns3:cad>96</ns3:cad>
          </ns3:TrackPointExtension>
        </extensions>
      </trkpt>
      <trkpt lat="25.06400263868272304534912109375" lon="102.66191557981073856353759765625">
        <ele>1893</ele>
        <time>2026-10-04T23:35:08.000Z</time>
        <extensions>
          <ns3:TrackPointExtension>
            <ns3:hr>146</ns3:hr>
            <ns3:cad>97</ns3:cad>
          </ns3:TrackPointExtension>
        </extensions>
      </trkpt>
      <trkpt lat="25.06397179327905178070068359375" lon="102.66191725619137287139892578125">
        <ele>1893</ele>
        <time>2026-10-04T23:35:09.000Z</time>
        <extensions>
          <ns3:TrackPointExtension>
            <ns3:hr>146</ns3:hr>
            <ns3:cad>97</ns3:cad>
          </ns3:TrackPointExtension>
        </extensions>
      </trkpt>
      <trkpt lat="25.06394413299858570098876953125" lon="102.6619190163910388946533203125">
        <ele>1893</ele>
        <time>2026-10-04T23:35:10.000Z</time>
        <extensions>
          <ns3:TrackPointExtension>
            <ns3:hr>145</ns3:hr>
            <ns3:cad>96</ns3:cad>
          </ns3:TrackPointExtension>
        </extensions>
      </trkpt>
      <trkpt lat="25.06391060538589954376220703125" lon="102.6619220338761806488037109375">
        <ele>1893</ele>
        <time>2026-10-04T23:35:11.000Z</time>
        <extensions>
          <ns3:TrackPointExtension>
            <ns3:hr>145</ns3:hr>
            <ns3:cad>97</ns3:cad>
          </ns3:TrackPointExtension>
        </extensions>
      </trkpt>
      <trkpt lat="25.0638835318386554718017578125" lon="102.66192354261875152587890625">
        <ele>1893</ele>
        <time>2026-10-04T23:35:12.000Z</time>
        <extensions>
          <ns3:TrackPointExtension>
            <ns3:hr>146</ns3:hr>
            <ns3:cad>96</ns3:cad>
          </ns3:TrackPointExtension>
        </extensions>
      </trkpt>
      <trkpt lat="25.06385327316820621490478515625" lon="102.66192345879971981048583984375">
        <ele>1893</ele>
        <time>2026-10-04T23:35:13.000Z</time>
        <extensions>
          <ns3:TrackPointExtension>
            <ns3:hr>146</ns3:hr>
            <ns3:cad>96</ns3:cad>
          </ns3:TrackPointExtension>
        </extensions>
      </trkpt>
      <trkpt lat="25.06381832063198089599609375" lon="102.6619233749806880950927734375">
        <ele>1893</ele>
        <time>2026-10-04T23:35:14.000Z</time>
        <extensions>
          <ns3:TrackPointExtension>
            <ns3:hr>146</ns3:hr>
            <ns3:cad>96</ns3:cad>
          </ns3:TrackPointExtension>
        </extensions>
      </trkpt>
      <trkpt lat="25.06379091180860996246337890625" lon="102.661921195685863494873046875">
        <ele>1893</ele>
        <time>2026-10-04T23:35:15.000Z</time>
        <extensions>
          <ns3:TrackPointExtension>
            <ns3:hr>146</ns3:hr>
            <ns3:cad>97</ns3:cad>
          </ns3:TrackPointExtension>
        </extensions>
      </trkpt>
      <trkpt lat="25.0637510977685451507568359375" lon="102.66191591508686542510986328125">
        <ele>1893</ele>
        <time>2026-10-04T23:35:16.000Z</time>
        <extensions>
          <ns3:TrackPointExtension>
            <ns3:hr>146</ns3:hr>
            <ns3:cad>97</ns3:cad>
          </ns3:TrackPointExtension>
        </extensions>
      </trkpt>
      <trkpt lat="25.0637175701558589935302734375" lon="102.66191675327718257904052734375">
        <ele>1892.800048828125</ele>
        <time>2026-10-04T23:35:17.000Z</time>
        <extensions>
          <ns3:TrackPointExtension>
            <ns3:hr>146</ns3:hr>
            <ns3:cad>96</ns3:cad>
          </ns3:TrackPointExtension>
        </extensions>
      </trkpt>
      <trkpt lat="25.06368161179125308990478515625" lon="102.6619134843349456787109375">
        <ele>1892.800048828125</ele>
        <time>2026-10-04T23:35:18.000Z</time>
        <extensions>
          <ns3:TrackPointExtension>
            <ns3:hr>146</ns3:hr>
            <ns3:cad>96</ns3:cad>
          </ns3:TrackPointExtension>
        </extensions>
      </trkpt>
      <trkpt lat="25.06364406086504459381103515625" lon="102.66191071830689907073974609375">
        <ele>1892.800048828125</ele>
        <time>2026-10-04T23:35:19.000Z</time>
        <extensions>
          <ns3:TrackPointExtension>
            <ns3:hr>145</ns3:hr>
            <ns3:cad>97</ns3:cad>
          </ns3:TrackPointExtension>
        </extensions>
      </trkpt>
      <trkpt lat="25.06361790932714939117431640625" lon="102.6619106344878673553466796875">
        <ele>1892.800048828125</ele>
        <time>2026-10-04T23:35:20.000Z</time>
        <extensions>
          <ns3:TrackPointExtension>
            <ns3:hr>146</ns3:hr>
            <ns3:cad>97</ns3:cad>
          </ns3:TrackPointExtension>
        </extensions>
      </trkpt>
      <trkpt lat="25.0635784305632114410400390625" lon="102.66191013157367706298828125">
        <ele>1892.800048828125</ele>
        <time>2026-10-04T23:35:21.000Z</time>
        <extensions>
          <ns3:TrackPointExtension>
            <ns3:hr>146</ns3:hr>
            <ns3:cad>96</ns3:cad>
          </ns3:TrackPointExtension>
        </extensions>
      </trkpt>
      <trkpt lat="25.063551776111125946044921875" lon="102.66191055066883563995361328125">
        <ele>1893</ele>
        <time>2026-10-04T23:35:22.000Z</time>
        <extensions>
          <ns3:TrackPointExtension>
            <ns3:hr>146</ns3:hr>
            <ns3:cad>95</ns3:cad>
          </ns3:TrackPointExtension>
        </extensions>
      </trkpt>
      <trkpt lat="25.06352000869810581207275390625" lon="102.66190786845982074737548828125">
        <ele>1893</ele>
        <time>2026-10-04T23:35:23.000Z</time>
        <extensions>
          <ns3:TrackPointExtension>
            <ns3:hr>145</ns3:hr>
            <ns3:cad>95</ns3:cad>
          </ns3:TrackPointExtension>
        </extensions>
      </trkpt>
      <trkpt lat="25.0634922645986080169677734375" lon="102.66190820373594760894775390625">
        <ele>1893</ele>
        <time>2026-10-04T23:35:24.000Z</time>
        <extensions>
          <ns3:TrackPointExtension>
            <ns3:hr>145</ns3:hr>
            <ns3:cad>96</ns3:cad>
          </ns3:TrackPointExtension>
        </extensions>
      </trkpt>
      <trkpt lat="25.063462592661380767822265625" lon="102.66191004775464534759521484375">
        <ele>1893.199951171875</ele>
        <time>2026-10-04T23:35:25.000Z</time>
        <extensions>
          <ns3:TrackPointExtension>
            <ns3:hr>145</ns3:hr>
            <ns3:cad>96</ns3:cad>
          </ns3:TrackPointExtension>
        </extensions>
      </trkpt>
      <trkpt lat="25.06342847831547260284423828125" lon="102.661906778812408447265625">
        <ele>1893.199951171875</ele>
        <time>2026-10-04T23:35:26.000Z</time>
        <extensions>
          <ns3:TrackPointExtension>
            <ns3:hr>145</ns3:hr>
            <ns3:cad>96</ns3:cad>
          </ns3:TrackPointExtension>
        </extensions>
      </trkpt>
      <trkpt lat="25.0634020753204822540283203125" lon="102.6619049347937107086181640625">
        <ele>1893.199951171875</ele>
        <time>2026-10-04T23:35:27.000Z</time>
        <extensions>
          <ns3:TrackPointExtension>
            <ns3:hr>145</ns3:hr>
            <ns3:cad>96</ns3:cad>
          </ns3:TrackPointExtension>
        </extensions>
      </trkpt>
      <trkpt lat="25.0633670389652252197265625" lon="102.66190149821341037750244140625">
        <ele>1893.199951171875</ele>
        <time>2026-10-04T23:35:28.000Z</time>
        <extensions>
          <ns3:TrackPointExtension>
            <ns3:hr>144</ns3:hr>
            <ns3:cad>96</ns3:cad>
          </ns3:TrackPointExtension>
        </extensions>
      </trkpt>
      <trkpt lat="25.0633390434086322784423828125" lon="102.66189814545214176177978515625">
        <ele>1893.199951171875</ele>
        <time>2026-10-04T23:35:29.000Z</time>
        <extensions>
          <ns3:TrackPointExtension>
            <ns3:hr>144</ns3:hr>
            <ns3:cad>93</ns3:cad>
          </ns3:TrackPointExtension>
        </extensions>
      </trkpt>
      <trkpt lat="25.06331138312816619873046875" lon="102.66189345158636569976806640625">
        <ele>1893.199951171875</ele>
        <time>2026-10-04T23:35:30.000Z</time>
        <extensions>
          <ns3:TrackPointExtension>
            <ns3:hr>144</ns3:hr>
            <ns3:cad>93</ns3:cad>
          </ns3:TrackPointExtension>
        </extensions>
      </trkpt>
      <trkpt lat="25.063278190791606903076171875" lon="102.6618901826441287994384765625">
        <ele>1893.4000244140625</ele>
        <time>2026-10-04T23:35:31.000Z</time>
        <extensions>
          <ns3:TrackPointExtension>
            <ns3:hr>144</ns3:hr>
            <ns3:cad>93</ns3:cad>
          </ns3:TrackPointExtension>
        </extensions>
      </trkpt>
      <trkpt lat="25.0632512010633945465087890625" lon="102.6618885062634944915771484375">
        <ele>1893.4000244140625</ele>
        <time>2026-10-04T23:35:32.000Z</time>
        <extensions>
          <ns3:TrackPointExtension>
            <ns3:hr>144</ns3:hr>
            <ns3:cad>96</ns3:cad>
          </ns3:TrackPointExtension>
        </extensions>
      </trkpt>
      <trkpt lat="25.06321926601231098175048828125" lon="102.6618834771215915679931640625">
        <ele>1893.4000244140625</ele>
        <time>2026-10-04T23:35:33.000Z</time>
        <extensions>
          <ns3:TrackPointExtension>
            <ns3:hr>144</ns3:hr>
            <ns3:cad>96</ns3:cad>
          </ns3:TrackPointExtension>
        </extensions>
      </trkpt>
      <trkpt lat="25.0631868280470371246337890625" lon="102.66188221983611583709716796875">
        <ele>1893.199951171875</ele>
        <time>2026-10-04T23:35:34.000Z</time>
        <extensions>
          <ns3:TrackPointExtension>
            <ns3:hr>144</ns3:hr>
            <ns3:cad>96</ns3:cad>
          </ns3:TrackPointExtension>
        </extensions>
      </trkpt>
      <trkpt lat="25.06315858103334903717041015625" lon="102.66187869943678379058837890625">
        <ele>1893.199951171875</ele>
        <time>2026-10-04T23:35:35.000Z</time>
        <extensions>
          <ns3:TrackPointExtension>
            <ns3:hr>144</ns3:hr>
            <ns3:cad>96</ns3:cad>
          </ns3:TrackPointExtension>
        </extensions>
      </trkpt>
      <trkpt lat="25.0631227903068065643310546875" lon="102.66187551431357860565185546875">
        <ele>1893.199951171875</ele>
        <time>2026-10-04T23:35:36.000Z</time>
        <extensions>
          <ns3:TrackPointExtension>
            <ns3:hr>144</ns3:hr>
            <ns3:cad>96</ns3:cad>
          </ns3:TrackPointExtension>
        </extensions>
      </trkpt>
      <trkpt lat="25.0630952976644039154052734375" lon="102.66187249682843685150146484375">
        <ele>1893.199951171875</ele>
        <time>2026-10-04T23:35:37.000Z</time>
        <extensions>
          <ns3:TrackPointExtension>
            <ns3:hr>144</ns3:hr>
            <ns3:cad>96</ns3:cad>
          </ns3:TrackPointExtension>
        </extensions>
      </trkpt>
      <trkpt lat="25.0630624406039714813232421875" lon="102.6618697308003902435302734375">
        <ele>1893.199951171875</ele>
        <time>2026-10-04T23:35:38.000Z</time>
        <extensions>
          <ns3:TrackPointExtension>
            <ns3:hr>144</ns3:hr>
            <ns3:cad>96</ns3:cad>
          </ns3:TrackPointExtension>
        </extensions>
      </trkpt>
      <trkpt lat="25.06303100846707820892333984375" lon="102.66187149100005626678466796875">
        <ele>1893.199951171875</ele>
        <time>2026-10-04T23:35:39.000Z</time>
        <extensions>
          <ns3:TrackPointExtension>
            <ns3:hr>145</ns3:hr>
            <ns3:cad>96</ns3:cad>
          </ns3:TrackPointExtension>
        </extensions>
      </trkpt>
      <trkpt lat="25.06300695240497589111328125" lon="102.661865539848804473876953125">
        <ele>1893.4000244140625</ele>
        <time>2026-10-04T23:35:40.000Z</time>
        <extensions>
          <ns3:TrackPointExtension>
            <ns3:hr>145</ns3:hr>
            <ns3:cad>96</ns3:cad>
          </ns3:TrackPointExtension>
        </extensions>
      </trkpt>
      <trkpt lat="25.06297350861132144927978515625" lon="102.661861516535282135009765625">
        <ele>1893.4000244140625</ele>
        <time>2026-10-04T23:35:41.000Z</time>
        <extensions>
          <ns3:TrackPointExtension>
            <ns3:hr>145</ns3:hr>
            <ns3:cad>96</ns3:cad>
          </ns3:TrackPointExtension>
        </extensions>
      </trkpt>
      <trkpt lat="25.0629430823028087615966796875" lon="102.66186319291591644287109375">
        <ele>1893.4000244140625</ele>
        <time>2026-10-04T23:35:42.000Z</time>
        <extensions>
          <ns3:TrackPointExtension>
            <ns3:hr>145</ns3:hr>
            <ns3:cad>96</ns3:cad>
          </ns3:TrackPointExtension>
        </extensions>
      </trkpt>
      <trkpt lat="25.0629119016230106353759765625" lon="102.661862187087535858154296875">
        <ele>1893.199951171875</ele>
        <time>2026-10-04T23:35:43.000Z</time>
        <extensions>
          <ns3:TrackPointExtension>
            <ns3:hr>144</ns3:hr>
            <ns3:cad>96</ns3:cad>
          </ns3:TrackPointExtension>
        </extensions>
      </trkpt>
      <trkpt lat="25.06287778727710247039794921875" lon="102.6618636958301067352294921875">
        <ele>1893.4000244140625</ele>
        <time>2026-10-04T23:35:44.000Z</time>
        <extensions>
          <ns3:TrackPointExtension>
            <ns3:hr>145</ns3:hr>
            <ns3:cad>96</ns3:cad>
          </ns3:TrackPointExtension>
        </extensions>
      </trkpt>
      <trkpt lat="25.062852390110492706298828125" lon="102.66186377964913845062255859375">
        <ele>1893.4000244140625</ele>
        <time>2026-10-04T23:35:45.000Z</time>
        <extensions>
          <ns3:TrackPointExtension>
            <ns3:hr>145</ns3:hr>
            <ns3:cad>97</ns3:cad>
          </ns3:TrackPointExtension>
        </extensions>
      </trkpt>
      <trkpt lat="25.0628207065165042877197265625" lon="102.661860175430774688720703125">
        <ele>1893.4000244140625</ele>
        <time>2026-10-04T23:35:46.000Z</time>
        <extensions>
          <ns3:TrackPointExtension>
            <ns3:hr>145</ns3:hr>
            <ns3:cad>97</ns3:cad>
          </ns3:TrackPointExtension>
        </extensions>
      </trkpt>
      <trkpt lat="25.06279195658862590789794921875" lon="102.6618566550314426422119140625">
        <ele>1893.4000244140625</ele>
        <time>2026-10-04T23:35:47.000Z</time>
        <extensions>
          <ns3:TrackPointExtension>
            <ns3:hr>145</ns3:hr>
            <ns3:cad>96</ns3:cad>
          </ns3:TrackPointExtension>
        </extensions>
      </trkpt>
      <trkpt lat="25.06276647560298442840576171875" lon="102.6618496142327785491943359375">
        <ele>1893.5999755859375</ele>
        <time>2026-10-04T23:35:48.000Z</time>
        <extensions>
          <ns3:TrackPointExtension>
            <ns3:hr>146</ns3:hr>
            <ns3:cad>96</ns3:cad>
          </ns3:TrackPointExtension>
        </extensions>
      </trkpt>
      <trkpt lat="25.06273739039897918701171875" lon="102.6618321798741817474365234375">
        <ele>1893.5999755859375</ele>
        <time>2026-10-04T23:35:49.000Z</time>
        <extensions>
          <ns3:TrackPointExtension>
            <ns3:hr>146</ns3:hr>
            <ns3:cad>96</ns3:cad>
          </ns3:TrackPointExtension>
        </extensions>
      </trkpt>
      <trkpt lat="25.06271735765039920806884765625" lon="102.66180678270757198333740234375">
        <ele>1893.5999755859375</ele>
        <time>2026-10-04T23:35:50.000Z</time>
        <extensions>
          <ns3:TrackPointExtension>
            <ns3:hr>146</ns3:hr>
            <ns3:cad>96</ns3:cad>
          </ns3:TrackPointExtension>
        </extensions>
      </trkpt>
      <trkpt lat="25.0627010129392147064208984375" lon="102.6617753505706787109375">
        <ele>1893.5999755859375</ele>
        <time>2026-10-04T23:35:51.000Z</time>
        <extensions>
          <ns3:TrackPointExtension>
            <ns3:hr>146</ns3:hr>
            <ns3:cad>96</ns3:cad>
          </ns3:TrackPointExtension>
        </extensions>
      </trkpt>
      <trkpt lat="25.0626865960657596588134765625" lon="102.66174894757568836212158203125">
        <ele>1893.5999755859375</ele>
        <time>2026-10-04T23:35:52.000Z</time>
        <extensions>
          <ns3:TrackPointExtension>
            <ns3:hr>145</ns3:hr>
            <ns3:cad>96</ns3:cad>
          </ns3:TrackPointExtension>
        </extensions>
      </trkpt>
      <trkpt lat="25.0626723468303680419921875" lon="102.6617191918194293975830078125">
        <ele>1893.4000244140625</ele>
        <time>2026-10-04T23:35:53.000Z</time>
        <extensions>
          <ns3:TrackPointExtension>
            <ns3:hr>146</ns3:hr>
            <ns3:cad>95</ns3:cad>
          </ns3:TrackPointExtension>
        </extensions>
      </trkpt>
      <trkpt lat="25.0626570917665958404541015625" lon="102.661686837673187255859375">
        <ele>1893.4000244140625</ele>
        <time>2026-10-04T23:35:54.000Z</time>
        <extensions>
          <ns3:TrackPointExtension>
            <ns3:hr>146</ns3:hr>
            <ns3:cad>95</ns3:cad>
          </ns3:TrackPointExtension>
        </extensions>
      </trkpt>
      <trkpt lat="25.0626426748931407928466796875" lon="102.66166177578270435333251953125">
        <ele>1893.5999755859375</ele>
        <time>2026-10-04T23:35:55.000Z</time>
        <extensions>
          <ns3:TrackPointExtension>
            <ns3:hr>146</ns3:hr>
            <ns3:cad>95</ns3:cad>
          </ns3:TrackPointExtension>
        </extensions>
      </trkpt>
      <trkpt lat="25.062620379030704498291015625" lon="102.66162958927452564239501953125">
        <ele>1893.5999755859375</ele>
        <time>2026-10-04T23:35:56.000Z</time>
        <extensions>
          <ns3:TrackPointExtension>
            <ns3:hr>145</ns3:hr>
            <ns3:cad>95</ns3:cad>
          </ns3:TrackPointExtension>
        </extensions>
      </trkpt>
      <trkpt lat="25.062598921358585357666015625" lon="102.66161014325916767120361328125">
        <ele>1893.5999755859375</ele>
        <time>2026-10-04T23:35:57.000Z</time>
        <extensions>
          <ns3:TrackPointExtension>
            <ns3:hr>146</ns3:hr>
            <ns3:cad>95</ns3:cad>
          </ns3:TrackPointExtension>
        </extensions>
      </trkpt>
      <trkpt lat="25.0625736080110073089599609375" lon="102.66158214770257472991943359375">
        <ele>1893.5999755859375</ele>
        <time>2026-10-04T23:35:58.000Z</time>
        <extensions>
          <ns3:TrackPointExtension>
            <ns3:hr>146</ns3:hr>
            <ns3:cad>97</ns3:cad>
          </ns3:TrackPointExtension>
        </extensions>
      </trkpt>
      <trkpt lat="25.06254686973989009857177734375" lon="102.66155918128788471221923828125">
        <ele>1893.5999755859375</ele>
        <time>2026-10-04T23:35:59.000Z</time>
        <extensions>
          <ns3:TrackPointExtension>
            <ns3:hr>146</ns3:hr>
            <ns3:cad>97</ns3:cad>
          </ns3:TrackPointExtension>
        </extensions>
      </trkpt>
      <trkpt lat="25.0625280104577541351318359375" lon="102.66153537668287754058837890625">
        <ele>1893.5999755859375</ele>
        <time>2026-10-04T23:36:00.000Z</time>
        <extensions>
          <ns3:TrackPointExtension>
            <ns3:hr>146</ns3:hr>
            <ns3:cad>95</ns3:cad>
          </ns3:TrackPointExtension>
        </extensions>
      </trkpt>
      <trkpt lat="25.06250135600566864013671875" lon="102.66150453127920627593994140625">
        <ele>1893.5999755859375</ele>
        <time>2026-10-04T23:36:01.000Z</time>
        <extensions>
          <ns3:TrackPointExtension>
            <ns3:hr>146</ns3:hr>
            <ns3:cad>95</ns3:cad>
          </ns3:TrackPointExtension>
        </extensions>
      </trkpt>
      <trkpt lat="25.06247528828680515289306640625" lon="102.66147888265550136566162109375">
        <ele>1893.5999755859375</ele>
        <time>2026-10-04T23:36:02.000Z</time>
        <extensions>
          <ns3:TrackPointExtension>
            <ns3:hr>146</ns3:hr>
            <ns3:cad>96</ns3:cad>
          </ns3:TrackPointExtension>
        </extensions>
      </trkpt>
      <trkpt lat="25.06245265714824199676513671875" lon="102.66145013272762298583984375">
        <ele>1893.5999755859375</ele>
        <time>2026-10-04T23:36:03.000Z</time>
        <extensions>
          <ns3:TrackPointExtension>
            <ns3:hr>147</ns3:hr>
            <ns3:cad>96</ns3:cad>
          </ns3:TrackPointExtension>
        </extensions>
      </trkpt>
      <trkpt lat="25.06242600269615650177001953125" lon="102.66142331063747406005859375">
        <ele>1893.5999755859375</ele>
        <time>2026-10-04T23:36:04.000Z</time>
        <extensions>
          <ns3:TrackPointExtension>
            <ns3:hr>147</ns3:hr>
            <ns3:cad>96</ns3:cad>
          </ns3:TrackPointExtension>
        </extensions>
      </trkpt>
      <trkpt lat="25.06240705959498882293701171875" lon="102.66140176914632320404052734375">
        <ele>1893.5999755859375</ele>
        <time>2026-10-04T23:36:05.000Z</time>
        <extensions>
          <ns3:TrackPointExtension>
            <ns3:hr>147</ns3:hr>
            <ns3:cad>97</ns3:cad>
          </ns3:TrackPointExtension>
        </extensions>
      </trkpt>
      <trkpt lat="25.06238442845642566680908203125" lon="102.66139112412929534912109375">
        <ele>1893.5999755859375</ele>
        <time>2026-10-04T23:36:06.000Z</time>
        <extensions>
          <ns3:TrackPointExtension>
            <ns3:hr>147</ns3:hr>
            <ns3:cad>97</ns3:cad>
          </ns3:TrackPointExtension>
        </extensions>
      </trkpt>
      <trkpt lat="25.0623727776110172271728515625" lon="102.6613904535770416259765625">
        <ele>1893.800048828125</ele>
        <time>2026-10-04T23:36:07.000Z</time>
        <extensions>
          <ns3:TrackPointExtension>
            <ns3:hr>146</ns3:hr>
            <ns3:cad>97</ns3:cad>
          </ns3:TrackPointExtension>
        </extensions>
      </trkpt>
      <trkpt lat="25.06235760636627674102783203125" lon="102.66137637197971343994140625">
        <ele>1894.199951171875</ele>
        <time>2026-10-04T23:36:08.000Z</time>
        <extensions>
          <ns3:TrackPointExtension>
            <ns3:hr>147</ns3:hr>
            <ns3:cad>97</ns3:cad>
          </ns3:TrackPointExtension>
        </extensions>
      </trkpt>
      <trkpt lat="25.06234109401702880859375" lon="102.66135692596435546875">
        <ele>1894.199951171875</ele>
        <time>2026-10-04T23:36:09.000Z</time>
        <extensions>
          <ns3:TrackPointExtension>
            <ns3:hr>147</ns3:hr>
            <ns3:cad>97</ns3:cad>
          </ns3:TrackPointExtension>
        </extensions>
      </trkpt>
      <trkpt lat="25.06232273764908313751220703125" lon="102.66134058125317096710205078125">
        <ele>1894.199951171875</ele>
        <time>2026-10-04T23:36:10.000Z</time>
        <extensions>
          <ns3:TrackPointExtension>
            <ns3:hr>146</ns3:hr>
            <ns3:cad>97</ns3:cad>
          </ns3:TrackPointExtension>
        </extensions>
      </trkpt>
      <trkpt lat="25.06230111233890056610107421875" lon="102.66131627373397350311279296875">
        <ele>1894.199951171875</ele>
        <time>2026-10-04T23:36:11.000Z</time>
        <extensions>
          <ns3:TrackPointExtension>
            <ns3:hr>147</ns3:hr>
            <ns3:cad>97</ns3:cad>
          </ns3:TrackPointExtension>
        </extensions>
      </trkpt>
      <trkpt lat="25.0622842647135257720947265625" lon="102.66129188239574432373046875">
        <ele>1894</ele>
        <time>2026-10-04T23:36:12.000Z</time>
        <extensions>
          <ns3:TrackPointExtension>
            <ns3:hr>146</ns3:hr>
            <ns3:cad>97</ns3:cad>
          </ns3:TrackPointExtension>
        </extensions>
      </trkpt>
      <trkpt lat="25.06226398050785064697265625" lon="102.66126413829624652862548828125">
        <ele>1894</ele>
        <time>2026-10-04T23:36:13.000Z</time>
        <extensions>
          <ns3:TrackPointExtension>
            <ns3:hr>146</ns3:hr>
            <ns3:cad>97</ns3:cad>
          </ns3:TrackPointExtension>
        </extensions>
      </trkpt>
      <trkpt lat="25.06224109791219234466552734375" lon="102.6612407527863979339599609375">
        <ele>1894</ele>
        <time>2026-10-04T23:36:14.000Z</time>
        <extensions>
          <ns3:TrackPointExtension>
            <ns3:hr>146</ns3:hr>
            <ns3:cad>97</ns3:cad>
          </ns3:TrackPointExtension>
        </extensions>
      </trkpt>
      <trkpt lat="25.062222070991992950439453125" lon="102.66120982356369495391845703125">
        <ele>1894</ele>
        <time>2026-10-04T23:36:15.000Z</time>
        <extensions>
          <ns3:TrackPointExtension>
            <ns3:hr>146</ns3:hr>
            <ns3:cad>97</ns3:cad>
          </ns3:TrackPointExtension>
        </extensions>
      </trkpt>
      <trkpt lat="25.06220790557563304901123046875" lon="102.661171853542327880859375">
        <ele>1893.800048828125</ele>
        <time>2026-10-04T23:36:16.000Z</time>
        <extensions>
          <ns3:TrackPointExtension>
            <ns3:hr>146</ns3:hr>
            <ns3:cad>97</ns3:cad>
          </ns3:TrackPointExtension>
        </extensions>
      </trkpt>
      <trkpt lat="25.0621980987489223480224609375" lon="102.6611421816051006317138671875">
        <ele>1893.800048828125</ele>
        <time>2026-10-04T23:36:17.000Z</time>
        <extensions>
          <ns3:TrackPointExtension>
            <ns3:hr>146</ns3:hr>
            <ns3:cad>95</ns3:cad>
          </ns3:TrackPointExtension>
        </extensions>
      </trkpt>
      <trkpt lat="25.0621907226741313934326171875" lon="102.6611026190221309661865234375">
        <ele>1893.800048828125</ele>
        <time>2026-10-04T23:36:18.000Z</time>
        <extensions>
          <ns3:TrackPointExtension>
            <ns3:hr>147</ns3:hr>
            <ns3:cad>95</ns3:cad>
          </ns3:TrackPointExtension>
        </extensions>
      </trkpt>
      <trkpt lat="25.0621917285025119781494140625" lon="102.66106699593365192413330078125">
        <ele>1893.800048828125</ele>
        <time>2026-10-04T23:36:19.000Z</time>
        <extensions>
          <ns3:TrackPointExtension>
            <ns3:hr>148</ns3:hr>
            <ns3:cad>95</ns3:cad>
          </ns3:TrackPointExtension>
        </extensions>
      </trkpt>
      <trkpt lat="25.0621910579502582550048828125" lon="102.6610352285206317901611328125">
        <ele>1893.800048828125</ele>
        <time>2026-10-04T23:36:20.000Z</time>
        <extensions>
          <ns3:TrackPointExtension>
            <ns3:hr>148</ns3:hr>
            <ns3:cad>95</ns3:cad>
          </ns3:TrackPointExtension>
        </extensions>
      </trkpt>
      <trkpt lat="25.0621944107115268707275390625" lon="102.6609986834228038787841796875">
        <ele>1893.800048828125</ele>
        <time>2026-10-04T23:36:21.000Z</time>
        <extensions>
          <ns3:TrackPointExtension>
            <ns3:hr>148</ns3:hr>
            <ns3:cad>95</ns3:cad>
          </ns3:TrackPointExtension>
        </extensions>
      </trkpt>
      <trkpt lat="25.06219248287379741668701171875" lon="102.66096808947622776031494140625">
        <ele>1893.800048828125</ele>
        <time>2026-10-04T23:36:22.000Z</time>
        <extensions>
          <ns3:TrackPointExtension>
            <ns3:hr>148</ns3:hr>
            <ns3:cad>95</ns3:cad>
          </ns3:TrackPointExtension>
        </extensions>
      </trkpt>
      <trkpt lat="25.06219550035893917083740234375" lon="102.6609344780445098876953125">
        <ele>1893.800048828125</ele>
        <time>2026-10-04T23:36:23.000Z</time>
        <extensions>
          <ns3:TrackPointExtension>
            <ns3:hr>148</ns3:hr>
            <ns3:cad>95</ns3:cad>
          </ns3:TrackPointExtension>
        </extensions>
      </trkpt>
      <trkpt lat="25.06220086477696895599365234375" lon="102.66091058962047100067138671875">
        <ele>1893.800048828125</ele>
        <time>2026-10-04T23:36:24.000Z</time>
        <extensions>
          <ns3:TrackPointExtension>
            <ns3:hr>147</ns3:hr>
            <ns3:cad>95</ns3:cad>
          </ns3:TrackPointExtension>
        </extensions>
      </trkpt>
      <trkpt lat="25.06220220588147640228271484375" lon="102.66088879667222499847412109375">
        <ele>1893.800048828125</ele>
        <time>2026-10-04T23:36:25.000Z</time>
        <extensions>
          <ns3:TrackPointExtension>
            <ns3:hr>148</ns3:hr>
            <ns3:cad>96</ns3:cad>
          </ns3:TrackPointExtension>
        </extensions>
      </trkpt>
      <trkpt lat="25.06219558417797088623046875" lon="102.66087421216070652008056640625">
        <ele>1893.800048828125</ele>
        <time>2026-10-04T23:36:26.000Z</time>
        <extensions>
          <ns3:TrackPointExtension>
            <ns3:hr>147</ns3:hr>
            <ns3:cad>96</ns3:cad>
          </ns3:TrackPointExtension>
        </extensions>
      </trkpt>
      <trkpt lat="25.062188208103179931640625" lon="102.66086448915302753448486328125">
        <ele>1894</ele>
        <time>2026-10-04T23:36:27.000Z</time>
        <extensions>
          <ns3:TrackPointExtension>
            <ns3:hr>147</ns3:hr>
            <ns3:cad>47</ns3:cad>
          </ns3:TrackPointExtension>
        </extensions>
      </trkpt>
      <trkpt lat="25.0621900521218776702880859375" lon="102.66086113639175891876220703125">
        <ele>1894.199951171875</ele>
        <time>2026-10-04T23:36:28.000Z</time>
        <extensions>
          <ns3:TrackPointExtension>
            <ns3:hr>148</ns3:hr>
            <ns3:cad>47</ns3:cad>
          </ns3:TrackPointExtension>
        </extensions>
      </trkpt>
      <trkpt lat="25.06218594498932361602783203125" lon="102.66086138784885406494140625">
        <ele>1894.199951171875</ele>
        <time>2026-10-04T23:36:29.000Z</time>
        <extensions>
          <ns3:TrackPointExtension>
            <ns3:hr>148</ns3:hr>
            <ns3:cad>47</ns3:cad>
          </ns3:TrackPointExtension>
        </extensions>
      </trkpt>
      <trkpt lat="25.0621853582561016082763671875" lon="102.66086541116237640380859375">
        <ele>1894.4000244140625</ele>
        <time>2026-10-04T23:36:30.000Z</time>
        <extensions>
          <ns3:TrackPointExtension>
            <ns3:hr>148</ns3:hr>
            <ns3:cad>47</ns3:cad>
          </ns3:TrackPointExtension>
        </extensions>
      </trkpt>
    </trkseg>
  </trk>
</gpx>
