<gpx xmlns:ns3="http://www.garmin.com/xmlschemas/TrackPointExtension/v1" xmlns="http://www.topografix.com/GPX/1/1" xmlns:xsi="http://www.w3.org/2001/XMLSchema-instance" xmlns:ns2="http://www.garmin.com/xmlschemas/GpxExtensions/v3" creator="Garmin Connect" version="1.1" xsi:schemaLocation="http://www.topografix.com/GPX/1/1 http://www.topografix.com/GPX/11.xsd">
  <extensions>
<distance>5741.19</distance>
<average_hr>143.0</average_hr>
<average_speed>2.921000003814697</average_speed>
<start_time>2026-10-06T22:36:16+00:00</start_time>
<end_time>2026-10-06T23:09:01.256000+00:00</end_time>
<moving_time>1964.586</moving_time>
<elapsed_time>1965.256</elapsed_time>
</extensions>
<metadata>
    <link href="connect.garmin.com">
      <text>Garmin Connect</text>
    </link>
    <time>2026-10-06T22:36:16.000Z</time>
  </metadata>
  <trk>
    <name>拉萨市 跑步</name>
    <type>running</type>
    <trkseg>
      <trkpt lat="29.6442757733166217803955078125" lon="91.02164092473685741424560546875">
        <ele>3635</ele>
        <time>2026-10-06T22:36:16.000Z</time>
        <extensions>
          <ns3:TrackPointExtension>
            <ns3:hr>77</ns3:hr>
            <ns3:cad>88</ns3:cad>
          </ns3:TrackPointExtension>
        </extensions>
      </trkpt>
      <trkpt lat="29.64426730759441852569580078125" lon="91.02165936492383480072021484375">
        <ele>3635.199951171875</ele>
        <time>2026-10-06T22:36:17.000Z</time>
        <extensions>
          <ns3:TrackPointExtension>
            <ns3:hr>78</ns3:hr>
            <ns3:cad>88</ns3:cad>
          </ns3:TrackPointExtension>
        </extensions>
      </trkpt>
      <trkpt lat="29.64427133090794086456298828125" lon="91.021688617765903472900390625">
        <ele>3635.199951171875</ele>
        <time>2026-10-06T22:36:18.000Z</time>
        <extensions>
          <ns3:TrackPointExtension>
            <ns3:hr>80</ns3:hr>
            <ns3:cad>88</ns3:cad>
          </ns3:TrackPointExtension>
        </extensions>
      </trkpt>
      <trkpt lat="29.64429060928523540496826171875" lon="91.02170169353485107421875">
        <ele>3635</ele>
        <time>2026-10-06T22:36:19.000Z</time>
        <extensions>
          <ns3:TrackPointExtension>
            <ns3:hr>81</ns3:hr>
            <ns3:cad>88</ns3:cad>
          </ns3:TrackPointExtension>
        </extensions>
      </trkpt>
      <trkpt lat="29.64430670253932476043701171875" lon="91.0217244923114776611328125">
        <ele>3635</ele>
        <time>2026-10-06T22:36:20.000Z</time>
        <extensions>
          <ns3:TrackPointExtension>
            <ns3:hr>82</ns3:hr>
            <ns3:cad>89</ns3:cad>
          </ns3:TrackPointExtension>
        </extensions>
      </trkpt>
      <trkpt lat="29.64432162232697010040283203125" lon="91.02173731662333011627197265625">
        <ele>3635</ele>
        <time>2026-10-06T22:36:21.000Z</time>
        <extensions>
          <ns3:TrackPointExtension>
            <ns3:hr>83</ns3:hr>
            <ns3:cad>89</ns3:cad>
          </ns3:TrackPointExtension>
        </extensions>
      </trkpt>
      <trkpt lat="29.64434492401778697967529296875" lon="91.021752655506134033203125">
        <ele>3634.800048828125</ele>
        <time>2026-10-06T22:36:22.000Z</time>
        <extensions>
          <ns3:TrackPointExtension>
            <ns3:hr>83</ns3:hr>
            <ns3:cad>89</ns3:cad>
          </ns3:TrackPointExtension>
        </extensions>
      </trkpt>
      <trkpt lat="29.6443612687289714813232421875" lon="91.0217635519802570343017578125">
        <ele>3634.800048828125</ele>
        <time>2026-10-06T22:36:23.000Z</time>
        <extensions>
          <ns3:TrackPointExtension>
            <ns3:hr>84</ns3:hr>
            <ns3:cad>89</ns3:cad>
          </ns3:TrackPointExtension>
        </extensions>
      </trkpt>
      <trkpt lat="29.64438624680042266845703125" lon="91.02177704684436321258544921875">
        <ele>3634.800048828125</ele>
        <time>2026-10-06T22:36:24.000Z</time>
        <extensions>
          <ns3:TrackPointExtension>
            <ns3:hr>85</ns3:hr>
            <ns3:cad>89</ns3:cad>
          </ns3:TrackPointExtension>
        </extensions>
      </trkpt>
      <trkpt lat="29.6444035135209560394287109375" lon="91.0217880271375179290771484375">
        <ele>3634.800048828125</ele>
        <time>2026-10-06T22:36:25.000Z</time>
        <extensions>
          <ns3:TrackPointExtension>
            <ns3:hr>87</ns3:hr>
            <ns3:cad>89</ns3:cad>
          </ns3:TrackPointExtension>
        </extensions>
      </trkpt>
      <trkpt lat="29.6444266475737094879150390625" lon="91.0218014381825923919677734375">
        <ele>3634.800048828125</ele>
        <time>2026-10-06T22:36:26.000Z</time>
        <extensions>
          <ns3:TrackPointExtension>
            <ns3:hr>88</ns3:hr>
            <ns3:cad>88</ns3:cad>
          </ns3:TrackPointExtension>
        </extensions>
      </trkpt>
      <trkpt lat="29.644444249570369720458984375" lon="91.02180906571447849273681640625">
        <ele>3635</ele>
        <time>2026-10-06T22:36:27.000Z</time>
        <extensions>
          <ns3:TrackPointExtension>
            <ns3:hr>89</ns3:hr>
            <ns3:cad>89</ns3:cad>
          </ns3:TrackPointExtension>
        </extensions>
      </trkpt>
      <trkpt lat="29.64447031728923320770263671875" lon="91.02181845344603061676025390625">
        <ele>3634.800048828125</ele>
        <time>2026-10-06T22:36:28.000Z</time>
        <extensions>
          <ns3:TrackPointExtension>
            <ns3:hr>90</ns3:hr>
            <ns3:cad>89</ns3:cad>
          </ns3:TrackPointExtension>
        </extensions>
      </trkpt>
      <trkpt lat="29.644489847123622894287109375" lon="91.0218249075114727020263671875">
        <ele>3635</ele>
        <time>2026-10-06T22:36:29.000Z</time>
        <extensions>
          <ns3:TrackPointExtension>
            <ns3:hr>92</ns3:hr>
            <ns3:cad>89</ns3:cad>
          </ns3:TrackPointExtension>
        </extensions>
      </trkpt>
      <trkpt lat="29.644517339766025543212890625" lon="91.02183303795754909515380859375">
        <ele>3635</ele>
        <time>2026-10-06T22:36:30.000Z</time>
        <extensions>
          <ns3:TrackPointExtension>
            <ns3:hr>93</ns3:hr>
            <ns3:cad>89</ns3:cad>
          </ns3:TrackPointExtension>
        </extensions>
      </trkpt>
      <trkpt lat="29.64453821070492267608642578125" lon="91.02184041403234004974365234375">
        <ele>3635</ele>
        <time>2026-10-06T22:36:31.000Z</time>
        <extensions>
          <ns3:TrackPointExtension>
            <ns3:hr>96</ns3:hr>
            <ns3:cad>89</ns3:cad>
          </ns3:TrackPointExtension>
        </extensions>
      </trkpt>
      <trkpt lat="29.64456520043313503265380859375" lon="91.02184611372649669647216796875">
        <ele>3635</ele>
        <time>2026-10-06T22:36:32.000Z</time>
        <extensions>
          <ns3:TrackPointExtension>
            <ns3:hr>98</ns3:hr>
            <ns3:cad>89</ns3:cad>
          </ns3:TrackPointExtension>
        </extensions>
      </trkpt>
      <trkpt lat="29.64458548463881015777587890625" lon="91.02185600437223911285400390625">
        <ele>3635</ele>
        <time>2026-10-06T22:36:33.000Z</time>
        <extensions>
          <ns3:TrackPointExtension>
            <ns3:hr>101</ns3:hr>
            <ns3:cad>89</ns3:cad>
          </ns3:TrackPointExtension>
        </extensions>
      </trkpt>
      <trkpt lat="29.6446093730628490447998046875" lon="91.0218666493892669677734375">
        <ele>3634.800048828125</ele>
        <time>2026-10-06T22:36:34.000Z</time>
        <extensions>
          <ns3:TrackPointExtension>
            <ns3:hr>102</ns3:hr>
            <ns3:cad>89</ns3:cad>
          </ns3:TrackPointExtension>
        </extensions>
      </trkpt>
      <trkpt lat="29.64463166892528533935546875" lon="91.021876037120819091796875">
        <ele>3634.800048828125</ele>
        <time>2026-10-06T22:36:35.000Z</time>
        <extensions>
          <ns3:TrackPointExtension>
            <ns3:hr>103</ns3:hr>
            <ns3:cad>88</ns3:cad>
          </ns3:TrackPointExtension>
        </extensions>
      </trkpt>
      <trkpt lat="29.64465488679707050323486328125" lon="91.02188450284302234649658203125">
        <ele>3634.800048828125</ele>
        <time>2026-10-06T22:36:36.000Z</time>
        <extensions>
          <ns3:TrackPointExtension>
            <ns3:hr>104</ns3:hr>
            <ns3:cad>88</ns3:cad>
          </ns3:TrackPointExtension>
        </extensions>
      </trkpt>
      <trkpt lat="29.644676260650157928466796875" lon="91.02189422585070133209228515625">
        <ele>3634.800048828125</ele>
        <time>2026-10-06T22:36:37.000Z</time>
        <extensions>
          <ns3:TrackPointExtension>
            <ns3:hr>105</ns3:hr>
            <ns3:cad>89</ns3:cad>
          </ns3:TrackPointExtension>
        </extensions>
      </trkpt>
      <trkpt lat="29.64470014907419681549072265625" lon="91.0219030268490314483642578125">
        <ele>3634.800048828125</ele>
        <time>2026-10-06T22:36:38.000Z</time>
        <extensions>
          <ns3:TrackPointExtension>
            <ns3:hr>106</ns3:hr>
            <ns3:cad>89</ns3:cad>
          </ns3:TrackPointExtension>
        </extensions>
      </trkpt>
      <trkpt lat="29.64472395367920398712158203125" lon="91.02191484533250331878662109375">
        <ele>3634.800048828125</ele>
        <time>2026-10-06T22:36:39.000Z</time>
        <extensions>
          <ns3:TrackPointExtension>
            <ns3:hr>106</ns3:hr>
            <ns3:cad>89</ns3:cad>
          </ns3:TrackPointExtension>
        </extensions>
      </trkpt>
      <trkpt lat="29.6447475068271160125732421875" lon="91.0219231434166431427001953125">
        <ele>3634.800048828125</ele>
        <time>2026-10-06T22:36:40.000Z</time>
        <extensions>
          <ns3:TrackPointExtension>
            <ns3:hr>107</ns3:hr>
            <ns3:cad>89</ns3:cad>
          </ns3:TrackPointExtension>
        </extensions>
      </trkpt>
      <trkpt lat="29.64477256871759891510009765625" lon="91.02193496190011501312255859375">
        <ele>3634.800048828125</ele>
        <time>2026-10-06T22:36:41.000Z</time>
        <extensions>
          <ns3:TrackPointExtension>
            <ns3:hr>107</ns3:hr>
            <ns3:cad>89</ns3:cad>
          </ns3:TrackPointExtension>
        </extensions>
      </trkpt>
      <trkpt lat="29.644795618951320648193359375" lon="91.021940410137176513671875">
        <ele>3634.800048828125</ele>
        <time>2026-10-06T22:36:42.000Z</time>
        <extensions>
          <ns3:TrackPointExtension>
            <ns3:hr>107</ns3:hr>
            <ns3:cad>88</ns3:cad>
          </ns3:TrackPointExtension>
        </extensions>
      </trkpt>
      <trkpt lat="29.64482369832694530487060546875" lon="91.0219523124396800994873046875">
        <ele>3634.800048828125</ele>
        <time>2026-10-06T22:36:43.000Z</time>
        <extensions>
          <ns3:TrackPointExtension>
            <ns3:hr>105</ns3:hr>
            <ns3:cad>88</ns3:cad>
          </ns3:TrackPointExtension>
        </extensions>
      </trkpt>
      <trkpt lat="29.64484892785549163818359375" lon="91.02196027524769306182861328125">
        <ele>3634.800048828125</ele>
        <time>2026-10-06T22:36:44.000Z</time>
        <extensions>
          <ns3:TrackPointExtension>
            <ns3:hr>104</ns3:hr>
            <ns3:cad>89</ns3:cad>
          </ns3:TrackPointExtension>
        </extensions>
      </trkpt>
      <trkpt lat="29.64487264864146709442138671875" lon="91.02197192609310150146484375">
        <ele>3634.800048828125</ele>
        <time>2026-10-06T22:36:45.000Z</time>
        <extensions>
          <ns3:TrackPointExtension>
            <ns3:hr>105</ns3:hr>
            <ns3:cad>90</ns3:cad>
          </ns3:TrackPointExtension>
        </extensions>
      </trkpt>
      <trkpt lat="29.64489662088453769683837890625" lon="91.02198064327239990234375">
        <ele>3634.800048828125</ele>
        <time>2026-10-06T22:36:46.000Z</time>
        <extensions>
          <ns3:TrackPointExtension>
            <ns3:hr>106</ns3:hr>
            <ns3:cad>89</ns3:cad>
          </ns3:TrackPointExtension>
        </extensions>
      </trkpt>
      <trkpt lat="29.644914306700229644775390625" lon="91.02198575623333454132080078125">
        <ele>3634.800048828125</ele>
        <time>2026-10-06T22:36:47.000Z</time>
        <extensions>
          <ns3:TrackPointExtension>
            <ns3:hr>109</ns3:hr>
            <ns3:cad>89</ns3:cad>
          </ns3:TrackPointExtension>
        </extensions>
      </trkpt>
      <trkpt lat="29.64493903331458568572998046875" lon="91.0219912044703960418701171875">
        <ele>3634.800048828125</ele>
        <time>2026-10-06T22:36:48.000Z</time>
        <extensions>
          <ns3:TrackPointExtension>
            <ns3:hr>111</ns3:hr>
            <ns3:cad>91</ns3:cad>
          </ns3:TrackPointExtension>
        </extensions>
      </trkpt>
      <trkpt lat="29.64495831169188022613525390625" lon="91.02199631743133068084716796875">
        <ele>3634.800048828125</ele>
        <time>2026-10-06T22:36:49.000Z</time>
        <extensions>
          <ns3:TrackPointExtension>
            <ns3:hr>113</ns3:hr>
            <ns3:cad>92</ns3:cad>
          </ns3:TrackPointExtension>
        </extensions>
      </trkpt>
      <trkpt lat="29.6449808590114116668701171875" lon="91.02200218476355075836181640625">
        <ele>3634.800048828125</ele>
        <time>2026-10-06T22:36:50.000Z</time>
        <extensions>
          <ns3:TrackPointExtension>
            <ns3:hr>114</ns3:hr>
            <ns3:cad>92</ns3:cad>
          </ns3:TrackPointExtension>
        </extensions>
      </trkpt>
      <trkpt lat="29.64500156231224536895751953125" lon="91.02201006375253200531005859375">
        <ele>3634.60009765625</ele>
        <time>2026-10-06T22:36:51.000Z</time>
        <extensions>
          <ns3:TrackPointExtension>
            <ns3:hr>115</ns3:hr>
            <ns3:cad>92</ns3:cad>
          </ns3:TrackPointExtension>
        </extensions>
      </trkpt>
      <trkpt lat="29.6450241096317768096923828125" lon="91.02201542817056179046630859375">
        <ele>3634.60009765625</ele>
        <time>2026-10-06T22:36:52.000Z</time>
        <extensions>
          <ns3:TrackPointExtension>
            <ns3:hr>117</ns3:hr>
            <ns3:cad>90</ns3:cad>
          </ns3:TrackPointExtension>
        </extensions>
      </trkpt>
      <trkpt lat="29.64504397474229335784912109375" lon="91.02201911620795726776123046875">
        <ele>3634.60009765625</ele>
        <time>2026-10-06T22:36:53.000Z</time>
        <extensions>
          <ns3:TrackPointExtension>
            <ns3:hr>117</ns3:hr>
            <ns3:cad>89</ns3:cad>
          </ns3:TrackPointExtension>
        </extensions>
      </trkpt>
      <trkpt lat="29.645067192614078521728515625" lon="91.02202825248241424560546875">
        <ele>3634.60009765625</ele>
        <time>2026-10-06T22:36:54.000Z</time>
        <extensions>
          <ns3:TrackPointExtension>
            <ns3:hr>119</ns3:hr>
            <ns3:cad>89</ns3:cad>
          </ns3:TrackPointExtension>
        </extensions>
      </trkpt>
      <trkpt lat="29.6450884826481342315673828125" lon="91.02203722111880779266357421875">
        <ele>3634.60009765625</ele>
        <time>2026-10-06T22:36:55.000Z</time>
        <extensions>
          <ns3:TrackPointExtension>
            <ns3:hr>120</ns3:hr>
            <ns3:cad>90</ns3:cad>
          </ns3:TrackPointExtension>
        </extensions>
      </trkpt>
      <trkpt lat="29.64511404745280742645263671875" lon="91.022047698497772216796875">
        <ele>3634.60009765625</ele>
        <time>2026-10-06T22:36:56.000Z</time>
        <extensions>
          <ns3:TrackPointExtension>
            <ns3:hr>121</ns3:hr>
            <ns3:cad>90</ns3:cad>
          </ns3:TrackPointExtension>
        </extensions>
      </trkpt>
      <trkpt lat="29.64513869024813175201416015625" lon="91.0220572538673877716064453125">
        <ele>3634.60009765625</ele>
        <time>2026-10-06T22:36:57.000Z</time>
        <extensions>
          <ns3:TrackPointExtension>
            <ns3:hr>122</ns3:hr>
            <ns3:cad>90</ns3:cad>
          </ns3:TrackPointExtension>
        </extensions>
      </trkpt>
      <trkpt lat="29.6451642550528049468994140625" lon="91.02206253446638584136962890625">
        <ele>3634.60009765625</ele>
        <time>2026-10-06T22:36:58.000Z</time>
        <extensions>
          <ns3:TrackPointExtension>
            <ns3:hr>123</ns3:hr>
            <ns3:cad>89</ns3:cad>
          </ns3:TrackPointExtension>
        </extensions>
      </trkpt>
      <trkpt lat="29.645187556743621826171875" lon="91.02207183837890625">
        <ele>3634.800048828125</ele>
        <time>2026-10-06T22:36:59.000Z</time>
        <extensions>
          <ns3:TrackPointExtension>
            <ns3:hr>124</ns3:hr>
            <ns3:cad>89</ns3:cad>
          </ns3:TrackPointExtension>
        </extensions>
      </trkpt>
      <trkpt lat="29.6452071703970432281494140625" lon="91.0220760293304920196533203125">
        <ele>3634.800048828125</ele>
        <time>2026-10-06T22:37:00.000Z</time>
        <extensions>
          <ns3:TrackPointExtension>
            <ns3:hr>125</ns3:hr>
            <ns3:cad>89</ns3:cad>
          </ns3:TrackPointExtension>
        </extensions>
      </trkpt>
      <trkpt lat="29.645230472087860107421875" lon="91.0220884345471858978271484375">
        <ele>3634.60009765625</ele>
        <time>2026-10-06T22:37:01.000Z</time>
        <extensions>
          <ns3:TrackPointExtension>
            <ns3:hr>125</ns3:hr>
            <ns3:cad>89</ns3:cad>
          </ns3:TrackPointExtension>
        </extensions>
      </trkpt>
      <trkpt lat="29.6452484093606472015380859375" lon="91.02209388278424739837646484375">
        <ele>3634.60009765625</ele>
        <time>2026-10-06T22:37:02.000Z</time>
        <extensions>
          <ns3:TrackPointExtension>
            <ns3:hr>126</ns3:hr>
            <ns3:cad>89</ns3:cad>
          </ns3:TrackPointExtension>
        </extensions>
      </trkpt>
      <trkpt lat="29.64527330361306667327880859375" lon="91.0221048630774021148681640625">
        <ele>3634.60009765625</ele>
        <time>2026-10-06T22:37:03.000Z</time>
        <extensions>
          <ns3:TrackPointExtension>
            <ns3:hr>126</ns3:hr>
            <ns3:cad>89</ns3:cad>
          </ns3:TrackPointExtension>
        </extensions>
      </trkpt>
      <trkpt lat="29.645293168723583221435546875" lon="91.0221088863909244537353515625">
        <ele>3634.60009765625</ele>
        <time>2026-10-06T22:37:04.000Z</time>
        <extensions>
          <ns3:TrackPointExtension>
            <ns3:hr>127</ns3:hr>
            <ns3:cad>88</ns3:cad>
          </ns3:TrackPointExtension>
        </extensions>
      </trkpt>
      <trkpt lat="29.64531521312892436981201171875" lon="91.0221196152269840240478515625">
        <ele>3634.60009765625</ele>
        <time>2026-10-06T22:37:05.000Z</time>
        <extensions>
          <ns3:TrackPointExtension>
            <ns3:hr>127</ns3:hr>
            <ns3:cad>88</ns3:cad>
          </ns3:TrackPointExtension>
        </extensions>
      </trkpt>
      <trkpt lat="29.6453349106013774871826171875" lon="91.0221233032643795013427734375">
        <ele>3634.60009765625</ele>
        <time>2026-10-06T22:37:06.000Z</time>
        <extensions>
          <ns3:TrackPointExtension>
            <ns3:hr>127</ns3:hr>
            <ns3:cad>88</ns3:cad>
          </ns3:TrackPointExtension>
        </extensions>
      </trkpt>
      <trkpt lat="29.64536114595830440521240234375" lon="91.02213285863399505615234375">
        <ele>3634.60009765625</ele>
        <time>2026-10-06T22:37:07.000Z</time>
        <extensions>
          <ns3:TrackPointExtension>
            <ns3:hr>127</ns3:hr>
            <ns3:cad>89</ns3:cad>
          </ns3:TrackPointExtension>
        </extensions>
      </trkpt>
      <trkpt lat="29.64538268744945526123046875" lon="91.0221357084810733795166015625">
        <ele>3634.800048828125</ele>
        <time>2026-10-06T22:37:08.000Z</time>
        <extensions>
          <ns3:TrackPointExtension>
            <ns3:hr>126</ns3:hr>
            <ns3:cad>89</ns3:cad>
          </ns3:TrackPointExtension>
        </extensions>
      </trkpt>
      <trkpt lat="29.645407162606716156005859375" lon="91.02214752696454524993896484375">
        <ele>3634.800048828125</ele>
        <time>2026-10-06T22:37:09.000Z</time>
        <extensions>
          <ns3:TrackPointExtension>
            <ns3:hr>127</ns3:hr>
            <ns3:cad>89</ns3:cad>
          </ns3:TrackPointExtension>
        </extensions>
      </trkpt>
      <trkpt lat="29.64542618952691555023193359375" lon="91.022152639925479888916015625">
        <ele>3634.800048828125</ele>
        <time>2026-10-06T22:37:10.000Z</time>
        <extensions>
          <ns3:TrackPointExtension>
            <ns3:hr>127</ns3:hr>
            <ns3:cad>90</ns3:cad>
          </ns3:TrackPointExtension>
        </extensions>
      </trkpt>
      <trkpt lat="29.645450413227081298828125" lon="91.022162027657032012939453125">
        <ele>3634.60009765625</ele>
        <time>2026-10-06T22:37:11.000Z</time>
        <extensions>
          <ns3:TrackPointExtension>
            <ns3:hr>127</ns3:hr>
            <ns3:cad>90</ns3:cad>
          </ns3:TrackPointExtension>
        </extensions>
      </trkpt>
      <trkpt lat="29.64547530747950077056884765625" lon="91.02216772735118865966796875">
        <ele>3634.800048828125</ele>
        <time>2026-10-06T22:37:12.000Z</time>
        <extensions>
          <ns3:TrackPointExtension>
            <ns3:hr>127</ns3:hr>
            <ns3:cad>90</ns3:cad>
          </ns3:TrackPointExtension>
        </extensions>
      </trkpt>
      <trkpt lat="29.64550095610320568084716796875" lon="91.02217569015920162200927734375">
        <ele>3634.60009765625</ele>
        <time>2026-10-06T22:37:13.000Z</time>
        <extensions>
          <ns3:TrackPointExtension>
            <ns3:hr>127</ns3:hr>
            <ns3:cad>90</ns3:cad>
          </ns3:TrackPointExtension>
        </extensions>
      </trkpt>
      <trkpt lat="29.64552484452724456787109375" lon="91.0221792943775653839111328125">
        <ele>3634.60009765625</ele>
        <time>2026-10-06T22:37:14.000Z</time>
        <extensions>
          <ns3:TrackPointExtension>
            <ns3:hr>127</ns3:hr>
            <ns3:cad>90</ns3:cad>
          </ns3:TrackPointExtension>
        </extensions>
      </trkpt>
      <trkpt lat="29.64555191807448863983154296875" lon="91.02218910120427608489990234375">
        <ele>3634.60009765625</ele>
        <time>2026-10-06T22:37:15.000Z</time>
        <extensions>
          <ns3:TrackPointExtension>
            <ns3:hr>127</ns3:hr>
            <ns3:cad>90</ns3:cad>
          </ns3:TrackPointExtension>
        </extensions>
      </trkpt>
      <trkpt lat="29.645576812326908111572265625" lon="91.02219245396554470062255859375">
        <ele>3634.60009765625</ele>
        <time>2026-10-06T22:37:16.000Z</time>
        <extensions>
          <ns3:TrackPointExtension>
            <ns3:hr>128</ns3:hr>
            <ns3:cad>90</ns3:cad>
          </ns3:TrackPointExtension>
        </extensions>
      </trkpt>
      <trkpt lat="29.645595587790012359619140625" lon="91.0222010873258113861083984375">
        <ele>3634.60009765625</ele>
        <time>2026-10-06T22:37:17.000Z</time>
        <extensions>
          <ns3:TrackPointExtension>
            <ns3:hr>128</ns3:hr>
            <ns3:cad>90</ns3:cad>
          </ns3:TrackPointExtension>
        </extensions>
      </trkpt>
      <trkpt lat="29.6456185542047023773193359375" lon="91.0222054459154605865478515625">
        <ele>3634.60009765625</ele>
        <time>2026-10-06T22:37:18.000Z</time>
        <extensions>
          <ns3:TrackPointExtension>
            <ns3:hr>128</ns3:hr>
            <ns3:cad>90</ns3:cad>
          </ns3:TrackPointExtension>
        </extensions>
      </trkpt>
      <trkpt lat="29.64564093388617038726806640625" lon="91.02221156470477581024169921875">
        <ele>3634.60009765625</ele>
        <time>2026-10-06T22:37:19.000Z</time>
        <extensions>
          <ns3:TrackPointExtension>
            <ns3:hr>128</ns3:hr>
            <ns3:cad>90</ns3:cad>
          </ns3:TrackPointExtension>
        </extensions>
      </trkpt>
      <trkpt lat="29.64566297829151153564453125" lon="91.02221793495118618011474609375">
        <ele>3634.60009765625</ele>
        <time>2026-10-06T22:37:20.000Z</time>
        <extensions>
          <ns3:TrackPointExtension>
            <ns3:hr>128</ns3:hr>
            <ns3:cad>90</ns3:cad>
          </ns3:TrackPointExtension>
        </extensions>
      </trkpt>
      <trkpt lat="29.64568468742072582244873046875" lon="91.02222832851111888885498046875">
        <ele>3634.800048828125</ele>
        <time>2026-10-06T22:37:21.000Z</time>
        <extensions>
          <ns3:TrackPointExtension>
            <ns3:hr>128</ns3:hr>
            <ns3:cad>89</ns3:cad>
          </ns3:TrackPointExtension>
        </extensions>
      </trkpt>
      <trkpt lat="29.6457065641880035400390625" lon="91.022235788404941558837890625">
        <ele>3634.800048828125</ele>
        <time>2026-10-06T22:37:22.000Z</time>
        <extensions>
          <ns3:TrackPointExtension>
            <ns3:hr>128</ns3:hr>
            <ns3:cad>89</ns3:cad>
          </ns3:TrackPointExtension>
        </extensions>
      </trkpt>
      <trkpt lat="29.6457295306026935577392578125" lon="91.02224408648908138275146484375">
        <ele>3634.800048828125</ele>
        <time>2026-10-06T22:37:23.000Z</time>
        <extensions>
          <ns3:TrackPointExtension>
            <ns3:hr>128</ns3:hr>
            <ns3:cad>89</ns3:cad>
          </ns3:TrackPointExtension>
        </extensions>
      </trkpt>
      <trkpt lat="29.64575325138866901397705078125" lon="91.022247187793254852294921875">
        <ele>3634.800048828125</ele>
        <time>2026-10-06T22:37:24.000Z</time>
        <extensions>
          <ns3:TrackPointExtension>
            <ns3:hr>128</ns3:hr>
            <ns3:cad>90</ns3:cad>
          </ns3:TrackPointExtension>
        </extensions>
      </trkpt>
      <trkpt lat="29.64577856473624706268310546875" lon="91.02225355803966522216796875">
        <ele>3634.800048828125</ele>
        <time>2026-10-06T22:37:25.000Z</time>
        <extensions>
          <ns3:TrackPointExtension>
            <ns3:hr>128</ns3:hr>
            <ns3:cad>90</ns3:cad>
          </ns3:TrackPointExtension>
        </extensions>
      </trkpt>
      <trkpt lat="29.6458009444177150726318359375" lon="91.022256575524806976318359375">
        <ele>3634.800048828125</ele>
        <time>2026-10-06T22:37:26.000Z</time>
        <extensions>
          <ns3:TrackPointExtension>
            <ns3:hr>128</ns3:hr>
            <ns3:cad>90</ns3:cad>
          </ns3:TrackPointExtension>
        </extensions>
      </trkpt>
      <trkpt lat="29.64582265354692935943603515625" lon="91.0222627781331539154052734375">
        <ele>3634.800048828125</ele>
        <time>2026-10-06T22:37:27.000Z</time>
        <extensions>
          <ns3:TrackPointExtension>
            <ns3:hr>128</ns3:hr>
            <ns3:cad>90</ns3:cad>
          </ns3:TrackPointExtension>
        </extensions>
      </trkpt>
      <trkpt lat="29.6458428539335727691650390625" lon="91.02226587943732738494873046875">
        <ele>3634.60009765625</ele>
        <time>2026-10-06T22:37:28.000Z</time>
        <extensions>
          <ns3:TrackPointExtension>
            <ns3:hr>128</ns3:hr>
            <ns3:cad>90</ns3:cad>
          </ns3:TrackPointExtension>
        </extensions>
      </trkpt>
      <trkpt lat="29.64587093330919742584228515625" lon="91.022274680435657501220703125">
        <ele>3634.60009765625</ele>
        <time>2026-10-06T22:37:29.000Z</time>
        <extensions>
          <ns3:TrackPointExtension>
            <ns3:hr>128</ns3:hr>
            <ns3:cad>89</ns3:cad>
          </ns3:TrackPointExtension>
        </extensions>
      </trkpt>
      <trkpt lat="29.6458916366100311279296875" lon="91.02227962575852870941162109375">
        <ele>3634.800048828125</ele>
        <time>2026-10-06T22:37:30.000Z</time>
        <extensions>
          <ns3:TrackPointExtension>
            <ns3:hr>129</ns3:hr>
            <ns3:cad>89</ns3:cad>
          </ns3:TrackPointExtension>
        </extensions>
      </trkpt>
      <trkpt lat="29.6459197998046875" lon="91.0222879238426685333251953125">
        <ele>3634.800048828125</ele>
        <time>2026-10-06T22:37:31.000Z</time>
        <extensions>
          <ns3:TrackPointExtension>
            <ns3:hr>129</ns3:hr>
            <ns3:cad>89</ns3:cad>
          </ns3:TrackPointExtension>
        </extensions>
      </trkpt>
      <trkpt lat="29.6459407545626163482666015625" lon="91.022290773689746856689453125">
        <ele>3634.800048828125</ele>
        <time>2026-10-06T22:37:32.000Z</time>
        <extensions>
          <ns3:TrackPointExtension>
            <ns3:hr>129</ns3:hr>
            <ns3:cad>89</ns3:cad>
          </ns3:TrackPointExtension>
        </extensions>
      </trkpt>
      <trkpt lat="29.64596833102405071258544921875" lon="91.022298149764537811279296875">
        <ele>3634.800048828125</ele>
        <time>2026-10-06T22:37:33.000Z</time>
        <extensions>
          <ns3:TrackPointExtension>
            <ns3:hr>129</ns3:hr>
            <ns3:cad>89</ns3:cad>
          </ns3:TrackPointExtension>
        </extensions>
      </trkpt>
      <trkpt lat="29.6459880284965038299560546875" lon="91.022299826145172119140625">
        <ele>3634.800048828125</ele>
        <time>2026-10-06T22:37:34.000Z</time>
        <extensions>
          <ns3:TrackPointExtension>
            <ns3:hr>129</ns3:hr>
            <ns3:cad>89</ns3:cad>
          </ns3:TrackPointExtension>
        </extensions>
      </trkpt>
      <trkpt lat="29.64601594023406505584716796875" lon="91.0223056934773921966552734375">
        <ele>3634.800048828125</ele>
        <time>2026-10-06T22:37:35.000Z</time>
        <extensions>
          <ns3:TrackPointExtension>
            <ns3:hr>129</ns3:hr>
            <ns3:cad>89</ns3:cad>
          </ns3:TrackPointExtension>
        </extensions>
      </trkpt>
      <trkpt lat="29.6460378170013427734375" lon="91.02230862714350223541259765625">
        <ele>3634.800048828125</ele>
        <time>2026-10-06T22:37:36.000Z</time>
        <extensions>
          <ns3:TrackPointExtension>
            <ns3:hr>129</ns3:hr>
            <ns3:cad>89</ns3:cad>
          </ns3:TrackPointExtension>
        </extensions>
      </trkpt>
      <trkpt lat="29.6460627950727939605712890625" lon="91.0223147459328174591064453125">
        <ele>3634.800048828125</ele>
        <time>2026-10-06T22:37:37.000Z</time>
        <extensions>
          <ns3:TrackPointExtension>
            <ns3:hr>129</ns3:hr>
            <ns3:cad>89</ns3:cad>
          </ns3:TrackPointExtension>
        </extensions>
      </trkpt>
      <trkpt lat="29.64608198963105678558349609375" lon="91.02232019416987895965576171875">
        <ele>3634.800048828125</ele>
        <time>2026-10-06T22:37:38.000Z</time>
        <extensions>
          <ns3:TrackPointExtension>
            <ns3:hr>129</ns3:hr>
            <ns3:cad>89</ns3:cad>
          </ns3:TrackPointExtension>
        </extensions>
      </trkpt>
      <trkpt lat="29.6461050398647785186767578125" lon="91.022326312959194183349609375">
        <ele>3634.800048828125</ele>
        <time>2026-10-06T22:37:39.000Z</time>
        <extensions>
          <ns3:TrackPointExtension>
            <ns3:hr>130</ns3:hr>
            <ns3:cad>90</ns3:cad>
          </ns3:TrackPointExtension>
        </extensions>
      </trkpt>
      <trkpt lat="29.64612540788948535919189453125" lon="91.02232907898724079132080078125">
        <ele>3634.800048828125</ele>
        <time>2026-10-06T22:37:40.000Z</time>
        <extensions>
          <ns3:TrackPointExtension>
            <ns3:hr>129</ns3:hr>
            <ns3:cad>90</ns3:cad>
          </ns3:TrackPointExtension>
        </extensions>
      </trkpt>
      <trkpt lat="29.64615189470350742340087890625" lon="91.02233544923365116119384765625">
        <ele>3635</ele>
        <time>2026-10-06T22:37:41.000Z</time>
        <extensions>
          <ns3:TrackPointExtension>
            <ns3:hr>129</ns3:hr>
            <ns3:cad>90</ns3:cad>
          </ns3:TrackPointExtension>
        </extensions>
      </trkpt>
      <trkpt lat="29.646170921623706817626953125" lon="91.022334359586238861083984375">
        <ele>3635</ele>
        <time>2026-10-06T22:37:42.000Z</time>
        <extensions>
          <ns3:TrackPointExtension>
            <ns3:hr>130</ns3:hr>
            <ns3:cad>90</ns3:cad>
          </ns3:TrackPointExtension>
        </extensions>
      </trkpt>
      <trkpt lat="29.64620000682771205902099609375" lon="91.0223422385752201080322265625">
        <ele>3635</ele>
        <time>2026-10-06T22:37:43.000Z</time>
        <extensions>
          <ns3:TrackPointExtension>
            <ns3:hr>130</ns3:hr>
            <ns3:cad>90</ns3:cad>
          </ns3:TrackPointExtension>
        </extensions>
      </trkpt>
      <trkpt lat="29.646221213042736053466796875" lon="91.02234416641294956207275390625">
        <ele>3635</ele>
        <time>2026-10-06T22:37:44.000Z</time>
        <extensions>
          <ns3:TrackPointExtension>
            <ns3:hr>130</ns3:hr>
            <ns3:cad>89</ns3:cad>
          </ns3:TrackPointExtension>
        </extensions>
      </trkpt>
      <trkpt lat="29.64625038206577301025390625" lon="91.02234953083097934722900390625">
        <ele>3634.800048828125</ele>
        <time>2026-10-06T22:37:45.000Z</time>
        <extensions>
          <ns3:TrackPointExtension>
            <ns3:hr>130</ns3:hr>
            <ns3:cad>89</ns3:cad>
          </ns3:TrackPointExtension>
        </extensions>
      </trkpt>
      <trkpt lat="29.64627024717628955841064453125" lon="91.02235011756420135498046875">
        <ele>3634.800048828125</ele>
        <time>2026-10-06T22:37:46.000Z</time>
        <extensions>
          <ns3:TrackPointExtension>
            <ns3:hr>131</ns3:hr>
            <ns3:cad>89</ns3:cad>
          </ns3:TrackPointExtension>
        </extensions>
      </trkpt>
      <trkpt lat="29.64629656635224819183349609375" lon="91.0223573260009288787841796875">
        <ele>3634.800048828125</ele>
        <time>2026-10-06T22:37:47.000Z</time>
        <extensions>
          <ns3:TrackPointExtension>
            <ns3:hr>131</ns3:hr>
            <ns3:cad>89</ns3:cad>
          </ns3:TrackPointExtension>
        </extensions>
      </trkpt>
      <trkpt lat="29.64631919749081134796142578125" lon="91.0223596729338169097900390625">
        <ele>3634.800048828125</ele>
        <time>2026-10-06T22:37:48.000Z</time>
        <extensions>
          <ns3:TrackPointExtension>
            <ns3:hr>131</ns3:hr>
            <ns3:cad>89</ns3:cad>
          </ns3:TrackPointExtension>
        </extensions>
      </trkpt>
      <trkpt lat="29.64634853415191173553466796875" lon="91.02236512117087841033935546875">
        <ele>3634.800048828125</ele>
        <time>2026-10-06T22:37:49.000Z</time>
        <extensions>
          <ns3:TrackPointExtension>
            <ns3:hr>131</ns3:hr>
            <ns3:cad>89</ns3:cad>
          </ns3:TrackPointExtension>
        </extensions>
      </trkpt>
      <trkpt lat="29.64636814780533313751220703125" lon="91.02236688137054443359375">
        <ele>3634.800048828125</ele>
        <time>2026-10-06T22:37:50.000Z</time>
        <extensions>
          <ns3:TrackPointExtension>
            <ns3:hr>131</ns3:hr>
            <ns3:cad>89</ns3:cad>
          </ns3:TrackPointExtension>
        </extensions>
      </trkpt>
      <trkpt lat="29.6463960595428943634033203125" lon="91.022371910512447357177734375">
        <ele>3635</ele>
        <time>2026-10-06T22:37:51.000Z</time>
        <extensions>
          <ns3:TrackPointExtension>
            <ns3:hr>132</ns3:hr>
            <ns3:cad>89</ns3:cad>
          </ns3:TrackPointExtension>
        </extensions>
      </trkpt>
      <trkpt lat="29.64641961269080638885498046875" lon="91.02237668819725513458251953125">
        <ele>3634.800048828125</ele>
        <time>2026-10-06T22:37:52.000Z</time>
        <extensions>
          <ns3:TrackPointExtension>
            <ns3:hr>132</ns3:hr>
            <ns3:cad>89</ns3:cad>
          </ns3:TrackPointExtension>
        </extensions>
      </trkpt>
      <trkpt lat="29.6464441716670989990234375" lon="91.0223851539194583892822265625">
        <ele>3635</ele>
        <time>2026-10-06T22:37:53.000Z</time>
        <extensions>
          <ns3:TrackPointExtension>
            <ns3:hr>132</ns3:hr>
            <ns3:cad>90</ns3:cad>
          </ns3:TrackPointExtension>
        </extensions>
      </trkpt>
      <trkpt lat="29.64646420441567897796630859375" lon="91.02238875813782215118408203125">
        <ele>3635</ele>
        <time>2026-10-06T22:37:54.000Z</time>
        <extensions>
          <ns3:TrackPointExtension>
            <ns3:hr>132</ns3:hr>
            <ns3:cad>90</ns3:cad>
          </ns3:TrackPointExtension>
        </extensions>
      </trkpt>
      <trkpt lat="29.64648909866809844970703125" lon="91.02238993160426616668701171875">
        <ele>3635</ele>
        <time>2026-10-06T22:37:55.000Z</time>
        <extensions>
          <ns3:TrackPointExtension>
            <ns3:hr>133</ns3:hr>
            <ns3:cad>90</ns3:cad>
          </ns3:TrackPointExtension>
        </extensions>
      </trkpt>
      <trkpt lat="29.6465120650827884674072265625" lon="91.02239361964166164398193359375">
        <ele>3635</ele>
        <time>2026-10-06T22:37:56.000Z</time>
        <extensions>
          <ns3:TrackPointExtension>
            <ns3:hr>133</ns3:hr>
            <ns3:cad>90</ns3:cad>
          </ns3:TrackPointExtension>
        </extensions>
      </trkpt>
      <trkpt lat="29.64653670787811279296875" lon="91.0223989002406597137451171875">
        <ele>3635</ele>
        <time>2026-10-06T22:37:57.000Z</time>
        <extensions>
          <ns3:TrackPointExtension>
            <ns3:hr>133</ns3:hr>
            <ns3:cad>90</ns3:cad>
          </ns3:TrackPointExtension>
        </extensions>
      </trkpt>
      <trkpt lat="29.64655640535056591033935546875" lon="91.02240552194416522979736328125">
        <ele>3635.199951171875</ele>
        <time>2026-10-06T22:37:58.000Z</time>
        <extensions>
          <ns3:TrackPointExtension>
            <ns3:hr>134</ns3:hr>
            <ns3:cad>89</ns3:cad>
          </ns3:TrackPointExtension>
        </extensions>
      </trkpt>
      <trkpt lat="29.646583981812000274658203125" lon="91.02241306565701961517333984375">
        <ele>3635</ele>
        <time>2026-10-06T22:37:59.000Z</time>
        <extensions>
          <ns3:TrackPointExtension>
            <ns3:hr>134</ns3:hr>
            <ns3:cad>89</ns3:cad>
          </ns3:TrackPointExtension>
        </extensions>
      </trkpt>
      <trkpt lat="29.6466052718460559844970703125" lon="91.0224200226366519927978515625">
        <ele>3635</ele>
        <time>2026-10-06T22:38:00.000Z</time>
        <extensions>
          <ns3:TrackPointExtension>
            <ns3:hr>134</ns3:hr>
            <ns3:cad>89</ns3:cad>
          </ns3:TrackPointExtension>
        </extensions>
      </trkpt>
      <trkpt lat="29.64663217775523662567138671875" lon="91.0224250517785549163818359375">
        <ele>3635</ele>
        <time>2026-10-06T22:38:01.000Z</time>
        <extensions>
          <ns3:TrackPointExtension>
            <ns3:hr>134</ns3:hr>
            <ns3:cad>89</ns3:cad>
          </ns3:TrackPointExtension>
        </extensions>
      </trkpt>
      <trkpt lat="29.64665539562702178955078125" lon="91.0224250517785549163818359375">
        <ele>3635</ele>
        <time>2026-10-06T22:38:02.000Z</time>
        <extensions>
          <ns3:TrackPointExtension>
            <ns3:hr>134</ns3:hr>
            <ns3:cad>89</ns3:cad>
          </ns3:TrackPointExtension>
        </extensions>
      </trkpt>
      <trkpt lat="29.646682552993297576904296875" lon="91.0224287398159503936767578125">
        <ele>3635</ele>
        <time>2026-10-06T22:38:03.000Z</time>
        <extensions>
          <ns3:TrackPointExtension>
            <ns3:hr>135</ns3:hr>
            <ns3:cad>89</ns3:cad>
          </ns3:TrackPointExtension>
        </extensions>
      </trkpt>
      <trkpt lat="29.64670208282768726348876953125" lon="91.0224325954914093017578125">
        <ele>3635.199951171875</ele>
        <time>2026-10-06T22:38:04.000Z</time>
        <extensions>
          <ns3:TrackPointExtension>
            <ns3:hr>135</ns3:hr>
            <ns3:cad>89</ns3:cad>
          </ns3:TrackPointExtension>
        </extensions>
      </trkpt>
      <trkpt lat="29.64672756381332874298095703125" lon="91.02243636734783649444580078125">
        <ele>3635.199951171875</ele>
        <time>2026-10-06T22:38:05.000Z</time>
        <extensions>
          <ns3:TrackPointExtension>
            <ns3:hr>135</ns3:hr>
            <ns3:cad>89</ns3:cad>
          </ns3:TrackPointExtension>
        </extensions>
      </trkpt>
      <trkpt lat="29.6467480994760990142822265625" lon="91.022438965737819671630859375">
        <ele>3635.199951171875</ele>
        <time>2026-10-06T22:38:06.000Z</time>
        <extensions>
          <ns3:TrackPointExtension>
            <ns3:hr>135</ns3:hr>
            <ns3:cad>89</ns3:cad>
          </ns3:TrackPointExtension>
        </extensions>
      </trkpt>
      <trkpt lat="29.6467772684991359710693359375" lon="91.02244357578456401824951171875">
        <ele>3635.199951171875</ele>
        <time>2026-10-06T22:38:07.000Z</time>
        <extensions>
          <ns3:TrackPointExtension>
            <ns3:hr>134</ns3:hr>
            <ns3:cad>89</ns3:cad>
          </ns3:TrackPointExtension>
        </extensions>
      </trkpt>
      <trkpt lat="29.64680333621799945831298828125" lon="91.02244743146002292633056640625">
        <ele>3635.199951171875</ele>
        <time>2026-10-06T22:38:08.000Z</time>
        <extensions>
          <ns3:TrackPointExtension>
            <ns3:hr>134</ns3:hr>
            <ns3:cad>91</ns3:cad>
          </ns3:TrackPointExtension>
        </extensions>
      </trkpt>
      <trkpt lat="29.64682781137526035308837890625" lon="91.02245396934449672698974609375">
        <ele>3635.39990234375</ele>
        <time>2026-10-06T22:38:09.000Z</time>
        <extensions>
          <ns3:TrackPointExtension>
            <ns3:hr>134</ns3:hr>
            <ns3:cad>91</ns3:cad>
          </ns3:TrackPointExtension>
        </extensions>
      </trkpt>
      <trkpt lat="29.64685211889445781707763671875" lon="91.02245598100125789642333984375">
        <ele>3635.39990234375</ele>
        <time>2026-10-06T22:38:10.000Z</time>
        <extensions>
          <ns3:TrackPointExtension>
            <ns3:hr>135</ns3:hr>
            <ns3:cad>91</ns3:cad>
          </ns3:TrackPointExtension>
        </extensions>
      </trkpt>
      <trkpt lat="29.64687558822333812713623046875" lon="91.02245874702930450439453125">
        <ele>3635.39990234375</ele>
        <time>2026-10-06T22:38:11.000Z</time>
        <extensions>
          <ns3:TrackPointExtension>
            <ns3:hr>135</ns3:hr>
            <ns3:cad>91</ns3:cad>
          </ns3:TrackPointExtension>
        </extensions>
      </trkpt>
      <trkpt lat="29.64689302258193492889404296875" lon="91.02246134541928768157958984375">
        <ele>3635.39990234375</ele>
        <time>2026-10-06T22:38:12.000Z</time>
        <extensions>
          <ns3:TrackPointExtension>
            <ns3:hr>135</ns3:hr>
            <ns3:cad>91</ns3:cad>
          </ns3:TrackPointExtension>
        </extensions>
      </trkpt>
      <trkpt lat="29.6469241194427013397216796875" lon="91.0224666260182857513427734375">
        <ele>3635.39990234375</ele>
        <time>2026-10-06T22:38:13.000Z</time>
        <extensions>
          <ns3:TrackPointExtension>
            <ns3:hr>135</ns3:hr>
            <ns3:cad>91</ns3:cad>
          </ns3:TrackPointExtension>
        </extensions>
      </trkpt>
      <trkpt lat="29.6469442360103130340576171875" lon="91.0224688053131103515625">
        <ele>3635.39990234375</ele>
        <time>2026-10-06T22:38:14.000Z</time>
        <extensions>
          <ns3:TrackPointExtension>
            <ns3:hr>134</ns3:hr>
            <ns3:cad>89</ns3:cad>
          </ns3:TrackPointExtension>
        </extensions>
      </trkpt>
      <trkpt lat="29.6469740755856037139892578125" lon="91.0224793665111064910888671875">
        <ele>3635.39990234375</ele>
        <time>2026-10-06T22:38:15.000Z</time>
        <extensions>
          <ns3:TrackPointExtension>
            <ns3:hr>134</ns3:hr>
            <ns3:cad>89</ns3:cad>
          </ns3:TrackPointExtension>
        </extensions>
      </trkpt>
      <trkpt lat="29.646996371448040008544921875" lon="91.02248422801494598388671875">
        <ele>3635.199951171875</ele>
        <time>2026-10-06T22:38:16.000Z</time>
        <extensions>
          <ns3:TrackPointExtension>
            <ns3:hr>134</ns3:hr>
            <ns3:cad>89</ns3:cad>
          </ns3:TrackPointExtension>
        </extensions>
      </trkpt>
      <trkpt lat="29.64702562429010868072509765625" lon="91.0224889218807220458984375">
        <ele>3635.199951171875</ele>
        <time>2026-10-06T22:38:17.000Z</time>
        <extensions>
          <ns3:TrackPointExtension>
            <ns3:hr>134</ns3:hr>
            <ns3:cad>89</ns3:cad>
          </ns3:TrackPointExtension>
        </extensions>
      </trkpt>
      <trkpt lat="29.64705076999962329864501953125" lon="91.02249219082295894622802734375">
        <ele>3635.199951171875</ele>
        <time>2026-10-06T22:38:18.000Z</time>
        <extensions>
          <ns3:TrackPointExtension>
            <ns3:hr>134</ns3:hr>
            <ns3:cad>91</ns3:cad>
          </ns3:TrackPointExtension>
        </extensions>
      </trkpt>
      <trkpt lat="29.64707876555621623992919921875" lon="91.02249789051711559295654296875">
        <ele>3635.199951171875</ele>
        <time>2026-10-06T22:38:19.000Z</time>
        <extensions>
          <ns3:TrackPointExtension>
            <ns3:hr>134</ns3:hr>
            <ns3:cad>91</ns3:cad>
          </ns3:TrackPointExtension>
        </extensions>
      </trkpt>
      <trkpt lat="29.6470998041331768035888671875" lon="91.022497303783893585205078125">
        <ele>3635.199951171875</ele>
        <time>2026-10-06T22:38:20.000Z</time>
        <extensions>
          <ns3:TrackPointExtension>
            <ns3:hr>134</ns3:hr>
            <ns3:cad>91</ns3:cad>
          </ns3:TrackPointExtension>
        </extensions>
      </trkpt>
      <trkpt lat="29.647122435271739959716796875" lon="91.02250409312546253204345703125">
        <ele>3635.199951171875</ele>
        <time>2026-10-06T22:38:21.000Z</time>
        <extensions>
          <ns3:TrackPointExtension>
            <ns3:hr>134</ns3:hr>
            <ns3:cad>92</ns3:cad>
          </ns3:TrackPointExtension>
        </extensions>
      </trkpt>
      <trkpt lat="29.647141881287097930908203125" lon="91.02250610478222370147705078125">
        <ele>3635.199951171875</ele>
        <time>2026-10-06T22:38:22.000Z</time>
        <extensions>
          <ns3:TrackPointExtension>
            <ns3:hr>134</ns3:hr>
            <ns3:cad>92</ns3:cad>
          </ns3:TrackPointExtension>
        </extensions>
      </trkpt>
      <trkpt lat="29.647160656750202178955078125" lon="91.02250962518155574798583984375">
        <ele>3635.39990234375</ele>
        <time>2026-10-06T22:38:23.000Z</time>
        <extensions>
          <ns3:TrackPointExtension>
            <ns3:hr>134</ns3:hr>
            <ns3:cad>92</ns3:cad>
          </ns3:TrackPointExtension>
        </extensions>
      </trkpt>
      <trkpt lat="29.6471829526126384735107421875" lon="91.0225135646760463714599609375">
        <ele>3635.39990234375</ele>
        <time>2026-10-06T22:38:24.000Z</time>
        <extensions>
          <ns3:TrackPointExtension>
            <ns3:hr>134</ns3:hr>
            <ns3:cad>92</ns3:cad>
          </ns3:TrackPointExtension>
        </extensions>
      </trkpt>
      <trkpt lat="29.6472037397325038909912109375" lon="91.022516749799251556396484375">
        <ele>3635.39990234375</ele>
        <time>2026-10-06T22:38:25.000Z</time>
        <extensions>
          <ns3:TrackPointExtension>
            <ns3:hr>134</ns3:hr>
            <ns3:cad>91</ns3:cad>
          </ns3:TrackPointExtension>
        </extensions>
      </trkpt>
      <trkpt lat="29.64722913689911365509033203125" lon="91.0225195996463298797607421875">
        <ele>3635.39990234375</ele>
        <time>2026-10-06T22:38:26.000Z</time>
        <extensions>
          <ns3:TrackPointExtension>
            <ns3:hr>134</ns3:hr>
            <ns3:cad>90</ns3:cad>
          </ns3:TrackPointExtension>
        </extensions>
      </trkpt>
      <trkpt lat="29.64725621044635772705078125" lon="91.02252119220793247222900390625">
        <ele>3635.39990234375</ele>
        <time>2026-10-06T22:38:27.000Z</time>
        <extensions>
          <ns3:TrackPointExtension>
            <ns3:hr>134</ns3:hr>
            <ns3:cad>90</ns3:cad>
          </ns3:TrackPointExtension>
        </extensions>
      </trkpt>
      <trkpt lat="29.64728864841163158416748046875" lon="91.02252437733113765716552734375">
        <ele>3635.60009765625</ele>
        <time>2026-10-06T22:38:28.000Z</time>
        <extensions>
          <ns3:TrackPointExtension>
            <ns3:hr>134</ns3:hr>
            <ns3:cad>90</ns3:cad>
          </ns3:TrackPointExtension>
        </extensions>
      </trkpt>
      <trkpt lat="29.64731580577790737152099609375" lon="91.02252940647304058074951171875">
        <ele>3635.39990234375</ele>
        <time>2026-10-06T22:38:29.000Z</time>
        <extensions>
          <ns3:TrackPointExtension>
            <ns3:hr>134</ns3:hr>
            <ns3:cad>90</ns3:cad>
          </ns3:TrackPointExtension>
        </extensions>
      </trkpt>
      <trkpt lat="29.64734111912548542022705078125" lon="91.02253518998622894287109375">
        <ele>3635.39990234375</ele>
        <time>2026-10-06T22:38:30.000Z</time>
        <extensions>
          <ns3:TrackPointExtension>
            <ns3:hr>134</ns3:hr>
            <ns3:cad>90</ns3:cad>
          </ns3:TrackPointExtension>
        </extensions>
      </trkpt>
      <trkpt lat="29.6473676897585391998291015625" lon="91.02254348807036876678466796875">
        <ele>3635.39990234375</ele>
        <time>2026-10-06T22:38:31.000Z</time>
        <extensions>
          <ns3:TrackPointExtension>
            <ns3:hr>134</ns3:hr>
            <ns3:cad>91</ns3:cad>
          </ns3:TrackPointExtension>
        </extensions>
      </trkpt>
      <trkpt lat="29.64739141054451465606689453125" lon="91.022542230784893035888671875">
        <ele>3635.60009765625</ele>
        <time>2026-10-06T22:38:32.000Z</time>
        <extensions>
          <ns3:TrackPointExtension>
            <ns3:hr>134</ns3:hr>
            <ns3:cad>90</ns3:cad>
          </ns3:TrackPointExtension>
        </extensions>
      </trkpt>
      <trkpt lat="29.64742007665336132049560546875" lon="91.0225444100797176361083984375">
        <ele>3635.39990234375</ele>
        <time>2026-10-06T22:38:33.000Z</time>
        <extensions>
          <ns3:TrackPointExtension>
            <ns3:hr>134</ns3:hr>
            <ns3:cad>91</ns3:cad>
          </ns3:TrackPointExtension>
        </extensions>
      </trkpt>
      <trkpt lat="29.64744857512414455413818359375" lon="91.02254700846970081329345703125">
        <ele>3635.60009765625</ele>
        <time>2026-10-06T22:38:34.000Z</time>
        <extensions>
          <ns3:TrackPointExtension>
            <ns3:hr>135</ns3:hr>
            <ns3:cad>90</ns3:cad>
          </ns3:TrackPointExtension>
        </extensions>
      </trkpt>
      <trkpt lat="29.64747481048107147216796875" lon="91.02255404926836490631103515625">
        <ele>3635.60009765625</ele>
        <time>2026-10-06T22:38:35.000Z</time>
        <extensions>
          <ns3:TrackPointExtension>
            <ns3:hr>135</ns3:hr>
            <ns3:cad>90</ns3:cad>
          </ns3:TrackPointExtension>
        </extensions>
      </trkpt>
      <trkpt lat="29.6474982798099517822265625" lon="91.02255689911544322967529296875">
        <ele>3635.60009765625</ele>
        <time>2026-10-06T22:38:36.000Z</time>
        <extensions>
          <ns3:TrackPointExtension>
            <ns3:hr>134</ns3:hr>
            <ns3:cad>90</ns3:cad>
          </ns3:TrackPointExtension>
        </extensions>
      </trkpt>
      <trkpt lat="29.647526778280735015869140625" lon="91.02256393991410732269287109375">
        <ele>3635.60009765625</ele>
        <time>2026-10-06T22:38:37.000Z</time>
        <extensions>
          <ns3:TrackPointExtension>
            <ns3:hr>134</ns3:hr>
            <ns3:cad>90</ns3:cad>
          </ns3:TrackPointExtension>
        </extensions>
      </trkpt>
      <trkpt lat="29.6475524269044399261474609375" lon="91.02257408201694488525390625">
        <ele>3635.60009765625</ele>
        <time>2026-10-06T22:38:38.000Z</time>
        <extensions>
          <ns3:TrackPointExtension>
            <ns3:hr>133</ns3:hr>
            <ns3:cad>90</ns3:cad>
          </ns3:TrackPointExtension>
        </extensions>
      </trkpt>
      <trkpt lat="29.64757631532847881317138671875" lon="91.02259243838489055633544921875">
        <ele>3635.60009765625</ele>
        <time>2026-10-06T22:38:39.000Z</time>
        <extensions>
          <ns3:TrackPointExtension>
            <ns3:hr>133</ns3:hr>
            <ns3:cad>89</ns3:cad>
          </ns3:TrackPointExtension>
        </extensions>
      </trkpt>
      <trkpt lat="29.64759425260126590728759765625" lon="91.0226050950586795806884765625">
        <ele>3635.60009765625</ele>
        <time>2026-10-06T22:38:40.000Z</time>
        <extensions>
          <ns3:TrackPointExtension>
            <ns3:hr>133</ns3:hr>
            <ns3:cad>90</ns3:cad>
          </ns3:TrackPointExtension>
        </extensions>
      </trkpt>
      <trkpt lat="29.647612608969211578369140625" lon="91.0226315818727016448974609375">
        <ele>3635.60009765625</ele>
        <time>2026-10-06T22:38:41.000Z</time>
        <extensions>
          <ns3:TrackPointExtension>
            <ns3:hr>134</ns3:hr>
            <ns3:cad>89</ns3:cad>
          </ns3:TrackPointExtension>
        </extensions>
      </trkpt>
      <trkpt lat="29.647625349462032318115234375" lon="91.02265655994415283203125">
        <ele>3635.60009765625</ele>
        <time>2026-10-06T22:38:42.000Z</time>
        <extensions>
          <ns3:TrackPointExtension>
            <ns3:hr>134</ns3:hr>
            <ns3:cad>90</ns3:cad>
          </ns3:TrackPointExtension>
        </extensions>
      </trkpt>
      <trkpt lat="29.64763247407972812652587890625" lon="91.022687070071697235107421875">
        <ele>3635.800048828125</ele>
        <time>2026-10-06T22:38:43.000Z</time>
        <extensions>
          <ns3:TrackPointExtension>
            <ns3:hr>134</ns3:hr>
            <ns3:cad>90</ns3:cad>
          </ns3:TrackPointExtension>
        </extensions>
      </trkpt>
      <trkpt lat="29.64763515628874301910400390625" lon="91.02271850220859050750732421875">
        <ele>3635.800048828125</ele>
        <time>2026-10-06T22:38:44.000Z</time>
        <extensions>
          <ns3:TrackPointExtension>
            <ns3:hr>134</ns3:hr>
            <ns3:cad>90</ns3:cad>
          </ns3:TrackPointExtension>
        </extensions>
      </trkpt>
      <trkpt lat="29.64763079769909381866455078125" lon="91.02274834178388118743896484375">
        <ele>3635.800048828125</ele>
        <time>2026-10-06T22:38:45.000Z</time>
        <extensions>
          <ns3:TrackPointExtension>
            <ns3:hr>134</ns3:hr>
            <ns3:cad>90</ns3:cad>
          </ns3:TrackPointExtension>
        </extensions>
      </trkpt>
      <trkpt lat="29.64762979187071323394775390625" lon="91.02277792990207672119140625">
        <ele>3635.800048828125</ele>
        <time>2026-10-06T22:38:46.000Z</time>
        <extensions>
          <ns3:TrackPointExtension>
            <ns3:hr>134</ns3:hr>
            <ns3:cad>90</ns3:cad>
          </ns3:TrackPointExtension>
        </extensions>
      </trkpt>
      <trkpt lat="29.64762325398623943328857421875" lon="91.02280735038220882415771484375">
        <ele>3635.800048828125</ele>
        <time>2026-10-06T22:38:47.000Z</time>
        <extensions>
          <ns3:TrackPointExtension>
            <ns3:hr>134</ns3:hr>
            <ns3:cad>90</ns3:cad>
          </ns3:TrackPointExtension>
        </extensions>
      </trkpt>
      <trkpt lat="29.64761638082563877105712890625" lon="91.02283568121492862701416015625">
        <ele>3635.800048828125</ele>
        <time>2026-10-06T22:38:48.000Z</time>
        <extensions>
          <ns3:TrackPointExtension>
            <ns3:hr>134</ns3:hr>
            <ns3:cad>90</ns3:cad>
          </ns3:TrackPointExtension>
        </extensions>
      </trkpt>
      <trkpt lat="29.64761235751211643218994140625" lon="91.02286510169506072998046875">
        <ele>3635.800048828125</ele>
        <time>2026-10-06T22:38:49.000Z</time>
        <extensions>
          <ns3:TrackPointExtension>
            <ns3:hr>134</ns3:hr>
            <ns3:cad>91</ns3:cad>
          </ns3:TrackPointExtension>
        </extensions>
      </trkpt>
      <trkpt lat="29.64760816656053066253662109375" lon="91.022896282374858856201171875">
        <ele>3635.800048828125</ele>
        <time>2026-10-06T22:38:50.000Z</time>
        <extensions>
          <ns3:TrackPointExtension>
            <ns3:hr>134</ns3:hr>
            <ns3:cad>91</ns3:cad>
          </ns3:TrackPointExtension>
        </extensions>
      </trkpt>
      <trkpt lat="29.6476027183234691619873046875" lon="91.0229261219501495361328125">
        <ele>3635.60009765625</ele>
        <time>2026-10-06T22:38:51.000Z</time>
        <extensions>
          <ns3:TrackPointExtension>
            <ns3:hr>133</ns3:hr>
            <ns3:cad>91</ns3:cad>
          </ns3:TrackPointExtension>
        </extensions>
      </trkpt>
      <trkpt lat="29.64759777300059795379638671875" lon="91.022955961525440216064453125">
        <ele>3635.60009765625</ele>
        <time>2026-10-06T22:38:52.000Z</time>
        <extensions>
          <ns3:TrackPointExtension>
            <ns3:hr>134</ns3:hr>
            <ns3:cad>91</ns3:cad>
          </ns3:TrackPointExtension>
        </extensions>
      </trkpt>
      <trkpt lat="29.64759710244834423065185546875" lon="91.0229866392910480499267578125">
        <ele>3635.800048828125</ele>
        <time>2026-10-06T22:38:53.000Z</time>
        <extensions>
          <ns3:TrackPointExtension>
            <ns3:hr>134</ns3:hr>
            <ns3:cad>90</ns3:cad>
          </ns3:TrackPointExtension>
        </extensions>
      </trkpt>
      <trkpt lat="29.64759743772447109222412109375" lon="91.0230191610753536224365234375">
        <ele>3635.800048828125</ele>
        <time>2026-10-06T22:38:54.000Z</time>
        <extensions>
          <ns3:TrackPointExtension>
            <ns3:hr>134</ns3:hr>
            <ns3:cad>90</ns3:cad>
          </ns3:TrackPointExtension>
        </extensions>
      </trkpt>
      <trkpt lat="29.64759609661996364593505859375" lon="91.02305511943995952606201171875">
        <ele>3635.800048828125</ele>
        <time>2026-10-06T22:38:55.000Z</time>
        <extensions>
          <ns3:TrackPointExtension>
            <ns3:hr>134</ns3:hr>
            <ns3:cad>90</ns3:cad>
          </ns3:TrackPointExtension>
        </extensions>
      </trkpt>
      <trkpt lat="29.64759810827672481536865234375" lon="91.0230895690619945526123046875">
        <ele>3635.60009765625</ele>
        <time>2026-10-06T22:38:56.000Z</time>
        <extensions>
          <ns3:TrackPointExtension>
            <ns3:hr>135</ns3:hr>
            <ns3:cad>90</ns3:cad>
          </ns3:TrackPointExtension>
        </extensions>
      </trkpt>
      <trkpt lat="29.6475966833531856536865234375" lon="91.023124270141124725341796875">
        <ele>3635.60009765625</ele>
        <time>2026-10-06T22:38:57.000Z</time>
        <extensions>
          <ns3:TrackPointExtension>
            <ns3:hr>135</ns3:hr>
            <ns3:cad>90</ns3:cad>
          </ns3:TrackPointExtension>
        </extensions>
      </trkpt>
      <trkpt lat="29.64759492315351963043212890625" lon="91.0231559537351131439208984375">
        <ele>3635.60009765625</ele>
        <time>2026-10-06T22:38:58.000Z</time>
        <extensions>
          <ns3:TrackPointExtension>
            <ns3:hr>135</ns3:hr>
            <ns3:cad>90</ns3:cad>
          </ns3:TrackPointExtension>
        </extensions>
      </trkpt>
      <trkpt lat="29.64759576134383678436279296875" lon="91.0231837816536426544189453125">
        <ele>3635.39990234375</ele>
        <time>2026-10-06T22:38:59.000Z</time>
        <extensions>
          <ns3:TrackPointExtension>
            <ns3:hr>135</ns3:hr>
            <ns3:cad>90</ns3:cad>
          </ns3:TrackPointExtension>
        </extensions>
      </trkpt>
      <trkpt lat="29.6475976891815662384033203125" lon="91.02321588434278964996337890625">
        <ele>3635.39990234375</ele>
        <time>2026-10-06T22:39:00.000Z</time>
        <extensions>
          <ns3:TrackPointExtension>
            <ns3:hr>135</ns3:hr>
            <ns3:cad>93</ns3:cad>
          </ns3:TrackPointExtension>
        </extensions>
      </trkpt>
      <trkpt lat="29.64759710244834423065185546875" lon="91.0232458077371120452880859375">
        <ele>3635.39990234375</ele>
        <time>2026-10-06T22:39:01.000Z</time>
        <extensions>
          <ns3:TrackPointExtension>
            <ns3:hr>135</ns3:hr>
            <ns3:cad>93</ns3:cad>
          </ns3:TrackPointExtension>
        </extensions>
      </trkpt>
      <trkpt lat="29.64759626425802707672119140625" lon="91.02328092791140079498291015625">
        <ele>3635.39990234375</ele>
        <time>2026-10-06T22:39:02.000Z</time>
        <extensions>
          <ns3:TrackPointExtension>
            <ns3:hr>136</ns3:hr>
            <ns3:cad>93</ns3:cad>
          </ns3:TrackPointExtension>
        </extensions>
      </trkpt>
      <trkpt lat="29.6475966833531856536865234375" lon="91.023308001458644866943359375">
        <ele>3635.60009765625</ele>
        <time>2026-10-06T22:39:03.000Z</time>
        <extensions>
          <ns3:TrackPointExtension>
            <ns3:hr>136</ns3:hr>
            <ns3:cad>93</ns3:cad>
          </ns3:TrackPointExtension>
        </extensions>
      </trkpt>
      <trkpt lat="29.6475960128009319305419921875" lon="91.02333775721490383148193359375">
        <ele>3635.60009765625</ele>
        <time>2026-10-06T22:39:04.000Z</time>
        <extensions>
          <ns3:TrackPointExtension>
            <ns3:hr>136</ns3:hr>
            <ns3:cad>92</ns3:cad>
          </ns3:TrackPointExtension>
        </extensions>
      </trkpt>
      <trkpt lat="29.647596180438995361328125" lon="91.02336709387600421905517578125">
        <ele>3635.60009765625</ele>
        <time>2026-10-06T22:39:05.000Z</time>
        <extensions>
          <ns3:TrackPointExtension>
            <ns3:hr>135</ns3:hr>
            <ns3:cad>92</ns3:cad>
          </ns3:TrackPointExtension>
        </extensions>
      </trkpt>
      <trkpt lat="29.64758737944066524505615234375" lon="91.02339944802224636077880859375">
        <ele>3635.60009765625</ele>
        <time>2026-10-06T22:39:06.000Z</time>
        <extensions>
          <ns3:TrackPointExtension>
            <ns3:hr>135</ns3:hr>
            <ns3:cad>92</ns3:cad>
          </ns3:TrackPointExtension>
        </extensions>
      </trkpt>
      <trkpt lat="29.6475867927074432373046875" lon="91.02343331091105937957763671875">
        <ele>3635.60009765625</ele>
        <time>2026-10-06T22:39:07.000Z</time>
        <extensions>
          <ns3:TrackPointExtension>
            <ns3:hr>135</ns3:hr>
            <ns3:cad>92</ns3:cad>
          </ns3:TrackPointExtension>
        </extensions>
      </trkpt>
      <trkpt lat="29.64758235029876232147216796875" lon="91.02347019128501415252685546875">
        <ele>3635.60009765625</ele>
        <time>2026-10-06T22:39:08.000Z</time>
        <extensions>
          <ns3:TrackPointExtension>
            <ns3:hr>135</ns3:hr>
            <ns3:cad>92</ns3:cad>
          </ns3:TrackPointExtension>
        </extensions>
      </trkpt>
      <trkpt lat="29.6475815959274768829345703125" lon="91.02350271306931972503662109375">
        <ele>3635.60009765625</ele>
        <time>2026-10-06T22:39:09.000Z</time>
        <extensions>
          <ns3:TrackPointExtension>
            <ns3:hr>136</ns3:hr>
            <ns3:cad>92</ns3:cad>
          </ns3:TrackPointExtension>
        </extensions>
      </trkpt>
      <trkpt lat="29.64757614769041538238525390625" lon="91.02353875525295734405517578125">
        <ele>3635.39990234375</ele>
        <time>2026-10-06T22:39:10.000Z</time>
        <extensions>
          <ns3:TrackPointExtension>
            <ns3:hr>136</ns3:hr>
            <ns3:cad>92</ns3:cad>
          </ns3:TrackPointExtension>
        </extensions>
      </trkpt>
      <trkpt lat="29.64757648296654224395751953125" lon="91.02356926538050174713134765625">
        <ele>3635.39990234375</ele>
        <time>2026-10-06T22:39:11.000Z</time>
        <extensions>
          <ns3:TrackPointExtension>
            <ns3:hr>136</ns3:hr>
            <ns3:cad>91</ns3:cad>
          </ns3:TrackPointExtension>
        </extensions>
      </trkpt>
      <trkpt lat="29.64757313020527362823486328125" lon="91.02360136806964874267578125">
        <ele>3635.39990234375</ele>
        <time>2026-10-06T22:39:12.000Z</time>
        <extensions>
          <ns3:TrackPointExtension>
            <ns3:hr>136</ns3:hr>
            <ns3:cad>91</ns3:cad>
          </ns3:TrackPointExtension>
        </extensions>
      </trkpt>
      <trkpt lat="29.64757296256721019744873046875" lon="91.02363078854978084564208984375">
        <ele>3635.39990234375</ele>
        <time>2026-10-06T22:39:13.000Z</time>
        <extensions>
          <ns3:TrackPointExtension>
            <ns3:hr>136</ns3:hr>
            <ns3:cad>91</ns3:cad>
          </ns3:TrackPointExtension>
        </extensions>
      </trkpt>
      <trkpt lat="29.64756877161562442779541015625" lon="91.0236625559628009796142578125">
        <ele>3635.39990234375</ele>
        <time>2026-10-06T22:39:14.000Z</time>
        <extensions>
          <ns3:TrackPointExtension>
            <ns3:hr>137</ns3:hr>
            <ns3:cad>91</ns3:cad>
          </ns3:TrackPointExtension>
        </extensions>
      </trkpt>
      <trkpt lat="29.64757145382463932037353515625" lon="91.02369817905128002166748046875">
        <ele>3635.60009765625</ele>
        <time>2026-10-06T22:39:15.000Z</time>
        <extensions>
          <ns3:TrackPointExtension>
            <ns3:hr>137</ns3:hr>
            <ns3:cad>91</ns3:cad>
          </ns3:TrackPointExtension>
        </extensions>
      </trkpt>
      <trkpt lat="29.64756659232079982757568359375" lon="91.0237281024456024169921875">
        <ele>3635.39990234375</ele>
        <time>2026-10-06T22:39:16.000Z</time>
        <extensions>
          <ns3:TrackPointExtension>
            <ns3:hr>137</ns3:hr>
            <ns3:cad>92</ns3:cad>
          </ns3:TrackPointExtension>
        </extensions>
      </trkpt>
      <trkpt lat="29.647564999759197235107421875" lon="91.0237602889537811279296875">
        <ele>3635.39990234375</ele>
        <time>2026-10-06T22:39:17.000Z</time>
        <extensions>
          <ns3:TrackPointExtension>
            <ns3:hr>136</ns3:hr>
            <ns3:cad>92</ns3:cad>
          </ns3:TrackPointExtension>
        </extensions>
      </trkpt>
      <trkpt lat="29.6475613117218017578125" lon="91.02378778159618377685546875">
        <ele>3635.39990234375</ele>
        <time>2026-10-06T22:39:18.000Z</time>
        <extensions>
          <ns3:TrackPointExtension>
            <ns3:hr>136</ns3:hr>
            <ns3:cad>92</ns3:cad>
          </ns3:TrackPointExtension>
        </extensions>
      </trkpt>
      <trkpt lat="29.64755888096988201141357421875" lon="91.023822315037250518798828125">
        <ele>3635.39990234375</ele>
        <time>2026-10-06T22:39:19.000Z</time>
        <extensions>
          <ns3:TrackPointExtension>
            <ns3:hr>136</ns3:hr>
            <ns3:cad>92</ns3:cad>
          </ns3:TrackPointExtension>
        </extensions>
      </trkpt>
      <trkpt lat="29.64755888096988201141357421875" lon="91.02384871803224086761474609375">
        <ele>3635.39990234375</ele>
        <time>2026-10-06T22:39:20.000Z</time>
        <extensions>
          <ns3:TrackPointExtension>
            <ns3:hr>136</ns3:hr>
            <ns3:cad>91</ns3:cad>
          </ns3:TrackPointExtension>
        </extensions>
      </trkpt>
      <trkpt lat="29.64756106026470661163330078125" lon="91.02388408966362476348876953125">
        <ele>3635.60009765625</ele>
        <time>2026-10-06T22:39:21.000Z</time>
        <extensions>
          <ns3:TrackPointExtension>
            <ns3:hr>137</ns3:hr>
            <ns3:cad>91</ns3:cad>
          </ns3:TrackPointExtension>
        </extensions>
      </trkpt>
      <trkpt lat="29.6475618146359920501708984375" lon="91.0239120014011859893798828125">
        <ele>3635.60009765625</ele>
        <time>2026-10-06T22:39:22.000Z</time>
        <extensions>
          <ns3:TrackPointExtension>
            <ns3:hr>137</ns3:hr>
            <ns3:cad>92</ns3:cad>
          </ns3:TrackPointExtension>
        </extensions>
      </trkpt>
      <trkpt lat="29.64755821041762828826904296875" lon="91.0239507257938385009765625">
        <ele>3635.39990234375</ele>
        <time>2026-10-06T22:39:23.000Z</time>
        <extensions>
          <ns3:TrackPointExtension>
            <ns3:hr>137</ns3:hr>
            <ns3:cad>93</ns3:cad>
          </ns3:TrackPointExtension>
        </extensions>
      </trkpt>
      <trkpt lat="29.64755955152213573455810546875" lon="91.0239783860743045806884765625">
        <ele>3635.39990234375</ele>
        <time>2026-10-06T22:39:24.000Z</time>
        <extensions>
          <ns3:TrackPointExtension>
            <ns3:hr>136</ns3:hr>
            <ns3:cad>93</ns3:cad>
          </ns3:TrackPointExtension>
        </extensions>
      </trkpt>
      <trkpt lat="29.6475581265985965728759765625" lon="91.02400864474475383758544921875">
        <ele>3635.39990234375</ele>
        <time>2026-10-06T22:39:25.000Z</time>
        <extensions>
          <ns3:TrackPointExtension>
            <ns3:hr>137</ns3:hr>
            <ns3:cad>93</ns3:cad>
          </ns3:TrackPointExtension>
        </extensions>
      </trkpt>
      <trkpt lat="29.6475608088076114654541015625" lon="91.024037562310695648193359375">
        <ele>3635.39990234375</ele>
        <time>2026-10-06T22:39:26.000Z</time>
        <extensions>
          <ns3:TrackPointExtension>
            <ns3:hr>137</ns3:hr>
            <ns3:cad>92</ns3:cad>
          </ns3:TrackPointExtension>
        </extensions>
      </trkpt>
      <trkpt lat="29.6475557796657085418701171875" lon="91.0240672342479228973388671875">
        <ele>3635.39990234375</ele>
        <time>2026-10-06T22:39:27.000Z</time>
        <extensions>
          <ns3:TrackPointExtension>
            <ns3:hr>137</ns3:hr>
            <ns3:cad>92</ns3:cad>
          </ns3:TrackPointExtension>
        </extensions>
      </trkpt>
      <trkpt lat="29.64755603112280368804931640625" lon="91.02409950457513332366943359375">
        <ele>3635.60009765625</ele>
        <time>2026-10-06T22:39:28.000Z</time>
        <extensions>
          <ns3:TrackPointExtension>
            <ns3:hr>137</ns3:hr>
            <ns3:cad>92</ns3:cad>
          </ns3:TrackPointExtension>
        </extensions>
      </trkpt>
      <trkpt lat="29.64754697866737842559814453125" lon="91.02413185872137546539306640625">
        <ele>3635.60009765625</ele>
        <time>2026-10-06T22:39:29.000Z</time>
        <extensions>
          <ns3:TrackPointExtension>
            <ns3:hr>137</ns3:hr>
            <ns3:cad>93</ns3:cad>
          </ns3:TrackPointExtension>
        </extensions>
      </trkpt>
      <trkpt lat="29.64754278771579265594482421875" lon="91.02416303940117359161376953125">
        <ele>3635.60009765625</ele>
        <time>2026-10-06T22:39:30.000Z</time>
        <extensions>
          <ns3:TrackPointExtension>
            <ns3:hr>137</ns3:hr>
            <ns3:cad>93</ns3:cad>
          </ns3:TrackPointExtension>
        </extensions>
      </trkpt>
      <trkpt lat="29.64754127897322177886962890625" lon="91.02419187314808368682861328125">
        <ele>3635.60009765625</ele>
        <time>2026-10-06T22:39:31.000Z</time>
        <extensions>
          <ns3:TrackPointExtension>
            <ns3:hr>138</ns3:hr>
            <ns3:cad>93</ns3:cad>
          </ns3:TrackPointExtension>
        </extensions>
      </trkpt>
      <trkpt lat="29.64754127897322177886962890625" lon="91.0242228023707866668701171875">
        <ele>3635.60009765625</ele>
        <time>2026-10-06T22:39:32.000Z</time>
        <extensions>
          <ns3:TrackPointExtension>
            <ns3:hr>138</ns3:hr>
            <ns3:cad>92</ns3:cad>
          </ns3:TrackPointExtension>
        </extensions>
      </trkpt>
      <trkpt lat="29.64753993786871433258056640625" lon="91.0242523066699504852294921875">
        <ele>3635.60009765625</ele>
        <time>2026-10-06T22:39:33.000Z</time>
        <extensions>
          <ns3:TrackPointExtension>
            <ns3:hr>138</ns3:hr>
            <ns3:cad>92</ns3:cad>
          </ns3:TrackPointExtension>
        </extensions>
      </trkpt>
      <trkpt lat="29.647538177669048309326171875" lon="91.02428642101585865020751953125">
        <ele>3635.60009765625</ele>
        <time>2026-10-06T22:39:34.000Z</time>
        <extensions>
          <ns3:TrackPointExtension>
            <ns3:hr>138</ns3:hr>
            <ns3:cad>91</ns3:cad>
          </ns3:TrackPointExtension>
        </extensions>
      </trkpt>
      <trkpt lat="29.64753306470811367034912109375" lon="91.0243163444101810455322265625">
        <ele>3635.60009765625</ele>
        <time>2026-10-06T22:39:35.000Z</time>
        <extensions>
          <ns3:TrackPointExtension>
            <ns3:hr>138</ns3:hr>
            <ns3:cad>91</ns3:cad>
          </ns3:TrackPointExtension>
        </extensions>
      </trkpt>
      <trkpt lat="29.64752979576587677001953125" lon="91.0243455134332180023193359375">
        <ele>3635.60009765625</ele>
        <time>2026-10-06T22:39:36.000Z</time>
        <extensions>
          <ns3:TrackPointExtension>
            <ns3:hr>138</ns3:hr>
            <ns3:cad>92</ns3:cad>
          </ns3:TrackPointExtension>
        </extensions>
      </trkpt>
      <trkpt lat="29.64752568863332271575927734375" lon="91.024375855922698974609375">
        <ele>3635.60009765625</ele>
        <time>2026-10-06T22:39:37.000Z</time>
        <extensions>
          <ns3:TrackPointExtension>
            <ns3:hr>139</ns3:hr>
            <ns3:cad>92</ns3:cad>
          </ns3:TrackPointExtension>
        </extensions>
      </trkpt>
      <trkpt lat="29.64752300642430782318115234375" lon="91.0244095511734485626220703125">
        <ele>3635.60009765625</ele>
        <time>2026-10-06T22:39:38.000Z</time>
        <extensions>
          <ns3:TrackPointExtension>
            <ns3:hr>138</ns3:hr>
            <ns3:cad>92</ns3:cad>
          </ns3:TrackPointExtension>
        </extensions>
      </trkpt>
      <trkpt lat="29.647523425519466400146484375" lon="91.02443754673004150390625">
        <ele>3635.60009765625</ele>
        <time>2026-10-06T22:39:39.000Z</time>
        <extensions>
          <ns3:TrackPointExtension>
            <ns3:hr>138</ns3:hr>
            <ns3:cad>93</ns3:cad>
          </ns3:TrackPointExtension>
        </extensions>
      </trkpt>
      <trkpt lat="29.6475251019001007080078125" lon="91.02447618730366230010986328125">
        <ele>3635.39990234375</ele>
        <time>2026-10-06T22:39:40.000Z</time>
        <extensions>
          <ns3:TrackPointExtension>
            <ns3:hr>139</ns3:hr>
            <ns3:cad>92</ns3:cad>
          </ns3:TrackPointExtension>
        </extensions>
      </trkpt>
      <trkpt lat="29.64752518571913242340087890625" lon="91.0245040990412235260009765625">
        <ele>3635.39990234375</ele>
        <time>2026-10-06T22:39:41.000Z</time>
        <extensions>
          <ns3:TrackPointExtension>
            <ns3:hr>138</ns3:hr>
            <ns3:cad>93</ns3:cad>
          </ns3:TrackPointExtension>
        </extensions>
      </trkpt>
      <trkpt lat="29.6475235931575298309326171875" lon="91.02453771047294139862060546875">
        <ele>3635.39990234375</ele>
        <time>2026-10-06T22:39:42.000Z</time>
        <extensions>
          <ns3:TrackPointExtension>
            <ns3:hr>138</ns3:hr>
            <ns3:cad>92</ns3:cad>
          </ns3:TrackPointExtension>
        </extensions>
      </trkpt>
      <trkpt lat="29.64752267114818096160888671875" lon="91.0245647840201854705810546875">
        <ele>3635.39990234375</ele>
        <time>2026-10-06T22:39:43.000Z</time>
        <extensions>
          <ns3:TrackPointExtension>
            <ns3:hr>138</ns3:hr>
            <ns3:cad>91</ns3:cad>
          </ns3:TrackPointExtension>
        </extensions>
      </trkpt>
      <trkpt lat="29.64751797728240489959716796875" lon="91.02459521032869815826416015625">
        <ele>3635.39990234375</ele>
        <time>2026-10-06T22:39:44.000Z</time>
        <extensions>
          <ns3:TrackPointExtension>
            <ns3:hr>139</ns3:hr>
            <ns3:cad>91</ns3:cad>
          </ns3:TrackPointExtension>
        </extensions>
      </trkpt>
      <trkpt lat="29.6475175581872463226318359375" lon="91.02462421171367168426513671875">
        <ele>3635.39990234375</ele>
        <time>2026-10-06T22:39:45.000Z</time>
        <extensions>
          <ns3:TrackPointExtension>
            <ns3:hr>139</ns3:hr>
            <ns3:cad>92</ns3:cad>
          </ns3:TrackPointExtension>
        </extensions>
      </trkpt>
      <trkpt lat="29.6475182287395000457763671875" lon="91.024652458727359771728515625">
        <ele>3635.39990234375</ele>
        <time>2026-10-06T22:39:46.000Z</time>
        <extensions>
          <ns3:TrackPointExtension>
            <ns3:hr>139</ns3:hr>
            <ns3:cad>92</ns3:cad>
          </ns3:TrackPointExtension>
        </extensions>
      </trkpt>
      <trkpt lat="29.647518061101436614990234375" lon="91.02468137629330158233642578125">
        <ele>3635.39990234375</ele>
        <time>2026-10-06T22:39:47.000Z</time>
        <extensions>
          <ns3:TrackPointExtension>
            <ns3:hr>139</ns3:hr>
            <ns3:cad>91</ns3:cad>
          </ns3:TrackPointExtension>
        </extensions>
      </trkpt>
      <trkpt lat="29.64751596562564373016357421875" lon="91.02471046149730682373046875">
        <ele>3635.60009765625</ele>
        <time>2026-10-06T22:39:48.000Z</time>
        <extensions>
          <ns3:TrackPointExtension>
            <ns3:hr>139</ns3:hr>
            <ns3:cad>91</ns3:cad>
          </ns3:TrackPointExtension>
        </extensions>
      </trkpt>
      <trkpt lat="29.64751579798758029937744140625" lon="91.02473988197743892669677734375">
        <ele>3635.60009765625</ele>
        <time>2026-10-06T22:39:49.000Z</time>
        <extensions>
          <ns3:TrackPointExtension>
            <ns3:hr>140</ns3:hr>
            <ns3:cad>92</ns3:cad>
          </ns3:TrackPointExtension>
        </extensions>
      </trkpt>
      <trkpt lat="29.64751244522631168365478515625" lon="91.024766452610492706298828125">
        <ele>3635.39990234375</ele>
        <time>2026-10-06T22:39:50.000Z</time>
        <extensions>
          <ns3:TrackPointExtension>
            <ns3:hr>139</ns3:hr>
            <ns3:cad>93</ns3:cad>
          </ns3:TrackPointExtension>
        </extensions>
      </trkpt>
      <trkpt lat="29.6475101821124553680419921875" lon="91.02479704655706882476806640625">
        <ele>3635.39990234375</ele>
        <time>2026-10-06T22:39:51.000Z</time>
        <extensions>
          <ns3:TrackPointExtension>
            <ns3:hr>139</ns3:hr>
            <ns3:cad>93</ns3:cad>
          </ns3:TrackPointExtension>
        </extensions>
      </trkpt>
      <trkpt lat="29.6475054882466793060302734375" lon="91.02481917478144168853759765625">
        <ele>3635.39990234375</ele>
        <time>2026-10-06T22:39:52.000Z</time>
        <extensions>
          <ns3:TrackPointExtension>
            <ns3:hr>140</ns3:hr>
            <ns3:cad>93</ns3:cad>
          </ns3:TrackPointExtension>
        </extensions>
      </trkpt>
      <trkpt lat="29.6475051529705524444580078125" lon="91.02485035546123981475830078125">
        <ele>3635.39990234375</ele>
        <time>2026-10-06T22:39:53.000Z</time>
        <extensions>
          <ns3:TrackPointExtension>
            <ns3:hr>140</ns3:hr>
            <ns3:cad>92</ns3:cad>
          </ns3:TrackPointExtension>
        </extensions>
      </trkpt>
      <trkpt lat="29.64750171639025211334228515625" lon="91.024881117045879364013671875">
        <ele>3635.39990234375</ele>
        <time>2026-10-06T22:39:54.000Z</time>
        <extensions>
          <ns3:TrackPointExtension>
            <ns3:hr>140</ns3:hr>
            <ns3:cad>92</ns3:cad>
          </ns3:TrackPointExtension>
        </extensions>
      </trkpt>
      <trkpt lat="29.6474982798099517822265625" lon="91.0249107889831066131591796875">
        <ele>3635.39990234375</ele>
        <time>2026-10-06T22:39:55.000Z</time>
        <extensions>
          <ns3:TrackPointExtension>
            <ns3:hr>140</ns3:hr>
            <ns3:cad>92</ns3:cad>
          </ns3:TrackPointExtension>
        </extensions>
      </trkpt>
      <trkpt lat="29.64749484322965145111083984375" lon="91.02494071237742900848388671875">
        <ele>3635.39990234375</ele>
        <time>2026-10-06T22:39:56.000Z</time>
        <extensions>
          <ns3:TrackPointExtension>
            <ns3:hr>139</ns3:hr>
            <ns3:cad>92</ns3:cad>
          </ns3:TrackPointExtension>
        </extensions>
      </trkpt>
      <trkpt lat="29.647494591772556304931640625" lon="91.0249708034098148345947265625">
        <ele>3635.39990234375</ele>
        <time>2026-10-06T22:39:57.000Z</time>
        <extensions>
          <ns3:TrackPointExtension>
            <ns3:hr>140</ns3:hr>
            <ns3:cad>92</ns3:cad>
          </ns3:TrackPointExtension>
        </extensions>
      </trkpt>
      <trkpt lat="29.64749383740127086639404296875" lon="91.024997122585773468017578125">
        <ele>3635.39990234375</ele>
        <time>2026-10-06T22:39:58.000Z</time>
        <extensions>
          <ns3:TrackPointExtension>
            <ns3:hr>140</ns3:hr>
            <ns3:cad>91</ns3:cad>
          </ns3:TrackPointExtension>
        </extensions>
      </trkpt>
      <trkpt lat="29.64749132283031940460205078125" lon="91.02503006346523761749267578125">
        <ele>3635.39990234375</ele>
        <time>2026-10-06T22:39:59.000Z</time>
        <extensions>
          <ns3:TrackPointExtension>
            <ns3:hr>139</ns3:hr>
            <ns3:cad>91</ns3:cad>
          </ns3:TrackPointExtension>
        </extensions>
      </trkpt>
      <trkpt lat="29.647493250668048858642578125" lon="91.02505705319344997406005859375">
        <ele>3635.39990234375</ele>
        <time>2026-10-06T22:40:00.000Z</time>
        <extensions>
          <ns3:TrackPointExtension>
            <ns3:hr>140</ns3:hr>
            <ns3:cad>91</ns3:cad>
          </ns3:TrackPointExtension>
        </extensions>
      </trkpt>
      <trkpt lat="29.6474930830299854278564453125" lon="91.02509200572967529296875">
        <ele>3635.39990234375</ele>
        <time>2026-10-06T22:40:01.000Z</time>
        <extensions>
          <ns3:TrackPointExtension>
            <ns3:hr>139</ns3:hr>
            <ns3:cad>91</ns3:cad>
          </ns3:TrackPointExtension>
        </extensions>
      </trkpt>
      <trkpt lat="29.64749434031546115875244140625" lon="91.02511991746723651885986328125">
        <ele>3635.39990234375</ele>
        <time>2026-10-06T22:40:02.000Z</time>
        <extensions>
          <ns3:TrackPointExtension>
            <ns3:hr>139</ns3:hr>
            <ns3:cad>92</ns3:cad>
          </ns3:TrackPointExtension>
        </extensions>
      </trkpt>
      <trkpt lat="29.6474954299628734588623046875" lon="91.02515344507992267608642578125">
        <ele>3635.39990234375</ele>
        <time>2026-10-06T22:40:03.000Z</time>
        <extensions>
          <ns3:TrackPointExtension>
            <ns3:hr>139</ns3:hr>
            <ns3:cad>92</ns3:cad>
          </ns3:TrackPointExtension>
        </extensions>
      </trkpt>
      <trkpt lat="29.6474944241344928741455078125" lon="91.02518118917942047119140625">
        <ele>3635.39990234375</ele>
        <time>2026-10-06T22:40:04.000Z</time>
        <extensions>
          <ns3:TrackPointExtension>
            <ns3:hr>140</ns3:hr>
            <ns3:cad>92</ns3:cad>
          </ns3:TrackPointExtension>
        </extensions>
      </trkpt>
      <trkpt lat="29.6474930830299854278564453125" lon="91.02521278895437717437744140625">
        <ele>3635.39990234375</ele>
        <time>2026-10-06T22:40:05.000Z</time>
        <extensions>
          <ns3:TrackPointExtension>
            <ns3:hr>139</ns3:hr>
            <ns3:cad>91</ns3:cad>
          </ns3:TrackPointExtension>
        </extensions>
      </trkpt>
      <trkpt lat="29.64749434031546115875244140625" lon="91.025237180292606353759765625">
        <ele>3635.39990234375</ele>
        <time>2026-10-06T22:40:06.000Z</time>
        <extensions>
          <ns3:TrackPointExtension>
            <ns3:hr>139</ns3:hr>
            <ns3:cad>92</ns3:cad>
          </ns3:TrackPointExtension>
        </extensions>
      </trkpt>
      <trkpt lat="29.64749249629676342010498046875" lon="91.02526727132499217987060546875">
        <ele>3635.39990234375</ele>
        <time>2026-10-06T22:40:07.000Z</time>
        <extensions>
          <ns3:TrackPointExtension>
            <ns3:hr>140</ns3:hr>
            <ns3:cad>92</ns3:cad>
          </ns3:TrackPointExtension>
        </extensions>
      </trkpt>
      <trkpt lat="29.6474944241344928741455078125" lon="91.02529677562415599822998046875">
        <ele>3635.199951171875</ele>
        <time>2026-10-06T22:40:08.000Z</time>
        <extensions>
          <ns3:TrackPointExtension>
            <ns3:hr>139</ns3:hr>
            <ns3:cad>92</ns3:cad>
          </ns3:TrackPointExtension>
        </extensions>
      </trkpt>
      <trkpt lat="29.64749157428741455078125" lon="91.0253268666565418243408203125">
        <ele>3635.199951171875</ele>
        <time>2026-10-06T22:40:09.000Z</time>
        <extensions>
          <ns3:TrackPointExtension>
            <ns3:hr>139</ns3:hr>
            <ns3:cad>92</ns3:cad>
          </ns3:TrackPointExtension>
        </extensions>
      </trkpt>
      <trkpt lat="29.647491239011287689208984375" lon="91.0253540240228176116943359375">
        <ele>3635.199951171875</ele>
        <time>2026-10-06T22:40:10.000Z</time>
        <extensions>
          <ns3:TrackPointExtension>
            <ns3:hr>140</ns3:hr>
            <ns3:cad>92</ns3:cad>
          </ns3:TrackPointExtension>
        </extensions>
      </trkpt>
      <trkpt lat="29.647485874593257904052734375" lon="91.02538210339844226837158203125">
        <ele>3635.199951171875</ele>
        <time>2026-10-06T22:40:11.000Z</time>
        <extensions>
          <ns3:TrackPointExtension>
            <ns3:hr>140</ns3:hr>
            <ns3:cad>92</ns3:cad>
          </ns3:TrackPointExtension>
        </extensions>
      </trkpt>
      <trkpt lat="29.64748159982264041900634765625" lon="91.0254106856882572174072265625">
        <ele>3635.199951171875</ele>
        <time>2026-10-06T22:40:12.000Z</time>
        <extensions>
          <ns3:TrackPointExtension>
            <ns3:hr>140</ns3:hr>
            <ns3:cad>92</ns3:cad>
          </ns3:TrackPointExtension>
        </extensions>
      </trkpt>
      <trkpt lat="29.64747439138591289520263671875" lon="91.02543826214969158172607421875">
        <ele>3635.199951171875</ele>
        <time>2026-10-06T22:40:13.000Z</time>
        <extensions>
          <ns3:TrackPointExtension>
            <ns3:hr>140</ns3:hr>
            <ns3:cad>92</ns3:cad>
          </ns3:TrackPointExtension>
        </extensions>
      </trkpt>
      <trkpt lat="29.64747154153883457183837890625" lon="91.0254690237343311309814453125">
        <ele>3635.199951171875</ele>
        <time>2026-10-06T22:40:14.000Z</time>
        <extensions>
          <ns3:TrackPointExtension>
            <ns3:hr>139</ns3:hr>
            <ns3:cad>92</ns3:cad>
          </ns3:TrackPointExtension>
        </extensions>
      </trkpt>
      <trkpt lat="29.6474665962159633636474609375" lon="91.025496684014797210693359375">
        <ele>3635.199951171875</ele>
        <time>2026-10-06T22:40:15.000Z</time>
        <extensions>
          <ns3:TrackPointExtension>
            <ns3:hr>139</ns3:hr>
            <ns3:cad>92</ns3:cad>
          </ns3:TrackPointExtension>
        </extensions>
      </trkpt>
      <trkpt lat="29.647463746368885040283203125" lon="91.0255287028849124908447265625">
        <ele>3635.199951171875</ele>
        <time>2026-10-06T22:40:16.000Z</time>
        <extensions>
          <ns3:TrackPointExtension>
            <ns3:hr>139</ns3:hr>
            <ns3:cad>92</ns3:cad>
          </ns3:TrackPointExtension>
        </extensions>
      </trkpt>
      <trkpt lat="29.64746005833148956298828125" lon="91.02555426768958568572998046875">
        <ele>3635.199951171875</ele>
        <time>2026-10-06T22:40:17.000Z</time>
        <extensions>
          <ns3:TrackPointExtension>
            <ns3:hr>140</ns3:hr>
            <ns3:cad>92</ns3:cad>
          </ns3:TrackPointExtension>
        </extensions>
      </trkpt>
      <trkpt lat="29.64746047742664813995361328125" lon="91.0255846939980983734130859375">
        <ele>3635.199951171875</ele>
        <time>2026-10-06T22:40:18.000Z</time>
        <extensions>
          <ns3:TrackPointExtension>
            <ns3:hr>139</ns3:hr>
            <ns3:cad>92</ns3:cad>
          </ns3:TrackPointExtension>
        </extensions>
      </trkpt>
      <trkpt lat="29.64745737612247467041015625" lon="91.0256135277450084686279296875">
        <ele>3635.199951171875</ele>
        <time>2026-10-06T22:40:19.000Z</time>
        <extensions>
          <ns3:TrackPointExtension>
            <ns3:hr>139</ns3:hr>
            <ns3:cad>92</ns3:cad>
          </ns3:TrackPointExtension>
        </extensions>
      </trkpt>
      <trkpt lat="29.647457040846347808837890625" lon="91.02564764209091663360595703125">
        <ele>3635.199951171875</ele>
        <time>2026-10-06T22:40:20.000Z</time>
        <extensions>
          <ns3:TrackPointExtension>
            <ns3:hr>140</ns3:hr>
            <ns3:cad>92</ns3:cad>
          </ns3:TrackPointExtension>
        </extensions>
      </trkpt>
      <trkpt lat="29.647454358637332916259765625" lon="91.0256738774478435516357421875">
        <ele>3635.199951171875</ele>
        <time>2026-10-06T22:40:21.000Z</time>
        <extensions>
          <ns3:TrackPointExtension>
            <ns3:hr>139</ns3:hr>
            <ns3:cad>91</ns3:cad>
          </ns3:TrackPointExtension>
        </extensions>
      </trkpt>
      <trkpt lat="29.64745603501796722412109375" lon="91.02570849470794200897216796875">
        <ele>3635.199951171875</ele>
        <time>2026-10-06T22:40:22.000Z</time>
        <extensions>
          <ns3:TrackPointExtension>
            <ns3:hr>139</ns3:hr>
            <ns3:cad>92</ns3:cad>
          </ns3:TrackPointExtension>
        </extensions>
      </trkpt>
      <trkpt lat="29.64746047742664813995361328125" lon="91.025734730064868927001953125">
        <ele>3635.199951171875</ele>
        <time>2026-10-06T22:40:23.000Z</time>
        <extensions>
          <ns3:TrackPointExtension>
            <ns3:hr>140</ns3:hr>
            <ns3:cad>91</ns3:cad>
          </ns3:TrackPointExtension>
        </extensions>
      </trkpt>
      <trkpt lat="29.6474629081785678863525390625" lon="91.02576750330626964569091796875">
        <ele>3635.199951171875</ele>
        <time>2026-10-06T22:40:24.000Z</time>
        <extensions>
          <ns3:TrackPointExtension>
            <ns3:hr>139</ns3:hr>
            <ns3:cad>92</ns3:cad>
          </ns3:TrackPointExtension>
        </extensions>
      </trkpt>
      <trkpt lat="29.647468440234661102294921875" lon="91.02579935453832149505615234375">
        <ele>3635</ele>
        <time>2026-10-06T22:40:25.000Z</time>
        <extensions>
          <ns3:TrackPointExtension>
            <ns3:hr>139</ns3:hr>
            <ns3:cad>92</ns3:cad>
          </ns3:TrackPointExtension>
        </extensions>
      </trkpt>
      <trkpt lat="29.64746676385402679443359375" lon="91.02583137340843677520751953125">
        <ele>3635</ele>
        <time>2026-10-06T22:40:26.000Z</time>
        <extensions>
          <ns3:TrackPointExtension>
            <ns3:hr>140</ns3:hr>
            <ns3:cad>92</ns3:cad>
          </ns3:TrackPointExtension>
        </extensions>
      </trkpt>
      <trkpt lat="29.64746651239693164825439453125" lon="91.02586087770760059356689453125">
        <ele>3635</ele>
        <time>2026-10-06T22:40:27.000Z</time>
        <extensions>
          <ns3:TrackPointExtension>
            <ns3:hr>139</ns3:hr>
            <ns3:cad>92</ns3:cad>
          </ns3:TrackPointExtension>
        </extensions>
      </trkpt>
      <trkpt lat="29.64746517129242420196533203125" lon="91.0258951596915721893310546875">
        <ele>3635</ele>
        <time>2026-10-06T22:40:28.000Z</time>
        <extensions>
          <ns3:TrackPointExtension>
            <ns3:hr>139</ns3:hr>
            <ns3:cad>92</ns3:cad>
          </ns3:TrackPointExtension>
        </extensions>
      </trkpt>
      <trkpt lat="29.64746651239693164825439453125" lon="91.02592625655233860015869140625">
        <ele>3635</ele>
        <time>2026-10-06T22:40:29.000Z</time>
        <extensions>
          <ns3:TrackPointExtension>
            <ns3:hr>140</ns3:hr>
            <ns3:cad>92</ns3:cad>
          </ns3:TrackPointExtension>
        </extensions>
      </trkpt>
      <trkpt lat="29.6474619023501873016357421875" lon="91.02595877833664417266845703125">
        <ele>3635</ele>
        <time>2026-10-06T22:40:30.000Z</time>
        <extensions>
          <ns3:TrackPointExtension>
            <ns3:hr>139</ns3:hr>
            <ns3:cad>92</ns3:cad>
          </ns3:TrackPointExtension>
        </extensions>
      </trkpt>
      <trkpt lat="29.647461064159870147705078125" lon="91.02598987519741058349609375">
        <ele>3635</ele>
        <time>2026-10-06T22:40:31.000Z</time>
        <extensions>
          <ns3:TrackPointExtension>
            <ns3:hr>139</ns3:hr>
            <ns3:cad>91</ns3:cad>
          </ns3:TrackPointExtension>
        </extensions>
      </trkpt>
      <trkpt lat="29.64745611883699893951416015625" lon="91.02601912803947925567626953125">
        <ele>3635</ele>
        <time>2026-10-06T22:40:32.000Z</time>
        <extensions>
          <ns3:TrackPointExtension>
            <ns3:hr>139</ns3:hr>
            <ns3:cad>91</ns3:cad>
          </ns3:TrackPointExtension>
        </extensions>
      </trkpt>
      <trkpt lat="29.6474515087902545928955078125" lon="91.02605064399540424346923828125">
        <ele>3635</ele>
        <time>2026-10-06T22:40:33.000Z</time>
        <extensions>
          <ns3:TrackPointExtension>
            <ns3:hr>139</ns3:hr>
            <ns3:cad>92</ns3:cad>
          </ns3:TrackPointExtension>
        </extensions>
      </trkpt>
      <trkpt lat="29.647444300353527069091796875" lon="91.02608182467520236968994140625">
        <ele>3635</ele>
        <time>2026-10-06T22:40:34.000Z</time>
        <extensions>
          <ns3:TrackPointExtension>
            <ns3:hr>139</ns3:hr>
            <ns3:cad>92</ns3:cad>
          </ns3:TrackPointExtension>
        </extensions>
      </trkpt>
      <trkpt lat="29.64743793010711669921875" lon="91.02611459791660308837890625">
        <ele>3635</ele>
        <time>2026-10-06T22:40:35.000Z</time>
        <extensions>
          <ns3:TrackPointExtension>
            <ns3:hr>138</ns3:hr>
            <ns3:cad>92</ns3:cad>
          </ns3:TrackPointExtension>
        </extensions>
      </trkpt>
      <trkpt lat="29.64742921292781829833984375" lon="91.02614133618772029876708984375">
        <ele>3635</ele>
        <time>2026-10-06T22:40:36.000Z</time>
        <extensions>
          <ns3:TrackPointExtension>
            <ns3:hr>138</ns3:hr>
            <ns3:cad>92</ns3:cad>
          </ns3:TrackPointExtension>
        </extensions>
      </trkpt>
      <trkpt lat="29.64742108248174190521240234375" lon="91.02617436088621616363525390625">
        <ele>3635</ele>
        <time>2026-10-06T22:40:37.000Z</time>
        <extensions>
          <ns3:TrackPointExtension>
            <ns3:hr>138</ns3:hr>
            <ns3:cad>92</ns3:cad>
          </ns3:TrackPointExtension>
        </extensions>
      </trkpt>
      <trkpt lat="29.647418148815631866455078125" lon="91.02620068006217479705810546875">
        <ele>3635</ele>
        <time>2026-10-06T22:40:38.000Z</time>
        <extensions>
          <ns3:TrackPointExtension>
            <ns3:hr>138</ns3:hr>
            <ns3:cad>92</ns3:cad>
          </ns3:TrackPointExtension>
        </extensions>
      </trkpt>
      <trkpt lat="29.6474213339388370513916015625" lon="91.02623504586517810821533203125">
        <ele>3635</ele>
        <time>2026-10-06T22:40:39.000Z</time>
        <extensions>
          <ns3:TrackPointExtension>
            <ns3:hr>138</ns3:hr>
            <ns3:cad>93</ns3:cad>
          </ns3:TrackPointExtension>
        </extensions>
      </trkpt>
      <trkpt lat="29.6474216692149639129638671875" lon="91.02626052685081958770751953125">
        <ele>3635</ele>
        <time>2026-10-06T22:40:40.000Z</time>
        <extensions>
          <ns3:TrackPointExtension>
            <ns3:hr>138</ns3:hr>
            <ns3:cad>92</ns3:cad>
          </ns3:TrackPointExtension>
        </extensions>
      </trkpt>
      <trkpt lat="29.64742225594818592071533203125" lon="91.0262951441109180450439453125">
        <ele>3635</ele>
        <time>2026-10-06T22:40:41.000Z</time>
        <extensions>
          <ns3:TrackPointExtension>
            <ns3:hr>138</ns3:hr>
            <ns3:cad>92</ns3:cad>
          </ns3:TrackPointExtension>
        </extensions>
      </trkpt>
      <trkpt lat="29.64742141775786876678466796875" lon="91.02632540278136730194091796875">
        <ele>3635</ele>
        <time>2026-10-06T22:40:42.000Z</time>
        <extensions>
          <ns3:TrackPointExtension>
            <ns3:hr>138</ns3:hr>
            <ns3:cad>92</ns3:cad>
          </ns3:TrackPointExtension>
        </extensions>
      </trkpt>
      <trkpt lat="29.6474193222820758819580078125" lon="91.02636194787919521331787109375">
        <ele>3635</ele>
        <time>2026-10-06T22:40:43.000Z</time>
        <extensions>
          <ns3:TrackPointExtension>
            <ns3:hr>138</ns3:hr>
            <ns3:cad>92</ns3:cad>
          </ns3:TrackPointExtension>
        </extensions>
      </trkpt>
      <trkpt lat="29.6474196575582027435302734375" lon="91.0263913683593273162841796875">
        <ele>3635.199951171875</ele>
        <time>2026-10-06T22:40:44.000Z</time>
        <extensions>
          <ns3:TrackPointExtension>
            <ns3:hr>138</ns3:hr>
            <ns3:cad>92</ns3:cad>
          </ns3:TrackPointExtension>
        </extensions>
      </trkpt>
      <trkpt lat="29.647415466606616973876953125" lon="91.02642397396266460418701171875">
        <ele>3635.199951171875</ele>
        <time>2026-10-06T22:40:45.000Z</time>
        <extensions>
          <ns3:TrackPointExtension>
            <ns3:hr>138</ns3:hr>
            <ns3:cad>92</ns3:cad>
          </ns3:TrackPointExtension>
        </extensions>
      </trkpt>
      <trkpt lat="29.64741337113082408905029296875" lon="91.026456244289875030517578125">
        <ele>3635.199951171875</ele>
        <time>2026-10-06T22:40:46.000Z</time>
        <extensions>
          <ns3:TrackPointExtension>
            <ns3:hr>138</ns3:hr>
            <ns3:cad>92</ns3:cad>
          </ns3:TrackPointExtension>
        </extensions>
      </trkpt>
      <trkpt lat="29.64740951545536518096923828125" lon="91.026487089693546295166015625">
        <ele>3635.199951171875</ele>
        <time>2026-10-06T22:40:47.000Z</time>
        <extensions>
          <ns3:TrackPointExtension>
            <ns3:hr>138</ns3:hr>
            <ns3:cad>92</ns3:cad>
          </ns3:TrackPointExtension>
        </extensions>
      </trkpt>
      <trkpt lat="29.6474079228937625885009765625" lon="91.02651818655431270599365234375">
        <ele>3635.199951171875</ele>
        <time>2026-10-06T22:40:48.000Z</time>
        <extensions>
          <ns3:TrackPointExtension>
            <ns3:hr>138</ns3:hr>
            <ns3:cad>92</ns3:cad>
          </ns3:TrackPointExtension>
        </extensions>
      </trkpt>
      <trkpt lat="29.64740239083766937255859375" lon="91.02654970251023769378662109375">
        <ele>3635</ele>
        <time>2026-10-06T22:40:49.000Z</time>
        <extensions>
          <ns3:TrackPointExtension>
            <ns3:hr>138</ns3:hr>
            <ns3:cad>92</ns3:cad>
          </ns3:TrackPointExtension>
        </extensions>
      </trkpt>
      <trkpt lat="29.64739845134317874908447265625" lon="91.02657970972359180450439453125">
        <ele>3635</ele>
        <time>2026-10-06T22:40:50.000Z</time>
        <extensions>
          <ns3:TrackPointExtension>
            <ns3:hr>139</ns3:hr>
            <ns3:cad>92</ns3:cad>
          </ns3:TrackPointExtension>
        </extensions>
      </trkpt>
      <trkpt lat="29.6473995409905910491943359375" lon="91.026611141860485076904296875">
        <ele>3635.199951171875</ele>
        <time>2026-10-06T22:40:51.000Z</time>
        <extensions>
          <ns3:TrackPointExtension>
            <ns3:hr>138</ns3:hr>
            <ns3:cad>92</ns3:cad>
          </ns3:TrackPointExtension>
        </extensions>
      </trkpt>
      <trkpt lat="29.64739845134317874908447265625" lon="91.02663896977901458740234375">
        <ele>3635.199951171875</ele>
        <time>2026-10-06T22:40:52.000Z</time>
        <extensions>
          <ns3:TrackPointExtension>
            <ns3:hr>138</ns3:hr>
            <ns3:cad>92</ns3:cad>
          </ns3:TrackPointExtension>
        </extensions>
      </trkpt>
      <trkpt lat="29.64739660732448101043701171875" lon="91.02666914463043212890625">
        <ele>3635.199951171875</ele>
        <time>2026-10-06T22:40:53.000Z</time>
        <extensions>
          <ns3:TrackPointExtension>
            <ns3:hr>139</ns3:hr>
            <ns3:cad>92</ns3:cad>
          </ns3:TrackPointExtension>
        </extensions>
      </trkpt>
      <trkpt lat="29.6473945118486881256103515625" lon="91.0266994871199131011962890625">
        <ele>3635.199951171875</ele>
        <time>2026-10-06T22:40:54.000Z</time>
        <extensions>
          <ns3:TrackPointExtension>
            <ns3:hr>139</ns3:hr>
            <ns3:cad>92</ns3:cad>
          </ns3:TrackPointExtension>
        </extensions>
      </trkpt>
      <trkpt lat="29.64738571085035800933837890625" lon="91.02672706358134746551513671875">
        <ele>3635.199951171875</ele>
        <time>2026-10-06T22:40:55.000Z</time>
        <extensions>
          <ns3:TrackPointExtension>
            <ns3:hr>139</ns3:hr>
            <ns3:cad>91</ns3:cad>
          </ns3:TrackPointExtension>
        </extensions>
      </trkpt>
      <trkpt lat="29.64738168753683567047119140625" lon="91.02675698697566986083984375">
        <ele>3635</ele>
        <time>2026-10-06T22:40:56.000Z</time>
        <extensions>
          <ns3:TrackPointExtension>
            <ns3:hr>139</ns3:hr>
            <ns3:cad>91</ns3:cad>
          </ns3:TrackPointExtension>
        </extensions>
      </trkpt>
      <trkpt lat="29.6473814360797405242919921875" lon="91.02678489871323108673095703125">
        <ele>3635</ele>
        <time>2026-10-06T22:40:57.000Z</time>
        <extensions>
          <ns3:TrackPointExtension>
            <ns3:hr>139</ns3:hr>
            <ns3:cad>92</ns3:cad>
          </ns3:TrackPointExtension>
        </extensions>
      </trkpt>
      <trkpt lat="29.647381268441677093505859375" lon="91.02681599557399749755859375">
        <ele>3635</ele>
        <time>2026-10-06T22:40:58.000Z</time>
        <extensions>
          <ns3:TrackPointExtension>
            <ns3:hr>139</ns3:hr>
            <ns3:cad>92</ns3:cad>
          </ns3:TrackPointExtension>
        </extensions>
      </trkpt>
      <trkpt lat="29.6473831124603748321533203125" lon="91.0268466733396053314208984375">
        <ele>3635</ele>
        <time>2026-10-06T22:40:59.000Z</time>
        <extensions>
          <ns3:TrackPointExtension>
            <ns3:hr>139</ns3:hr>
            <ns3:cad>92</ns3:cad>
          </ns3:TrackPointExtension>
        </extensions>
      </trkpt>
      <trkpt lat="29.6473814360797405242919921875" lon="91.0268775187432765960693359375">
        <ele>3635</ele>
        <time>2026-10-06T22:41:00.000Z</time>
        <extensions>
          <ns3:TrackPointExtension>
            <ns3:hr>139</ns3:hr>
            <ns3:cad>92</ns3:cad>
          </ns3:TrackPointExtension>
        </extensions>
      </trkpt>
      <trkpt lat="29.64738068170845508575439453125" lon="91.02690442465245723724365234375">
        <ele>3635</ele>
        <time>2026-10-06T22:41:01.000Z</time>
        <extensions>
          <ns3:TrackPointExtension>
            <ns3:hr>139</ns3:hr>
            <ns3:cad>91</ns3:cad>
          </ns3:TrackPointExtension>
        </extensions>
      </trkpt>
      <trkpt lat="29.64737967588007450103759765625" lon="91.02693426422774791717529296875">
        <ele>3635</ele>
        <time>2026-10-06T22:41:02.000Z</time>
        <extensions>
          <ns3:TrackPointExtension>
            <ns3:hr>139</ns3:hr>
            <ns3:cad>90</ns3:cad>
          </ns3:TrackPointExtension>
        </extensions>
      </trkpt>
      <trkpt lat="29.64737615548074245452880859375" lon="91.02696008048951625823974609375">
        <ele>3635</ele>
        <time>2026-10-06T22:41:03.000Z</time>
        <extensions>
          <ns3:TrackPointExtension>
            <ns3:hr>140</ns3:hr>
            <ns3:cad>90</ns3:cad>
          </ns3:TrackPointExtension>
        </extensions>
      </trkpt>
      <trkpt lat="29.64737565256655216217041015625" lon="91.0269918479025363922119140625">
        <ele>3635</ele>
        <time>2026-10-06T22:41:04.000Z</time>
        <extensions>
          <ns3:TrackPointExtension>
            <ns3:hr>139</ns3:hr>
            <ns3:cad>90</ns3:cad>
          </ns3:TrackPointExtension>
        </extensions>
      </trkpt>
      <trkpt lat="29.6473737247288227081298828125" lon="91.02701825089752674102783203125">
        <ele>3635</ele>
        <time>2026-10-06T22:41:05.000Z</time>
        <extensions>
          <ns3:TrackPointExtension>
            <ns3:hr>139</ns3:hr>
            <ns3:cad>90</ns3:cad>
          </ns3:TrackPointExtension>
        </extensions>
      </trkpt>
      <trkpt lat="29.6473733894526958465576171875" lon="91.02704591117799282073974609375">
        <ele>3635</ele>
        <time>2026-10-06T22:41:06.000Z</time>
        <extensions>
          <ns3:TrackPointExtension>
            <ns3:hr>140</ns3:hr>
            <ns3:cad>90</ns3:cad>
          </ns3:TrackPointExtension>
        </extensions>
      </trkpt>
      <trkpt lat="29.64737556874752044677734375" lon="91.0270699672400951385498046875">
        <ele>3634.800048828125</ele>
        <time>2026-10-06T22:41:07.000Z</time>
        <extensions>
          <ns3:TrackPointExtension>
            <ns3:hr>139</ns3:hr>
            <ns3:cad>91</ns3:cad>
          </ns3:TrackPointExtension>
        </extensions>
      </trkpt>
      <trkpt lat="29.6473730541765689849853515625" lon="91.027100980281829833984375">
        <ele>3635</ele>
        <time>2026-10-06T22:41:08.000Z</time>
        <extensions>
          <ns3:TrackPointExtension>
            <ns3:hr>139</ns3:hr>
            <ns3:cad>91</ns3:cad>
          </ns3:TrackPointExtension>
        </extensions>
      </trkpt>
      <trkpt lat="29.64737213216722011566162109375" lon="91.027127467095851898193359375">
        <ele>3635</ele>
        <time>2026-10-06T22:41:09.000Z</time>
        <extensions>
          <ns3:TrackPointExtension>
            <ns3:hr>140</ns3:hr>
            <ns3:cad>91</ns3:cad>
          </ns3:TrackPointExtension>
        </extensions>
      </trkpt>
      <trkpt lat="29.64736861176788806915283203125" lon="91.0271559655666351318359375">
        <ele>3635</ele>
        <time>2026-10-06T22:41:10.000Z</time>
        <extensions>
          <ns3:TrackPointExtension>
            <ns3:hr>139</ns3:hr>
            <ns3:cad>91</ns3:cad>
          </ns3:TrackPointExtension>
        </extensions>
      </trkpt>
      <trkpt lat="29.64736995287239551544189453125" lon="91.0271866433322429656982421875">
        <ele>3635</ele>
        <time>2026-10-06T22:41:11.000Z</time>
        <extensions>
          <ns3:TrackPointExtension>
            <ns3:hr>140</ns3:hr>
            <ns3:cad>91</ns3:cad>
          </ns3:TrackPointExtension>
        </extensions>
      </trkpt>
      <trkpt lat="29.64736022986471652984619140625" lon="91.0272124595940113067626953125">
        <ele>3635</ele>
        <time>2026-10-06T22:41:12.000Z</time>
        <extensions>
          <ns3:TrackPointExtension>
            <ns3:hr>140</ns3:hr>
            <ns3:cad>91</ns3:cad>
          </ns3:TrackPointExtension>
        </extensions>
      </trkpt>
      <trkpt lat="29.6473579667508602142333984375" lon="91.02724556811153888702392578125">
        <ele>3635</ele>
        <time>2026-10-06T22:41:13.000Z</time>
        <extensions>
          <ns3:TrackPointExtension>
            <ns3:hr>140</ns3:hr>
            <ns3:cad>91</ns3:cad>
          </ns3:TrackPointExtension>
        </extensions>
      </trkpt>
      <trkpt lat="29.647351093590259552001953125" lon="91.0272691212594509124755859375">
        <ele>3635</ele>
        <time>2026-10-06T22:41:14.000Z</time>
        <extensions>
          <ns3:TrackPointExtension>
            <ns3:hr>139</ns3:hr>
            <ns3:cad>92</ns3:cad>
          </ns3:TrackPointExtension>
        </extensions>
      </trkpt>
      <trkpt lat="29.64734463952481746673583984375" lon="91.0272986255586147308349609375">
        <ele>3635</ele>
        <time>2026-10-06T22:41:15.000Z</time>
        <extensions>
          <ns3:TrackPointExtension>
            <ns3:hr>139</ns3:hr>
            <ns3:cad>92</ns3:cad>
          </ns3:TrackPointExtension>
        </extensions>
      </trkpt>
      <trkpt lat="29.64733525179326534271240234375" lon="91.0273210890591144561767578125">
        <ele>3635</ele>
        <time>2026-10-06T22:41:16.000Z</time>
        <extensions>
          <ns3:TrackPointExtension>
            <ns3:hr>139</ns3:hr>
            <ns3:cad>92</ns3:cad>
          </ns3:TrackPointExtension>
        </extensions>
      </trkpt>
      <trkpt lat="29.64732770808041095733642578125" lon="91.0273544490337371826171875">
        <ele>3635</ele>
        <time>2026-10-06T22:41:17.000Z</time>
        <extensions>
          <ns3:TrackPointExtension>
            <ns3:hr>139</ns3:hr>
            <ns3:cad>92</ns3:cad>
          </ns3:TrackPointExtension>
        </extensions>
      </trkpt>
      <trkpt lat="29.64733910746872425079345703125" lon="91.02737867273390293121337890625">
        <ele>3635</ele>
        <time>2026-10-06T22:41:18.000Z</time>
        <extensions>
          <ns3:TrackPointExtension>
            <ns3:hr>139</ns3:hr>
            <ns3:cad>92</ns3:cad>
          </ns3:TrackPointExtension>
        </extensions>
      </trkpt>
      <trkpt lat="29.6473391912877559661865234375" lon="91.02741471491754055023193359375">
        <ele>3635</ele>
        <time>2026-10-06T22:41:19.000Z</time>
        <extensions>
          <ns3:TrackPointExtension>
            <ns3:hr>139</ns3:hr>
            <ns3:cad>91</ns3:cad>
          </ns3:TrackPointExtension>
        </extensions>
      </trkpt>
      <trkpt lat="29.647339694201946258544921875" lon="91.02744455449283123016357421875">
        <ele>3635</ele>
        <time>2026-10-06T22:41:20.000Z</time>
        <extensions>
          <ns3:TrackPointExtension>
            <ns3:hr>139</ns3:hr>
            <ns3:cad>90</ns3:cad>
          </ns3:TrackPointExtension>
        </extensions>
      </trkpt>
      <trkpt lat="29.64734229259192943572998046875" lon="91.02748193778097629547119140625">
        <ele>3635.199951171875</ele>
        <time>2026-10-06T22:41:21.000Z</time>
        <extensions>
          <ns3:TrackPointExtension>
            <ns3:hr>139</ns3:hr>
            <ns3:cad>90</ns3:cad>
          </ns3:TrackPointExtension>
        </extensions>
      </trkpt>
      <trkpt lat="29.6473391912877559661865234375" lon="91.0275101847946643829345703125">
        <ele>3635.199951171875</ele>
        <time>2026-10-06T22:41:22.000Z</time>
        <extensions>
          <ns3:TrackPointExtension>
            <ns3:hr>139</ns3:hr>
            <ns3:cad>93</ns3:cad>
          </ns3:TrackPointExtension>
        </extensions>
      </trkpt>
      <trkpt lat="29.6473361738026142120361328125" lon="91.02754295803606510162353515625">
        <ele>3635</ele>
        <time>2026-10-06T22:41:23.000Z</time>
        <extensions>
          <ns3:TrackPointExtension>
            <ns3:hr>139</ns3:hr>
            <ns3:cad>93</ns3:cad>
          </ns3:TrackPointExtension>
        </extensions>
      </trkpt>
      <trkpt lat="29.6473348326981067657470703125" lon="91.0275742225348949432373046875">
        <ele>3635</ele>
        <time>2026-10-06T22:41:24.000Z</time>
        <extensions>
          <ns3:TrackPointExtension>
            <ns3:hr>138</ns3:hr>
            <ns3:cad>92</ns3:cad>
          </ns3:TrackPointExtension>
        </extensions>
      </trkpt>
      <trkpt lat="29.647331647574901580810546875" lon="91.02760833688080310821533203125">
        <ele>3635</ele>
        <time>2026-10-06T22:41:25.000Z</time>
        <extensions>
          <ns3:TrackPointExtension>
            <ns3:hr>138</ns3:hr>
            <ns3:cad>92</ns3:cad>
          </ns3:TrackPointExtension>
        </extensions>
      </trkpt>
      <trkpt lat="29.64732997119426727294921875" lon="91.02763700298964977264404296875">
        <ele>3635</ele>
        <time>2026-10-06T22:41:26.000Z</time>
        <extensions>
          <ns3:TrackPointExtension>
            <ns3:hr>138</ns3:hr>
            <ns3:cad>92</ns3:cad>
          </ns3:TrackPointExtension>
        </extensions>
      </trkpt>
      <trkpt lat="29.647329635918140411376953125" lon="91.0276680998504161834716796875">
        <ele>3635</ele>
        <time>2026-10-06T22:41:27.000Z</time>
        <extensions>
          <ns3:TrackPointExtension>
            <ns3:hr>139</ns3:hr>
            <ns3:cad>92</ns3:cad>
          </ns3:TrackPointExtension>
        </extensions>
      </trkpt>
      <trkpt lat="29.647328294813632965087890625" lon="91.0276950895786285400390625">
        <ele>3635</ele>
        <time>2026-10-06T22:41:28.000Z</time>
        <extensions>
          <ns3:TrackPointExtension>
            <ns3:hr>139</ns3:hr>
            <ns3:cad>91</ns3:cad>
          </ns3:TrackPointExtension>
        </extensions>
      </trkpt>
      <trkpt lat="29.6473254449665546417236328125" lon="91.0277271084487438201904296875">
        <ele>3635</ele>
        <time>2026-10-06T22:41:29.000Z</time>
        <extensions>
          <ns3:TrackPointExtension>
            <ns3:hr>139</ns3:hr>
            <ns3:cad>91</ns3:cad>
          </ns3:TrackPointExtension>
        </extensions>
      </trkpt>
      <trkpt lat="29.64732619933784008026123046875" lon="91.02775879204273223876953125">
        <ele>3635</ele>
        <time>2026-10-06T22:41:30.000Z</time>
        <extensions>
          <ns3:TrackPointExtension>
            <ns3:hr>139</ns3:hr>
            <ns3:cad>93</ns3:cad>
          </ns3:TrackPointExtension>
        </extensions>
      </trkpt>
      <trkpt lat="29.64732234366238117218017578125" lon="91.0277877934277057647705078125">
        <ele>3635</ele>
        <time>2026-10-06T22:41:31.000Z</time>
        <extensions>
          <ns3:TrackPointExtension>
            <ns3:hr>139</ns3:hr>
            <ns3:cad>93</ns3:cad>
          </ns3:TrackPointExtension>
        </extensions>
      </trkpt>
      <trkpt lat="29.64732016436755657196044921875" lon="91.0278162918984889984130859375">
        <ele>3635</ele>
        <time>2026-10-06T22:41:32.000Z</time>
        <extensions>
          <ns3:TrackPointExtension>
            <ns3:hr>140</ns3:hr>
            <ns3:cad>93</ns3:cad>
          </ns3:TrackPointExtension>
        </extensions>
      </trkpt>
      <trkpt lat="29.64731479994952678680419921875" lon="91.02784537710249423980712890625">
        <ele>3635</ele>
        <time>2026-10-06T22:41:33.000Z</time>
        <extensions>
          <ns3:TrackPointExtension>
            <ns3:hr>139</ns3:hr>
            <ns3:cad>93</ns3:cad>
          </ns3:TrackPointExtension>
        </extensions>
      </trkpt>
      <trkpt lat="29.64731027372181415557861328125" lon="91.02787437848746776580810546875">
        <ele>3635</ele>
        <time>2026-10-06T22:41:34.000Z</time>
        <extensions>
          <ns3:TrackPointExtension>
            <ns3:hr>139</ns3:hr>
            <ns3:cad>93</ns3:cad>
          </ns3:TrackPointExtension>
        </extensions>
      </trkpt>
      <trkpt lat="29.6473024785518646240234375" lon="91.02790363132953643798828125">
        <ele>3635</ele>
        <time>2026-10-06T22:41:35.000Z</time>
        <extensions>
          <ns3:TrackPointExtension>
            <ns3:hr>140</ns3:hr>
            <ns3:cad>92</ns3:cad>
          </ns3:TrackPointExtension>
        </extensions>
      </trkpt>
      <trkpt lat="29.6473016403615474700927734375" lon="91.02793422527611255645751953125">
        <ele>3635</ele>
        <time>2026-10-06T22:41:36.000Z</time>
        <extensions>
          <ns3:TrackPointExtension>
            <ns3:hr>139</ns3:hr>
            <ns3:cad>92</ns3:cad>
          </ns3:TrackPointExtension>
        </extensions>
      </trkpt>
      <trkpt lat="29.64730340056121349334716796875" lon="91.027962975203990936279296875">
        <ele>3635</ele>
        <time>2026-10-06T22:41:37.000Z</time>
        <extensions>
          <ns3:TrackPointExtension>
            <ns3:hr>139</ns3:hr>
            <ns3:cad>93</ns3:cad>
          </ns3:TrackPointExtension>
        </extensions>
      </trkpt>
      <trkpt lat="29.64730004779994487762451171875" lon="91.0279970057308673858642578125">
        <ele>3635</ele>
        <time>2026-10-06T22:41:38.000Z</time>
        <extensions>
          <ns3:TrackPointExtension>
            <ns3:hr>140</ns3:hr>
            <ns3:cad>93</ns3:cad>
          </ns3:TrackPointExtension>
        </extensions>
      </trkpt>
      <trkpt lat="29.647304825484752655029296875" lon="91.02802592329680919647216796875">
        <ele>3635</ele>
        <time>2026-10-06T22:41:39.000Z</time>
        <extensions>
          <ns3:TrackPointExtension>
            <ns3:hr>139</ns3:hr>
            <ns3:cad>92</ns3:cad>
          </ns3:TrackPointExtension>
        </extensions>
      </trkpt>
      <trkpt lat="29.64730574749410152435302734375" lon="91.02805911563336849212646484375">
        <ele>3635</ele>
        <time>2026-10-06T22:41:40.000Z</time>
        <extensions>
          <ns3:TrackPointExtension>
            <ns3:hr>139</ns3:hr>
            <ns3:cad>92</ns3:cad>
          </ns3:TrackPointExtension>
        </extensions>
      </trkpt>
      <trkpt lat="29.64730457402765750885009765625" lon="91.0280893743038177490234375">
        <ele>3635</ele>
        <time>2026-10-06T22:41:41.000Z</time>
        <extensions>
          <ns3:TrackPointExtension>
            <ns3:hr>140</ns3:hr>
            <ns3:cad>93</ns3:cad>
          </ns3:TrackPointExtension>
        </extensions>
      </trkpt>
      <trkpt lat="29.6473023109138011932373046875" lon="91.02812097407877445220947265625">
        <ele>3635</ele>
        <time>2026-10-06T22:41:42.000Z</time>
        <extensions>
          <ns3:TrackPointExtension>
            <ns3:hr>140</ns3:hr>
            <ns3:cad>93</ns3:cad>
          </ns3:TrackPointExtension>
        </extensions>
      </trkpt>
      <trkpt lat="29.6473053283989429473876953125" lon="91.0281502269208431243896484375">
        <ele>3634.800048828125</ele>
        <time>2026-10-06T22:41:43.000Z</time>
        <extensions>
          <ns3:TrackPointExtension>
            <ns3:hr>140</ns3:hr>
            <ns3:cad>93</ns3:cad>
          </ns3:TrackPointExtension>
        </extensions>
      </trkpt>
      <trkpt lat="29.6473023109138011932373046875" lon="91.0281773842871189117431640625">
        <ele>3635</ele>
        <time>2026-10-06T22:41:44.000Z</time>
        <extensions>
          <ns3:TrackPointExtension>
            <ns3:hr>139</ns3:hr>
            <ns3:cad>93</ns3:cad>
          </ns3:TrackPointExtension>
        </extensions>
      </trkpt>
      <trkpt lat="29.64729912579059600830078125" lon="91.028207726776599884033203125">
        <ele>3635</ele>
        <time>2026-10-06T22:41:45.000Z</time>
        <extensions>
          <ns3:TrackPointExtension>
            <ns3:hr>140</ns3:hr>
            <ns3:cad>93</ns3:cad>
          </ns3:TrackPointExtension>
        </extensions>
      </trkpt>
      <trkpt lat="29.64729066006839275360107421875" lon="91.02823614142835140228271484375">
        <ele>3635</ele>
        <time>2026-10-06T22:41:46.000Z</time>
        <extensions>
          <ns3:TrackPointExtension>
            <ns3:hr>140</ns3:hr>
            <ns3:cad>93</ns3:cad>
          </ns3:TrackPointExtension>
        </extensions>
      </trkpt>
      <trkpt lat="29.64728697203099727630615234375" lon="91.0282672382891178131103515625">
        <ele>3635</ele>
        <time>2026-10-06T22:41:47.000Z</time>
        <extensions>
          <ns3:TrackPointExtension>
            <ns3:hr>139</ns3:hr>
            <ns3:cad>92</ns3:cad>
          </ns3:TrackPointExtension>
        </extensions>
      </trkpt>
      <trkpt lat="29.64727808721363544464111328125" lon="91.02829515002667903900146484375">
        <ele>3635.199951171875</ele>
        <time>2026-10-06T22:41:48.000Z</time>
        <extensions>
          <ns3:TrackPointExtension>
            <ns3:hr>139</ns3:hr>
            <ns3:cad>92</ns3:cad>
          </ns3:TrackPointExtension>
        </extensions>
      </trkpt>
      <trkpt lat="29.64727339334785938262939453125" lon="91.02832876145839691162109375">
        <ele>3635.199951171875</ele>
        <time>2026-10-06T22:41:49.000Z</time>
        <extensions>
          <ns3:TrackPointExtension>
            <ns3:hr>140</ns3:hr>
            <ns3:cad>92</ns3:cad>
          </ns3:TrackPointExtension>
        </extensions>
      </trkpt>
      <trkpt lat="29.647270627319812774658203125" lon="91.0283550806343555450439453125">
        <ele>3635.199951171875</ele>
        <time>2026-10-06T22:41:50.000Z</time>
        <extensions>
          <ns3:TrackPointExtension>
            <ns3:hr>140</ns3:hr>
            <ns3:cad>93</ns3:cad>
          </ns3:TrackPointExtension>
        </extensions>
      </trkpt>
      <trkpt lat="29.647267274558544158935546875" lon="91.0283872671425342559814453125">
        <ele>3635</ele>
        <time>2026-10-06T22:41:51.000Z</time>
        <extensions>
          <ns3:TrackPointExtension>
            <ns3:hr>140</ns3:hr>
            <ns3:cad>93</ns3:cad>
          </ns3:TrackPointExtension>
        </extensions>
      </trkpt>
      <trkpt lat="29.64726584963500499725341796875" lon="91.02841484360396862030029296875">
        <ele>3635</ele>
        <time>2026-10-06T22:41:52.000Z</time>
        <extensions>
          <ns3:TrackPointExtension>
            <ns3:hr>139</ns3:hr>
            <ns3:cad>93</ns3:cad>
          </ns3:TrackPointExtension>
        </extensions>
      </trkpt>
      <trkpt lat="29.64726551435887813568115234375" lon="91.02844904176890850067138671875">
        <ele>3635</ele>
        <time>2026-10-06T22:41:53.000Z</time>
        <extensions>
          <ns3:TrackPointExtension>
            <ns3:hr>140</ns3:hr>
            <ns3:cad>92</ns3:cad>
          </ns3:TrackPointExtension>
        </extensions>
      </trkpt>
      <trkpt lat="29.6472684480249881744384765625" lon="91.028477288782596588134765625">
        <ele>3635</ele>
        <time>2026-10-06T22:41:54.000Z</time>
        <extensions>
          <ns3:TrackPointExtension>
            <ns3:hr>140</ns3:hr>
            <ns3:cad>93</ns3:cad>
          </ns3:TrackPointExtension>
        </extensions>
      </trkpt>
      <trkpt lat="29.6472676098346710205078125" lon="91.0285099782049655914306640625">
        <ele>3635</ele>
        <time>2026-10-06T22:41:55.000Z</time>
        <extensions>
          <ns3:TrackPointExtension>
            <ns3:hr>139</ns3:hr>
            <ns3:cad>92</ns3:cad>
          </ns3:TrackPointExtension>
        </extensions>
      </trkpt>
      <trkpt lat="29.647267945110797882080078125" lon="91.02853772230446338653564453125">
        <ele>3635</ele>
        <time>2026-10-06T22:41:56.000Z</time>
        <extensions>
          <ns3:TrackPointExtension>
            <ns3:hr>140</ns3:hr>
            <ns3:cad>92</ns3:cad>
          </ns3:TrackPointExtension>
        </extensions>
      </trkpt>
      <trkpt lat="29.647264592349529266357421875" lon="91.028566472232341766357421875">
        <ele>3635</ele>
        <time>2026-10-06T22:41:57.000Z</time>
        <extensions>
          <ns3:TrackPointExtension>
            <ns3:hr>140</ns3:hr>
            <ns3:cad>92</ns3:cad>
          </ns3:TrackPointExtension>
        </extensions>
      </trkpt>
      <trkpt lat="29.6472650952637195587158203125" lon="91.02859555743634700775146484375">
        <ele>3635</ele>
        <time>2026-10-06T22:41:58.000Z</time>
        <extensions>
          <ns3:TrackPointExtension>
            <ns3:hr>140</ns3:hr>
            <ns3:cad>94</ns3:cad>
          </ns3:TrackPointExtension>
        </extensions>
      </trkpt>
      <trkpt lat="29.64726350270211696624755859375" lon="91.02862321771681308746337890625">
        <ele>3635</ele>
        <time>2026-10-06T22:41:59.000Z</time>
        <extensions>
          <ns3:TrackPointExtension>
            <ns3:hr>140</ns3:hr>
            <ns3:cad>94</ns3:cad>
          </ns3:TrackPointExtension>
        </extensions>
      </trkpt>
      <trkpt lat="29.64726182632148265838623046875" lon="91.0286524705588817596435546875">
        <ele>3635</ele>
        <time>2026-10-06T22:42:00.000Z</time>
        <extensions>
          <ns3:TrackPointExtension>
            <ns3:hr>139</ns3:hr>
            <ns3:cad>93</ns3:cad>
          </ns3:TrackPointExtension>
        </extensions>
      </trkpt>
      <trkpt lat="29.6472567133605480194091796875" lon="91.02868205867707729339599609375">
        <ele>3635.199951171875</ele>
        <time>2026-10-06T22:42:01.000Z</time>
        <extensions>
          <ns3:TrackPointExtension>
            <ns3:hr>140</ns3:hr>
            <ns3:cad>93</ns3:cad>
          </ns3:TrackPointExtension>
        </extensions>
      </trkpt>
      <trkpt lat="29.64725629426538944244384765625" lon="91.028714664280414581298828125">
        <ele>3635</ele>
        <time>2026-10-06T22:42:02.000Z</time>
        <extensions>
          <ns3:TrackPointExtension>
            <ns3:hr>140</ns3:hr>
            <ns3:cad>93</ns3:cad>
          </ns3:TrackPointExtension>
        </extensions>
      </trkpt>
      <trkpt lat="29.6472530253231525421142578125" lon="91.0287411510944366455078125">
        <ele>3635</ele>
        <time>2026-10-06T22:42:03.000Z</time>
        <extensions>
          <ns3:TrackPointExtension>
            <ns3:hr>140</ns3:hr>
            <ns3:cad>93</ns3:cad>
          </ns3:TrackPointExtension>
        </extensions>
      </trkpt>
      <trkpt lat="29.64725629426538944244384765625" lon="91.02877643890678882598876953125">
        <ele>3635.199951171875</ele>
        <time>2026-10-06T22:42:04.000Z</time>
        <extensions>
          <ns3:TrackPointExtension>
            <ns3:hr>139</ns3:hr>
            <ns3:cad>93</ns3:cad>
          </ns3:TrackPointExtension>
        </extensions>
      </trkpt>
      <trkpt lat="29.64726065285503864288330078125" lon="91.028803847730159759521484375">
        <ele>3635.199951171875</ele>
        <time>2026-10-06T22:42:05.000Z</time>
        <extensions>
          <ns3:TrackPointExtension>
            <ns3:hr>140</ns3:hr>
            <ns3:cad>93</ns3:cad>
          </ns3:TrackPointExtension>
        </extensions>
      </trkpt>
      <trkpt lat="29.64726165868341922760009765625" lon="91.02884131483733654022216796875">
        <ele>3635.199951171875</ele>
        <time>2026-10-06T22:42:06.000Z</time>
        <extensions>
          <ns3:TrackPointExtension>
            <ns3:hr>140</ns3:hr>
            <ns3:cad>93</ns3:cad>
          </ns3:TrackPointExtension>
        </extensions>
      </trkpt>
      <trkpt lat="29.647265933454036712646484375" lon="91.028871238231658935546875">
        <ele>3635.199951171875</ele>
        <time>2026-10-06T22:42:07.000Z</time>
        <extensions>
          <ns3:TrackPointExtension>
            <ns3:hr>139</ns3:hr>
            <ns3:cad>93</ns3:cad>
          </ns3:TrackPointExtension>
        </extensions>
      </trkpt>
      <trkpt lat="29.64726383797824382781982421875" lon="91.0289049334824085235595703125">
        <ele>3635</ele>
        <time>2026-10-06T22:42:08.000Z</time>
        <extensions>
          <ns3:TrackPointExtension>
            <ns3:hr>140</ns3:hr>
            <ns3:cad>92</ns3:cad>
          </ns3:TrackPointExtension>
        </extensions>
      </trkpt>
      <trkpt lat="29.647267274558544158935546875" lon="91.02893066592514514923095703125">
        <ele>3635</ele>
        <time>2026-10-06T22:42:09.000Z</time>
        <extensions>
          <ns3:TrackPointExtension>
            <ns3:hr>140</ns3:hr>
            <ns3:cad>92</ns3:cad>
          </ns3:TrackPointExtension>
        </extensions>
      </trkpt>
      <trkpt lat="29.6472637541592121124267578125" lon="91.02896201424300670623779296875">
        <ele>3635</ele>
        <time>2026-10-06T22:42:10.000Z</time>
        <extensions>
          <ns3:TrackPointExtension>
            <ns3:hr>140</ns3:hr>
            <ns3:cad>92</ns3:cad>
          </ns3:TrackPointExtension>
        </extensions>
      </trkpt>
      <trkpt lat="29.64726400561630725860595703125" lon="91.02899260818958282470703125">
        <ele>3635</ele>
        <time>2026-10-06T22:42:11.000Z</time>
        <extensions>
          <ns3:TrackPointExtension>
            <ns3:hr>141</ns3:hr>
            <ns3:cad>93</ns3:cad>
          </ns3:TrackPointExtension>
        </extensions>
      </trkpt>
      <trkpt lat="29.64725931175053119659423828125" lon="91.02902345359325408935546875">
        <ele>3635</ele>
        <time>2026-10-06T22:42:12.000Z</time>
        <extensions>
          <ns3:TrackPointExtension>
            <ns3:hr>141</ns3:hr>
            <ns3:cad>93</ns3:cad>
          </ns3:TrackPointExtension>
        </extensions>
      </trkpt>
      <trkpt lat="29.64725411497056484222412109375" lon="91.02905354462563991546630859375">
        <ele>3635</ele>
        <time>2026-10-06T22:42:13.000Z</time>
        <extensions>
          <ns3:TrackPointExtension>
            <ns3:hr>141</ns3:hr>
            <ns3:cad>91</ns3:cad>
          </ns3:TrackPointExtension>
        </extensions>
      </trkpt>
      <trkpt lat="29.6472469903528690338134765625" lon="91.029080785810947418212890625">
        <ele>3635</ele>
        <time>2026-10-06T22:42:14.000Z</time>
        <extensions>
          <ns3:TrackPointExtension>
            <ns3:hr>141</ns3:hr>
            <ns3:cad>91</ns3:cad>
          </ns3:TrackPointExtension>
        </extensions>
      </trkpt>
      <trkpt lat="29.6472479961812496185302734375" lon="91.02911003865301609039306640625">
        <ele>3635</ele>
        <time>2026-10-06T22:42:15.000Z</time>
        <extensions>
          <ns3:TrackPointExtension>
            <ns3:hr>141</ns3:hr>
            <ns3:cad>93</ns3:cad>
          </ns3:TrackPointExtension>
        </extensions>
      </trkpt>
      <trkpt lat="29.64724707417190074920654296875" lon="91.029135771095752716064453125">
        <ele>3635</ele>
        <time>2026-10-06T22:42:16.000Z</time>
        <extensions>
          <ns3:TrackPointExtension>
            <ns3:hr>140</ns3:hr>
            <ns3:cad>93</ns3:cad>
          </ns3:TrackPointExtension>
        </extensions>
      </trkpt>
      <trkpt lat="29.64724556542932987213134765625" lon="91.02916753850877285003662109375">
        <ele>3635</ele>
        <time>2026-10-06T22:42:17.000Z</time>
        <extensions>
          <ns3:TrackPointExtension>
            <ns3:hr>141</ns3:hr>
            <ns3:cad>93</ns3:cad>
          </ns3:TrackPointExtension>
        </extensions>
      </trkpt>
      <trkpt lat="29.647243805229663848876953125" lon="91.02919385768473148345947265625">
        <ele>3635.199951171875</ele>
        <time>2026-10-06T22:42:18.000Z</time>
        <extensions>
          <ns3:TrackPointExtension>
            <ns3:hr>141</ns3:hr>
            <ns3:cad>93</ns3:cad>
          </ns3:TrackPointExtension>
        </extensions>
      </trkpt>
      <trkpt lat="29.64724011719226837158203125" lon="91.02922889403998851776123046875">
        <ele>3635</ele>
        <time>2026-10-06T22:42:19.000Z</time>
        <extensions>
          <ns3:TrackPointExtension>
            <ns3:hr>141</ns3:hr>
            <ns3:cad>93</ns3:cad>
          </ns3:TrackPointExtension>
        </extensions>
      </trkpt>
      <trkpt lat="29.64724020101130008697509765625" lon="91.029255799949169158935546875">
        <ele>3635</ele>
        <time>2026-10-06T22:42:20.000Z</time>
        <extensions>
          <ns3:TrackPointExtension>
            <ns3:hr>141</ns3:hr>
            <ns3:cad>93</ns3:cad>
          </ns3:TrackPointExtension>
        </extensions>
      </trkpt>
      <trkpt lat="29.64723743498325347900390625" lon="91.02929058484733104705810546875">
        <ele>3635</ele>
        <time>2026-10-06T22:42:21.000Z</time>
        <extensions>
          <ns3:TrackPointExtension>
            <ns3:hr>141</ns3:hr>
            <ns3:cad>93</ns3:cad>
          </ns3:TrackPointExtension>
        </extensions>
      </trkpt>
      <trkpt lat="29.64723852463066577911376953125" lon="91.0293173231184482574462890625">
        <ele>3635</ele>
        <time>2026-10-06T22:42:22.000Z</time>
        <extensions>
          <ns3:TrackPointExtension>
            <ns3:hr>141</ns3:hr>
            <ns3:cad>93</ns3:cad>
          </ns3:TrackPointExtension>
        </extensions>
      </trkpt>
      <trkpt lat="29.64723399840295314788818359375" lon="91.02934858761727809906005859375">
        <ele>3635</ele>
        <time>2026-10-06T22:42:23.000Z</time>
        <extensions>
          <ns3:TrackPointExtension>
            <ns3:hr>141</ns3:hr>
            <ns3:cad>93</ns3:cad>
          </ns3:TrackPointExtension>
        </extensions>
      </trkpt>
      <trkpt lat="29.647232405841350555419921875" lon="91.029377169907093048095703125">
        <ele>3635</ele>
        <time>2026-10-06T22:42:24.000Z</time>
        <extensions>
          <ns3:TrackPointExtension>
            <ns3:hr>141</ns3:hr>
            <ns3:cad>92</ns3:cad>
          </ns3:TrackPointExtension>
        </extensions>
      </trkpt>
      <trkpt lat="29.64722511358559131622314453125" lon="91.029407344758510589599609375">
        <ele>3635</ele>
        <time>2026-10-06T22:42:25.000Z</time>
        <extensions>
          <ns3:TrackPointExtension>
            <ns3:hr>141</ns3:hr>
            <ns3:cad>92</ns3:cad>
          </ns3:TrackPointExtension>
        </extensions>
      </trkpt>
      <trkpt lat="29.64722293429076671600341796875" lon="91.029438190162181854248046875">
        <ele>3635</ele>
        <time>2026-10-06T22:42:26.000Z</time>
        <extensions>
          <ns3:TrackPointExtension>
            <ns3:hr>141</ns3:hr>
            <ns3:cad>92</ns3:cad>
          </ns3:TrackPointExtension>
        </extensions>
      </trkpt>
      <trkpt lat="29.64721731841564178466796875" lon="91.0294655151665210723876953125">
        <ele>3635</ele>
        <time>2026-10-06T22:42:27.000Z</time>
        <extensions>
          <ns3:TrackPointExtension>
            <ns3:hr>140</ns3:hr>
            <ns3:cad>93</ns3:cad>
          </ns3:TrackPointExtension>
        </extensions>
      </trkpt>
      <trkpt lat="29.64721438474953174591064453125" lon="91.0294970311224460601806640625">
        <ele>3635</ele>
        <time>2026-10-06T22:42:28.000Z</time>
        <extensions>
          <ns3:TrackPointExtension>
            <ns3:hr>141</ns3:hr>
            <ns3:cad>93</ns3:cad>
          </ns3:TrackPointExtension>
        </extensions>
      </trkpt>
      <trkpt lat="29.64721002615988254547119140625" lon="91.0295255295932292938232421875">
        <ele>3635</ele>
        <time>2026-10-06T22:42:29.000Z</time>
        <extensions>
          <ns3:TrackPointExtension>
            <ns3:hr>141</ns3:hr>
            <ns3:cad>93</ns3:cad>
          </ns3:TrackPointExtension>
        </extensions>
      </trkpt>
      <trkpt lat="29.6472087688744068145751953125" lon="91.02955880574882030487060546875">
        <ele>3635</ele>
        <time>2026-10-06T22:42:30.000Z</time>
        <extensions>
          <ns3:TrackPointExtension>
            <ns3:hr>141</ns3:hr>
            <ns3:cad>93</ns3:cad>
          </ns3:TrackPointExtension>
        </extensions>
      </trkpt>
      <trkpt lat="29.64720658957958221435546875" lon="91.0295878909528255462646484375">
        <ele>3635</ele>
        <time>2026-10-06T22:42:31.000Z</time>
        <extensions>
          <ns3:TrackPointExtension>
            <ns3:hr>141</ns3:hr>
            <ns3:cad>93</ns3:cad>
          </ns3:TrackPointExtension>
        </extensions>
      </trkpt>
      <trkpt lat="29.64720751158893108367919921875" lon="91.0296234302222728729248046875">
        <ele>3635</ele>
        <time>2026-10-06T22:42:32.000Z</time>
        <extensions>
          <ns3:TrackPointExtension>
            <ns3:hr>141</ns3:hr>
            <ns3:cad>92</ns3:cad>
          </ns3:TrackPointExtension>
        </extensions>
      </trkpt>
      <trkpt lat="29.647210948169231414794921875" lon="91.0296512581408023834228515625">
        <ele>3635</ele>
        <time>2026-10-06T22:42:33.000Z</time>
        <extensions>
          <ns3:TrackPointExtension>
            <ns3:hr>141</ns3:hr>
            <ns3:cad>92</ns3:cad>
          </ns3:TrackPointExtension>
        </extensions>
      </trkpt>
      <trkpt lat="29.6472070924937725067138671875" lon="91.02968621067702770233154296875">
        <ele>3635</ele>
        <time>2026-10-06T22:42:34.000Z</time>
        <extensions>
          <ns3:TrackPointExtension>
            <ns3:hr>141</ns3:hr>
            <ns3:cad>92</ns3:cad>
          </ns3:TrackPointExtension>
        </extensions>
      </trkpt>
      <trkpt lat="29.6472059190273284912109375" lon="91.029715798795223236083984375">
        <ele>3635</ele>
        <time>2026-10-06T22:42:35.000Z</time>
        <extensions>
          <ns3:TrackPointExtension>
            <ns3:hr>141</ns3:hr>
            <ns3:cad>93</ns3:cad>
          </ns3:TrackPointExtension>
        </extensions>
      </trkpt>
      <trkpt lat="29.64720256626605987548828125" lon="91.029749326407909393310546875">
        <ele>3635</ele>
        <time>2026-10-06T22:42:36.000Z</time>
        <extensions>
          <ns3:TrackPointExtension>
            <ns3:hr>141</ns3:hr>
            <ns3:cad>92</ns3:cad>
          </ns3:TrackPointExtension>
        </extensions>
      </trkpt>
      <trkpt lat="29.647201560437679290771484375" lon="91.029779501259326934814453125">
        <ele>3635</ele>
        <time>2026-10-06T22:42:37.000Z</time>
        <extensions>
          <ns3:TrackPointExtension>
            <ns3:hr>141</ns3:hr>
            <ns3:cad>92</ns3:cad>
          </ns3:TrackPointExtension>
        </extensions>
      </trkpt>
      <trkpt lat="29.64719393290579319000244140625" lon="91.0298105143010616302490234375">
        <ele>3635</ele>
        <time>2026-10-06T22:42:38.000Z</time>
        <extensions>
          <ns3:TrackPointExtension>
            <ns3:hr>140</ns3:hr>
            <ns3:cad>92</ns3:cad>
          </ns3:TrackPointExtension>
        </extensions>
      </trkpt>
      <trkpt lat="29.647191502153873443603515625" lon="91.02984211407601833343505859375">
        <ele>3635</ele>
        <time>2026-10-06T22:42:39.000Z</time>
        <extensions>
          <ns3:TrackPointExtension>
            <ns3:hr>141</ns3:hr>
            <ns3:cad>94</ns3:cad>
          </ns3:TrackPointExtension>
        </extensions>
      </trkpt>
      <trkpt lat="29.647184126079082489013671875" lon="91.02987228892743587493896484375">
        <ele>3635</ele>
        <time>2026-10-06T22:42:40.000Z</time>
        <extensions>
          <ns3:TrackPointExtension>
            <ns3:hr>141</ns3:hr>
            <ns3:cad>94</ns3:cad>
          </ns3:TrackPointExtension>
        </extensions>
      </trkpt>
      <trkpt lat="29.647184126079082489013671875" lon="91.029906570911407470703125">
        <ele>3635</ele>
        <time>2026-10-06T22:42:41.000Z</time>
        <extensions>
          <ns3:TrackPointExtension>
            <ns3:hr>141</ns3:hr>
            <ns3:cad>93</ns3:cad>
          </ns3:TrackPointExtension>
        </extensions>
      </trkpt>
      <trkpt lat="29.64718152768909931182861328125" lon="91.02993515320122241973876953125">
        <ele>3635.199951171875</ele>
        <time>2026-10-06T22:42:42.000Z</time>
        <extensions>
          <ns3:TrackPointExtension>
            <ns3:hr>141</ns3:hr>
            <ns3:cad>93</ns3:cad>
          </ns3:TrackPointExtension>
        </extensions>
      </trkpt>
      <trkpt lat="29.6471790969371795654296875" lon="91.02996381931006908416748046875">
        <ele>3635.199951171875</ele>
        <time>2026-10-06T22:42:43.000Z</time>
        <extensions>
          <ns3:TrackPointExtension>
            <ns3:hr>141</ns3:hr>
            <ns3:cad>93</ns3:cad>
          </ns3:TrackPointExtension>
        </extensions>
      </trkpt>
      <trkpt lat="29.6471732296049594879150390625" lon="91.02999181486666202545166015625">
        <ele>3635.199951171875</ele>
        <time>2026-10-06T22:42:44.000Z</time>
        <extensions>
          <ns3:TrackPointExtension>
            <ns3:hr>141</ns3:hr>
            <ns3:cad>93</ns3:cad>
          </ns3:TrackPointExtension>
        </extensions>
      </trkpt>
      <trkpt lat="29.6471725590527057647705078125" lon="91.03002182208001613616943359375">
        <ele>3635</ele>
        <time>2026-10-06T22:42:45.000Z</time>
        <extensions>
          <ns3:TrackPointExtension>
            <ns3:hr>141</ns3:hr>
            <ns3:cad>93</ns3:cad>
          </ns3:TrackPointExtension>
        </extensions>
      </trkpt>
      <trkpt lat="29.6471695415675640106201171875" lon="91.0300488956272602081298828125">
        <ele>3635</ele>
        <time>2026-10-06T22:42:46.000Z</time>
        <extensions>
          <ns3:TrackPointExtension>
            <ns3:hr>141</ns3:hr>
            <ns3:cad>93</ns3:cad>
          </ns3:TrackPointExtension>
        </extensions>
      </trkpt>
      <trkpt lat="29.647161662578582763671875" lon="91.030081249773502349853515625">
        <ele>3635</ele>
        <time>2026-10-06T22:42:47.000Z</time>
        <extensions>
          <ns3:TrackPointExtension>
            <ns3:hr>141</ns3:hr>
            <ns3:cad>93</ns3:cad>
          </ns3:TrackPointExtension>
        </extensions>
      </trkpt>
      <trkpt lat="29.647165350615978240966796875" lon="91.03010698221623897552490234375">
        <ele>3634.800048828125</ele>
        <time>2026-10-06T22:42:48.000Z</time>
        <extensions>
          <ns3:TrackPointExtension>
            <ns3:hr>142</ns3:hr>
            <ns3:cad>92</ns3:cad>
          </ns3:TrackPointExtension>
        </extensions>
      </trkpt>
      <trkpt lat="29.64716610498726367950439453125" lon="91.03014084510505199432373046875">
        <ele>3635</ele>
        <time>2026-10-06T22:42:49.000Z</time>
        <extensions>
          <ns3:TrackPointExtension>
            <ns3:hr>142</ns3:hr>
            <ns3:cad>91</ns3:cad>
          </ns3:TrackPointExtension>
        </extensions>
      </trkpt>
      <trkpt lat="29.64716845192015171051025390625" lon="91.03017009794712066650390625">
        <ele>3635</ele>
        <time>2026-10-06T22:42:50.000Z</time>
        <extensions>
          <ns3:TrackPointExtension>
            <ns3:hr>142</ns3:hr>
            <ns3:cad>91</ns3:cad>
          </ns3:TrackPointExtension>
        </extensions>
      </trkpt>
      <trkpt lat="29.647161327302455902099609375" lon="91.03020488284528255462646484375">
        <ele>3635</ele>
        <time>2026-10-06T22:42:51.000Z</time>
        <extensions>
          <ns3:TrackPointExtension>
            <ns3:hr>142</ns3:hr>
            <ns3:cad>93</ns3:cad>
          </ns3:TrackPointExtension>
        </extensions>
      </trkpt>
      <trkpt lat="29.64716233313083648681640625" lon="91.0302373208105564117431640625">
        <ele>3635</ele>
        <time>2026-10-06T22:42:52.000Z</time>
        <extensions>
          <ns3:TrackPointExtension>
            <ns3:hr>142</ns3:hr>
            <ns3:cad>93</ns3:cad>
          </ns3:TrackPointExtension>
        </extensions>
      </trkpt>
      <trkpt lat="29.64715336449444293975830078125" lon="91.03026741184294223785400390625">
        <ele>3635</ele>
        <time>2026-10-06T22:42:53.000Z</time>
        <extensions>
          <ns3:TrackPointExtension>
            <ns3:hr>142</ns3:hr>
            <ns3:cad>93</ns3:cad>
          </ns3:TrackPointExtension>
        </extensions>
      </trkpt>
      <trkpt lat="29.647149927914142608642578125" lon="91.03030026890337467193603515625">
        <ele>3634.800048828125</ele>
        <time>2026-10-06T22:42:54.000Z</time>
        <extensions>
          <ns3:TrackPointExtension>
            <ns3:hr>141</ns3:hr>
            <ns3:cad>93</ns3:cad>
          </ns3:TrackPointExtension>
        </extensions>
      </trkpt>
      <trkpt lat="29.64713953435420989990234375" lon="91.03033228777348995208740234375">
        <ele>3634.800048828125</ele>
        <time>2026-10-06T22:42:55.000Z</time>
        <extensions>
          <ns3:TrackPointExtension>
            <ns3:hr>141</ns3:hr>
            <ns3:cad>93</ns3:cad>
          </ns3:TrackPointExtension>
        </extensions>
      </trkpt>
      <trkpt lat="29.64714012108743190765380859375" lon="91.03036615066230297088623046875">
        <ele>3635</ele>
        <time>2026-10-06T22:42:56.000Z</time>
        <extensions>
          <ns3:TrackPointExtension>
            <ns3:hr>139</ns3:hr>
            <ns3:cad>92</ns3:cad>
          </ns3:TrackPointExtension>
        </extensions>
      </trkpt>
      <trkpt lat="29.64713509194552898406982421875" lon="91.0303935594856739044189453125">
        <ele>3635</ele>
        <time>2026-10-06T22:42:57.000Z</time>
        <extensions>
          <ns3:TrackPointExtension>
            <ns3:hr>137</ns3:hr>
            <ns3:cad>92</ns3:cad>
          </ns3:TrackPointExtension>
        </extensions>
      </trkpt>
      <trkpt lat="29.64713408611714839935302734375" lon="91.030429266393184661865234375">
        <ele>3635</ele>
        <time>2026-10-06T22:42:58.000Z</time>
        <extensions>
          <ns3:TrackPointExtension>
            <ns3:hr>136</ns3:hr>
            <ns3:cad>92</ns3:cad>
          </ns3:TrackPointExtension>
        </extensions>
      </trkpt>
      <trkpt lat="29.64713408611714839935302734375" lon="91.03045701049268245697021484375">
        <ele>3635</ele>
        <time>2026-10-06T22:42:59.000Z</time>
        <extensions>
          <ns3:TrackPointExtension>
            <ns3:hr>136</ns3:hr>
            <ns3:cad>92</ns3:cad>
          </ns3:TrackPointExtension>
        </extensions>
      </trkpt>
      <trkpt lat="29.64713509194552898406982421875" lon="91.03049338795244693756103515625">
        <ele>3635</ele>
        <time>2026-10-06T22:43:00.000Z</time>
        <extensions>
          <ns3:TrackPointExtension>
            <ns3:hr>136</ns3:hr>
            <ns3:cad>92</ns3:cad>
          </ns3:TrackPointExtension>
        </extensions>
      </trkpt>
      <trkpt lat="29.64714095927774906158447265625" lon="91.030519790947437286376953125">
        <ele>3635</ele>
        <time>2026-10-06T22:43:01.000Z</time>
        <extensions>
          <ns3:TrackPointExtension>
            <ns3:hr>135</ns3:hr>
            <ns3:cad>92</ns3:cad>
          </ns3:TrackPointExtension>
        </extensions>
      </trkpt>
      <trkpt lat="29.64714087545871734619140625" lon="91.03055206127464771270751953125">
        <ele>3635</ele>
        <time>2026-10-06T22:43:02.000Z</time>
        <extensions>
          <ns3:TrackPointExtension>
            <ns3:hr>136</ns3:hr>
            <ns3:cad>93</ns3:cad>
          </ns3:TrackPointExtension>
        </extensions>
      </trkpt>
      <trkpt lat="29.64714221656322479248046875" lon="91.03057938627898693084716796875">
        <ele>3635</ele>
        <time>2026-10-06T22:43:03.000Z</time>
        <extensions>
          <ns3:TrackPointExtension>
            <ns3:hr>136</ns3:hr>
            <ns3:cad>93</ns3:cad>
          </ns3:TrackPointExtension>
        </extensions>
      </trkpt>
      <trkpt lat="29.64713660068809986114501953125" lon="91.03061408735811710357666015625">
        <ele>3635</ele>
        <time>2026-10-06T22:43:04.000Z</time>
        <extensions>
          <ns3:TrackPointExtension>
            <ns3:hr>135</ns3:hr>
            <ns3:cad>92</ns3:cad>
          </ns3:TrackPointExtension>
        </extensions>
      </trkpt>
      <trkpt lat="29.64713810943067073822021484375" lon="91.0306446813046932220458984375">
        <ele>3635.199951171875</ele>
        <time>2026-10-06T22:43:05.000Z</time>
        <extensions>
          <ns3:TrackPointExtension>
            <ns3:hr>136</ns3:hr>
            <ns3:cad>92</ns3:cad>
          </ns3:TrackPointExtension>
        </extensions>
      </trkpt>
      <trkpt lat="29.64713207446038722991943359375" lon="91.03067837655544281005859375">
        <ele>3635.199951171875</ele>
        <time>2026-10-06T22:43:06.000Z</time>
        <extensions>
          <ns3:TrackPointExtension>
            <ns3:hr>136</ns3:hr>
            <ns3:cad>92</ns3:cad>
          </ns3:TrackPointExtension>
        </extensions>
      </trkpt>
      <trkpt lat="29.64713274501264095306396484375" lon="91.0307124070823192596435546875">
        <ele>3635</ele>
        <time>2026-10-06T22:43:07.000Z</time>
        <extensions>
          <ns3:TrackPointExtension>
            <ns3:hr>135</ns3:hr>
            <ns3:cad>94</ns3:cad>
          </ns3:TrackPointExtension>
        </extensions>
      </trkpt>
      <trkpt lat="29.64712746441364288330078125" lon="91.03074316866695880889892578125">
        <ele>3635</ele>
        <time>2026-10-06T22:43:08.000Z</time>
        <extensions>
          <ns3:TrackPointExtension>
            <ns3:hr>136</ns3:hr>
            <ns3:cad>94</ns3:cad>
          </ns3:TrackPointExtension>
        </extensions>
      </trkpt>
      <trkpt lat="29.64712687768042087554931640625" lon="91.03077468462288379669189453125">
        <ele>3635</ele>
        <time>2026-10-06T22:43:09.000Z</time>
        <extensions>
          <ns3:TrackPointExtension>
            <ns3:hr>136</ns3:hr>
            <ns3:cad>91</ns3:cad>
          </ns3:TrackPointExtension>
        </extensions>
      </trkpt>
      <trkpt lat="29.64712746441364288330078125" lon="91.0308029316365718841552734375">
        <ele>3635</ele>
        <time>2026-10-06T22:43:10.000Z</time>
        <extensions>
          <ns3:TrackPointExtension>
            <ns3:hr>135</ns3:hr>
            <ns3:cad>91</ns3:cad>
          </ns3:TrackPointExtension>
        </extensions>
      </trkpt>
      <trkpt lat="29.64713023044168949127197265625" lon="91.03083805181086063385009765625">
        <ele>3635</ele>
        <time>2026-10-06T22:43:11.000Z</time>
        <extensions>
          <ns3:TrackPointExtension>
            <ns3:hr>135</ns3:hr>
            <ns3:cad>94</ns3:cad>
          </ns3:TrackPointExtension>
        </extensions>
      </trkpt>
      <trkpt lat="29.64713106863200664520263671875" lon="91.0308642871677875518798828125">
        <ele>3635</ele>
        <time>2026-10-06T22:43:12.000Z</time>
        <extensions>
          <ns3:TrackPointExtension>
            <ns3:hr>136</ns3:hr>
            <ns3:cad>94</ns3:cad>
          </ns3:TrackPointExtension>
        </extensions>
      </trkpt>
      <trkpt lat="29.647129811346530914306640625" lon="91.03089706040918827056884765625">
        <ele>3635</ele>
        <time>2026-10-06T22:43:13.000Z</time>
        <extensions>
          <ns3:TrackPointExtension>
            <ns3:hr>136</ns3:hr>
            <ns3:cad>92</ns3:cad>
          </ns3:TrackPointExtension>
        </extensions>
      </trkpt>
      <trkpt lat="29.64712687768042087554931640625" lon="91.03092379868030548095703125">
        <ele>3635</ele>
        <time>2026-10-06T22:43:14.000Z</time>
        <extensions>
          <ns3:TrackPointExtension>
            <ns3:hr>137</ns3:hr>
            <ns3:cad>92</ns3:cad>
          </ns3:TrackPointExtension>
        </extensions>
      </trkpt>
      <trkpt lat="29.647121094167232513427734375" lon="91.03095606900751590728759765625">
        <ele>3635</ele>
        <time>2026-10-06T22:43:15.000Z</time>
        <extensions>
          <ns3:TrackPointExtension>
            <ns3:hr>138</ns3:hr>
            <ns3:cad>92</ns3:cad>
          </ns3:TrackPointExtension>
        </extensions>
      </trkpt>
      <trkpt lat="29.6471192501485347747802734375" lon="91.0309839807450771331787109375">
        <ele>3635</ele>
        <time>2026-10-06T22:43:16.000Z</time>
        <extensions>
          <ns3:TrackPointExtension>
            <ns3:hr>138</ns3:hr>
            <ns3:cad>93</ns3:cad>
          </ns3:TrackPointExtension>
        </extensions>
      </trkpt>
      <trkpt lat="29.64711447246372699737548828125" lon="91.03101708926260471343994140625">
        <ele>3635</ele>
        <time>2026-10-06T22:43:17.000Z</time>
        <extensions>
          <ns3:TrackPointExtension>
            <ns3:hr>138</ns3:hr>
            <ns3:cad>93</ns3:cad>
          </ns3:TrackPointExtension>
        </extensions>
      </trkpt>
      <trkpt lat="29.6471115387976169586181640625" lon="91.03104592300951480865478515625">
        <ele>3635</ele>
        <time>2026-10-06T22:43:18.000Z</time>
        <extensions>
          <ns3:TrackPointExtension>
            <ns3:hr>139</ns3:hr>
            <ns3:cad>93</ns3:cad>
          </ns3:TrackPointExtension>
        </extensions>
      </trkpt>
      <trkpt lat="29.64710273779928684234619140625" lon="91.03107341565191745758056640625">
        <ele>3635</ele>
        <time>2026-10-06T22:43:19.000Z</time>
        <extensions>
          <ns3:TrackPointExtension>
            <ns3:hr>139</ns3:hr>
            <ns3:cad>93</ns3:cad>
          </ns3:TrackPointExtension>
        </extensions>
      </trkpt>
      <trkpt lat="29.64710600674152374267578125" lon="91.0311019979417324066162109375">
        <ele>3635</ele>
        <time>2026-10-06T22:43:20.000Z</time>
        <extensions>
          <ns3:TrackPointExtension>
            <ns3:hr>140</ns3:hr>
            <ns3:cad>93</ns3:cad>
          </ns3:TrackPointExtension>
        </extensions>
      </trkpt>
      <trkpt lat="29.647101648151874542236328125" lon="91.0311341844499111175537109375">
        <ele>3635</ele>
        <time>2026-10-06T22:43:21.000Z</time>
        <extensions>
          <ns3:TrackPointExtension>
            <ns3:hr>141</ns3:hr>
            <ns3:cad>93</ns3:cad>
          </ns3:TrackPointExtension>
        </extensions>
      </trkpt>
      <trkpt lat="29.64710156433284282684326171875" lon="91.03116729296743869781494140625">
        <ele>3635</ele>
        <time>2026-10-06T22:43:22.000Z</time>
        <extensions>
          <ns3:TrackPointExtension>
            <ns3:hr>142</ns3:hr>
            <ns3:cad>93</ns3:cad>
          </ns3:TrackPointExtension>
        </extensions>
      </trkpt>
      <trkpt lat="29.64709536172449588775634765625" lon="91.03119763545691967010498046875">
        <ele>3635</ele>
        <time>2026-10-06T22:43:23.000Z</time>
        <extensions>
          <ns3:TrackPointExtension>
            <ns3:hr>142</ns3:hr>
            <ns3:cad>93</ns3:cad>
          </ns3:TrackPointExtension>
        </extensions>
      </trkpt>
      <trkpt lat="29.64709234423935413360595703125" lon="91.03122957050800323486328125">
        <ele>3635.199951171875</ele>
        <time>2026-10-06T22:43:24.000Z</time>
        <extensions>
          <ns3:TrackPointExtension>
            <ns3:hr>143</ns3:hr>
            <ns3:cad>92</ns3:cad>
          </ns3:TrackPointExtension>
        </extensions>
      </trkpt>
      <trkpt lat="29.6470857225358486175537109375" lon="91.0312582366168498992919921875">
        <ele>3635.199951171875</ele>
        <time>2026-10-06T22:43:25.000Z</time>
        <extensions>
          <ns3:TrackPointExtension>
            <ns3:hr>143</ns3:hr>
            <ns3:cad>90</ns3:cad>
          </ns3:TrackPointExtension>
        </extensions>
      </trkpt>
      <trkpt lat="29.64708228595554828643798828125" lon="91.03129402734339237213134765625">
        <ele>3635</ele>
        <time>2026-10-06T22:43:26.000Z</time>
        <extensions>
          <ns3:TrackPointExtension>
            <ns3:hr>144</ns3:hr>
            <ns3:cad>90</ns3:cad>
          </ns3:TrackPointExtension>
        </extensions>
      </trkpt>
      <trkpt lat="29.6470803581178188323974609375" lon="91.0313209332525730133056640625">
        <ele>3635</ele>
        <time>2026-10-06T22:43:27.000Z</time>
        <extensions>
          <ns3:TrackPointExtension>
            <ns3:hr>145</ns3:hr>
            <ns3:cad>92</ns3:cad>
          </ns3:TrackPointExtension>
        </extensions>
      </trkpt>
      <trkpt lat="29.64708228595554828643798828125" lon="91.03135823272168636322021484375">
        <ele>3635</ele>
        <time>2026-10-06T22:43:28.000Z</time>
        <extensions>
          <ns3:TrackPointExtension>
            <ns3:hr>145</ns3:hr>
            <ns3:cad>92</ns3:cad>
          </ns3:TrackPointExtension>
        </extensions>
      </trkpt>
      <trkpt lat="29.64709259569644927978515625" lon="91.031386144459247589111328125">
        <ele>3635</ele>
        <time>2026-10-06T22:43:29.000Z</time>
        <extensions>
          <ns3:TrackPointExtension>
            <ns3:hr>145</ns3:hr>
            <ns3:cad>92</ns3:cad>
          </ns3:TrackPointExtension>
        </extensions>
      </trkpt>
      <trkpt lat="29.6470930986106395721435546875" lon="91.0314205102622509002685546875">
        <ele>3635</ele>
        <time>2026-10-06T22:43:30.000Z</time>
        <extensions>
          <ns3:TrackPointExtension>
            <ns3:hr>145</ns3:hr>
            <ns3:cad>91</ns3:cad>
          </ns3:TrackPointExtension>
        </extensions>
      </trkpt>
      <trkpt lat="29.64709393680095672607421875" lon="91.03145076893270015716552734375">
        <ele>3635</ele>
        <time>2026-10-06T22:43:31.000Z</time>
        <extensions>
          <ns3:TrackPointExtension>
            <ns3:hr>145</ns3:hr>
            <ns3:cad>91</ns3:cad>
          </ns3:TrackPointExtension>
        </extensions>
      </trkpt>
      <trkpt lat="29.64709469117224216461181640625" lon="91.0314832068979740142822265625">
        <ele>3635</ele>
        <time>2026-10-06T22:43:32.000Z</time>
        <extensions>
          <ns3:TrackPointExtension>
            <ns3:hr>145</ns3:hr>
            <ns3:cad>93</ns3:cad>
          </ns3:TrackPointExtension>
        </extensions>
      </trkpt>
      <trkpt lat="29.64709452353417873382568359375" lon="91.0315143875777721405029296875">
        <ele>3635.199951171875</ele>
        <time>2026-10-06T22:43:33.000Z</time>
        <extensions>
          <ns3:TrackPointExtension>
            <ns3:hr>145</ns3:hr>
            <ns3:cad>93</ns3:cad>
          </ns3:TrackPointExtension>
        </extensions>
      </trkpt>
      <trkpt lat="29.6470920927822589874267578125" lon="91.0315452329814434051513671875">
        <ele>3635.199951171875</ele>
        <time>2026-10-06T22:43:34.000Z</time>
        <extensions>
          <ns3:TrackPointExtension>
            <ns3:hr>144</ns3:hr>
            <ns3:cad>93</ns3:cad>
          </ns3:TrackPointExtension>
        </extensions>
      </trkpt>
      <trkpt lat="29.64708982966840267181396484375" lon="91.0315764136612415313720703125">
        <ele>3635.199951171875</ele>
        <time>2026-10-06T22:43:35.000Z</time>
        <extensions>
          <ns3:TrackPointExtension>
            <ns3:hr>144</ns3:hr>
            <ns3:cad>93</ns3:cad>
          </ns3:TrackPointExtension>
        </extensions>
      </trkpt>
      <trkpt lat="29.64708429761230945587158203125" lon="91.03160717524588108062744140625">
        <ele>3635.199951171875</ele>
        <time>2026-10-06T22:43:36.000Z</time>
        <extensions>
          <ns3:TrackPointExtension>
            <ns3:hr>144</ns3:hr>
            <ns3:cad>94</ns3:cad>
          </ns3:TrackPointExtension>
        </extensions>
      </trkpt>
      <trkpt lat="29.64708429761230945587158203125" lon="91.03164120577275753021240234375">
        <ele>3635.199951171875</ele>
        <time>2026-10-06T22:43:37.000Z</time>
        <extensions>
          <ns3:TrackPointExtension>
            <ns3:hr>144</ns3:hr>
            <ns3:cad>94</ns3:cad>
          </ns3:TrackPointExtension>
        </extensions>
      </trkpt>
      <trkpt lat="29.647080861032009124755859375" lon="91.0316702909767627716064453125">
        <ele>3635.199951171875</ele>
        <time>2026-10-06T22:43:38.000Z</time>
        <extensions>
          <ns3:TrackPointExtension>
            <ns3:hr>145</ns3:hr>
            <ns3:cad>92</ns3:cad>
          </ns3:TrackPointExtension>
        </extensions>
      </trkpt>
      <trkpt lat="29.64707960374653339385986328125" lon="91.03170624934136867523193359375">
        <ele>3635.199951171875</ele>
        <time>2026-10-06T22:43:39.000Z</time>
        <extensions>
          <ns3:TrackPointExtension>
            <ns3:hr>144</ns3:hr>
            <ns3:cad>92</ns3:cad>
          </ns3:TrackPointExtension>
        </extensions>
      </trkpt>
      <trkpt lat="29.64708060957491397857666015625" lon="91.03173290379345417022705078125">
        <ele>3635</ele>
        <time>2026-10-06T22:43:40.000Z</time>
        <extensions>
          <ns3:TrackPointExtension>
            <ns3:hr>144</ns3:hr>
            <ns3:cad>93</ns3:cad>
          </ns3:TrackPointExtension>
        </extensions>
      </trkpt>
      <trkpt lat="29.64707826264202594757080078125" lon="91.03177028708159923553466796875">
        <ele>3635</ele>
        <time>2026-10-06T22:43:41.000Z</time>
        <extensions>
          <ns3:TrackPointExtension>
            <ns3:hr>144</ns3:hr>
            <ns3:cad>93</ns3:cad>
          </ns3:TrackPointExtension>
        </extensions>
      </trkpt>
      <trkpt lat="29.6470770053565502166748046875" lon="91.03179878555238246917724609375">
        <ele>3635</ele>
        <time>2026-10-06T22:43:42.000Z</time>
        <extensions>
          <ns3:TrackPointExtension>
            <ns3:hr>145</ns3:hr>
            <ns3:cad>92</ns3:cad>
          </ns3:TrackPointExtension>
        </extensions>
      </trkpt>
      <trkpt lat="29.6470666117966175079345703125" lon="91.031834743916988372802734375">
        <ele>3635</ele>
        <time>2026-10-06T22:43:43.000Z</time>
        <extensions>
          <ns3:TrackPointExtension>
            <ns3:hr>144</ns3:hr>
            <ns3:cad>92</ns3:cad>
          </ns3:TrackPointExtension>
        </extensions>
      </trkpt>
      <trkpt lat="29.6470545418560504913330078125" lon="91.0318600572645664215087890625">
        <ele>3634.800048828125</ele>
        <time>2026-10-06T22:43:44.000Z</time>
        <extensions>
          <ns3:TrackPointExtension>
            <ns3:hr>144</ns3:hr>
            <ns3:cad>92</ns3:cad>
          </ns3:TrackPointExtension>
        </extensions>
      </trkpt>
      <trkpt lat="29.64703115634620189666748046875" lon="91.0318848676979541778564453125">
        <ele>3634.800048828125</ele>
        <time>2026-10-06T22:43:45.000Z</time>
        <extensions>
          <ns3:TrackPointExtension>
            <ns3:hr>144</ns3:hr>
            <ns3:cad>92</ns3:cad>
          </ns3:TrackPointExtension>
        </extensions>
      </trkpt>
      <trkpt lat="29.64701103977859020233154296875" lon="91.03190548717975616455078125">
        <ele>3634.800048828125</ele>
        <time>2026-10-06T22:43:46.000Z</time>
        <extensions>
          <ns3:TrackPointExtension>
            <ns3:hr>144</ns3:hr>
            <ns3:cad>92</ns3:cad>
          </ns3:TrackPointExtension>
        </extensions>
      </trkpt>
      <trkpt lat="29.64698555879294872283935546875" lon="91.03192334063351154327392578125">
        <ele>3634.800048828125</ele>
        <time>2026-10-06T22:43:47.000Z</time>
        <extensions>
          <ns3:TrackPointExtension>
            <ns3:hr>144</ns3:hr>
            <ns3:cad>92</ns3:cad>
          </ns3:TrackPointExtension>
        </extensions>
      </trkpt>
      <trkpt lat="29.64695655740797519683837890625" lon="91.03193608112633228302001953125">
        <ele>3634.800048828125</ele>
        <time>2026-10-06T22:43:48.000Z</time>
        <extensions>
          <ns3:TrackPointExtension>
            <ns3:hr>143</ns3:hr>
            <ns3:cad>92</ns3:cad>
          </ns3:TrackPointExtension>
        </extensions>
      </trkpt>
      <trkpt lat="29.6469284780323505401611328125" lon="91.03194010443985462188720703125">
        <ele>3635</ele>
        <time>2026-10-06T22:43:49.000Z</time>
        <extensions>
          <ns3:TrackPointExtension>
            <ns3:hr>143</ns3:hr>
            <ns3:cad>92</ns3:cad>
          </ns3:TrackPointExtension>
        </extensions>
      </trkpt>
      <trkpt lat="29.64689805172383785247802734375" lon="91.0319411940872669219970703125">
        <ele>3634.800048828125</ele>
        <time>2026-10-06T22:43:50.000Z</time>
        <extensions>
          <ns3:TrackPointExtension>
            <ns3:hr>143</ns3:hr>
            <ns3:cad>92</ns3:cad>
          </ns3:TrackPointExtension>
        </extensions>
      </trkpt>
      <trkpt lat="29.646872989833354949951171875" lon="91.03194094263017177581787109375">
        <ele>3634.800048828125</ele>
        <time>2026-10-06T22:43:51.000Z</time>
        <extensions>
          <ns3:TrackPointExtension>
            <ns3:hr>143</ns3:hr>
            <ns3:cad>92</ns3:cad>
          </ns3:TrackPointExtension>
        </extensions>
      </trkpt>
      <trkpt lat="29.64684306643903255462646484375" lon="91.0319408588111400604248046875">
        <ele>3634.800048828125</ele>
        <time>2026-10-06T22:43:52.000Z</time>
        <extensions>
          <ns3:TrackPointExtension>
            <ns3:hr>143</ns3:hr>
            <ns3:cad>93</ns3:cad>
          </ns3:TrackPointExtension>
        </extensions>
      </trkpt>
      <trkpt lat="29.64682169258594512939453125" lon="91.0319442115724086761474609375">
        <ele>3634.800048828125</ele>
        <time>2026-10-06T22:43:53.000Z</time>
        <extensions>
          <ns3:TrackPointExtension>
            <ns3:hr>144</ns3:hr>
            <ns3:cad>93</ns3:cad>
          </ns3:TrackPointExtension>
        </extensions>
      </trkpt>
      <trkpt lat="29.6467893384397029876708984375" lon="91.03194437921047210693359375">
        <ele>3634.800048828125</ele>
        <time>2026-10-06T22:43:54.000Z</time>
        <extensions>
          <ns3:TrackPointExtension>
            <ns3:hr>144</ns3:hr>
            <ns3:cad>93</ns3:cad>
          </ns3:TrackPointExtension>
        </extensions>
      </trkpt>
      <trkpt lat="29.64676829986274242401123046875" lon="91.03194831870496273040771484375">
        <ele>3634.800048828125</ele>
        <time>2026-10-06T22:43:55.000Z</time>
        <extensions>
          <ns3:TrackPointExtension>
            <ns3:hr>144</ns3:hr>
            <ns3:cad>93</ns3:cad>
          </ns3:TrackPointExtension>
        </extensions>
      </trkpt>
      <trkpt lat="29.646738208830356597900390625" lon="91.0319509170949459075927734375">
        <ele>3634.800048828125</ele>
        <time>2026-10-06T22:43:56.000Z</time>
        <extensions>
          <ns3:TrackPointExtension>
            <ns3:hr>144</ns3:hr>
            <ns3:cad>92</ns3:cad>
          </ns3:TrackPointExtension>
        </extensions>
      </trkpt>
      <trkpt lat="29.64671499095857143402099609375" lon="91.0319542698562145233154296875">
        <ele>3634.800048828125</ele>
        <time>2026-10-06T22:43:57.000Z</time>
        <extensions>
          <ns3:TrackPointExtension>
            <ns3:hr>144</ns3:hr>
            <ns3:cad>92</ns3:cad>
          </ns3:TrackPointExtension>
        </extensions>
      </trkpt>
      <trkpt lat="29.64668733067810535430908203125" lon="91.031954102218151092529296875">
        <ele>3634.800048828125</ele>
        <time>2026-10-06T22:43:58.000Z</time>
        <extensions>
          <ns3:TrackPointExtension>
            <ns3:hr>144</ns3:hr>
            <ns3:cad>92</ns3:cad>
          </ns3:TrackPointExtension>
        </extensions>
      </trkpt>
      <trkpt lat="29.6466602571308612823486328125" lon="91.03195242583751678466796875">
        <ele>3634.800048828125</ele>
        <time>2026-10-06T22:43:59.000Z</time>
        <extensions>
          <ns3:TrackPointExtension>
            <ns3:hr>144</ns3:hr>
            <ns3:cad>92</ns3:cad>
          </ns3:TrackPointExtension>
        </extensions>
      </trkpt>
      <trkpt lat="29.64663452468812465667724609375" lon="91.03194831870496273040771484375">
        <ele>3634.800048828125</ele>
        <time>2026-10-06T22:44:00.000Z</time>
        <extensions>
          <ns3:TrackPointExtension>
            <ns3:hr>144</ns3:hr>
            <ns3:cad>92</ns3:cad>
          </ns3:TrackPointExtension>
        </extensions>
      </trkpt>
      <trkpt lat="29.6466056071221828460693359375" lon="91.03194245137274265289306640625">
        <ele>3634.60009765625</ele>
        <time>2026-10-06T22:44:01.000Z</time>
        <extensions>
          <ns3:TrackPointExtension>
            <ns3:hr>144</ns3:hr>
            <ns3:cad>92</ns3:cad>
          </ns3:TrackPointExtension>
        </extensions>
      </trkpt>
      <trkpt lat="29.64658305980265140533447265625" lon="91.03193557821214199066162109375">
        <ele>3634.60009765625</ele>
        <time>2026-10-06T22:44:02.000Z</time>
        <extensions>
          <ns3:TrackPointExtension>
            <ns3:hr>145</ns3:hr>
            <ns3:cad>92</ns3:cad>
          </ns3:TrackPointExtension>
        </extensions>
      </trkpt>
      <trkpt lat="29.6465526334941387176513671875" lon="91.0319341532886028289794921875">
        <ele>3634.60009765625</ele>
        <time>2026-10-06T22:44:03.000Z</time>
        <extensions>
          <ns3:TrackPointExtension>
            <ns3:hr>144</ns3:hr>
            <ns3:cad>92</ns3:cad>
          </ns3:TrackPointExtension>
        </extensions>
      </trkpt>
      <trkpt lat="29.64653008617460727691650390625" lon="91.03193406946957111358642578125">
        <ele>3634.60009765625</ele>
        <time>2026-10-06T22:44:04.000Z</time>
        <extensions>
          <ns3:TrackPointExtension>
            <ns3:hr>144</ns3:hr>
            <ns3:cad>92</ns3:cad>
          </ns3:TrackPointExtension>
        </extensions>
      </trkpt>
      <trkpt lat="29.6464996598660945892333984375" lon="91.0319334827363491058349609375">
        <ele>3634.60009765625</ele>
        <time>2026-10-06T22:44:05.000Z</time>
        <extensions>
          <ns3:TrackPointExtension>
            <ns3:hr>144</ns3:hr>
            <ns3:cad>92</ns3:cad>
          </ns3:TrackPointExtension>
        </extensions>
      </trkpt>
      <trkpt lat="29.64647878892719745635986328125" lon="91.03193339891731739044189453125">
        <ele>3634.60009765625</ele>
        <time>2026-10-06T22:44:06.000Z</time>
        <extensions>
          <ns3:TrackPointExtension>
            <ns3:hr>144</ns3:hr>
            <ns3:cad>92</ns3:cad>
          </ns3:TrackPointExtension>
        </extensions>
      </trkpt>
      <trkpt lat="29.64644844643771648406982421875" lon="91.03193842805922031402587890625">
        <ele>3634.800048828125</ele>
        <time>2026-10-06T22:44:07.000Z</time>
        <extensions>
          <ns3:TrackPointExtension>
            <ns3:hr>144</ns3:hr>
            <ns3:cad>92</ns3:cad>
          </ns3:TrackPointExtension>
        </extensions>
      </trkpt>
      <trkpt lat="29.64642480947077274322509765625" lon="91.03194396011531352996826171875">
        <ele>3634.800048828125</ele>
        <time>2026-10-06T22:44:08.000Z</time>
        <extensions>
          <ns3:TrackPointExtension>
            <ns3:hr>144</ns3:hr>
            <ns3:cad>92</ns3:cad>
          </ns3:TrackPointExtension>
        </extensions>
      </trkpt>
      <trkpt lat="29.64639463461935520172119140625" lon="91.031944043934345245361328125">
        <ele>3634.800048828125</ele>
        <time>2026-10-06T22:44:09.000Z</time>
        <extensions>
          <ns3:TrackPointExtension>
            <ns3:hr>145</ns3:hr>
            <ns3:cad>94</ns3:cad>
          </ns3:TrackPointExtension>
        </extensions>
      </trkpt>
      <trkpt lat="29.6463665552437305450439453125" lon="91.0319435410201549530029296875">
        <ele>3634.60009765625</ele>
        <time>2026-10-06T22:44:10.000Z</time>
        <extensions>
          <ns3:TrackPointExtension>
            <ns3:hr>145</ns3:hr>
            <ns3:cad>94</ns3:cad>
          </ns3:TrackPointExtension>
        </extensions>
      </trkpt>
      <trkpt lat="29.64633948169648647308349609375" lon="91.03194027207791805267333984375">
        <ele>3634.800048828125</ele>
        <time>2026-10-06T22:44:11.000Z</time>
        <extensions>
          <ns3:TrackPointExtension>
            <ns3:hr>145</ns3:hr>
            <ns3:cad>94</ns3:cad>
          </ns3:TrackPointExtension>
        </extensions>
      </trkpt>
      <trkpt lat="29.6463119052350521087646484375" lon="91.031938679516315460205078125">
        <ele>3634.60009765625</ele>
        <time>2026-10-06T22:44:12.000Z</time>
        <extensions>
          <ns3:TrackPointExtension>
            <ns3:hr>145</ns3:hr>
            <ns3:cad>93</ns3:cad>
          </ns3:TrackPointExtension>
        </extensions>
      </trkpt>
      <trkpt lat="29.6462874300777912139892578125" lon="91.0319383442401885986328125">
        <ele>3634.60009765625</ele>
        <time>2026-10-06T22:44:13.000Z</time>
        <extensions>
          <ns3:TrackPointExtension>
            <ns3:hr>145</ns3:hr>
            <ns3:cad>93</ns3:cad>
          </ns3:TrackPointExtension>
        </extensions>
      </trkpt>
      <trkpt lat="29.6462579257786273956298828125" lon="91.03193633258342742919921875">
        <ele>3634.60009765625</ele>
        <time>2026-10-06T22:44:14.000Z</time>
        <extensions>
          <ns3:TrackPointExtension>
            <ns3:hr>146</ns3:hr>
            <ns3:cad>92</ns3:cad>
          </ns3:TrackPointExtension>
        </extensions>
      </trkpt>
      <trkpt lat="29.6462357975542545318603515625" lon="91.03193474002182483673095703125">
        <ele>3634.60009765625</ele>
        <time>2026-10-06T22:44:15.000Z</time>
        <extensions>
          <ns3:TrackPointExtension>
            <ns3:hr>145</ns3:hr>
            <ns3:cad>91</ns3:cad>
          </ns3:TrackPointExtension>
        </extensions>
      </trkpt>
      <trkpt lat="29.64620620943605899810791015625" lon="91.0319351591169834136962890625">
        <ele>3634.60009765625</ele>
        <time>2026-10-06T22:44:16.000Z</time>
        <extensions>
          <ns3:TrackPointExtension>
            <ns3:hr>145</ns3:hr>
            <ns3:cad>91</ns3:cad>
          </ns3:TrackPointExtension>
        </extensions>
      </trkpt>
      <trkpt lat="29.64618592523038387298583984375" lon="91.03193490765988826751708984375">
        <ele>3634.60009765625</ele>
        <time>2026-10-06T22:44:17.000Z</time>
        <extensions>
          <ns3:TrackPointExtension>
            <ns3:hr>145</ns3:hr>
            <ns3:cad>93</ns3:cad>
          </ns3:TrackPointExtension>
        </extensions>
      </trkpt>
      <trkpt lat="29.64615524746477603912353515625" lon="91.03193071670830249786376953125">
        <ele>3634.60009765625</ele>
        <time>2026-10-06T22:44:18.000Z</time>
        <extensions>
          <ns3:TrackPointExtension>
            <ns3:hr>146</ns3:hr>
            <ns3:cad>93</ns3:cad>
          </ns3:TrackPointExtension>
        </extensions>
      </trkpt>
      <trkpt lat="29.64613060466945171356201171875" lon="91.03193021379411220550537109375">
        <ele>3634.60009765625</ele>
        <time>2026-10-06T22:44:19.000Z</time>
        <extensions>
          <ns3:TrackPointExtension>
            <ns3:hr>145</ns3:hr>
            <ns3:cad>92</ns3:cad>
          </ns3:TrackPointExtension>
        </extensions>
      </trkpt>
      <trkpt lat="29.64609875343739986419677734375" lon="91.0319304652512073516845703125">
        <ele>3634.60009765625</ele>
        <time>2026-10-06T22:44:20.000Z</time>
        <extensions>
          <ns3:TrackPointExtension>
            <ns3:hr>145</ns3:hr>
            <ns3:cad>92</ns3:cad>
          </ns3:TrackPointExtension>
        </extensions>
      </trkpt>
      <trkpt lat="29.64607478119432926177978515625" lon="91.03192987851798534393310546875">
        <ele>3634.60009765625</ele>
        <time>2026-10-06T22:44:21.000Z</time>
        <extensions>
          <ns3:TrackPointExtension>
            <ns3:hr>145</ns3:hr>
            <ns3:cad>93</ns3:cad>
          </ns3:TrackPointExtension>
        </extensions>
      </trkpt>
      <trkpt lat="29.64604678563773632049560546875" lon="91.03192585520446300506591796875">
        <ele>3634.60009765625</ele>
        <time>2026-10-06T22:44:22.000Z</time>
        <extensions>
          <ns3:TrackPointExtension>
            <ns3:hr>145</ns3:hr>
            <ns3:cad>93</ns3:cad>
          </ns3:TrackPointExtension>
        </extensions>
      </trkpt>
      <trkpt lat="29.6460225619375705718994140625" lon="91.03192384354770183563232421875">
        <ele>3634.60009765625</ele>
        <time>2026-10-06T22:44:23.000Z</time>
        <extensions>
          <ns3:TrackPointExtension>
            <ns3:hr>145</ns3:hr>
            <ns3:cad>93</ns3:cad>
          </ns3:TrackPointExtension>
        </extensions>
      </trkpt>
      <trkpt lat="29.6459954045712947845458984375" lon="91.03191847912967205047607421875">
        <ele>3634.60009765625</ele>
        <time>2026-10-06T22:44:24.000Z</time>
        <extensions>
          <ns3:TrackPointExtension>
            <ns3:hr>145</ns3:hr>
            <ns3:cad>93</ns3:cad>
          </ns3:TrackPointExtension>
        </extensions>
      </trkpt>
      <trkpt lat="29.64596782810986042022705078125" lon="91.03191210888326168060302734375">
        <ele>3634.60009765625</ele>
        <time>2026-10-06T22:44:25.000Z</time>
        <extensions>
          <ns3:TrackPointExtension>
            <ns3:hr>144</ns3:hr>
            <ns3:cad>93</ns3:cad>
          </ns3:TrackPointExtension>
        </extensions>
      </trkpt>
      <trkpt lat="29.64594368822872638702392578125" lon="91.03190288878977298736572265625">
        <ele>3634.60009765625</ele>
        <time>2026-10-06T22:44:26.000Z</time>
        <extensions>
          <ns3:TrackPointExtension>
            <ns3:hr>144</ns3:hr>
            <ns3:cad>93</ns3:cad>
          </ns3:TrackPointExtension>
        </extensions>
      </trkpt>
      <trkpt lat="29.645914770662784576416015625" lon="91.03189886547625064849853515625">
        <ele>3634.39990234375</ele>
        <time>2026-10-06T22:44:27.000Z</time>
        <extensions>
          <ns3:TrackPointExtension>
            <ns3:hr>144</ns3:hr>
            <ns3:cad>92</ns3:cad>
          </ns3:TrackPointExtension>
        </extensions>
      </trkpt>
      <trkpt lat="29.645891971886157989501953125" lon="91.03189568035304546356201171875">
        <ele>3634.39990234375</ele>
        <time>2026-10-06T22:44:28.000Z</time>
        <extensions>
          <ns3:TrackPointExtension>
            <ns3:hr>144</ns3:hr>
            <ns3:cad>92</ns3:cad>
          </ns3:TrackPointExtension>
        </extensions>
      </trkpt>
      <trkpt lat="29.6458612941205501556396484375" lon="91.031893081963062286376953125">
        <ele>3634.39990234375</ele>
        <time>2026-10-06T22:44:29.000Z</time>
        <extensions>
          <ns3:TrackPointExtension>
            <ns3:hr>144</ns3:hr>
            <ns3:cad>92</ns3:cad>
          </ns3:TrackPointExtension>
        </extensions>
      </trkpt>
      <trkpt lat="29.64584142901003360748291015625" lon="91.031893752515316009521484375">
        <ele>3634.39990234375</ele>
        <time>2026-10-06T22:44:30.000Z</time>
        <extensions>
          <ns3:TrackPointExtension>
            <ns3:hr>144</ns3:hr>
            <ns3:cad>93</ns3:cad>
          </ns3:TrackPointExtension>
        </extensions>
      </trkpt>
      <trkpt lat="29.64581376872956752777099609375" lon="91.03188998065888881683349609375">
        <ele>3634.39990234375</ele>
        <time>2026-10-06T22:44:31.000Z</time>
        <extensions>
          <ns3:TrackPointExtension>
            <ns3:hr>144</ns3:hr>
            <ns3:cad>93</ns3:cad>
          </ns3:TrackPointExtension>
        </extensions>
      </trkpt>
      <trkpt lat="29.6457898803055286407470703125" lon="91.0318885557353496551513671875">
        <ele>3634.39990234375</ele>
        <time>2026-10-06T22:44:32.000Z</time>
        <extensions>
          <ns3:TrackPointExtension>
            <ns3:hr>144</ns3:hr>
            <ns3:cad>93</ns3:cad>
          </ns3:TrackPointExtension>
        </extensions>
      </trkpt>
      <trkpt lat="29.645761214196681976318359375" lon="91.03188763372600078582763671875">
        <ele>3634.39990234375</ele>
        <time>2026-10-06T22:44:33.000Z</time>
        <extensions>
          <ns3:TrackPointExtension>
            <ns3:hr>145</ns3:hr>
            <ns3:cad>93</ns3:cad>
          </ns3:TrackPointExtension>
        </extensions>
      </trkpt>
      <trkpt lat="29.64573414064943790435791015625" lon="91.031891405582427978515625">
        <ele>3634.39990234375</ele>
        <time>2026-10-06T22:44:34.000Z</time>
        <extensions>
          <ns3:TrackPointExtension>
            <ns3:hr>144</ns3:hr>
            <ns3:cad>94</ns3:cad>
          </ns3:TrackPointExtension>
        </extensions>
      </trkpt>
      <trkpt lat="29.64570648036897182464599609375" lon="91.03189232759177684783935546875">
        <ele>3634.39990234375</ele>
        <time>2026-10-06T22:44:35.000Z</time>
        <extensions>
          <ns3:TrackPointExtension>
            <ns3:hr>144</ns3:hr>
            <ns3:cad>92</ns3:cad>
          </ns3:TrackPointExtension>
        </extensions>
      </trkpt>
      <trkpt lat="29.64567814953625202178955078125" lon="91.031891740858554840087890625">
        <ele>3634.39990234375</ele>
        <time>2026-10-06T22:44:36.000Z</time>
        <extensions>
          <ns3:TrackPointExtension>
            <ns3:hr>144</ns3:hr>
            <ns3:cad>92</ns3:cad>
          </ns3:TrackPointExtension>
        </extensions>
      </trkpt>
      <trkpt lat="29.64565317146480083465576171875" lon="91.03189333342015743255615234375">
        <ele>3634.39990234375</ele>
        <time>2026-10-06T22:44:37.000Z</time>
        <extensions>
          <ns3:TrackPointExtension>
            <ns3:hr>144</ns3:hr>
            <ns3:cad>92</ns3:cad>
          </ns3:TrackPointExtension>
        </extensions>
      </trkpt>
      <trkpt lat="29.6456232480704784393310546875" lon="91.031891740858554840087890625">
        <ele>3634.39990234375</ele>
        <time>2026-10-06T22:44:38.000Z</time>
        <extensions>
          <ns3:TrackPointExtension>
            <ns3:hr>145</ns3:hr>
            <ns3:cad>93</ns3:cad>
          </ns3:TrackPointExtension>
        </extensions>
      </trkpt>
      <trkpt lat="29.645600952208042144775390625" lon="91.03188863955438137054443359375">
        <ele>3634.39990234375</ele>
        <time>2026-10-06T22:44:39.000Z</time>
        <extensions>
          <ns3:TrackPointExtension>
            <ns3:hr>144</ns3:hr>
            <ns3:cad>93</ns3:cad>
          </ns3:TrackPointExtension>
        </extensions>
      </trkpt>
      <trkpt lat="29.6455702744424343109130859375" lon="91.03188780136406421661376953125">
        <ele>3634.39990234375</ele>
        <time>2026-10-06T22:44:40.000Z</time>
        <extensions>
          <ns3:TrackPointExtension>
            <ns3:hr>144</ns3:hr>
            <ns3:cad>93</ns3:cad>
          </ns3:TrackPointExtension>
        </extensions>
      </trkpt>
      <trkpt lat="29.6455484814941883087158203125" lon="91.0318887233734130859375">
        <ele>3634.39990234375</ele>
        <time>2026-10-06T22:44:41.000Z</time>
        <extensions>
          <ns3:TrackPointExtension>
            <ns3:hr>144</ns3:hr>
            <ns3:cad>94</ns3:cad>
          </ns3:TrackPointExtension>
        </extensions>
      </trkpt>
      <trkpt lat="29.6455176360905170440673828125" lon="91.03188813664019107818603515625">
        <ele>3634.39990234375</ele>
        <time>2026-10-06T22:44:42.000Z</time>
        <extensions>
          <ns3:TrackPointExtension>
            <ns3:hr>144</ns3:hr>
            <ns3:cad>94</ns3:cad>
          </ns3:TrackPointExtension>
        </extensions>
      </trkpt>
      <trkpt lat="29.6454968489706516265869140625" lon="91.03188947774469852447509765625">
        <ele>3634.39990234375</ele>
        <time>2026-10-06T22:44:43.000Z</time>
        <extensions>
          <ns3:TrackPointExtension>
            <ns3:hr>144</ns3:hr>
            <ns3:cad>93</ns3:cad>
          </ns3:TrackPointExtension>
        </extensions>
      </trkpt>
      <trkpt lat="29.64546709321439266204833984375" lon="91.0318875499069690704345703125">
        <ele>3634.199951171875</ele>
        <time>2026-10-06T22:44:44.000Z</time>
        <extensions>
          <ns3:TrackPointExtension>
            <ns3:hr>145</ns3:hr>
            <ns3:cad>93</ns3:cad>
          </ns3:TrackPointExtension>
        </extensions>
      </trkpt>
      <trkpt lat="29.64544345624744892120361328125" lon="91.03188646025955677032470703125">
        <ele>3634.199951171875</ele>
        <time>2026-10-06T22:44:45.000Z</time>
        <extensions>
          <ns3:TrackPointExtension>
            <ns3:hr>145</ns3:hr>
            <ns3:cad>93</ns3:cad>
          </ns3:TrackPointExtension>
        </extensions>
      </trkpt>
      <trkpt lat="29.6454170532524585723876953125" lon="91.03188327513635158538818359375">
        <ele>3634.199951171875</ele>
        <time>2026-10-06T22:44:46.000Z</time>
        <extensions>
          <ns3:TrackPointExtension>
            <ns3:hr>145</ns3:hr>
            <ns3:cad>93</ns3:cad>
          </ns3:TrackPointExtension>
        </extensions>
      </trkpt>
      <trkpt lat="29.645392410457134246826171875" lon="91.03188092820346355438232421875">
        <ele>3634.199951171875</ele>
        <time>2026-10-06T22:44:47.000Z</time>
        <extensions>
          <ns3:TrackPointExtension>
            <ns3:hr>145</ns3:hr>
            <ns3:cad>93</ns3:cad>
          </ns3:TrackPointExtension>
        </extensions>
      </trkpt>
      <trkpt lat="29.64536583982408046722412109375" lon="91.031869612634181976318359375">
        <ele>3634.199951171875</ele>
        <time>2026-10-06T22:44:48.000Z</time>
        <extensions>
          <ns3:TrackPointExtension>
            <ns3:hr>145</ns3:hr>
            <ns3:cad>92</ns3:cad>
          </ns3:TrackPointExtension>
        </extensions>
      </trkpt>
      <trkpt lat="29.64533650316298007965087890625" lon="91.0318670980632305145263671875">
        <ele>3634.199951171875</ele>
        <time>2026-10-06T22:44:49.000Z</time>
        <extensions>
          <ns3:TrackPointExtension>
            <ns3:hr>146</ns3:hr>
            <ns3:cad>92</ns3:cad>
          </ns3:TrackPointExtension>
        </extensions>
      </trkpt>
      <trkpt lat="29.6453127823770046234130859375" lon="91.0318627394735813140869140625">
        <ele>3634.199951171875</ele>
        <time>2026-10-06T22:44:50.000Z</time>
        <extensions>
          <ns3:TrackPointExtension>
            <ns3:hr>145</ns3:hr>
            <ns3:cad>93</ns3:cad>
          </ns3:TrackPointExtension>
        </extensions>
      </trkpt>
      <trkpt lat="29.64528336189687252044677734375" lon="91.03185896761715412139892578125">
        <ele>3634.199951171875</ele>
        <time>2026-10-06T22:44:51.000Z</time>
        <extensions>
          <ns3:TrackPointExtension>
            <ns3:hr>145</ns3:hr>
            <ns3:cad>93</ns3:cad>
          </ns3:TrackPointExtension>
        </extensions>
      </trkpt>
      <trkpt lat="29.645263664424419403076171875" lon="91.03186265565454959869384765625">
        <ele>3634.39990234375</ele>
        <time>2026-10-06T22:44:52.000Z</time>
        <extensions>
          <ns3:TrackPointExtension>
            <ns3:hr>146</ns3:hr>
            <ns3:cad>92</ns3:cad>
          </ns3:TrackPointExtension>
        </extensions>
      </trkpt>
      <trkpt lat="29.6452313102781772613525390625" lon="91.03186181746423244476318359375">
        <ele>3634.199951171875</ele>
        <time>2026-10-06T22:44:53.000Z</time>
        <extensions>
          <ns3:TrackPointExtension>
            <ns3:hr>145</ns3:hr>
            <ns3:cad>92</ns3:cad>
          </ns3:TrackPointExtension>
        </extensions>
      </trkpt>
      <trkpt lat="29.64520633220672607421875" lon="91.031862236559391021728515625">
        <ele>3634.39990234375</ele>
        <time>2026-10-06T22:44:54.000Z</time>
        <extensions>
          <ns3:TrackPointExtension>
            <ns3:hr>145</ns3:hr>
            <ns3:cad>94</ns3:cad>
          </ns3:TrackPointExtension>
        </extensions>
      </trkpt>
      <trkpt lat="29.64517758227884769439697265625" lon="91.03186030872166156768798828125">
        <ele>3634.39990234375</ele>
        <time>2026-10-06T22:44:55.000Z</time>
        <extensions>
          <ns3:TrackPointExtension>
            <ns3:hr>144</ns3:hr>
            <ns3:cad>94</ns3:cad>
          </ns3:TrackPointExtension>
        </extensions>
      </trkpt>
      <trkpt lat="29.64515335857868194580078125" lon="91.0318605601787567138671875">
        <ele>3634.199951171875</ele>
        <time>2026-10-06T22:44:56.000Z</time>
        <extensions>
          <ns3:TrackPointExtension>
            <ns3:hr>144</ns3:hr>
            <ns3:cad>92</ns3:cad>
          </ns3:TrackPointExtension>
        </extensions>
      </trkpt>
      <trkpt lat="29.64512812905013561248779296875" lon="91.0318563692271709442138671875">
        <ele>3634.199951171875</ele>
        <time>2026-10-06T22:44:57.000Z</time>
        <extensions>
          <ns3:TrackPointExtension>
            <ns3:hr>144</ns3:hr>
            <ns3:cad>92</ns3:cad>
          </ns3:TrackPointExtension>
        </extensions>
      </trkpt>
      <trkpt lat="29.64510264806449413299560546875" lon="91.0318546928465366363525390625">
        <ele>3634.199951171875</ele>
        <time>2026-10-06T22:44:58.000Z</time>
        <extensions>
          <ns3:TrackPointExtension>
            <ns3:hr>144</ns3:hr>
            <ns3:cad>92</ns3:cad>
          </ns3:TrackPointExtension>
        </extensions>
      </trkpt>
      <trkpt lat="29.6450814418494701385498046875" lon="91.03184706531465053558349609375">
        <ele>3634.199951171875</ele>
        <time>2026-10-06T22:44:59.000Z</time>
        <extensions>
          <ns3:TrackPointExtension>
            <ns3:hr>144</ns3:hr>
            <ns3:cad>94</ns3:cad>
          </ns3:TrackPointExtension>
        </extensions>
      </trkpt>
      <trkpt lat="29.64505269192159175872802734375" lon="91.0318439640104770660400390625">
        <ele>3634.199951171875</ele>
        <time>2026-10-06T22:45:00.000Z</time>
        <extensions>
          <ns3:TrackPointExtension>
            <ns3:hr>144</ns3:hr>
            <ns3:cad>92</ns3:cad>
          </ns3:TrackPointExtension>
        </extensions>
      </trkpt>
      <trkpt lat="29.6450293064117431640625" lon="91.03184002451598644256591796875">
        <ele>3634.199951171875</ele>
        <time>2026-10-06T22:45:01.000Z</time>
        <extensions>
          <ns3:TrackPointExtension>
            <ns3:hr>144</ns3:hr>
            <ns3:cad>92</ns3:cad>
          </ns3:TrackPointExtension>
        </extensions>
      </trkpt>
      <trkpt lat="29.64500022120773792266845703125" lon="91.03183499537408351898193359375">
        <ele>3634.199951171875</ele>
        <time>2026-10-06T22:45:02.000Z</time>
        <extensions>
          <ns3:TrackPointExtension>
            <ns3:hr>145</ns3:hr>
            <ns3:cad>92</ns3:cad>
          </ns3:TrackPointExtension>
        </extensions>
      </trkpt>
      <trkpt lat="29.644980020821094512939453125" lon="91.031832396984100341796875">
        <ele>3634.199951171875</ele>
        <time>2026-10-06T22:45:03.000Z</time>
        <extensions>
          <ns3:TrackPointExtension>
            <ns3:hr>144</ns3:hr>
            <ns3:cad>93</ns3:cad>
          </ns3:TrackPointExtension>
        </extensions>
      </trkpt>
      <trkpt lat="29.64495412074029445648193359375" lon="91.03182963095605373382568359375">
        <ele>3634.199951171875</ele>
        <time>2026-10-06T22:45:04.000Z</time>
        <extensions>
          <ns3:TrackPointExtension>
            <ns3:hr>144</ns3:hr>
            <ns3:cad>93</ns3:cad>
          </ns3:TrackPointExtension>
        </extensions>
      </trkpt>
      <trkpt lat="29.6449340879917144775390625" lon="91.03182946331799030303955078125">
        <ele>3634.199951171875</ele>
        <time>2026-10-06T22:45:05.000Z</time>
        <extensions>
          <ns3:TrackPointExtension>
            <ns3:hr>144</ns3:hr>
            <ns3:cad>93</ns3:cad>
          </ns3:TrackPointExtension>
        </extensions>
      </trkpt>
      <trkpt lat="29.64490793645381927490234375" lon="91.0318278707563877105712890625">
        <ele>3634.199951171875</ele>
        <time>2026-10-06T22:45:06.000Z</time>
        <extensions>
          <ns3:TrackPointExtension>
            <ns3:hr>144</ns3:hr>
            <ns3:cad>93</ns3:cad>
          </ns3:TrackPointExtension>
        </extensions>
      </trkpt>
      <trkpt lat="29.6448853053152561187744140625" lon="91.031829379498958587646484375">
        <ele>3634.199951171875</ele>
        <time>2026-10-06T22:45:07.000Z</time>
        <extensions>
          <ns3:TrackPointExtension>
            <ns3:hr>144</ns3:hr>
            <ns3:cad>93</ns3:cad>
          </ns3:TrackPointExtension>
        </extensions>
      </trkpt>
      <trkpt lat="29.6448576450347900390625" lon="91.03182996623218059539794921875">
        <ele>3634</ele>
        <time>2026-10-06T22:45:08.000Z</time>
        <extensions>
          <ns3:TrackPointExtension>
            <ns3:hr>144</ns3:hr>
            <ns3:cad>92</ns3:cad>
          </ns3:TrackPointExtension>
        </extensions>
      </trkpt>
      <trkpt lat="29.64483149349689483642578125" lon="91.0318339057266712188720703125">
        <ele>3634</ele>
        <time>2026-10-06T22:45:09.000Z</time>
        <extensions>
          <ns3:TrackPointExtension>
            <ns3:hr>144</ns3:hr>
            <ns3:cad>91</ns3:cad>
          </ns3:TrackPointExtension>
        </extensions>
      </trkpt>
      <trkpt lat="29.64480626396834850311279296875" lon="91.031832061707973480224609375">
        <ele>3634</ele>
        <time>2026-10-06T22:45:10.000Z</time>
        <extensions>
          <ns3:TrackPointExtension>
            <ns3:hr>144</ns3:hr>
            <ns3:cad>91</ns3:cad>
          </ns3:TrackPointExtension>
        </extensions>
      </trkpt>
      <trkpt lat="29.64478162117302417755126953125" lon="91.03183449245989322662353515625">
        <ele>3634</ele>
        <time>2026-10-06T22:45:11.000Z</time>
        <extensions>
          <ns3:TrackPointExtension>
            <ns3:hr>144</ns3:hr>
            <ns3:cad>93</ns3:cad>
          </ns3:TrackPointExtension>
        </extensions>
      </trkpt>
      <trkpt lat="29.6447592414915561676025390625" lon="91.0318335704505443572998046875">
        <ele>3634</ele>
        <time>2026-10-06T22:45:12.000Z</time>
        <extensions>
          <ns3:TrackPointExtension>
            <ns3:hr>143</ns3:hr>
            <ns3:cad>93</ns3:cad>
          </ns3:TrackPointExtension>
        </extensions>
      </trkpt>
      <trkpt lat="29.64473015628755092620849609375" lon="91.031832396984100341796875">
        <ele>3634.199951171875</ele>
        <time>2026-10-06T22:45:13.000Z</time>
        <extensions>
          <ns3:TrackPointExtension>
            <ns3:hr>144</ns3:hr>
            <ns3:cad>92</ns3:cad>
          </ns3:TrackPointExtension>
        </extensions>
      </trkpt>
      <trkpt lat="29.64470769278705120086669921875" lon="91.03182812221348285675048828125">
        <ele>3634</ele>
        <time>2026-10-06T22:45:14.000Z</time>
        <extensions>
          <ns3:TrackPointExtension>
            <ns3:hr>144</ns3:hr>
            <ns3:cad>92</ns3:cad>
          </ns3:TrackPointExtension>
        </extensions>
      </trkpt>
      <trkpt lat="29.64467986486852169036865234375" lon="91.03182636201381683349609375">
        <ele>3634</ele>
        <time>2026-10-06T22:45:15.000Z</time>
        <extensions>
          <ns3:TrackPointExtension>
            <ns3:hr>143</ns3:hr>
            <ns3:cad>93</ns3:cad>
          </ns3:TrackPointExtension>
        </extensions>
      </trkpt>
      <trkpt lat="29.64465807192027568817138671875" lon="91.0318243503570556640625">
        <ele>3634</ele>
        <time>2026-10-06T22:45:16.000Z</time>
        <extensions>
          <ns3:TrackPointExtension>
            <ns3:hr>143</ns3:hr>
            <ns3:cad>93</ns3:cad>
          </ns3:TrackPointExtension>
        </extensions>
      </trkpt>
      <trkpt lat="29.64463007636368274688720703125" lon="91.03182191960513591766357421875">
        <ele>3634</ele>
        <time>2026-10-06T22:45:17.000Z</time>
        <extensions>
          <ns3:TrackPointExtension>
            <ns3:hr>143</ns3:hr>
            <ns3:cad>92</ns3:cad>
          </ns3:TrackPointExtension>
        </extensions>
      </trkpt>
      <trkpt lat="29.64460845105350017547607421875" lon="91.03182292543351650238037109375">
        <ele>3634</ele>
        <time>2026-10-06T22:45:18.000Z</time>
        <extensions>
          <ns3:TrackPointExtension>
            <ns3:hr>143</ns3:hr>
            <ns3:cad>92</ns3:cad>
          </ns3:TrackPointExtension>
        </extensions>
      </trkpt>
      <trkpt lat="29.6445805393159389495849609375" lon="91.03182393126189708709716796875">
        <ele>3634</ele>
        <time>2026-10-06T22:45:19.000Z</time>
        <extensions>
          <ns3:TrackPointExtension>
            <ns3:hr>143</ns3:hr>
            <ns3:cad>94</ns3:cad>
          </ns3:TrackPointExtension>
        </extensions>
      </trkpt>
      <trkpt lat="29.64455665089190006256103515625" lon="91.0318255238234996795654296875">
        <ele>3634</ele>
        <time>2026-10-06T22:45:20.000Z</time>
        <extensions>
          <ns3:TrackPointExtension>
            <ns3:hr>143</ns3:hr>
            <ns3:cad>94</ns3:cad>
          </ns3:TrackPointExtension>
        </extensions>
      </trkpt>
      <trkpt lat="29.64453116990625858306884765625" lon="91.0318258590996265411376953125">
        <ele>3634</ele>
        <time>2026-10-06T22:45:21.000Z</time>
        <extensions>
          <ns3:TrackPointExtension>
            <ns3:hr>142</ns3:hr>
            <ns3:cad>92</ns3:cad>
          </ns3:TrackPointExtension>
        </extensions>
      </trkpt>
      <trkpt lat="29.64450367726385593414306640625" lon="91.03182636201381683349609375">
        <ele>3634</ele>
        <time>2026-10-06T22:45:22.000Z</time>
        <extensions>
          <ns3:TrackPointExtension>
            <ns3:hr>142</ns3:hr>
            <ns3:cad>92</ns3:cad>
          </ns3:TrackPointExtension>
        </extensions>
      </trkpt>
      <trkpt lat="29.64447903446853160858154296875" lon="91.03181957267224788665771484375">
        <ele>3634</ele>
        <time>2026-10-06T22:45:23.000Z</time>
        <extensions>
          <ns3:TrackPointExtension>
            <ns3:hr>142</ns3:hr>
            <ns3:cad>94</ns3:cad>
          </ns3:TrackPointExtension>
        </extensions>
      </trkpt>
      <trkpt lat="29.644450284540653228759765625" lon="91.0318134538829326629638671875">
        <ele>3634</ele>
        <time>2026-10-06T22:45:24.000Z</time>
        <extensions>
          <ns3:TrackPointExtension>
            <ns3:hr>143</ns3:hr>
            <ns3:cad>94</ns3:cad>
          </ns3:TrackPointExtension>
        </extensions>
      </trkpt>
      <trkpt lat="29.644426815211772918701171875" lon="91.03180733509361743927001953125">
        <ele>3634</ele>
        <time>2026-10-06T22:45:25.000Z</time>
        <extensions>
          <ns3:TrackPointExtension>
            <ns3:hr>142</ns3:hr>
            <ns3:cad>92</ns3:cad>
          </ns3:TrackPointExtension>
        </extensions>
      </trkpt>
      <trkpt lat="29.64439689181745052337646484375" lon="91.0318050719797611236572265625">
        <ele>3633.800048828125</ele>
        <time>2026-10-06T22:45:26.000Z</time>
        <extensions>
          <ns3:TrackPointExtension>
            <ns3:hr>142</ns3:hr>
            <ns3:cad>92</ns3:cad>
          </ns3:TrackPointExtension>
        </extensions>
      </trkpt>
      <trkpt lat="29.6443761885166168212890625" lon="91.0318003781139850616455078125">
        <ele>3633.800048828125</ele>
        <time>2026-10-06T22:45:27.000Z</time>
        <extensions>
          <ns3:TrackPointExtension>
            <ns3:hr>142</ns3:hr>
            <ns3:cad>93</ns3:cad>
          </ns3:TrackPointExtension>
        </extensions>
      </trkpt>
      <trkpt lat="29.64434995315968990325927734375" lon="91.03179023601114749908447265625">
        <ele>3633.800048828125</ele>
        <time>2026-10-06T22:45:28.000Z</time>
        <extensions>
          <ns3:TrackPointExtension>
            <ns3:hr>142</ns3:hr>
            <ns3:cad>93</ns3:cad>
          </ns3:TrackPointExtension>
        </extensions>
      </trkpt>
      <trkpt lat="29.64433067478239536285400390625" lon="91.0317814350128173828125">
        <ele>3633.800048828125</ele>
        <time>2026-10-06T22:45:29.000Z</time>
        <extensions>
          <ns3:TrackPointExtension>
            <ns3:hr>142</ns3:hr>
            <ns3:cad>93</ns3:cad>
          </ns3:TrackPointExtension>
        </extensions>
      </trkpt>
      <trkpt lat="29.64430452324450016021728515625" lon="91.03177112527191638946533203125">
        <ele>3634</ele>
        <time>2026-10-06T22:45:30.000Z</time>
        <extensions>
          <ns3:TrackPointExtension>
            <ns3:hr>143</ns3:hr>
            <ns3:cad>93</ns3:cad>
          </ns3:TrackPointExtension>
        </extensions>
      </trkpt>
      <trkpt lat="29.64427971281111240386962890625" lon="91.03176743723452091217041015625">
        <ele>3634</ele>
        <time>2026-10-06T22:45:31.000Z</time>
        <extensions>
          <ns3:TrackPointExtension>
            <ns3:hr>143</ns3:hr>
            <ns3:cad>93</ns3:cad>
          </ns3:TrackPointExtension>
        </extensions>
      </trkpt>
      <trkpt lat="29.64425423182547092437744140625" lon="91.03176140226423740386962890625">
        <ele>3634</ele>
        <time>2026-10-06T22:45:32.000Z</time>
        <extensions>
          <ns3:TrackPointExtension>
            <ns3:hr>143</ns3:hr>
            <ns3:cad>93</ns3:cad>
          </ns3:TrackPointExtension>
        </extensions>
      </trkpt>
      <trkpt lat="29.64422791264951229095458984375" lon="91.03176006115972995758056640625">
        <ele>3634</ele>
        <time>2026-10-06T22:45:33.000Z</time>
        <extensions>
          <ns3:TrackPointExtension>
            <ns3:hr>143</ns3:hr>
            <ns3:cad>92</ns3:cad>
          </ns3:TrackPointExtension>
        </extensions>
      </trkpt>
      <trkpt lat="29.64420117437839508056640625" lon="91.03175796568393707275390625">
        <ele>3634</ele>
        <time>2026-10-06T22:45:34.000Z</time>
        <extensions>
          <ns3:TrackPointExtension>
            <ns3:hr>142</ns3:hr>
            <ns3:cad>92</ns3:cad>
          </ns3:TrackPointExtension>
        </extensions>
      </trkpt>
      <trkpt lat="29.64417477138340473175048828125" lon="91.031756959855556488037109375">
        <ele>3633.800048828125</ele>
        <time>2026-10-06T22:45:35.000Z</time>
        <extensions>
          <ns3:TrackPointExtension>
            <ns3:hr>142</ns3:hr>
            <ns3:cad>93</ns3:cad>
          </ns3:TrackPointExtension>
        </extensions>
      </trkpt>
      <trkpt lat="29.64415113441646099090576171875" lon="91.0317507572472095489501953125">
        <ele>3633.800048828125</ele>
        <time>2026-10-06T22:45:36.000Z</time>
        <extensions>
          <ns3:TrackPointExtension>
            <ns3:hr>142</ns3:hr>
            <ns3:cad>93</ns3:cad>
          </ns3:TrackPointExtension>
        </extensions>
      </trkpt>
      <trkpt lat="29.6441235579550266265869140625" lon="91.0317487455904483795166015625">
        <ele>3633.800048828125</ele>
        <time>2026-10-06T22:45:37.000Z</time>
        <extensions>
          <ns3:TrackPointExtension>
            <ns3:hr>143</ns3:hr>
            <ns3:cad>93</ns3:cad>
          </ns3:TrackPointExtension>
        </extensions>
      </trkpt>
      <trkpt lat="29.64410034008324146270751953125" lon="91.0317494161427021026611328125">
        <ele>3633.800048828125</ele>
        <time>2026-10-06T22:45:38.000Z</time>
        <extensions>
          <ns3:TrackPointExtension>
            <ns3:hr>142</ns3:hr>
            <ns3:cad>92</ns3:cad>
          </ns3:TrackPointExtension>
        </extensions>
      </trkpt>
      <trkpt lat="29.64406832121312618255615234375" lon="91.031749583780765533447265625">
        <ele>3633.800048828125</ele>
        <time>2026-10-06T22:45:39.000Z</time>
        <extensions>
          <ns3:TrackPointExtension>
            <ns3:hr>142</ns3:hr>
            <ns3:cad>92</ns3:cad>
          </ns3:TrackPointExtension>
        </extensions>
      </trkpt>
      <trkpt lat="29.64404954575002193450927734375" lon="91.03175100870430469512939453125">
        <ele>3634</ele>
        <time>2026-10-06T22:45:40.000Z</time>
        <extensions>
          <ns3:TrackPointExtension>
            <ns3:hr>142</ns3:hr>
            <ns3:cad>92</ns3:cad>
          </ns3:TrackPointExtension>
        </extensions>
      </trkpt>
      <trkpt lat="29.6440186165273189544677734375" lon="91.0317524336278438568115234375">
        <ele>3634</ele>
        <time>2026-10-06T22:45:41.000Z</time>
        <extensions>
          <ns3:TrackPointExtension>
            <ns3:hr>142</ns3:hr>
            <ns3:cad>91</ns3:cad>
          </ns3:TrackPointExtension>
        </extensions>
      </trkpt>
      <trkpt lat="29.64399791322648525238037109375" lon="91.0317537747323513031005859375">
        <ele>3634</ele>
        <time>2026-10-06T22:45:42.000Z</time>
        <extensions>
          <ns3:TrackPointExtension>
            <ns3:hr>142</ns3:hr>
            <ns3:cad>91</ns3:cad>
          </ns3:TrackPointExtension>
        </extensions>
      </trkpt>
      <trkpt lat="29.64397025294601917266845703125" lon="91.0317505896091461181640625">
        <ele>3634</ele>
        <time>2026-10-06T22:45:43.000Z</time>
        <extensions>
          <ns3:TrackPointExtension>
            <ns3:hr>142</ns3:hr>
            <ns3:cad>90</ns3:cad>
          </ns3:TrackPointExtension>
        </extensions>
      </trkpt>
      <trkpt lat="29.6439470350742340087890625" lon="91.03175100870430469512939453125">
        <ele>3633.800048828125</ele>
        <time>2026-10-06T22:45:44.000Z</time>
        <extensions>
          <ns3:TrackPointExtension>
            <ns3:hr>142</ns3:hr>
            <ns3:cad>90</ns3:cad>
          </ns3:TrackPointExtension>
        </extensions>
      </trkpt>
      <trkpt lat="29.6439193747937679290771484375" lon="91.03174564428627490997314453125">
        <ele>3633.800048828125</ele>
        <time>2026-10-06T22:45:45.000Z</time>
        <extensions>
          <ns3:TrackPointExtension>
            <ns3:hr>142</ns3:hr>
            <ns3:cad>93</ns3:cad>
          </ns3:TrackPointExtension>
        </extensions>
      </trkpt>
      <trkpt lat="29.64389213360846042633056640625" lon="91.0317433811724185943603515625">
        <ele>3633.800048828125</ele>
        <time>2026-10-06T22:45:46.000Z</time>
        <extensions>
          <ns3:TrackPointExtension>
            <ns3:hr>142</ns3:hr>
            <ns3:cad>93</ns3:cad>
          </ns3:TrackPointExtension>
        </extensions>
      </trkpt>
      <trkpt lat="29.64386631734669208526611328125" lon="91.031739525496959686279296875">
        <ele>3633.800048828125</ele>
        <time>2026-10-06T22:45:47.000Z</time>
        <extensions>
          <ns3:TrackPointExtension>
            <ns3:hr>142</ns3:hr>
            <ns3:cad>93</ns3:cad>
          </ns3:TrackPointExtension>
        </extensions>
      </trkpt>
      <trkpt lat="29.6438372321426868438720703125" lon="91.031737513840198516845703125">
        <ele>3633.800048828125</ele>
        <time>2026-10-06T22:45:48.000Z</time>
        <extensions>
          <ns3:TrackPointExtension>
            <ns3:hr>142</ns3:hr>
            <ns3:cad>94</ns3:cad>
          </ns3:TrackPointExtension>
        </extensions>
      </trkpt>
      <trkpt lat="29.64381485246121883392333984375" lon="91.031734161078929901123046875">
        <ele>3633.800048828125</ele>
        <time>2026-10-06T22:45:49.000Z</time>
        <extensions>
          <ns3:TrackPointExtension>
            <ns3:hr>143</ns3:hr>
            <ns3:cad>94</ns3:cad>
          </ns3:TrackPointExtension>
        </extensions>
      </trkpt>
      <trkpt lat="29.64378568343818187713623046875" lon="91.03173173032701015472412109375">
        <ele>3633.800048828125</ele>
        <time>2026-10-06T22:45:50.000Z</time>
        <extensions>
          <ns3:TrackPointExtension>
            <ns3:hr>142</ns3:hr>
            <ns3:cad>93</ns3:cad>
          </ns3:TrackPointExtension>
        </extensions>
      </trkpt>
      <trkpt lat="29.6437646448612213134765625" lon="91.0317318141460418701171875">
        <ele>3633.800048828125</ele>
        <time>2026-10-06T22:45:51.000Z</time>
        <extensions>
          <ns3:TrackPointExtension>
            <ns3:hr>142</ns3:hr>
            <ns3:cad>93</ns3:cad>
          </ns3:TrackPointExtension>
        </extensions>
      </trkpt>
      <trkpt lat="29.643736146390438079833984375" lon="91.0317326523363590240478515625">
        <ele>3633.800048828125</ele>
        <time>2026-10-06T22:45:52.000Z</time>
        <extensions>
          <ns3:TrackPointExtension>
            <ns3:hr>143</ns3:hr>
            <ns3:cad>94</ns3:cad>
          </ns3:TrackPointExtension>
        </extensions>
      </trkpt>
      <trkpt lat="29.643713347613811492919921875" lon="91.031734161078929901123046875">
        <ele>3633.800048828125</ele>
        <time>2026-10-06T22:45:53.000Z</time>
        <extensions>
          <ns3:TrackPointExtension>
            <ns3:hr>143</ns3:hr>
            <ns3:cad>94</ns3:cad>
          </ns3:TrackPointExtension>
        </extensions>
      </trkpt>
      <trkpt lat="29.64368593879044055938720703125" lon="91.03172837756574153900146484375">
        <ele>3633.800048828125</ele>
        <time>2026-10-06T22:45:54.000Z</time>
        <extensions>
          <ns3:TrackPointExtension>
            <ns3:hr>142</ns3:hr>
            <ns3:cad>92</ns3:cad>
          </ns3:TrackPointExtension>
        </extensions>
      </trkpt>
      <trkpt lat="29.64366213418543338775634765625" lon="91.03172536008059978485107421875">
        <ele>3633.800048828125</ele>
        <time>2026-10-06T22:45:55.000Z</time>
        <extensions>
          <ns3:TrackPointExtension>
            <ns3:hr>142</ns3:hr>
            <ns3:cad>92</ns3:cad>
          </ns3:TrackPointExtension>
        </extensions>
      </trkpt>
      <trkpt lat="29.643636234104633331298828125" lon="91.03172301314771175384521484375">
        <ele>3633.800048828125</ele>
        <time>2026-10-06T22:45:56.000Z</time>
        <extensions>
          <ns3:TrackPointExtension>
            <ns3:hr>142</ns3:hr>
            <ns3:cad>92</ns3:cad>
          </ns3:TrackPointExtension>
        </extensions>
      </trkpt>
      <trkpt lat="29.643610082566738128662109375" lon="91.03172217495739459991455078125">
        <ele>3633.800048828125</ele>
        <time>2026-10-06T22:45:57.000Z</time>
        <extensions>
          <ns3:TrackPointExtension>
            <ns3:hr>143</ns3:hr>
            <ns3:cad>94</ns3:cad>
          </ns3:TrackPointExtension>
        </extensions>
      </trkpt>
      <trkpt lat="29.643586613237857818603515625" lon="91.03171773254871368408203125">
        <ele>3633.800048828125</ele>
        <time>2026-10-06T22:45:58.000Z</time>
        <extensions>
          <ns3:TrackPointExtension>
            <ns3:hr>142</ns3:hr>
            <ns3:cad>94</ns3:cad>
          </ns3:TrackPointExtension>
        </extensions>
      </trkpt>
      <trkpt lat="29.64355635456740856170654296875" lon="91.0317142121493816375732421875">
        <ele>3633.800048828125</ele>
        <time>2026-10-06T22:45:59.000Z</time>
        <extensions>
          <ns3:TrackPointExtension>
            <ns3:hr>142</ns3:hr>
            <ns3:cad>94</ns3:cad>
          </ns3:TrackPointExtension>
        </extensions>
      </trkpt>
      <trkpt lat="29.643532298505306243896484375" lon="91.03171664290130138397216796875">
        <ele>3633.800048828125</ele>
        <time>2026-10-06T22:46:00.000Z</time>
        <extensions>
          <ns3:TrackPointExtension>
            <ns3:hr>143</ns3:hr>
            <ns3:cad>94</ns3:cad>
          </ns3:TrackPointExtension>
        </extensions>
      </trkpt>
      <trkpt lat="29.64350044727325439453125" lon="91.0317162238061428070068359375">
        <ele>3633.800048828125</ele>
        <time>2026-10-06T22:46:01.000Z</time>
        <extensions>
          <ns3:TrackPointExtension>
            <ns3:hr>143</ns3:hr>
            <ns3:cad>94</ns3:cad>
          </ns3:TrackPointExtension>
        </extensions>
      </trkpt>
      <trkpt lat="29.643476642668247222900390625" lon="91.03171764872968196868896484375">
        <ele>3633.60009765625</ele>
        <time>2026-10-06T22:46:02.000Z</time>
        <extensions>
          <ns3:TrackPointExtension>
            <ns3:hr>143</ns3:hr>
            <ns3:cad>92</ns3:cad>
          </ns3:TrackPointExtension>
        </extensions>
      </trkpt>
      <trkpt lat="29.64344680309295654296875" lon="91.031715385615825653076171875">
        <ele>3633.60009765625</ele>
        <time>2026-10-06T22:46:03.000Z</time>
        <extensions>
          <ns3:TrackPointExtension>
            <ns3:hr>143</ns3:hr>
            <ns3:cad>92</ns3:cad>
          </ns3:TrackPointExtension>
        </extensions>
      </trkpt>
      <trkpt lat="29.64342274703085422515869140625" lon="91.03171647526323795318603515625">
        <ele>3633.60009765625</ele>
        <time>2026-10-06T22:46:04.000Z</time>
        <extensions>
          <ns3:TrackPointExtension>
            <ns3:hr>142</ns3:hr>
            <ns3:cad>92</ns3:cad>
          </ns3:TrackPointExtension>
        </extensions>
      </trkpt>
      <trkpt lat="29.6433950029313564300537109375" lon="91.0317152179777622222900390625">
        <ele>3633.60009765625</ele>
        <time>2026-10-06T22:46:05.000Z</time>
        <extensions>
          <ns3:TrackPointExtension>
            <ns3:hr>142</ns3:hr>
            <ns3:cad>92</ns3:cad>
          </ns3:TrackPointExtension>
        </extensions>
      </trkpt>
      <trkpt lat="29.64337094686925411224365234375" lon="91.03171773254871368408203125">
        <ele>3633.60009765625</ele>
        <time>2026-10-06T22:46:06.000Z</time>
        <extensions>
          <ns3:TrackPointExtension>
            <ns3:hr>142</ns3:hr>
            <ns3:cad>92</ns3:cad>
          </ns3:TrackPointExtension>
        </extensions>
      </trkpt>
      <trkpt lat="29.64334697462618350982666015625" lon="91.031716726720333099365234375">
        <ele>3633.60009765625</ele>
        <time>2026-10-06T22:46:07.000Z</time>
        <extensions>
          <ns3:TrackPointExtension>
            <ns3:hr>142</ns3:hr>
            <ns3:cad>92</ns3:cad>
          </ns3:TrackPointExtension>
        </extensions>
      </trkpt>
      <trkpt lat="29.64331931434571743011474609375" lon="91.03171513415873050689697265625">
        <ele>3633.60009765625</ele>
        <time>2026-10-06T22:46:08.000Z</time>
        <extensions>
          <ns3:TrackPointExtension>
            <ns3:hr>142</ns3:hr>
            <ns3:cad>92</ns3:cad>
          </ns3:TrackPointExtension>
        </extensions>
      </trkpt>
      <trkpt lat="29.6432937495410442352294921875" lon="91.03171429596841335296630859375">
        <ele>3633.800048828125</ele>
        <time>2026-10-06T22:46:09.000Z</time>
        <extensions>
          <ns3:TrackPointExtension>
            <ns3:hr>142</ns3:hr>
            <ns3:cad>94</ns3:cad>
          </ns3:TrackPointExtension>
        </extensions>
      </trkpt>
      <trkpt lat="29.6432649157941341400146484375" lon="91.0317145474255084991455078125">
        <ele>3633.800048828125</ele>
        <time>2026-10-06T22:46:10.000Z</time>
        <extensions>
          <ns3:TrackPointExtension>
            <ns3:hr>141</ns3:hr>
            <ns3:cad>94</ns3:cad>
          </ns3:TrackPointExtension>
        </extensions>
      </trkpt>
      <trkpt lat="29.6432416141033172607421875" lon="91.031716056168079376220703125">
        <ele>3633.800048828125</ele>
        <time>2026-10-06T22:46:11.000Z</time>
        <extensions>
          <ns3:TrackPointExtension>
            <ns3:hr>141</ns3:hr>
            <ns3:cad>94</ns3:cad>
          </ns3:TrackPointExtension>
        </extensions>
      </trkpt>
      <trkpt lat="29.64321143925189971923828125" lon="91.03171362541615962982177734375">
        <ele>3633.800048828125</ele>
        <time>2026-10-06T22:46:12.000Z</time>
        <extensions>
          <ns3:TrackPointExtension>
            <ns3:hr>141</ns3:hr>
            <ns3:cad>94</ns3:cad>
          </ns3:TrackPointExtension>
        </extensions>
      </trkpt>
      <trkpt lat="29.64318905957043170928955078125" lon="91.03171345777809619903564453125">
        <ele>3633.800048828125</ele>
        <time>2026-10-06T22:46:13.000Z</time>
        <extensions>
          <ns3:TrackPointExtension>
            <ns3:hr>140</ns3:hr>
            <ns3:cad>95</ns3:cad>
          </ns3:TrackPointExtension>
        </extensions>
      </trkpt>
      <trkpt lat="29.64315913617610931396484375" lon="91.03171169757843017578125">
        <ele>3633.800048828125</ele>
        <time>2026-10-06T22:46:14.000Z</time>
        <extensions>
          <ns3:TrackPointExtension>
            <ns3:hr>140</ns3:hr>
            <ns3:cad>95</ns3:cad>
          </ns3:TrackPointExtension>
        </extensions>
      </trkpt>
      <trkpt lat="29.64313499629497528076171875" lon="91.03171362541615962982177734375">
        <ele>3633.800048828125</ele>
        <time>2026-10-06T22:46:15.000Z</time>
        <extensions>
          <ns3:TrackPointExtension>
            <ns3:hr>140</ns3:hr>
            <ns3:cad>93</ns3:cad>
          </ns3:TrackPointExtension>
        </extensions>
      </trkpt>
      <trkpt lat="29.64310557581484317779541015625" lon="91.0317081771790981292724609375">
        <ele>3633.800048828125</ele>
        <time>2026-10-06T22:46:16.000Z</time>
        <extensions>
          <ns3:TrackPointExtension>
            <ns3:hr>140</ns3:hr>
            <ns3:cad>93</ns3:cad>
          </ns3:TrackPointExtension>
        </extensions>
      </trkpt>
      <trkpt lat="29.643077664077281951904296875" lon="91.0317081771790981292724609375">
        <ele>3633.800048828125</ele>
        <time>2026-10-06T22:46:17.000Z</time>
        <extensions>
          <ns3:TrackPointExtension>
            <ns3:hr>141</ns3:hr>
            <ns3:cad>93</ns3:cad>
          </ns3:TrackPointExtension>
        </extensions>
      </trkpt>
      <trkpt lat="29.64304941706359386444091796875" lon="91.03170440532267093658447265625">
        <ele>3633.800048828125</ele>
        <time>2026-10-06T22:46:18.000Z</time>
        <extensions>
          <ns3:TrackPointExtension>
            <ns3:hr>141</ns3:hr>
            <ns3:cad>92</ns3:cad>
          </ns3:TrackPointExtension>
        </extensions>
      </trkpt>
      <trkpt lat="29.64302125386893749237060546875" lon="91.03170155547559261322021484375">
        <ele>3633.60009765625</ele>
        <time>2026-10-06T22:46:19.000Z</time>
        <extensions>
          <ns3:TrackPointExtension>
            <ns3:hr>141</ns3:hr>
            <ns3:cad>92</ns3:cad>
          </ns3:TrackPointExtension>
        </extensions>
      </trkpt>
      <trkpt lat="29.64299744926393032073974609375" lon="91.03170021437108516693115234375">
        <ele>3633.60009765625</ele>
        <time>2026-10-06T22:46:20.000Z</time>
        <extensions>
          <ns3:TrackPointExtension>
            <ns3:hr>141</ns3:hr>
            <ns3:cad>92</ns3:cad>
          </ns3:TrackPointExtension>
        </extensions>
      </trkpt>
      <trkpt lat="29.64296559803187847137451171875" lon="91.03170038200914859771728515625">
        <ele>3633.60009765625</ele>
        <time>2026-10-06T22:46:21.000Z</time>
        <extensions>
          <ns3:TrackPointExtension>
            <ns3:hr>141</ns3:hr>
            <ns3:cad>92</ns3:cad>
          </ns3:TrackPointExtension>
        </extensions>
      </trkpt>
      <trkpt lat="29.6429417096078395843505859375" lon="91.0317034833133220672607421875">
        <ele>3633.60009765625</ele>
        <time>2026-10-06T22:46:22.000Z</time>
        <extensions>
          <ns3:TrackPointExtension>
            <ns3:hr>142</ns3:hr>
            <ns3:cad>95</ns3:cad>
          </ns3:TrackPointExtension>
        </extensions>
      </trkpt>
      <trkpt lat="29.6429115347564220428466796875" lon="91.031702645123004913330078125">
        <ele>3633.60009765625</ele>
        <time>2026-10-06T22:46:23.000Z</time>
        <extensions>
          <ns3:TrackPointExtension>
            <ns3:hr>141</ns3:hr>
            <ns3:cad>95</ns3:cad>
          </ns3:TrackPointExtension>
        </extensions>
      </trkpt>
      <trkpt lat="29.64288697578012943267822265625" lon="91.0317049920558929443359375">
        <ele>3633.60009765625</ele>
        <time>2026-10-06T22:46:24.000Z</time>
        <extensions>
          <ns3:TrackPointExtension>
            <ns3:hr>141</ns3:hr>
            <ns3:cad>92</ns3:cad>
          </ns3:TrackPointExtension>
        </extensions>
      </trkpt>
      <trkpt lat="29.6428585611283779144287109375" lon="91.0316994599997997283935546875">
        <ele>3633.60009765625</ele>
        <time>2026-10-06T22:46:25.000Z</time>
        <extensions>
          <ns3:TrackPointExtension>
            <ns3:hr>141</ns3:hr>
            <ns3:cad>92</ns3:cad>
          </ns3:TrackPointExtension>
        </extensions>
      </trkpt>
      <trkpt lat="29.642832241952419281005859375" lon="91.03170054964721202850341796875">
        <ele>3633.60009765625</ele>
        <time>2026-10-06T22:46:26.000Z</time>
        <extensions>
          <ns3:TrackPointExtension>
            <ns3:hr>141</ns3:hr>
            <ns3:cad>92</ns3:cad>
          </ns3:TrackPointExtension>
        </extensions>
      </trkpt>
      <trkpt lat="29.64280718006193637847900390625" lon="91.03169652633368968963623046875">
        <ele>3633.60009765625</ele>
        <time>2026-10-06T22:46:27.000Z</time>
        <extensions>
          <ns3:TrackPointExtension>
            <ns3:hr>142</ns3:hr>
            <ns3:cad>93</ns3:cad>
          </ns3:TrackPointExtension>
        </extensions>
      </trkpt>
      <trkpt lat="29.64277734048664569854736328125" lon="91.0316964425146579742431640625">
        <ele>3633.60009765625</ele>
        <time>2026-10-06T22:46:28.000Z</time>
        <extensions>
          <ns3:TrackPointExtension>
            <ns3:hr>142</ns3:hr>
            <ns3:cad>93</ns3:cad>
          </ns3:TrackPointExtension>
        </extensions>
      </trkpt>
      <trkpt lat="29.6427536197006702423095703125" lon="91.031703986227512359619140625">
        <ele>3633.60009765625</ele>
        <time>2026-10-06T22:46:29.000Z</time>
        <extensions>
          <ns3:TrackPointExtension>
            <ns3:hr>142</ns3:hr>
            <ns3:cad>94</ns3:cad>
          </ns3:TrackPointExtension>
        </extensions>
      </trkpt>
      <trkpt lat="29.64272369630634784698486328125" lon="91.03170876391232013702392578125">
        <ele>3633.60009765625</ele>
        <time>2026-10-06T22:46:30.000Z</time>
        <extensions>
          <ns3:TrackPointExtension>
            <ns3:hr>142</ns3:hr>
            <ns3:cad>95</ns3:cad>
          </ns3:TrackPointExtension>
        </extensions>
      </trkpt>
      <trkpt lat="29.64270257391035556793212890625" lon="91.03171513415873050689697265625">
        <ele>3633.60009765625</ele>
        <time>2026-10-06T22:46:31.000Z</time>
        <extensions>
          <ns3:TrackPointExtension>
            <ns3:hr>142</ns3:hr>
            <ns3:cad>95</ns3:cad>
          </ns3:TrackPointExtension>
        </extensions>
      </trkpt>
      <trkpt lat="29.64267374016344547271728515625" lon="91.03171639144420623779296875">
        <ele>3633.800048828125</ele>
        <time>2026-10-06T22:46:32.000Z</time>
        <extensions>
          <ns3:TrackPointExtension>
            <ns3:hr>142</ns3:hr>
            <ns3:cad>95</ns3:cad>
          </ns3:TrackPointExtension>
        </extensions>
      </trkpt>
      <trkpt lat="29.642650187015533447265625" lon="91.0317168943583965301513671875">
        <ele>3633.800048828125</ele>
        <time>2026-10-06T22:46:33.000Z</time>
        <extensions>
          <ns3:TrackPointExtension>
            <ns3:hr>142</ns3:hr>
            <ns3:cad>92</ns3:cad>
          </ns3:TrackPointExtension>
        </extensions>
      </trkpt>
      <trkpt lat="29.64262126944959163665771484375" lon="91.0317157208919525146484375">
        <ele>3633.60009765625</ele>
        <time>2026-10-06T22:46:34.000Z</time>
        <extensions>
          <ns3:TrackPointExtension>
            <ns3:hr>142</ns3:hr>
            <ns3:cad>92</ns3:cad>
          </ns3:TrackPointExtension>
        </extensions>
      </trkpt>
      <trkpt lat="29.6425943635404109954833984375" lon="91.031716726720333099365234375">
        <ele>3633.60009765625</ele>
        <time>2026-10-06T22:46:35.000Z</time>
        <extensions>
          <ns3:TrackPointExtension>
            <ns3:hr>143</ns3:hr>
            <ns3:cad>93</ns3:cad>
          </ns3:TrackPointExtension>
        </extensions>
      </trkpt>
      <trkpt lat="29.64256846345961093902587890625" lon="91.03170993737876415252685546875">
        <ele>3633.60009765625</ele>
        <time>2026-10-06T22:46:36.000Z</time>
        <extensions>
          <ns3:TrackPointExtension>
            <ns3:hr>143</ns3:hr>
            <ns3:cad>93</ns3:cad>
          </ns3:TrackPointExtension>
        </extensions>
      </trkpt>
      <trkpt lat="29.64253845624625682830810546875" lon="91.03170842863619327545166015625">
        <ele>3633.60009765625</ele>
        <time>2026-10-06T22:46:37.000Z</time>
        <extensions>
          <ns3:TrackPointExtension>
            <ns3:hr>143</ns3:hr>
            <ns3:cad>93</ns3:cad>
          </ns3:TrackPointExtension>
        </extensions>
      </trkpt>
      <trkpt lat="29.6425132267177104949951171875" lon="91.03171370923519134521484375">
        <ele>3633.60009765625</ele>
        <time>2026-10-06T22:46:38.000Z</time>
        <extensions>
          <ns3:TrackPointExtension>
            <ns3:hr>142</ns3:hr>
            <ns3:cad>93</ns3:cad>
          </ns3:TrackPointExtension>
        </extensions>
      </trkpt>
      <trkpt lat="29.6424823813140392303466796875" lon="91.0317157208919525146484375">
        <ele>3633.39990234375</ele>
        <time>2026-10-06T22:46:39.000Z</time>
        <extensions>
          <ns3:TrackPointExtension>
            <ns3:hr>143</ns3:hr>
            <ns3:cad>93</ns3:cad>
          </ns3:TrackPointExtension>
        </extensions>
      </trkpt>
      <trkpt lat="29.6424602530896663665771484375" lon="91.03171898983418941497802734375">
        <ele>3633.60009765625</ele>
        <time>2026-10-06T22:46:40.000Z</time>
        <extensions>
          <ns3:TrackPointExtension>
            <ns3:hr>143</ns3:hr>
            <ns3:cad>93</ns3:cad>
          </ns3:TrackPointExtension>
        </extensions>
      </trkpt>
      <trkpt lat="29.642429910600185394287109375" lon="91.03171999566256999969482421875">
        <ele>3633.60009765625</ele>
        <time>2026-10-06T22:46:41.000Z</time>
        <extensions>
          <ns3:TrackPointExtension>
            <ns3:hr>142</ns3:hr>
            <ns3:cad>93</ns3:cad>
          </ns3:TrackPointExtension>
        </extensions>
      </trkpt>
      <trkpt lat="29.64240677654743194580078125" lon="91.03172284550964832305908203125">
        <ele>3633.60009765625</ele>
        <time>2026-10-06T22:46:42.000Z</time>
        <extensions>
          <ns3:TrackPointExtension>
            <ns3:hr>142</ns3:hr>
            <ns3:cad>95</ns3:cad>
          </ns3:TrackPointExtension>
        </extensions>
      </trkpt>
      <trkpt lat="29.6423781104385852813720703125" lon="91.03171748109161853790283203125">
        <ele>3633.60009765625</ele>
        <time>2026-10-06T22:46:43.000Z</time>
        <extensions>
          <ns3:TrackPointExtension>
            <ns3:hr>143</ns3:hr>
            <ns3:cad>95</ns3:cad>
          </ns3:TrackPointExtension>
        </extensions>
      </trkpt>
      <trkpt lat="29.64235271327197551727294921875" lon="91.0317179001867771148681640625">
        <ele>3633.39990234375</ele>
        <time>2026-10-06T22:46:44.000Z</time>
        <extensions>
          <ns3:TrackPointExtension>
            <ns3:hr>143</ns3:hr>
            <ns3:cad>95</ns3:cad>
          </ns3:TrackPointExtension>
        </extensions>
      </trkpt>
      <trkpt lat="29.64232739992439746856689453125" lon="91.031716726720333099365234375">
        <ele>3633.39990234375</ele>
        <time>2026-10-06T22:46:45.000Z</time>
        <extensions>
          <ns3:TrackPointExtension>
            <ns3:hr>143</ns3:hr>
            <ns3:cad>93</ns3:cad>
          </ns3:TrackPointExtension>
        </extensions>
      </trkpt>
      <trkpt lat="29.6422996558248996734619140625" lon="91.03171681053936481475830078125">
        <ele>3633.39990234375</ele>
        <time>2026-10-06T22:46:46.000Z</time>
        <extensions>
          <ns3:TrackPointExtension>
            <ns3:hr>143</ns3:hr>
            <ns3:cad>93</ns3:cad>
          </ns3:TrackPointExtension>
        </extensions>
      </trkpt>
      <trkpt lat="29.642276354134082794189453125" lon="91.0317168943583965301513671875">
        <ele>3633.39990234375</ele>
        <time>2026-10-06T22:46:47.000Z</time>
        <extensions>
          <ns3:TrackPointExtension>
            <ns3:hr>142</ns3:hr>
            <ns3:cad>93</ns3:cad>
          </ns3:TrackPointExtension>
        </extensions>
      </trkpt>
      <trkpt lat="29.64224609546363353729248046875" lon="91.03171915747225284576416015625">
        <ele>3633.39990234375</ele>
        <time>2026-10-06T22:46:48.000Z</time>
        <extensions>
          <ns3:TrackPointExtension>
            <ns3:hr>143</ns3:hr>
            <ns3:cad>93</ns3:cad>
          </ns3:TrackPointExtension>
        </extensions>
      </trkpt>
      <trkpt lat="29.64222245849668979644775390625" lon="91.03172183968126773834228515625">
        <ele>3633.60009765625</ele>
        <time>2026-10-06T22:46:49.000Z</time>
        <extensions>
          <ns3:TrackPointExtension>
            <ns3:hr>142</ns3:hr>
            <ns3:cad>92</ns3:cad>
          </ns3:TrackPointExtension>
        </extensions>
      </trkpt>
      <trkpt lat="29.6421916969120502471923828125" lon="91.0317212529480457305908203125">
        <ele>3633.60009765625</ele>
        <time>2026-10-06T22:46:50.000Z</time>
        <extensions>
          <ns3:TrackPointExtension>
            <ns3:hr>142</ns3:hr>
            <ns3:cad>92</ns3:cad>
          </ns3:TrackPointExtension>
        </extensions>
      </trkpt>
      <trkpt lat="29.64216671884059906005859375" lon="91.0317235998809337615966796875">
        <ele>3633.60009765625</ele>
        <time>2026-10-06T22:46:51.000Z</time>
        <extensions>
          <ns3:TrackPointExtension>
            <ns3:hr>142</ns3:hr>
            <ns3:cad>92</ns3:cad>
          </ns3:TrackPointExtension>
        </extensions>
      </trkpt>
      <trkpt lat="29.64213662780821323394775390625" lon="91.0317225940525531768798828125">
        <ele>3633.39990234375</ele>
        <time>2026-10-06T22:46:52.000Z</time>
        <extensions>
          <ns3:TrackPointExtension>
            <ns3:hr>142</ns3:hr>
            <ns3:cad>93</ns3:cad>
          </ns3:TrackPointExtension>
        </extensions>
      </trkpt>
      <trkpt lat="29.64211114682257175445556640625" lon="91.03172720409929752349853515625">
        <ele>3633.39990234375</ele>
        <time>2026-10-06T22:46:53.000Z</time>
        <extensions>
          <ns3:TrackPointExtension>
            <ns3:hr>142</ns3:hr>
            <ns3:cad>93</ns3:cad>
          </ns3:TrackPointExtension>
        </extensions>
      </trkpt>
      <trkpt lat="29.64208566583693027496337890625" lon="91.0317282937467098236083984375">
        <ele>3633.39990234375</ele>
        <time>2026-10-06T22:46:54.000Z</time>
        <extensions>
          <ns3:TrackPointExtension>
            <ns3:hr>142</ns3:hr>
            <ns3:cad>93</ns3:cad>
          </ns3:TrackPointExtension>
        </extensions>
      </trkpt>
      <trkpt lat="29.64205783791840076446533203125" lon="91.031729467213153839111328125">
        <ele>3633.199951171875</ele>
        <time>2026-10-06T22:46:55.000Z</time>
        <extensions>
          <ns3:TrackPointExtension>
            <ns3:hr>143</ns3:hr>
            <ns3:cad>94</ns3:cad>
          </ns3:TrackPointExtension>
        </extensions>
      </trkpt>
      <trkpt lat="29.642033278942108154296875" lon="91.031731478869915008544921875">
        <ele>3633.199951171875</ele>
        <time>2026-10-06T22:46:56.000Z</time>
        <extensions>
          <ns3:TrackPointExtension>
            <ns3:hr>142</ns3:hr>
            <ns3:cad>94</ns3:cad>
          </ns3:TrackPointExtension>
        </extensions>
      </trkpt>
      <trkpt lat="29.64200335554778575897216796875" lon="91.03173206560313701629638671875">
        <ele>3633.199951171875</ele>
        <time>2026-10-06T22:46:57.000Z</time>
        <extensions>
          <ns3:TrackPointExtension>
            <ns3:hr>142</ns3:hr>
            <ns3:cad>93</ns3:cad>
          </ns3:TrackPointExtension>
        </extensions>
      </trkpt>
      <trkpt lat="29.64198340661823749542236328125" lon="91.0317326523363590240478515625">
        <ele>3633.39990234375</ele>
        <time>2026-10-06T22:46:58.000Z</time>
        <extensions>
          <ns3:TrackPointExtension>
            <ns3:hr>142</ns3:hr>
            <ns3:cad>93</ns3:cad>
          </ns3:TrackPointExtension>
        </extensions>
      </trkpt>
      <trkpt lat="29.6419539861381053924560546875" lon="91.03172938339412212371826171875">
        <ele>3633.39990234375</ele>
        <time>2026-10-06T22:46:59.000Z</time>
        <extensions>
          <ns3:TrackPointExtension>
            <ns3:hr>142</ns3:hr>
            <ns3:cad>93</ns3:cad>
          </ns3:TrackPointExtension>
        </extensions>
      </trkpt>
      <trkpt lat="29.6419342048466205596923828125" lon="91.031731478869915008544921875">
        <ele>3633.39990234375</ele>
        <time>2026-10-06T22:47:00.000Z</time>
        <extensions>
          <ns3:TrackPointExtension>
            <ns3:hr>142</ns3:hr>
            <ns3:cad>93</ns3:cad>
          </ns3:TrackPointExtension>
        </extensions>
      </trkpt>
      <trkpt lat="29.64190528728067874908447265625" lon="91.0317319817841053009033203125">
        <ele>3633.39990234375</ele>
        <time>2026-10-06T22:47:01.000Z</time>
        <extensions>
          <ns3:TrackPointExtension>
            <ns3:hr>142</ns3:hr>
            <ns3:cad>92</ns3:cad>
          </ns3:TrackPointExtension>
        </extensions>
      </trkpt>
      <trkpt lat="29.6418817341327667236328125" lon="91.031734161078929901123046875">
        <ele>3633.39990234375</ele>
        <time>2026-10-06T22:47:02.000Z</time>
        <extensions>
          <ns3:TrackPointExtension>
            <ns3:hr>142</ns3:hr>
            <ns3:cad>92</ns3:cad>
          </ns3:TrackPointExtension>
        </extensions>
      </trkpt>
      <trkpt lat="29.64185449294745922088623046875" lon="91.03173240087926387786865234375">
        <ele>3633.39990234375</ele>
        <time>2026-10-06T22:47:03.000Z</time>
        <extensions>
          <ns3:TrackPointExtension>
            <ns3:hr>142</ns3:hr>
            <ns3:cad>92</ns3:cad>
          </ns3:TrackPointExtension>
        </extensions>
      </trkpt>
      <trkpt lat="29.6418262459337711334228515625" lon="91.0317349992692470550537109375">
        <ele>3633.60009765625</ele>
        <time>2026-10-06T22:47:04.000Z</time>
        <extensions>
          <ns3:TrackPointExtension>
            <ns3:hr>142</ns3:hr>
            <ns3:cad>92</ns3:cad>
          </ns3:TrackPointExtension>
        </extensions>
      </trkpt>
      <trkpt lat="29.6418012678623199462890625" lon="91.03173927403986454010009765625">
        <ele>3633.60009765625</ele>
        <time>2026-10-06T22:47:05.000Z</time>
        <extensions>
          <ns3:TrackPointExtension>
            <ns3:hr>142</ns3:hr>
            <ns3:cad>92</ns3:cad>
          </ns3:TrackPointExtension>
        </extensions>
      </trkpt>
      <trkpt lat="29.641770422458648681640625" lon="91.03174095042049884796142578125">
        <ele>3633.60009765625</ele>
        <time>2026-10-06T22:47:06.000Z</time>
        <extensions>
          <ns3:TrackPointExtension>
            <ns3:hr>142</ns3:hr>
            <ns3:cad>92</ns3:cad>
          </ns3:TrackPointExtension>
        </extensions>
      </trkpt>
      <trkpt lat="29.6417481265962123870849609375" lon="91.03174782358109951019287109375">
        <ele>3633.60009765625</ele>
        <time>2026-10-06T22:47:07.000Z</time>
        <extensions>
          <ns3:TrackPointExtension>
            <ns3:hr>141</ns3:hr>
            <ns3:cad>93</ns3:cad>
          </ns3:TrackPointExtension>
        </extensions>
      </trkpt>
      <trkpt lat="29.64171878993511199951171875" lon="91.0317541100084781646728515625">
        <ele>3633.60009765625</ele>
        <time>2026-10-06T22:47:08.000Z</time>
        <extensions>
          <ns3:TrackPointExtension>
            <ns3:hr>142</ns3:hr>
            <ns3:cad>93</ns3:cad>
          </ns3:TrackPointExtension>
        </extensions>
      </trkpt>
      <trkpt lat="29.64169708080589771270751953125" lon="91.03175922296941280364990234375">
        <ele>3633.60009765625</ele>
        <time>2026-10-06T22:47:09.000Z</time>
        <extensions>
          <ns3:TrackPointExtension>
            <ns3:hr>142</ns3:hr>
            <ns3:cad>93</ns3:cad>
          </ns3:TrackPointExtension>
        </extensions>
      </trkpt>
      <trkpt lat="29.6416659839451313018798828125" lon="91.0317631624639034271240234375">
        <ele>3633.60009765625</ele>
        <time>2026-10-06T22:47:10.000Z</time>
        <extensions>
          <ns3:TrackPointExtension>
            <ns3:hr>142</ns3:hr>
            <ns3:cad>92</ns3:cad>
          </ns3:TrackPointExtension>
        </extensions>
      </trkpt>
      <trkpt lat="29.64164058677852153778076171875" lon="91.03176944889128208160400390625">
        <ele>3633.60009765625</ele>
        <time>2026-10-06T22:47:11.000Z</time>
        <extensions>
          <ns3:TrackPointExtension>
            <ns3:hr>142</ns3:hr>
            <ns3:cad>92</ns3:cad>
          </ns3:TrackPointExtension>
        </extensions>
      </trkpt>
      <trkpt lat="29.64161074720323085784912109375" lon="91.03176894597709178924560546875">
        <ele>3633.60009765625</ele>
        <time>2026-10-06T22:47:12.000Z</time>
        <extensions>
          <ns3:TrackPointExtension>
            <ns3:hr>142</ns3:hr>
            <ns3:cad>92</ns3:cad>
          </ns3:TrackPointExtension>
        </extensions>
      </trkpt>
      <trkpt lat="29.6415841765701770782470703125" lon="91.03177112527191638946533203125">
        <ele>3633.60009765625</ele>
        <time>2026-10-06T22:47:13.000Z</time>
        <extensions>
          <ns3:TrackPointExtension>
            <ns3:hr>142</ns3:hr>
            <ns3:cad>92</ns3:cad>
          </ns3:TrackPointExtension>
        </extensions>
      </trkpt>
      <trkpt lat="29.6415560133755207061767578125" lon="91.03176877833902835845947265625">
        <ele>3633.60009765625</ele>
        <time>2026-10-06T22:47:14.000Z</time>
        <extensions>
          <ns3:TrackPointExtension>
            <ns3:hr>142</ns3:hr>
            <ns3:cad>92</ns3:cad>
          </ns3:TrackPointExtension>
        </extensions>
      </trkpt>
      <trkpt lat="29.6415303647518157958984375" lon="91.0317681916058063507080078125">
        <ele>3633.60009765625</ele>
        <time>2026-10-06T22:47:15.000Z</time>
        <extensions>
          <ns3:TrackPointExtension>
            <ns3:hr>142</ns3:hr>
            <ns3:cad>94</ns3:cad>
          </ns3:TrackPointExtension>
        </extensions>
      </trkpt>
      <trkpt lat="29.6415060572326183319091796875" lon="91.0317715443670749664306640625">
        <ele>3633.60009765625</ele>
        <time>2026-10-06T22:47:16.000Z</time>
        <extensions>
          <ns3:TrackPointExtension>
            <ns3:hr>143</ns3:hr>
            <ns3:cad>94</ns3:cad>
          </ns3:TrackPointExtension>
        </extensions>
      </trkpt>
      <trkpt lat="29.64147605001926422119140625" lon="91.03177481330931186676025390625">
        <ele>3633.60009765625</ele>
        <time>2026-10-06T22:47:17.000Z</time>
        <extensions>
          <ns3:TrackPointExtension>
            <ns3:hr>142</ns3:hr>
            <ns3:cad>91</ns3:cad>
          </ns3:TrackPointExtension>
        </extensions>
      </trkpt>
      <trkpt lat="29.6414525806903839111328125" lon="91.0317795909941196441650390625">
        <ele>3633.60009765625</ele>
        <time>2026-10-06T22:47:18.000Z</time>
        <extensions>
          <ns3:TrackPointExtension>
            <ns3:hr>143</ns3:hr>
            <ns3:cad>91</ns3:cad>
          </ns3:TrackPointExtension>
        </extensions>
      </trkpt>
      <trkpt lat="29.64142332784831523895263671875" lon="91.03178269229829311370849609375">
        <ele>3633.39990234375</ele>
        <time>2026-10-06T22:47:19.000Z</time>
        <extensions>
          <ns3:TrackPointExtension>
            <ns3:hr>143</ns3:hr>
            <ns3:cad>91</ns3:cad>
          </ns3:TrackPointExtension>
        </extensions>
      </trkpt>
      <trkpt lat="29.6414017863571643829345703125" lon="91.03178889490664005279541015625">
        <ele>3633.39990234375</ele>
        <time>2026-10-06T22:47:20.000Z</time>
        <extensions>
          <ns3:TrackPointExtension>
            <ns3:hr>143</ns3:hr>
            <ns3:cad>92</ns3:cad>
          </ns3:TrackPointExtension>
        </extensions>
      </trkpt>
      <trkpt lat="29.64137186296284198760986328125" lon="91.03179090656340122222900390625">
        <ele>3633.39990234375</ele>
        <time>2026-10-06T22:47:21.000Z</time>
        <extensions>
          <ns3:TrackPointExtension>
            <ns3:hr>144</ns3:hr>
            <ns3:cad>93</ns3:cad>
          </ns3:TrackPointExtension>
        </extensions>
      </trkpt>
      <trkpt lat="29.6413457952439785003662109375" lon="91.0317953489720821380615234375">
        <ele>3633.39990234375</ele>
        <time>2026-10-06T22:47:22.000Z</time>
        <extensions>
          <ns3:TrackPointExtension>
            <ns3:hr>144</ns3:hr>
            <ns3:cad>93</ns3:cad>
          </ns3:TrackPointExtension>
        </extensions>
      </trkpt>
      <trkpt lat="29.6413193084299564361572265625" lon="91.03179509751498699188232421875">
        <ele>3633.39990234375</ele>
        <time>2026-10-06T22:47:23.000Z</time>
        <extensions>
          <ns3:TrackPointExtension>
            <ns3:hr>144</ns3:hr>
            <ns3:cad>93</ns3:cad>
          </ns3:TrackPointExtension>
        </extensions>
      </trkpt>
      <trkpt lat="29.6412911452353000640869140625" lon="91.03179861791431903839111328125">
        <ele>3633.39990234375</ele>
        <time>2026-10-06T22:47:24.000Z</time>
        <extensions>
          <ns3:TrackPointExtension>
            <ns3:hr>144</ns3:hr>
            <ns3:cad>93</ns3:cad>
          </ns3:TrackPointExtension>
        </extensions>
      </trkpt>
      <trkpt lat="29.6412666700780391693115234375" lon="91.0318003781139850616455078125">
        <ele>3633.39990234375</ele>
        <time>2026-10-06T22:47:25.000Z</time>
        <extensions>
          <ns3:TrackPointExtension>
            <ns3:hr>144</ns3:hr>
            <ns3:cad>93</ns3:cad>
          </ns3:TrackPointExtension>
        </extensions>
      </trkpt>
      <trkpt lat="29.64123657904565334320068359375" lon="91.03180414997041225433349609375">
        <ele>3633.39990234375</ele>
        <time>2026-10-06T22:47:26.000Z</time>
        <extensions>
          <ns3:TrackPointExtension>
            <ns3:hr>143</ns3:hr>
            <ns3:cad>93</ns3:cad>
          </ns3:TrackPointExtension>
        </extensions>
      </trkpt>
      <trkpt lat="29.641214199364185333251953125" lon="91.0318064130842685699462890625">
        <ele>3633.39990234375</ele>
        <time>2026-10-06T22:47:27.000Z</time>
        <extensions>
          <ns3:TrackPointExtension>
            <ns3:hr>144</ns3:hr>
            <ns3:cad>94</ns3:cad>
          </ns3:TrackPointExtension>
        </extensions>
      </trkpt>
      <trkpt lat="29.641183353960514068603515625" lon="91.0318097658455371856689453125">
        <ele>3633.39990234375</ele>
        <time>2026-10-06T22:47:28.000Z</time>
        <extensions>
          <ns3:TrackPointExtension>
            <ns3:hr>143</ns3:hr>
            <ns3:cad>94</ns3:cad>
          </ns3:TrackPointExtension>
        </extensions>
      </trkpt>
      <trkpt lat="29.64116156101226806640625" lon="91.03181404061615467071533203125">
        <ele>3633.39990234375</ele>
        <time>2026-10-06T22:47:29.000Z</time>
        <extensions>
          <ns3:TrackPointExtension>
            <ns3:hr>143</ns3:hr>
            <ns3:cad>93</ns3:cad>
          </ns3:TrackPointExtension>
        </extensions>
      </trkpt>
      <trkpt lat="29.64112962596118450164794921875" lon="91.03181437589228153228759765625">
        <ele>3633.199951171875</ele>
        <time>2026-10-06T22:47:30.000Z</time>
        <extensions>
          <ns3:TrackPointExtension>
            <ns3:hr>143</ns3:hr>
            <ns3:cad>93</ns3:cad>
          </ns3:TrackPointExtension>
        </extensions>
      </trkpt>
      <trkpt lat="29.64110230095684528350830078125" lon="91.03182024322450160980224609375">
        <ele>3633.199951171875</ele>
        <time>2026-10-06T22:47:31.000Z</time>
        <extensions>
          <ns3:TrackPointExtension>
            <ns3:hr>143</ns3:hr>
            <ns3:cad>94</ns3:cad>
          </ns3:TrackPointExtension>
        </extensions>
      </trkpt>
      <trkpt lat="29.641076736152172088623046875" lon="91.0318184830248355865478515625">
        <ele>3633.199951171875</ele>
        <time>2026-10-06T22:47:32.000Z</time>
        <extensions>
          <ns3:TrackPointExtension>
            <ns3:hr>143</ns3:hr>
            <ns3:cad>94</ns3:cad>
          </ns3:TrackPointExtension>
        </extensions>
      </trkpt>
      <trkpt lat="29.64104823768138885498046875" lon="91.03182108141481876373291015625">
        <ele>3633</ele>
        <time>2026-10-06T22:47:33.000Z</time>
        <extensions>
          <ns3:TrackPointExtension>
            <ns3:hr>143</ns3:hr>
            <ns3:cad>94</ns3:cad>
          </ns3:TrackPointExtension>
        </extensions>
      </trkpt>
      <trkpt lat="29.64102501980960369110107421875" lon="91.03182158432900905609130859375">
        <ele>3633</ele>
        <time>2026-10-06T22:47:34.000Z</time>
        <extensions>
          <ns3:TrackPointExtension>
            <ns3:hr>144</ns3:hr>
            <ns3:cad>94</ns3:cad>
          </ns3:TrackPointExtension>
        </extensions>
      </trkpt>
      <trkpt lat="29.64099601842463016510009765625" lon="91.03182476945221424102783203125">
        <ele>3633</ele>
        <time>2026-10-06T22:47:35.000Z</time>
        <extensions>
          <ns3:TrackPointExtension>
            <ns3:hr>144</ns3:hr>
            <ns3:cad>94</ns3:cad>
          </ns3:TrackPointExtension>
        </extensions>
      </trkpt>
      <trkpt lat="29.6409743092954158782958984375" lon="91.0318278707563877105712890625">
        <ele>3633.199951171875</ele>
        <time>2026-10-06T22:47:36.000Z</time>
        <extensions>
          <ns3:TrackPointExtension>
            <ns3:hr>144</ns3:hr>
            <ns3:cad>94</ns3:cad>
          </ns3:TrackPointExtension>
        </extensions>
      </trkpt>
      <trkpt lat="29.6409444697201251983642578125" lon="91.03183097206056118011474609375">
        <ele>3633.199951171875</ele>
        <time>2026-10-06T22:47:37.000Z</time>
        <extensions>
          <ns3:TrackPointExtension>
            <ns3:hr>144</ns3:hr>
            <ns3:cad>92</ns3:cad>
          </ns3:TrackPointExtension>
        </extensions>
      </trkpt>
      <trkpt lat="29.64092259295284748077392578125" lon="91.03183700703084468841552734375">
        <ele>3633.199951171875</ele>
        <time>2026-10-06T22:47:38.000Z</time>
        <extensions>
          <ns3:TrackPointExtension>
            <ns3:hr>144</ns3:hr>
            <ns3:cad>92</ns3:cad>
          </ns3:TrackPointExtension>
        </extensions>
      </trkpt>
      <trkpt lat="29.6408918313682079315185546875" lon="91.03184044361114501953125">
        <ele>3633.199951171875</ele>
        <time>2026-10-06T22:47:39.000Z</time>
        <extensions>
          <ns3:TrackPointExtension>
            <ns3:hr>144</ns3:hr>
            <ns3:cad>92</ns3:cad>
          </ns3:TrackPointExtension>
        </extensions>
      </trkpt>
      <trkpt lat="29.64086584746837615966796875" lon="91.031847484409809112548828125">
        <ele>3633.199951171875</ele>
        <time>2026-10-06T22:47:40.000Z</time>
        <extensions>
          <ns3:TrackPointExtension>
            <ns3:hr>143</ns3:hr>
            <ns3:cad>93</ns3:cad>
          </ns3:TrackPointExtension>
        </extensions>
      </trkpt>
      <trkpt lat="29.64083810336887836456298828125" lon="91.03184740059077739715576171875">
        <ele>3633.199951171875</ele>
        <time>2026-10-06T22:47:41.000Z</time>
        <extensions>
          <ns3:TrackPointExtension>
            <ns3:hr>143</ns3:hr>
            <ns3:cad>93</ns3:cad>
          </ns3:TrackPointExtension>
        </extensions>
      </trkpt>
      <trkpt lat="29.64080809615552425384521484375" lon="91.0318498313426971435546875">
        <ele>3633.199951171875</ele>
        <time>2026-10-06T22:47:42.000Z</time>
        <extensions>
          <ns3:TrackPointExtension>
            <ns3:hr>143</ns3:hr>
            <ns3:cad>93</ns3:cad>
          </ns3:TrackPointExtension>
        </extensions>
      </trkpt>
      <trkpt lat="29.64078177697956562042236328125" lon="91.03184723295271396636962890625">
        <ele>3633.199951171875</ele>
        <time>2026-10-06T22:47:43.000Z</time>
        <extensions>
          <ns3:TrackPointExtension>
            <ns3:hr>143</ns3:hr>
            <ns3:cad>93</ns3:cad>
          </ns3:TrackPointExtension>
        </extensions>
      </trkpt>
      <trkpt lat="29.6407510153949260711669921875" lon="91.0318530164659023284912109375">
        <ele>3633.199951171875</ele>
        <time>2026-10-06T22:47:44.000Z</time>
        <extensions>
          <ns3:TrackPointExtension>
            <ns3:hr>143</ns3:hr>
            <ns3:cad>93</ns3:cad>
          </ns3:TrackPointExtension>
        </extensions>
      </trkpt>
      <trkpt lat="29.6407251991331577301025390625" lon="91.0318578779697418212890625">
        <ele>3633.199951171875</ele>
        <time>2026-10-06T22:47:45.000Z</time>
        <extensions>
          <ns3:TrackPointExtension>
            <ns3:hr>144</ns3:hr>
            <ns3:cad>93</ns3:cad>
          </ns3:TrackPointExtension>
        </extensions>
      </trkpt>
      <trkpt lat="29.64069527573883533477783203125" lon="91.03186366148293018341064453125">
        <ele>3633.199951171875</ele>
        <time>2026-10-06T22:47:46.000Z</time>
        <extensions>
          <ns3:TrackPointExtension>
            <ns3:hr>143</ns3:hr>
            <ns3:cad>93</ns3:cad>
          </ns3:TrackPointExtension>
        </extensions>
      </trkpt>
      <trkpt lat="29.64067297987639904022216796875" lon="91.03187086991965770721435546875">
        <ele>3633.199951171875</ele>
        <time>2026-10-06T22:47:47.000Z</time>
        <extensions>
          <ns3:TrackPointExtension>
            <ns3:hr>144</ns3:hr>
            <ns3:cad>93</ns3:cad>
          </ns3:TrackPointExtension>
        </extensions>
      </trkpt>
      <trkpt lat="29.64064381085336208343505859375" lon="91.03187464177608489990234375">
        <ele>3633.199951171875</ele>
        <time>2026-10-06T22:47:48.000Z</time>
        <extensions>
          <ns3:TrackPointExtension>
            <ns3:hr>144</ns3:hr>
            <ns3:cad>93</ns3:cad>
          </ns3:TrackPointExtension>
        </extensions>
      </trkpt>
      <trkpt lat="29.64061967097222805023193359375" lon="91.03187858127057552337646484375">
        <ele>3633</ele>
        <time>2026-10-06T22:47:49.000Z</time>
        <extensions>
          <ns3:TrackPointExtension>
            <ns3:hr>144</ns3:hr>
            <ns3:cad>93</ns3:cad>
          </ns3:TrackPointExtension>
        </extensions>
      </trkpt>
      <trkpt lat="29.64058983139693737030029296875" lon="91.031879670917987823486328125">
        <ele>3633</ele>
        <time>2026-10-06T22:47:50.000Z</time>
        <extensions>
          <ns3:TrackPointExtension>
            <ns3:hr>144</ns3:hr>
            <ns3:cad>93</ns3:cad>
          </ns3:TrackPointExtension>
        </extensions>
      </trkpt>
      <trkpt lat="29.640562422573566436767578125" lon="91.03188076056540012359619140625">
        <ele>3633</ele>
        <time>2026-10-06T22:47:51.000Z</time>
        <extensions>
          <ns3:TrackPointExtension>
            <ns3:hr>144</ns3:hr>
            <ns3:cad>92</ns3:cad>
          </ns3:TrackPointExtension>
        </extensions>
      </trkpt>
      <trkpt lat="29.6405361033976078033447265625" lon="91.0318808443844318389892578125">
        <ele>3633</ele>
        <time>2026-10-06T22:47:52.000Z</time>
        <extensions>
          <ns3:TrackPointExtension>
            <ns3:hr>143</ns3:hr>
            <ns3:cad>92</ns3:cad>
          </ns3:TrackPointExtension>
        </extensions>
      </trkpt>
      <trkpt lat="29.64050752110779285430908203125" lon="91.03188478387892246246337890625">
        <ele>3633</ele>
        <time>2026-10-06T22:47:53.000Z</time>
        <extensions>
          <ns3:TrackPointExtension>
            <ns3:hr>143</ns3:hr>
            <ns3:cad>92</ns3:cad>
          </ns3:TrackPointExtension>
        </extensions>
      </trkpt>
      <trkpt lat="29.6404858119785785675048828125" lon="91.03188578970730304718017578125">
        <ele>3633</ele>
        <time>2026-10-06T22:47:54.000Z</time>
        <extensions>
          <ns3:TrackPointExtension>
            <ns3:hr>143</ns3:hr>
            <ns3:cad>93</ns3:cad>
          </ns3:TrackPointExtension>
        </extensions>
      </trkpt>
      <trkpt lat="29.64045521803200244903564453125" lon="91.03189299814403057098388671875">
        <ele>3633</ele>
        <time>2026-10-06T22:47:55.000Z</time>
        <extensions>
          <ns3:TrackPointExtension>
            <ns3:hr>143</ns3:hr>
            <ns3:cad>92</ns3:cad>
          </ns3:TrackPointExtension>
        </extensions>
      </trkpt>
      <trkpt lat="29.64043200016021728515625" lon="91.031898446381092071533203125">
        <ele>3633</ele>
        <time>2026-10-06T22:47:56.000Z</time>
        <extensions>
          <ns3:TrackPointExtension>
            <ns3:hr>143</ns3:hr>
            <ns3:cad>92</ns3:cad>
          </ns3:TrackPointExtension>
        </extensions>
      </trkpt>
      <trkpt lat="29.64040182530879974365234375" lon="91.03190205059945583343505859375">
        <ele>3633</ele>
        <time>2026-10-06T22:47:57.000Z</time>
        <extensions>
          <ns3:TrackPointExtension>
            <ns3:hr>142</ns3:hr>
            <ns3:cad>95</ns3:cad>
          </ns3:TrackPointExtension>
        </extensions>
      </trkpt>
      <trkpt lat="29.6403770148754119873046875" lon="91.03190976195037364959716796875">
        <ele>3633</ele>
        <time>2026-10-06T22:47:58.000Z</time>
        <extensions>
          <ns3:TrackPointExtension>
            <ns3:hr>142</ns3:hr>
            <ns3:cad>95</ns3:cad>
          </ns3:TrackPointExtension>
        </extensions>
      </trkpt>
      <trkpt lat="29.64034876786172389984130859375" lon="91.03190858848392963409423828125">
        <ele>3633</ele>
        <time>2026-10-06T22:47:59.000Z</time>
        <extensions>
          <ns3:TrackPointExtension>
            <ns3:hr>142</ns3:hr>
            <ns3:cad>94</ns3:cad>
          </ns3:TrackPointExtension>
        </extensions>
      </trkpt>
      <trkpt lat="29.640320353209972381591796875" lon="91.0319140367209911346435546875">
        <ele>3633</ele>
        <time>2026-10-06T22:48:00.000Z</time>
        <extensions>
          <ns3:TrackPointExtension>
            <ns3:hr>143</ns3:hr>
            <ns3:cad>94</ns3:cad>
          </ns3:TrackPointExtension>
        </extensions>
      </trkpt>
      <trkpt lat="29.64029395021498203277587890625" lon="91.0319183953106403350830078125">
        <ele>3632.800048828125</ele>
        <time>2026-10-06T22:48:01.000Z</time>
        <extensions>
          <ns3:TrackPointExtension>
            <ns3:hr>142</ns3:hr>
            <ns3:cad>94</ns3:cad>
          </ns3:TrackPointExtension>
        </extensions>
      </trkpt>
      <trkpt lat="29.64026310481131076812744140625" lon="91.03192367590963840484619140625">
        <ele>3632.800048828125</ele>
        <time>2026-10-06T22:48:02.000Z</time>
        <extensions>
          <ns3:TrackPointExtension>
            <ns3:hr>143</ns3:hr>
            <ns3:cad>94</ns3:cad>
          </ns3:TrackPointExtension>
        </extensions>
      </trkpt>
      <trkpt lat="29.6402390487492084503173828125" lon="91.0319277830421924591064453125">
        <ele>3632.800048828125</ele>
        <time>2026-10-06T22:48:03.000Z</time>
        <extensions>
          <ns3:TrackPointExtension>
            <ns3:hr>143</ns3:hr>
            <ns3:cad>95</ns3:cad>
          </ns3:TrackPointExtension>
        </extensions>
      </trkpt>
      <trkpt lat="29.64020795188844203948974609375" lon="91.03193390183150768280029296875">
        <ele>3632.800048828125</ele>
        <time>2026-10-06T22:48:04.000Z</time>
        <extensions>
          <ns3:TrackPointExtension>
            <ns3:hr>143</ns3:hr>
            <ns3:cad>95</ns3:cad>
          </ns3:TrackPointExtension>
        </extensions>
      </trkpt>
      <trkpt lat="29.640186913311481475830078125" lon="91.03194379247725009918212890625">
        <ele>3633</ele>
        <time>2026-10-06T22:48:05.000Z</time>
        <extensions>
          <ns3:TrackPointExtension>
            <ns3:hr>143</ns3:hr>
            <ns3:cad>95</ns3:cad>
          </ns3:TrackPointExtension>
        </extensions>
      </trkpt>
      <trkpt lat="29.6401582472026348114013671875" lon="91.0319489054381847381591796875">
        <ele>3633</ele>
        <time>2026-10-06T22:48:06.000Z</time>
        <extensions>
          <ns3:TrackPointExtension>
            <ns3:hr>143</ns3:hr>
            <ns3:cad>93</ns3:cad>
          </ns3:TrackPointExtension>
        </extensions>
      </trkpt>
      <trkpt lat="29.6401337720453739166259765625" lon="91.0319544374942779541015625">
        <ele>3633</ele>
        <time>2026-10-06T22:48:07.000Z</time>
        <extensions>
          <ns3:TrackPointExtension>
            <ns3:hr>143</ns3:hr>
            <ns3:cad>93</ns3:cad>
          </ns3:TrackPointExtension>
        </extensions>
      </trkpt>
      <trkpt lat="29.64010753668844699859619140625" lon="91.03195586241781711578369140625">
        <ele>3633</ele>
        <time>2026-10-06T22:48:08.000Z</time>
        <extensions>
          <ns3:TrackPointExtension>
            <ns3:hr>143</ns3:hr>
            <ns3:cad>93</ns3:cad>
          </ns3:TrackPointExtension>
        </extensions>
      </trkpt>
      <trkpt lat="29.6400797925889492034912109375" lon="91.03196206502616405487060546875">
        <ele>3633</ele>
        <time>2026-10-06T22:48:09.000Z</time>
        <extensions>
          <ns3:TrackPointExtension>
            <ns3:hr>144</ns3:hr>
            <ns3:cad>93</ns3:cad>
          </ns3:TrackPointExtension>
        </extensions>
      </trkpt>
      <trkpt lat="29.6400539763271808624267578125" lon="91.0319639928638935089111328125">
        <ele>3633</ele>
        <time>2026-10-06T22:48:10.000Z</time>
        <extensions>
          <ns3:TrackPointExtension>
            <ns3:hr>144</ns3:hr>
            <ns3:cad>92</ns3:cad>
          </ns3:TrackPointExtension>
        </extensions>
      </trkpt>
      <trkpt lat="29.6400238014757633209228515625" lon="91.03197430260479450225830078125">
        <ele>3633</ele>
        <time>2026-10-06T22:48:11.000Z</time>
        <extensions>
          <ns3:TrackPointExtension>
            <ns3:hr>144</ns3:hr>
            <ns3:cad>92</ns3:cad>
          </ns3:TrackPointExtension>
        </extensions>
      </trkpt>
      <trkpt lat="29.64000293053686618804931640625" lon="91.03198402561247348785400390625">
        <ele>3633</ele>
        <time>2026-10-06T22:48:12.000Z</time>
        <extensions>
          <ns3:TrackPointExtension>
            <ns3:hr>144</ns3:hr>
            <ns3:cad>93</ns3:cad>
          </ns3:TrackPointExtension>
        </extensions>
      </trkpt>
      <trkpt lat="29.639973007142543792724609375" lon="91.03199089877307415008544921875">
        <ele>3633</ele>
        <time>2026-10-06T22:48:13.000Z</time>
        <extensions>
          <ns3:TrackPointExtension>
            <ns3:hr>145</ns3:hr>
            <ns3:cad>93</ns3:cad>
          </ns3:TrackPointExtension>
        </extensions>
      </trkpt>
      <trkpt lat="29.6399520523846149444580078125" lon="91.03200204670429229736328125">
        <ele>3633</ele>
        <time>2026-10-06T22:48:14.000Z</time>
        <extensions>
          <ns3:TrackPointExtension>
            <ns3:hr>144</ns3:hr>
            <ns3:cad>92</ns3:cad>
          </ns3:TrackPointExtension>
        </extensions>
      </trkpt>
      <trkpt lat="29.6399252302944660186767578125" lon="91.0320062376558780670166015625">
        <ele>3633</ele>
        <time>2026-10-06T22:48:15.000Z</time>
        <extensions>
          <ns3:TrackPointExtension>
            <ns3:hr>144</ns3:hr>
            <ns3:cad>92</ns3:cad>
          </ns3:TrackPointExtension>
        </extensions>
      </trkpt>
      <trkpt lat="29.63990050368010997772216796875" lon="91.03201386518776416778564453125">
        <ele>3633</ele>
        <time>2026-10-06T22:48:16.000Z</time>
        <extensions>
          <ns3:TrackPointExtension>
            <ns3:hr>144</ns3:hr>
            <ns3:cad>94</ns3:cad>
          </ns3:TrackPointExtension>
        </extensions>
      </trkpt>
      <trkpt lat="29.639876447618007659912109375" lon="91.03201269172132015228271484375">
        <ele>3633</ele>
        <time>2026-10-06T22:48:17.000Z</time>
        <extensions>
          <ns3:TrackPointExtension>
            <ns3:hr>144</ns3:hr>
            <ns3:cad>94</ns3:cad>
          </ns3:TrackPointExtension>
        </extensions>
      </trkpt>
      <trkpt lat="29.6398477815091609954833984375" lon="91.03201705031096935272216796875">
        <ele>3633</ele>
        <time>2026-10-06T22:48:18.000Z</time>
        <extensions>
          <ns3:TrackPointExtension>
            <ns3:hr>144</ns3:hr>
            <ns3:cad>94</ns3:cad>
          </ns3:TrackPointExtension>
        </extensions>
      </trkpt>
      <trkpt lat="29.63982456363737583160400390625" lon="91.0320173017680644989013671875">
        <ele>3633</ele>
        <time>2026-10-06T22:48:19.000Z</time>
        <extensions>
          <ns3:TrackPointExtension>
            <ns3:hr>145</ns3:hr>
            <ns3:cad>94</ns3:cad>
          </ns3:TrackPointExtension>
        </extensions>
      </trkpt>
      <trkpt lat="29.63979455642402172088623046875" lon="91.03202124126255512237548828125">
        <ele>3633</ele>
        <time>2026-10-06T22:48:20.000Z</time>
        <extensions>
          <ns3:TrackPointExtension>
            <ns3:hr>144</ns3:hr>
            <ns3:cad>92</ns3:cad>
          </ns3:TrackPointExtension>
        </extensions>
      </trkpt>
      <trkpt lat="29.63977108709514141082763671875" lon="91.03202752768993377685546875">
        <ele>3633.199951171875</ele>
        <time>2026-10-06T22:48:21.000Z</time>
        <extensions>
          <ns3:TrackPointExtension>
            <ns3:hr>144</ns3:hr>
            <ns3:cad>92</ns3:cad>
          </ns3:TrackPointExtension>
        </extensions>
      </trkpt>
      <trkpt lat="29.63974074460566043853759765625" lon="91.03203616105020046234130859375">
        <ele>3633</ele>
        <time>2026-10-06T22:48:22.000Z</time>
        <extensions>
          <ns3:TrackPointExtension>
            <ns3:hr>145</ns3:hr>
            <ns3:cad>93</ns3:cad>
          </ns3:TrackPointExtension>
        </extensions>
      </trkpt>
      <trkpt lat="29.6397146768867969512939453125" lon="91.032046973705291748046875">
        <ele>3633</ele>
        <time>2026-10-06T22:48:23.000Z</time>
        <extensions>
          <ns3:TrackPointExtension>
            <ns3:hr>145</ns3:hr>
            <ns3:cad>93</ns3:cad>
          </ns3:TrackPointExtension>
        </extensions>
      </trkpt>
      <trkpt lat="29.63968441821634769439697265625" lon="91.032051332294940948486328125">
        <ele>3632.800048828125</ele>
        <time>2026-10-06T22:48:24.000Z</time>
        <extensions>
          <ns3:TrackPointExtension>
            <ns3:hr>146</ns3:hr>
            <ns3:cad>93</ns3:cad>
          </ns3:TrackPointExtension>
        </extensions>
      </trkpt>
      <trkpt lat="29.6396573446691036224365234375" lon="91.0320575349032878875732421875">
        <ele>3632.800048828125</ele>
        <time>2026-10-06T22:48:25.000Z</time>
        <extensions>
          <ns3:TrackPointExtension>
            <ns3:hr>145</ns3:hr>
            <ns3:cad>93</ns3:cad>
          </ns3:TrackPointExtension>
        </extensions>
      </trkpt>
      <trkpt lat="29.639632701873779296875" lon="91.0320568643510341644287109375">
        <ele>3632.800048828125</ele>
        <time>2026-10-06T22:48:26.000Z</time>
        <extensions>
          <ns3:TrackPointExtension>
            <ns3:hr>145</ns3:hr>
            <ns3:cad>93</ns3:cad>
          </ns3:TrackPointExtension>
        </extensions>
      </trkpt>
      <trkpt lat="29.63960126973688602447509765625" lon="91.0320615582168102264404296875">
        <ele>3632.800048828125</ele>
        <time>2026-10-06T22:48:27.000Z</time>
        <extensions>
          <ns3:TrackPointExtension>
            <ns3:hr>145</ns3:hr>
            <ns3:cad>93</ns3:cad>
          </ns3:TrackPointExtension>
        </extensions>
      </trkpt>
      <trkpt lat="29.63957679457962512969970703125" lon="91.03207035921514034271240234375">
        <ele>3633</ele>
        <time>2026-10-06T22:48:28.000Z</time>
        <extensions>
          <ns3:TrackPointExtension>
            <ns3:hr>145</ns3:hr>
            <ns3:cad>93</ns3:cad>
          </ns3:TrackPointExtension>
        </extensions>
      </trkpt>
      <trkpt lat="29.6395450271666049957275390625" lon="91.03207421489059925079345703125">
        <ele>3633</ele>
        <time>2026-10-06T22:48:29.000Z</time>
        <extensions>
          <ns3:TrackPointExtension>
            <ns3:hr>145</ns3:hr>
            <ns3:cad>93</ns3:cad>
          </ns3:TrackPointExtension>
        </extensions>
      </trkpt>
      <trkpt lat="29.63952298276126384735107421875" lon="91.03208075277507305145263671875">
        <ele>3633</ele>
        <time>2026-10-06T22:48:30.000Z</time>
        <extensions>
          <ns3:TrackPointExtension>
            <ns3:hr>145</ns3:hr>
            <ns3:cad>93</ns3:cad>
          </ns3:TrackPointExtension>
        </extensions>
      </trkpt>
      <trkpt lat="29.63949314318597316741943359375" lon="91.03208527900278568267822265625">
        <ele>3633</ele>
        <time>2026-10-06T22:48:31.000Z</time>
        <extensions>
          <ns3:TrackPointExtension>
            <ns3:hr>145</ns3:hr>
            <ns3:cad>93</ns3:cad>
          </ns3:TrackPointExtension>
        </extensions>
      </trkpt>
      <trkpt lat="29.6394709311425685882568359375" lon="91.03209332562983036041259765625">
        <ele>3633</ele>
        <time>2026-10-06T22:48:32.000Z</time>
        <extensions>
          <ns3:TrackPointExtension>
            <ns3:hr>146</ns3:hr>
            <ns3:cad>93</ns3:cad>
          </ns3:TrackPointExtension>
        </extensions>
      </trkpt>
      <trkpt lat="29.639443270862102508544921875" lon="91.032096929848194122314453125">
        <ele>3632.800048828125</ele>
        <time>2026-10-06T22:48:33.000Z</time>
        <extensions>
          <ns3:TrackPointExtension>
            <ns3:hr>145</ns3:hr>
            <ns3:cad>93</ns3:cad>
          </ns3:TrackPointExtension>
        </extensions>
      </trkpt>
      <trkpt lat="29.6394179575145244598388671875" lon="91.0321033000946044921875">
        <ele>3632.800048828125</ele>
        <time>2026-10-06T22:48:34.000Z</time>
        <extensions>
          <ns3:TrackPointExtension>
            <ns3:hr>145</ns3:hr>
            <ns3:cad>93</ns3:cad>
          </ns3:TrackPointExtension>
        </extensions>
      </trkpt>
      <trkpt lat="29.639392308890819549560546875" lon="91.03210371918976306915283203125">
        <ele>3632.800048828125</ele>
        <time>2026-10-06T22:48:35.000Z</time>
        <extensions>
          <ns3:TrackPointExtension>
            <ns3:hr>146</ns3:hr>
            <ns3:cad>93</ns3:cad>
          </ns3:TrackPointExtension>
        </extensions>
      </trkpt>
      <trkpt lat="29.63936515152454376220703125" lon="91.0321054793894290924072265625">
        <ele>3632.800048828125</ele>
        <time>2026-10-06T22:48:36.000Z</time>
        <extensions>
          <ns3:TrackPointExtension>
            <ns3:hr>145</ns3:hr>
            <ns3:cad>93</ns3:cad>
          </ns3:TrackPointExtension>
        </extensions>
      </trkpt>
      <trkpt lat="29.63934235274791717529296875" lon="91.03210556320846080780029296875">
        <ele>3632.800048828125</ele>
        <time>2026-10-06T22:48:37.000Z</time>
        <extensions>
          <ns3:TrackPointExtension>
            <ns3:hr>145</ns3:hr>
            <ns3:cad>93</ns3:cad>
          </ns3:TrackPointExtension>
        </extensions>
      </trkpt>
      <trkpt lat="29.63931377045810222625732421875" lon="91.03211008943617343902587890625">
        <ele>3632.800048828125</ele>
        <time>2026-10-06T22:48:38.000Z</time>
        <extensions>
          <ns3:TrackPointExtension>
            <ns3:hr>145</ns3:hr>
            <ns3:cad>93</ns3:cad>
          </ns3:TrackPointExtension>
        </extensions>
      </trkpt>
      <trkpt lat="29.6392922289669513702392578125" lon="91.03211662732064723968505859375">
        <ele>3632.800048828125</ele>
        <time>2026-10-06T22:48:39.000Z</time>
        <extensions>
          <ns3:TrackPointExtension>
            <ns3:hr>145</ns3:hr>
            <ns3:cad>93</ns3:cad>
          </ns3:TrackPointExtension>
        </extensions>
      </trkpt>
      <trkpt lat="29.63926012627780437469482421875" lon="91.032122075557708740234375">
        <ele>3632.800048828125</ele>
        <time>2026-10-06T22:48:40.000Z</time>
        <extensions>
          <ns3:TrackPointExtension>
            <ns3:hr>144</ns3:hr>
            <ns3:cad>92</ns3:cad>
          </ns3:TrackPointExtension>
        </extensions>
      </trkpt>
      <trkpt lat="29.639238417148590087890625" lon="91.03213079273700714111328125">
        <ele>3632.800048828125</ele>
        <time>2026-10-06T22:48:41.000Z</time>
        <extensions>
          <ns3:TrackPointExtension>
            <ns3:hr>144</ns3:hr>
            <ns3:cad>92</ns3:cad>
          </ns3:TrackPointExtension>
        </extensions>
      </trkpt>
      <trkpt lat="29.6392075717449188232421875" lon="91.0321369953453540802001953125">
        <ele>3632.800048828125</ele>
        <time>2026-10-06T22:48:42.000Z</time>
        <extensions>
          <ns3:TrackPointExtension>
            <ns3:hr>144</ns3:hr>
            <ns3:cad>93</ns3:cad>
          </ns3:TrackPointExtension>
        </extensions>
      </trkpt>
      <trkpt lat="29.63918519206345081329345703125" lon="91.0321477241814136505126953125">
        <ele>3632.800048828125</ele>
        <time>2026-10-06T22:48:43.000Z</time>
        <extensions>
          <ns3:TrackPointExtension>
            <ns3:hr>144</ns3:hr>
            <ns3:cad>93</ns3:cad>
          </ns3:TrackPointExtension>
        </extensions>
      </trkpt>
      <trkpt lat="29.63915585540235042572021484375" lon="91.03215157985687255859375">
        <ele>3632.800048828125</ele>
        <time>2026-10-06T22:48:44.000Z</time>
        <extensions>
          <ns3:TrackPointExtension>
            <ns3:hr>144</ns3:hr>
            <ns3:cad>92</ns3:cad>
          </ns3:TrackPointExtension>
        </extensions>
      </trkpt>
      <trkpt lat="29.6391296200454235076904296875" lon="91.03215920738875865936279296875">
        <ele>3632.60009765625</ele>
        <time>2026-10-06T22:48:45.000Z</time>
        <extensions>
          <ns3:TrackPointExtension>
            <ns3:hr>144</ns3:hr>
            <ns3:cad>92</ns3:cad>
          </ns3:TrackPointExtension>
        </extensions>
      </trkpt>
      <trkpt lat="29.63910321705043315887451171875" lon="91.03216172195971012115478515625">
        <ele>3632.60009765625</ele>
        <time>2026-10-06T22:48:46.000Z</time>
        <extensions>
          <ns3:TrackPointExtension>
            <ns3:hr>144</ns3:hr>
            <ns3:cad>94</ns3:cad>
          </ns3:TrackPointExtension>
        </extensions>
      </trkpt>
      <trkpt lat="29.63907455094158649444580078125" lon="91.03216775692999362945556640625">
        <ele>3632.60009765625</ele>
        <time>2026-10-06T22:48:47.000Z</time>
        <extensions>
          <ns3:TrackPointExtension>
            <ns3:hr>144</ns3:hr>
            <ns3:cad>94</ns3:cad>
          </ns3:TrackPointExtension>
        </extensions>
      </trkpt>
      <trkpt lat="29.6390515007078647613525390625" lon="91.03217211551964282989501953125">
        <ele>3632.60009765625</ele>
        <time>2026-10-06T22:48:48.000Z</time>
        <extensions>
          <ns3:TrackPointExtension>
            <ns3:hr>144</ns3:hr>
            <ns3:cad>92</ns3:cad>
          </ns3:TrackPointExtension>
        </extensions>
      </trkpt>
      <trkpt lat="29.6390223316848278045654296875" lon="91.0321785695850849151611328125">
        <ele>3632.60009765625</ele>
        <time>2026-10-06T22:48:49.000Z</time>
        <extensions>
          <ns3:TrackPointExtension>
            <ns3:hr>144</ns3:hr>
            <ns3:cad>92</ns3:cad>
          </ns3:TrackPointExtension>
        </extensions>
      </trkpt>
      <trkpt lat="29.63900028727948665618896484375" lon="91.0321839340031147003173828125">
        <ele>3632.60009765625</ele>
        <time>2026-10-06T22:48:50.000Z</time>
        <extensions>
          <ns3:TrackPointExtension>
            <ns3:hr>144</ns3:hr>
            <ns3:cad>92</ns3:cad>
          </ns3:TrackPointExtension>
        </extensions>
      </trkpt>
      <trkpt lat="29.63897212408483028411865234375" lon="91.03219156153500080108642578125">
        <ele>3632.60009765625</ele>
        <time>2026-10-06T22:48:51.000Z</time>
        <extensions>
          <ns3:TrackPointExtension>
            <ns3:hr>145</ns3:hr>
            <ns3:cad>92</ns3:cad>
          </ns3:TrackPointExtension>
        </extensions>
      </trkpt>
      <trkpt lat="29.63895217515528202056884765625" lon="91.03220011107623577117919921875">
        <ele>3632.60009765625</ele>
        <time>2026-10-06T22:48:52.000Z</time>
        <extensions>
          <ns3:TrackPointExtension>
            <ns3:hr>144</ns3:hr>
            <ns3:cad>92</ns3:cad>
          </ns3:TrackPointExtension>
        </extensions>
      </trkpt>
      <trkpt lat="29.63892317377030849456787109375" lon="91.0322057269513607025146484375">
        <ele>3632.60009765625</ele>
        <time>2026-10-06T22:48:53.000Z</time>
        <extensions>
          <ns3:TrackPointExtension>
            <ns3:hr>144</ns3:hr>
            <ns3:cad>92</ns3:cad>
          </ns3:TrackPointExtension>
        </extensions>
      </trkpt>
      <trkpt lat="29.63889869861304759979248046875" lon="91.0322144441306591033935546875">
        <ele>3632.60009765625</ele>
        <time>2026-10-06T22:48:54.000Z</time>
        <extensions>
          <ns3:TrackPointExtension>
            <ns3:hr>144</ns3:hr>
            <ns3:cad>94</ns3:cad>
          </ns3:TrackPointExtension>
        </extensions>
      </trkpt>
      <trkpt lat="29.63887254707515239715576171875" lon="91.03221503086388111114501953125">
        <ele>3632.39990234375</ele>
        <time>2026-10-06T22:48:55.000Z</time>
        <extensions>
          <ns3:TrackPointExtension>
            <ns3:hr>144</ns3:hr>
            <ns3:cad>94</ns3:cad>
          </ns3:TrackPointExtension>
        </extensions>
      </trkpt>
      <trkpt lat="29.63884455151855945587158203125" lon="91.0322218202054500579833984375">
        <ele>3632.39990234375</ele>
        <time>2026-10-06T22:48:56.000Z</time>
        <extensions>
          <ns3:TrackPointExtension>
            <ns3:hr>145</ns3:hr>
            <ns3:cad>94</ns3:cad>
          </ns3:TrackPointExtension>
        </extensions>
      </trkpt>
      <trkpt lat="29.6388213336467742919921875" lon="91.03222324512898921966552734375">
        <ele>3632.39990234375</ele>
        <time>2026-10-06T22:48:57.000Z</time>
        <extensions>
          <ns3:TrackPointExtension>
            <ns3:hr>144</ns3:hr>
            <ns3:cad>92</ns3:cad>
          </ns3:TrackPointExtension>
        </extensions>
      </trkpt>
      <trkpt lat="29.63879325427114963531494140625" lon="91.03222860954701900482177734375">
        <ele>3632.39990234375</ele>
        <time>2026-10-06T22:48:58.000Z</time>
        <extensions>
          <ns3:TrackPointExtension>
            <ns3:hr>144</ns3:hr>
            <ns3:cad>92</ns3:cad>
          </ns3:TrackPointExtension>
        </extensions>
      </trkpt>
      <trkpt lat="29.63877238333225250244140625" lon="91.0322362370789051055908203125">
        <ele>3632.39990234375</ele>
        <time>2026-10-06T22:48:59.000Z</time>
        <extensions>
          <ns3:TrackPointExtension>
            <ns3:hr>145</ns3:hr>
            <ns3:cad>92</ns3:cad>
          </ns3:TrackPointExtension>
        </extensions>
      </trkpt>
      <trkpt lat="29.6387435495853424072265625" lon="91.03224210441112518310546875">
        <ele>3632.39990234375</ele>
        <time>2026-10-06T22:49:00.000Z</time>
        <extensions>
          <ns3:TrackPointExtension>
            <ns3:hr>145</ns3:hr>
            <ns3:cad>93</ns3:cad>
          </ns3:TrackPointExtension>
        </extensions>
      </trkpt>
      <trkpt lat="29.638720415532588958740234375" lon="91.03224612772464752197265625">
        <ele>3632.39990234375</ele>
        <time>2026-10-06T22:49:01.000Z</time>
        <extensions>
          <ns3:TrackPointExtension>
            <ns3:hr>145</ns3:hr>
            <ns3:cad>93</ns3:cad>
          </ns3:TrackPointExtension>
        </extensions>
      </trkpt>
      <trkpt lat="29.63868764229118824005126953125" lon="91.03225207887589931488037109375">
        <ele>3632.60009765625</ele>
        <time>2026-10-06T22:49:02.000Z</time>
        <extensions>
          <ns3:TrackPointExtension>
            <ns3:hr>145</ns3:hr>
            <ns3:cad>93</ns3:cad>
          </ns3:TrackPointExtension>
        </extensions>
      </trkpt>
      <trkpt lat="29.63866249658167362213134765625" lon="91.0322597064077854156494140625">
        <ele>3632.60009765625</ele>
        <time>2026-10-06T22:49:03.000Z</time>
        <extensions>
          <ns3:TrackPointExtension>
            <ns3:hr>145</ns3:hr>
            <ns3:cad>93</ns3:cad>
          </ns3:TrackPointExtension>
        </extensions>
      </trkpt>
      <trkpt lat="29.63863424956798553466796875" lon="91.0322610475122928619384765625">
        <ele>3632.60009765625</ele>
        <time>2026-10-06T22:49:04.000Z</time>
        <extensions>
          <ns3:TrackPointExtension>
            <ns3:hr>145</ns3:hr>
            <ns3:cad>93</ns3:cad>
          </ns3:TrackPointExtension>
        </extensions>
      </trkpt>
      <trkpt lat="29.63860617019236087799072265625" lon="91.03226599283516407012939453125">
        <ele>3632.60009765625</ele>
        <time>2026-10-06T22:49:05.000Z</time>
        <extensions>
          <ns3:TrackPointExtension>
            <ns3:hr>145</ns3:hr>
            <ns3:cad>93</ns3:cad>
          </ns3:TrackPointExtension>
        </extensions>
      </trkpt>
      <trkpt lat="29.63858152739703655242919921875" lon="91.03226230479776859283447265625">
        <ele>3632.60009765625</ele>
        <time>2026-10-06T22:49:06.000Z</time>
        <extensions>
          <ns3:TrackPointExtension>
            <ns3:hr>146</ns3:hr>
            <ns3:cad>93</ns3:cad>
          </ns3:TrackPointExtension>
        </extensions>
      </trkpt>
      <trkpt lat="29.6385531127452850341796875" lon="91.0322644002735614776611328125">
        <ele>3632.39990234375</ele>
        <time>2026-10-06T22:49:07.000Z</time>
        <extensions>
          <ns3:TrackPointExtension>
            <ns3:hr>145</ns3:hr>
            <ns3:cad>93</ns3:cad>
          </ns3:TrackPointExtension>
        </extensions>
      </trkpt>
      <trkpt lat="29.63853098452091217041015625" lon="91.032270602881908416748046875">
        <ele>3632.39990234375</ele>
        <time>2026-10-06T22:49:08.000Z</time>
        <extensions>
          <ns3:TrackPointExtension>
            <ns3:hr>145</ns3:hr>
            <ns3:cad>93</ns3:cad>
          </ns3:TrackPointExtension>
        </extensions>
      </trkpt>
      <trkpt lat="29.6384994685649871826171875" lon="91.03227755986154079437255859375">
        <ele>3632.39990234375</ele>
        <time>2026-10-06T22:49:09.000Z</time>
        <extensions>
          <ns3:TrackPointExtension>
            <ns3:hr>146</ns3:hr>
            <ns3:cad>93</ns3:cad>
          </ns3:TrackPointExtension>
        </extensions>
      </trkpt>
      <trkpt lat="29.63847558014094829559326171875" lon="91.0322825051844120025634765625">
        <ele>3632.39990234375</ele>
        <time>2026-10-06T22:49:10.000Z</time>
        <extensions>
          <ns3:TrackPointExtension>
            <ns3:hr>146</ns3:hr>
            <ns3:cad>93</ns3:cad>
          </ns3:TrackPointExtension>
        </extensions>
      </trkpt>
      <trkpt lat="29.63844372890889644622802734375" lon="91.03228560648858547210693359375">
        <ele>3632.39990234375</ele>
        <time>2026-10-06T22:49:11.000Z</time>
        <extensions>
          <ns3:TrackPointExtension>
            <ns3:hr>146</ns3:hr>
            <ns3:cad>93</ns3:cad>
          </ns3:TrackPointExtension>
        </extensions>
      </trkpt>
      <trkpt lat="29.638419337570667266845703125" lon="91.03229231201112270355224609375">
        <ele>3632.39990234375</ele>
        <time>2026-10-06T22:49:12.000Z</time>
        <extensions>
          <ns3:TrackPointExtension>
            <ns3:hr>146</ns3:hr>
            <ns3:cad>93</ns3:cad>
          </ns3:TrackPointExtension>
        </extensions>
      </trkpt>
      <trkpt lat="29.63839343748986721038818359375" lon="91.03229247964918613433837890625">
        <ele>3632.39990234375</ele>
        <time>2026-10-06T22:49:13.000Z</time>
        <extensions>
          <ns3:TrackPointExtension>
            <ns3:hr>146</ns3:hr>
            <ns3:cad>93</ns3:cad>
          </ns3:TrackPointExtension>
        </extensions>
      </trkpt>
      <trkpt lat="29.63836728595197200775146484375" lon="91.03229616768658161163330078125">
        <ele>3632.39990234375</ele>
        <time>2026-10-06T22:49:14.000Z</time>
        <extensions>
          <ns3:TrackPointExtension>
            <ns3:hr>146</ns3:hr>
            <ns3:cad>93</ns3:cad>
          </ns3:TrackPointExtension>
        </extensions>
      </trkpt>
      <trkpt lat="29.63834448717534542083740234375" lon="91.0322969220578670501708984375">
        <ele>3632.39990234375</ele>
        <time>2026-10-06T22:49:15.000Z</time>
        <extensions>
          <ns3:TrackPointExtension>
            <ns3:hr>147</ns3:hr>
            <ns3:cad>93</ns3:cad>
          </ns3:TrackPointExtension>
        </extensions>
      </trkpt>
      <trkpt lat="29.6383172459900379180908203125" lon="91.0323022864758968353271484375">
        <ele>3632.39990234375</ele>
        <time>2026-10-06T22:49:16.000Z</time>
        <extensions>
          <ns3:TrackPointExtension>
            <ns3:hr>147</ns3:hr>
            <ns3:cad>94</ns3:cad>
          </ns3:TrackPointExtension>
        </extensions>
      </trkpt>
      <trkpt lat="29.63829520158469676971435546875" lon="91.03230941109359264373779296875">
        <ele>3632.39990234375</ele>
        <time>2026-10-06T22:49:17.000Z</time>
        <extensions>
          <ns3:TrackPointExtension>
            <ns3:hr>147</ns3:hr>
            <ns3:cad>94</ns3:cad>
          </ns3:TrackPointExtension>
        </extensions>
      </trkpt>
      <trkpt lat="29.63826703839004039764404296875" lon="91.03231594897806644439697265625">
        <ele>3632.39990234375</ele>
        <time>2026-10-06T22:49:18.000Z</time>
        <extensions>
          <ns3:TrackPointExtension>
            <ns3:hr>147</ns3:hr>
            <ns3:cad>94</ns3:cad>
          </ns3:TrackPointExtension>
        </extensions>
      </trkpt>
      <trkpt lat="29.63824667036533355712890625" lon="91.03232231922447681427001953125">
        <ele>3632.39990234375</ele>
        <time>2026-10-06T22:49:19.000Z</time>
        <extensions>
          <ns3:TrackPointExtension>
            <ns3:hr>147</ns3:hr>
            <ns3:cad>94</ns3:cad>
          </ns3:TrackPointExtension>
        </extensions>
      </trkpt>
      <trkpt lat="29.63821641169488430023193359375" lon="91.0323277674615383148193359375">
        <ele>3632.39990234375</ele>
        <time>2026-10-06T22:49:20.000Z</time>
        <extensions>
          <ns3:TrackPointExtension>
            <ns3:hr>146</ns3:hr>
            <ns3:cad>93</ns3:cad>
          </ns3:TrackPointExtension>
        </extensions>
      </trkpt>
      <trkpt lat="29.6381931938230991363525390625" lon="91.0323381610214710235595703125">
        <ele>3632.39990234375</ele>
        <time>2026-10-06T22:49:21.000Z</time>
        <extensions>
          <ns3:TrackPointExtension>
            <ns3:hr>146</ns3:hr>
            <ns3:cad>92</ns3:cad>
          </ns3:TrackPointExtension>
        </extensions>
      </trkpt>
      <trkpt lat="29.6381636895239353179931640625" lon="91.032341681420803070068359375">
        <ele>3632.39990234375</ele>
        <time>2026-10-06T22:49:22.000Z</time>
        <extensions>
          <ns3:TrackPointExtension>
            <ns3:hr>146</ns3:hr>
            <ns3:cad>92</ns3:cad>
          </ns3:TrackPointExtension>
        </extensions>
      </trkpt>
      <trkpt lat="29.63813762180507183074951171875" lon="91.0323495604097843170166015625">
        <ele>3632.39990234375</ele>
        <time>2026-10-06T22:49:23.000Z</time>
        <extensions>
          <ns3:TrackPointExtension>
            <ns3:hr>146</ns3:hr>
            <ns3:cad>93</ns3:cad>
          </ns3:TrackPointExtension>
        </extensions>
      </trkpt>
      <trkpt lat="29.638111554086208343505859375" lon="91.0323539189994335174560546875">
        <ele>3632.199951171875</ele>
        <time>2026-10-06T22:49:24.000Z</time>
        <extensions>
          <ns3:TrackPointExtension>
            <ns3:hr>146</ns3:hr>
            <ns3:cad>93</ns3:cad>
          </ns3:TrackPointExtension>
        </extensions>
      </trkpt>
      <trkpt lat="29.6380825527012348175048828125" lon="91.03235718794167041778564453125">
        <ele>3632.199951171875</ele>
        <time>2026-10-06T22:49:25.000Z</time>
        <extensions>
          <ns3:TrackPointExtension>
            <ns3:hr>146</ns3:hr>
            <ns3:cad>92</ns3:cad>
          </ns3:TrackPointExtension>
        </extensions>
      </trkpt>
      <trkpt lat="29.6380590833723545074462890625" lon="91.032361127436161041259765625">
        <ele>3632.199951171875</ele>
        <time>2026-10-06T22:49:26.000Z</time>
        <extensions>
          <ns3:TrackPointExtension>
            <ns3:hr>146</ns3:hr>
            <ns3:cad>92</ns3:cad>
          </ns3:TrackPointExtension>
        </extensions>
      </trkpt>
      <trkpt lat="29.63802983053028583526611328125" lon="91.03236523456871509552001953125">
        <ele>3632.199951171875</ele>
        <time>2026-10-06T22:49:27.000Z</time>
        <extensions>
          <ns3:TrackPointExtension>
            <ns3:hr>146</ns3:hr>
            <ns3:cad>92</ns3:cad>
          </ns3:TrackPointExtension>
        </extensions>
      </trkpt>
      <trkpt lat="29.63800719939172267913818359375" lon="91.03237110190093517303466796875">
        <ele>3632.199951171875</ele>
        <time>2026-10-06T22:49:28.000Z</time>
        <extensions>
          <ns3:TrackPointExtension>
            <ns3:hr>145</ns3:hr>
            <ns3:cad>94</ns3:cad>
          </ns3:TrackPointExtension>
        </extensions>
      </trkpt>
      <trkpt lat="29.63797953911125659942626953125" lon="91.03237898088991641998291015625">
        <ele>3632.199951171875</ele>
        <time>2026-10-06T22:49:29.000Z</time>
        <extensions>
          <ns3:TrackPointExtension>
            <ns3:hr>146</ns3:hr>
            <ns3:cad>93</ns3:cad>
          </ns3:TrackPointExtension>
        </extensions>
      </trkpt>
      <trkpt lat="29.63795833289623260498046875" lon="91.03238761425018310546875">
        <ele>3632.199951171875</ele>
        <time>2026-10-06T22:49:30.000Z</time>
        <extensions>
          <ns3:TrackPointExtension>
            <ns3:hr>146</ns3:hr>
            <ns3:cad>93</ns3:cad>
          </ns3:TrackPointExtension>
        </extensions>
      </trkpt>
      <trkpt lat="29.637929499149322509765625" lon="91.03239390067756175994873046875">
        <ele>3632.39990234375</ele>
        <time>2026-10-06T22:49:31.000Z</time>
        <extensions>
          <ns3:TrackPointExtension>
            <ns3:hr>146</ns3:hr>
            <ns3:cad>93</ns3:cad>
          </ns3:TrackPointExtension>
        </extensions>
      </trkpt>
      <trkpt lat="29.63790779002010822296142578125" lon="91.03240412659943103790283203125">
        <ele>3632.199951171875</ele>
        <time>2026-10-06T22:49:32.000Z</time>
        <extensions>
          <ns3:TrackPointExtension>
            <ns3:hr>146</ns3:hr>
            <ns3:cad>93</ns3:cad>
          </ns3:TrackPointExtension>
        </extensions>
      </trkpt>
      <trkpt lat="29.63788012973964214324951171875" lon="91.03240982629358768463134765625">
        <ele>3632.199951171875</ele>
        <time>2026-10-06T22:49:33.000Z</time>
        <extensions>
          <ns3:TrackPointExtension>
            <ns3:hr>146</ns3:hr>
            <ns3:cad>93</ns3:cad>
          </ns3:TrackPointExtension>
        </extensions>
      </trkpt>
      <trkpt lat="29.6378545649349689483642578125" lon="91.03241653181612491607666015625">
        <ele>3632.199951171875</ele>
        <time>2026-10-06T22:49:34.000Z</time>
        <extensions>
          <ns3:TrackPointExtension>
            <ns3:hr>147</ns3:hr>
            <ns3:cad>92</ns3:cad>
          </ns3:TrackPointExtension>
        </extensions>
      </trkpt>
      <trkpt lat="29.6378317661583423614501953125" lon="91.0324184596538543701171875">
        <ele>3632.199951171875</ele>
        <time>2026-10-06T22:49:35.000Z</time>
        <extensions>
          <ns3:TrackPointExtension>
            <ns3:hr>146</ns3:hr>
            <ns3:cad>92</ns3:cad>
          </ns3:TrackPointExtension>
        </extensions>
      </trkpt>
      <trkpt lat="29.6378036029636859893798828125" lon="91.03242340497672557830810546875">
        <ele>3632.199951171875</ele>
        <time>2026-10-06T22:49:36.000Z</time>
        <extensions>
          <ns3:TrackPointExtension>
            <ns3:hr>146</ns3:hr>
            <ns3:cad>92</ns3:cad>
          </ns3:TrackPointExtension>
        </extensions>
      </trkpt>
      <trkpt lat="29.6377808041870594024658203125" lon="91.03242759592831134796142578125">
        <ele>3632.199951171875</ele>
        <time>2026-10-06T22:49:37.000Z</time>
        <extensions>
          <ns3:TrackPointExtension>
            <ns3:hr>146</ns3:hr>
            <ns3:cad>93</ns3:cad>
          </ns3:TrackPointExtension>
        </extensions>
      </trkpt>
      <trkpt lat="29.63775255717337131500244140625" lon="91.0324350558221340179443359375">
        <ele>3632.199951171875</ele>
        <time>2026-10-06T22:49:38.000Z</time>
        <extensions>
          <ns3:TrackPointExtension>
            <ns3:hr>146</ns3:hr>
            <ns3:cad>93</ns3:cad>
          </ns3:TrackPointExtension>
        </extensions>
      </trkpt>
      <trkpt lat="29.63773076422512531280517578125" lon="91.03244201280176639556884765625">
        <ele>3632.39990234375</ele>
        <time>2026-10-06T22:49:39.000Z</time>
        <extensions>
          <ns3:TrackPointExtension>
            <ns3:hr>145</ns3:hr>
            <ns3:cad>93</ns3:cad>
          </ns3:TrackPointExtension>
        </extensions>
      </trkpt>
      <trkpt lat="29.63769958354532718658447265625" lon="91.03244461119174957275390625">
        <ele>3632.39990234375</ele>
        <time>2026-10-06T22:49:40.000Z</time>
        <extensions>
          <ns3:TrackPointExtension>
            <ns3:hr>145</ns3:hr>
            <ns3:cad>93</ns3:cad>
          </ns3:TrackPointExtension>
        </extensions>
      </trkpt>
      <trkpt lat="29.6376741863787174224853515625" lon="91.032450310885906219482421875">
        <ele>3632.39990234375</ele>
        <time>2026-10-06T22:49:41.000Z</time>
        <extensions>
          <ns3:TrackPointExtension>
            <ns3:hr>145</ns3:hr>
            <ns3:cad>93</ns3:cad>
          </ns3:TrackPointExtension>
        </extensions>
      </trkpt>
      <trkpt lat="29.63764878921210765838623046875" lon="91.0324491374194622039794921875">
        <ele>3632.199951171875</ele>
        <time>2026-10-06T22:49:42.000Z</time>
        <extensions>
          <ns3:TrackPointExtension>
            <ns3:hr>146</ns3:hr>
            <ns3:cad>93</ns3:cad>
          </ns3:TrackPointExtension>
        </extensions>
      </trkpt>
      <trkpt lat="29.63762037456035614013671875" lon="91.032450310885906219482421875">
        <ele>3632.199951171875</ele>
        <time>2026-10-06T22:49:43.000Z</time>
        <extensions>
          <ns3:TrackPointExtension>
            <ns3:hr>145</ns3:hr>
            <ns3:cad>93</ns3:cad>
          </ns3:TrackPointExtension>
        </extensions>
      </trkpt>
      <trkpt lat="29.63759623467922210693359375" lon="91.0324508138000965118408203125">
        <ele>3632.199951171875</ele>
        <time>2026-10-06T22:49:44.000Z</time>
        <extensions>
          <ns3:TrackPointExtension>
            <ns3:hr>145</ns3:hr>
            <ns3:cad>93</ns3:cad>
          </ns3:TrackPointExtension>
        </extensions>
      </trkpt>
      <trkpt lat="29.6375665627419948577880859375" lon="91.03245475329458713531494140625">
        <ele>3632.199951171875</ele>
        <time>2026-10-06T22:49:45.000Z</time>
        <extensions>
          <ns3:TrackPointExtension>
            <ns3:hr>146</ns3:hr>
            <ns3:cad>93</ns3:cad>
          </ns3:TrackPointExtension>
        </extensions>
      </trkpt>
      <trkpt lat="29.6375451050698757171630859375" lon="91.0324622131884098052978515625">
        <ele>3632.199951171875</ele>
        <time>2026-10-06T22:49:46.000Z</time>
        <extensions>
          <ns3:TrackPointExtension>
            <ns3:hr>145</ns3:hr>
            <ns3:cad>93</ns3:cad>
          </ns3:TrackPointExtension>
        </extensions>
      </trkpt>
      <trkpt lat="29.63751467876136302947998046875" lon="91.032468415796756744384765625">
        <ele>3632.199951171875</ele>
        <time>2026-10-06T22:49:47.000Z</time>
        <extensions>
          <ns3:TrackPointExtension>
            <ns3:hr>145</ns3:hr>
            <ns3:cad>93</ns3:cad>
          </ns3:TrackPointExtension>
        </extensions>
      </trkpt>
      <trkpt lat="29.6374936401844024658203125" lon="91.03247554041445255279541015625">
        <ele>3632.199951171875</ele>
        <time>2026-10-06T22:49:48.000Z</time>
        <extensions>
          <ns3:TrackPointExtension>
            <ns3:hr>145</ns3:hr>
            <ns3:cad>93</ns3:cad>
          </ns3:TrackPointExtension>
        </extensions>
      </trkpt>
      <trkpt lat="29.63746220804750919342041015625" lon="91.03247822262346744537353515625">
        <ele>3632.199951171875</ele>
        <time>2026-10-06T22:49:49.000Z</time>
        <extensions>
          <ns3:TrackPointExtension>
            <ns3:hr>145</ns3:hr>
            <ns3:cad>93</ns3:cad>
          </ns3:TrackPointExtension>
        </extensions>
      </trkpt>
      <trkpt lat="29.63743823580443859100341796875" lon="91.03248928673565387725830078125">
        <ele>3632.199951171875</ele>
        <time>2026-10-06T22:49:50.000Z</time>
        <extensions>
          <ns3:TrackPointExtension>
            <ns3:hr>145</ns3:hr>
            <ns3:cad>94</ns3:cad>
          </ns3:TrackPointExtension>
        </extensions>
      </trkpt>
      <trkpt lat="29.63741057552397251129150390625" lon="91.03249331004917621612548828125">
        <ele>3632.199951171875</ele>
        <time>2026-10-06T22:49:51.000Z</time>
        <extensions>
          <ns3:TrackPointExtension>
            <ns3:hr>145</ns3:hr>
            <ns3:cad>94</ns3:cad>
          </ns3:TrackPointExtension>
        </extensions>
      </trkpt>
      <trkpt lat="29.63738392107188701629638671875" lon="91.03250001557171344757080078125">
        <ele>3632.199951171875</ele>
        <time>2026-10-06T22:49:52.000Z</time>
        <extensions>
          <ns3:TrackPointExtension>
            <ns3:hr>145</ns3:hr>
            <ns3:cad>94</ns3:cad>
          </ns3:TrackPointExtension>
        </extensions>
      </trkpt>
      <trkpt lat="29.63735760189592838287353515625" lon="91.0325027815997600555419921875">
        <ele>3632.199951171875</ele>
        <time>2026-10-06T22:49:53.000Z</time>
        <extensions>
          <ns3:TrackPointExtension>
            <ns3:hr>145</ns3:hr>
            <ns3:cad>94</ns3:cad>
          </ns3:TrackPointExtension>
        </extensions>
      </trkpt>
      <trkpt lat="29.63732910342514514923095703125" lon="91.03250856511294841766357421875">
        <ele>3632.199951171875</ele>
        <time>2026-10-06T22:49:54.000Z</time>
        <extensions>
          <ns3:TrackPointExtension>
            <ns3:hr>145</ns3:hr>
            <ns3:cad>91</ns3:cad>
          </ns3:TrackPointExtension>
        </extensions>
      </trkpt>
      <trkpt lat="29.63730546645820140838623046875" lon="91.03251300752162933349609375">
        <ele>3632.199951171875</ele>
        <time>2026-10-06T22:49:55.000Z</time>
        <extensions>
          <ns3:TrackPointExtension>
            <ns3:hr>146</ns3:hr>
            <ns3:cad>91</ns3:cad>
          </ns3:TrackPointExtension>
        </extensions>
      </trkpt>
      <trkpt lat="29.63727629743516445159912109375" lon="91.03251703083515167236328125">
        <ele>3632.199951171875</ele>
        <time>2026-10-06T22:49:56.000Z</time>
        <extensions>
          <ns3:TrackPointExtension>
            <ns3:hr>145</ns3:hr>
            <ns3:cad>91</ns3:cad>
          </ns3:TrackPointExtension>
        </extensions>
      </trkpt>
      <trkpt lat="29.6372557617723941802978515625" lon="91.03252398781478404998779296875">
        <ele>3632.199951171875</ele>
        <time>2026-10-06T22:49:57.000Z</time>
        <extensions>
          <ns3:TrackPointExtension>
            <ns3:hr>145</ns3:hr>
            <ns3:cad>92</ns3:cad>
          </ns3:TrackPointExtension>
        </extensions>
      </trkpt>
      <trkpt lat="29.63722667656838893890380859375" lon="91.03252775967121124267578125">
        <ele>3632.199951171875</ele>
        <time>2026-10-06T22:49:58.000Z</time>
        <extensions>
          <ns3:TrackPointExtension>
            <ns3:hr>145</ns3:hr>
            <ns3:cad>93</ns3:cad>
          </ns3:TrackPointExtension>
        </extensions>
      </trkpt>
      <trkpt lat="29.63720454834401607513427734375" lon="91.0325326211750507354736328125">
        <ele>3632.199951171875</ele>
        <time>2026-10-06T22:49:59.000Z</time>
        <extensions>
          <ns3:TrackPointExtension>
            <ns3:hr>145</ns3:hr>
            <ns3:cad>93</ns3:cad>
          </ns3:TrackPointExtension>
        </extensions>
      </trkpt>
      <trkpt lat="29.63717437349259853363037109375" lon="91.03253689594566822052001953125">
        <ele>3632.199951171875</ele>
        <time>2026-10-06T22:50:00.000Z</time>
        <extensions>
          <ns3:TrackPointExtension>
            <ns3:hr>144</ns3:hr>
            <ns3:cad>94</ns3:cad>
          </ns3:TrackPointExtension>
        </extensions>
      </trkpt>
      <trkpt lat="29.6371501497924327850341796875" lon="91.03254519402980804443359375">
        <ele>3632.199951171875</ele>
        <time>2026-10-06T22:50:01.000Z</time>
        <extensions>
          <ns3:TrackPointExtension>
            <ns3:hr>144</ns3:hr>
            <ns3:cad>95</ns3:cad>
          </ns3:TrackPointExtension>
        </extensions>
      </trkpt>
      <trkpt lat="29.63712190277874469757080078125" lon="91.03254930116236209869384765625">
        <ele>3632.199951171875</ele>
        <time>2026-10-06T22:50:02.000Z</time>
        <extensions>
          <ns3:TrackPointExtension>
            <ns3:hr>144</ns3:hr>
            <ns3:cad>94</ns3:cad>
          </ns3:TrackPointExtension>
        </extensions>
      </trkpt>
      <trkpt lat="29.63709290139377117156982421875" lon="91.03255650959908962249755859375">
        <ele>3632.199951171875</ele>
        <time>2026-10-06T22:50:03.000Z</time>
        <extensions>
          <ns3:TrackPointExtension>
            <ns3:hr>144</ns3:hr>
            <ns3:cad>92</ns3:cad>
          </ns3:TrackPointExtension>
        </extensions>
      </trkpt>
      <trkpt lat="29.637071192264556884765625" lon="91.0325557552278041839599609375">
        <ele>3632.199951171875</ele>
        <time>2026-10-06T22:50:04.000Z</time>
        <extensions>
          <ns3:TrackPointExtension>
            <ns3:hr>144</ns3:hr>
            <ns3:cad>91</ns3:cad>
          </ns3:TrackPointExtension>
        </extensions>
      </trkpt>
      <trkpt lat="29.637040682137012481689453125" lon="91.0325611196458339691162109375">
        <ele>3632.199951171875</ele>
        <time>2026-10-06T22:50:05.000Z</time>
        <extensions>
          <ns3:TrackPointExtension>
            <ns3:hr>144</ns3:hr>
            <ns3:cad>91</ns3:cad>
          </ns3:TrackPointExtension>
        </extensions>
      </trkpt>
      <trkpt lat="29.6370200626552104949951171875" lon="91.03256857953965663909912109375">
        <ele>3632.199951171875</ele>
        <time>2026-10-06T22:50:06.000Z</time>
        <extensions>
          <ns3:TrackPointExtension>
            <ns3:hr>144</ns3:hr>
            <ns3:cad>91</ns3:cad>
          </ns3:TrackPointExtension>
        </extensions>
      </trkpt>
      <trkpt lat="29.6369918994605541229248046875" lon="91.03257377631962299346923828125">
        <ele>3632.199951171875</ele>
        <time>2026-10-06T22:50:07.000Z</time>
        <extensions>
          <ns3:TrackPointExtension>
            <ns3:hr>144</ns3:hr>
            <ns3:cad>93</ns3:cad>
          </ns3:TrackPointExtension>
        </extensions>
      </trkpt>
      <trkpt lat="29.6369691006839275360107421875" lon="91.0325835831463336944580078125">
        <ele>3632.199951171875</ele>
        <time>2026-10-06T22:50:08.000Z</time>
        <extensions>
          <ns3:TrackPointExtension>
            <ns3:hr>144</ns3:hr>
            <ns3:cad>93</ns3:cad>
          </ns3:TrackPointExtension>
        </extensions>
      </trkpt>
      <trkpt lat="29.6369382552802562713623046875" lon="91.03259121067821979522705078125">
        <ele>3632.39990234375</ele>
        <time>2026-10-06T22:50:09.000Z</time>
        <extensions>
          <ns3:TrackPointExtension>
            <ns3:hr>144</ns3:hr>
            <ns3:cad>93</ns3:cad>
          </ns3:TrackPointExtension>
        </extensions>
      </trkpt>
      <trkpt lat="29.63691285811364650726318359375" lon="91.03259758092463016510009765625">
        <ele>3632.39990234375</ele>
        <time>2026-10-06T22:50:10.000Z</time>
        <extensions>
          <ns3:TrackPointExtension>
            <ns3:hr>144</ns3:hr>
            <ns3:cad>93</ns3:cad>
          </ns3:TrackPointExtension>
        </extensions>
      </trkpt>
      <trkpt lat="29.63688704185187816619873046875" lon="91.0325986705720424652099609375">
        <ele>3632.39990234375</ele>
        <time>2026-10-06T22:50:11.000Z</time>
        <extensions>
          <ns3:TrackPointExtension>
            <ns3:hr>143</ns3:hr>
            <ns3:cad>93</ns3:cad>
          </ns3:TrackPointExtension>
        </extensions>
      </trkpt>
      <trkpt lat="29.636858962476253509521484375" lon="91.03260411880910396575927734375">
        <ele>3632.39990234375</ele>
        <time>2026-10-06T22:50:12.000Z</time>
        <extensions>
          <ns3:TrackPointExtension>
            <ns3:hr>143</ns3:hr>
            <ns3:cad>93</ns3:cad>
          </ns3:TrackPointExtension>
        </extensions>
      </trkpt>
      <trkpt lat="29.63683406822383403778076171875" lon="91.032607220113277435302734375">
        <ele>3632.39990234375</ele>
        <time>2026-10-06T22:50:13.000Z</time>
        <extensions>
          <ns3:TrackPointExtension>
            <ns3:hr>143</ns3:hr>
            <ns3:cad>93</ns3:cad>
          </ns3:TrackPointExtension>
        </extensions>
      </trkpt>
      <trkpt lat="29.63680389337241649627685546875" lon="91.03261090815067291259765625">
        <ele>3632.39990234375</ele>
        <time>2026-10-06T22:50:14.000Z</time>
        <extensions>
          <ns3:TrackPointExtension>
            <ns3:hr>144</ns3:hr>
            <ns3:cad>93</ns3:cad>
          </ns3:TrackPointExtension>
        </extensions>
      </trkpt>
      <trkpt lat="29.63678210042417049407958984375" lon="91.0326117463409900665283203125">
        <ele>3632.39990234375</ele>
        <time>2026-10-06T22:50:15.000Z</time>
        <extensions>
          <ns3:TrackPointExtension>
            <ns3:hr>143</ns3:hr>
            <ns3:cad>93</ns3:cad>
          </ns3:TrackPointExtension>
        </extensions>
      </trkpt>
      <trkpt lat="29.63675058446824550628662109375" lon="91.03261669166386127471923828125">
        <ele>3632.39990234375</ele>
        <time>2026-10-06T22:50:16.000Z</time>
        <extensions>
          <ns3:TrackPointExtension>
            <ns3:hr>143</ns3:hr>
            <ns3:cad>93</ns3:cad>
          </ns3:TrackPointExtension>
        </extensions>
      </trkpt>
      <trkpt lat="29.63673055171966552734375" lon="91.0326281748712062835693359375">
        <ele>3632.39990234375</ele>
        <time>2026-10-06T22:50:17.000Z</time>
        <extensions>
          <ns3:TrackPointExtension>
            <ns3:hr>143</ns3:hr>
            <ns3:cad>93</ns3:cad>
          </ns3:TrackPointExtension>
        </extensions>
      </trkpt>
      <trkpt lat="29.6367022208869457244873046875" lon="91.032635383307933807373046875">
        <ele>3632.39990234375</ele>
        <time>2026-10-06T22:50:18.000Z</time>
        <extensions>
          <ns3:TrackPointExtension>
            <ns3:hr>143</ns3:hr>
            <ns3:cad>93</ns3:cad>
          </ns3:TrackPointExtension>
        </extensions>
      </trkpt>
      <trkpt lat="29.63668101467192173004150390625" lon="91.03264451958239078521728515625">
        <ele>3632.39990234375</ele>
        <time>2026-10-06T22:50:19.000Z</time>
        <extensions>
          <ns3:TrackPointExtension>
            <ns3:hr>143</ns3:hr>
            <ns3:cad>92</ns3:cad>
          </ns3:TrackPointExtension>
        </extensions>
      </trkpt>
      <trkpt lat="29.636653773486614227294921875" lon="91.03264636360108852386474609375">
        <ele>3632.39990234375</ele>
        <time>2026-10-06T22:50:20.000Z</time>
        <extensions>
          <ns3:TrackPointExtension>
            <ns3:hr>144</ns3:hr>
            <ns3:cad>92</ns3:cad>
          </ns3:TrackPointExtension>
        </extensions>
      </trkpt>
      <trkpt lat="29.636630304157733917236328125" lon="91.0326529853045940399169921875">
        <ele>3632.39990234375</ele>
        <time>2026-10-06T22:50:21.000Z</time>
        <extensions>
          <ns3:TrackPointExtension>
            <ns3:hr>144</ns3:hr>
            <ns3:cad>92</ns3:cad>
          </ns3:TrackPointExtension>
        </extensions>
      </trkpt>
      <trkpt lat="29.636604487895965576171875" lon="91.0326571762561798095703125">
        <ele>3632.39990234375</ele>
        <time>2026-10-06T22:50:22.000Z</time>
        <extensions>
          <ns3:TrackPointExtension>
            <ns3:hr>144</ns3:hr>
            <ns3:cad>94</ns3:cad>
          </ns3:TrackPointExtension>
        </extensions>
      </trkpt>
      <trkpt lat="29.63657699525356292724609375" lon="91.03266161866486072540283203125">
        <ele>3632.39990234375</ele>
        <time>2026-10-06T22:50:23.000Z</time>
        <extensions>
          <ns3:TrackPointExtension>
            <ns3:hr>144</ns3:hr>
            <ns3:cad>94</ns3:cad>
          </ns3:TrackPointExtension>
        </extensions>
      </trkpt>
      <trkpt lat="29.63655327446758747100830078125" lon="91.03266212157905101776123046875">
        <ele>3632.39990234375</ele>
        <time>2026-10-06T22:50:24.000Z</time>
        <extensions>
          <ns3:TrackPointExtension>
            <ns3:hr>143</ns3:hr>
            <ns3:cad>94</ns3:cad>
          </ns3:TrackPointExtension>
        </extensions>
      </trkpt>
      <trkpt lat="29.6365228481590747833251953125" lon="91.03266782127320766448974609375">
        <ele>3632.60009765625</ele>
        <time>2026-10-06T22:50:25.000Z</time>
        <extensions>
          <ns3:TrackPointExtension>
            <ns3:hr>144</ns3:hr>
            <ns3:cad>94</ns3:cad>
          </ns3:TrackPointExtension>
        </extensions>
      </trkpt>
      <trkpt lat="29.63650130666792392730712890625" lon="91.03267662227153778076171875">
        <ele>3632.60009765625</ele>
        <time>2026-10-06T22:50:26.000Z</time>
        <extensions>
          <ns3:TrackPointExtension>
            <ns3:hr>144</ns3:hr>
            <ns3:cad>94</ns3:cad>
          </ns3:TrackPointExtension>
        </extensions>
      </trkpt>
      <trkpt lat="29.6364715509116649627685546875" lon="91.03268357925117015838623046875">
        <ele>3632.39990234375</ele>
        <time>2026-10-06T22:50:27.000Z</time>
        <extensions>
          <ns3:TrackPointExtension>
            <ns3:hr>144</ns3:hr>
            <ns3:cad>91</ns3:cad>
          </ns3:TrackPointExtension>
        </extensions>
      </trkpt>
      <trkpt lat="29.636449925601482391357421875" lon="91.03269145824015140533447265625">
        <ele>3632.60009765625</ele>
        <time>2026-10-06T22:50:28.000Z</time>
        <extensions>
          <ns3:TrackPointExtension>
            <ns3:hr>144</ns3:hr>
            <ns3:cad>91</ns3:cad>
          </ns3:TrackPointExtension>
        </extensions>
      </trkpt>
      <trkpt lat="29.63642251677811145782470703125" lon="91.0326975770294666290283203125">
        <ele>3632.60009765625</ele>
        <time>2026-10-06T22:50:29.000Z</time>
        <extensions>
          <ns3:TrackPointExtension>
            <ns3:hr>143</ns3:hr>
            <ns3:cad>91</ns3:cad>
          </ns3:TrackPointExtension>
        </extensions>
      </trkpt>
      <trkpt lat="29.63640273548662662506103515625" lon="91.032702438533306121826171875">
        <ele>3632.60009765625</ele>
        <time>2026-10-06T22:50:30.000Z</time>
        <extensions>
          <ns3:TrackPointExtension>
            <ns3:hr>143</ns3:hr>
            <ns3:cad>94</ns3:cad>
          </ns3:TrackPointExtension>
        </extensions>
      </trkpt>
      <trkpt lat="29.6363729797303676605224609375" lon="91.03270939551293849945068359375">
        <ele>3632.39990234375</ele>
        <time>2026-10-06T22:50:31.000Z</time>
        <extensions>
          <ns3:TrackPointExtension>
            <ns3:hr>143</ns3:hr>
            <ns3:cad>94</ns3:cad>
          </ns3:TrackPointExtension>
        </extensions>
      </trkpt>
      <trkpt lat="29.636347331106662750244140625" lon="91.03272045962512493133544921875">
        <ele>3632.39990234375</ele>
        <time>2026-10-06T22:50:32.000Z</time>
        <extensions>
          <ns3:TrackPointExtension>
            <ns3:hr>144</ns3:hr>
            <ns3:cad>92</ns3:cad>
          </ns3:TrackPointExtension>
        </extensions>
      </trkpt>
      <trkpt lat="29.6363215148448944091796875" lon="91.03272163309156894683837890625">
        <ele>3632.39990234375</ele>
        <time>2026-10-06T22:50:33.000Z</time>
        <extensions>
          <ns3:TrackPointExtension>
            <ns3:hr>144</ns3:hr>
            <ns3:cad>91</ns3:cad>
          </ns3:TrackPointExtension>
        </extensions>
      </trkpt>
      <trkpt lat="29.63629444129765033721923828125" lon="91.0327274166047573089599609375">
        <ele>3632.39990234375</ele>
        <time>2026-10-06T22:50:34.000Z</time>
        <extensions>
          <ns3:TrackPointExtension>
            <ns3:hr>144</ns3:hr>
            <ns3:cad>91</ns3:cad>
          </ns3:TrackPointExtension>
        </extensions>
      </trkpt>
      <trkpt lat="29.6362707205116748809814453125" lon="91.03273236192762851715087890625">
        <ele>3632.39990234375</ele>
        <time>2026-10-06T22:50:35.000Z</time>
        <extensions>
          <ns3:TrackPointExtension>
            <ns3:hr>143</ns3:hr>
            <ns3:cad>93</ns3:cad>
          </ns3:TrackPointExtension>
        </extensions>
      </trkpt>
      <trkpt lat="29.63624331168830394744873046875" lon="91.03274057619273662567138671875">
        <ele>3632.39990234375</ele>
        <time>2026-10-06T22:50:36.000Z</time>
        <extensions>
          <ns3:TrackPointExtension>
            <ns3:hr>144</ns3:hr>
            <ns3:cad>93</ns3:cad>
          </ns3:TrackPointExtension>
        </extensions>
      </trkpt>
      <trkpt lat="29.63622336275875568389892578125" lon="91.03274778462946414947509765625">
        <ele>3632.39990234375</ele>
        <time>2026-10-06T22:50:37.000Z</time>
        <extensions>
          <ns3:TrackPointExtension>
            <ns3:hr>144</ns3:hr>
            <ns3:cad>93</ns3:cad>
          </ns3:TrackPointExtension>
        </extensions>
      </trkpt>
      <trkpt lat="29.6361922658979892730712890625" lon="91.0327492095530033111572265625">
        <ele>3632.60009765625</ele>
        <time>2026-10-06T22:50:38.000Z</time>
        <extensions>
          <ns3:TrackPointExtension>
            <ns3:hr>144</ns3:hr>
            <ns3:cad>94</ns3:cad>
          </ns3:TrackPointExtension>
        </extensions>
      </trkpt>
      <trkpt lat="29.63616854511201381683349609375" lon="91.0327545739710330963134765625">
        <ele>3632.60009765625</ele>
        <time>2026-10-06T22:50:39.000Z</time>
        <extensions>
          <ns3:TrackPointExtension>
            <ns3:hr>144</ns3:hr>
            <ns3:cad>94</ns3:cad>
          </ns3:TrackPointExtension>
        </extensions>
      </trkpt>
      <trkpt lat="29.636140801012516021728515625" lon="91.03275574743747711181640625">
        <ele>3632.60009765625</ele>
        <time>2026-10-06T22:50:40.000Z</time>
        <extensions>
          <ns3:TrackPointExtension>
            <ns3:hr>144</ns3:hr>
            <ns3:cad>94</ns3:cad>
          </ns3:TrackPointExtension>
        </extensions>
      </trkpt>
      <trkpt lat="29.63611305691301822662353515625" lon="91.032760441303253173828125">
        <ele>3632.800048828125</ele>
        <time>2026-10-06T22:50:41.000Z</time>
        <extensions>
          <ns3:TrackPointExtension>
            <ns3:hr>144</ns3:hr>
            <ns3:cad>94</ns3:cad>
          </ns3:TrackPointExtension>
        </extensions>
      </trkpt>
      <trkpt lat="29.63609159924089908599853515625" lon="91.03277058340609073638916015625">
        <ele>3632.800048828125</ele>
        <time>2026-10-06T22:50:42.000Z</time>
        <extensions>
          <ns3:TrackPointExtension>
            <ns3:hr>144</ns3:hr>
            <ns3:cad>94</ns3:cad>
          </ns3:TrackPointExtension>
        </extensions>
      </trkpt>
      <trkpt lat="29.6360601671040058135986328125" lon="91.03277745656669139862060546875">
        <ele>3632.60009765625</ele>
        <time>2026-10-06T22:50:43.000Z</time>
        <extensions>
          <ns3:TrackPointExtension>
            <ns3:hr>144</ns3:hr>
            <ns3:cad>94</ns3:cad>
          </ns3:TrackPointExtension>
        </extensions>
      </trkpt>
      <trkpt lat="29.63603879325091838836669921875" lon="91.032778881490230560302734375">
        <ele>3632.60009765625</ele>
        <time>2026-10-06T22:50:44.000Z</time>
        <extensions>
          <ns3:TrackPointExtension>
            <ns3:hr>144</ns3:hr>
            <ns3:cad>94</ns3:cad>
          </ns3:TrackPointExtension>
        </extensions>
      </trkpt>
      <trkpt lat="29.63600794784724712371826171875" lon="91.03278365917503833770751953125">
        <ele>3632.60009765625</ele>
        <time>2026-10-06T22:50:45.000Z</time>
        <extensions>
          <ns3:TrackPointExtension>
            <ns3:hr>144</ns3:hr>
            <ns3:cad>94</ns3:cad>
          </ns3:TrackPointExtension>
        </extensions>
      </trkpt>
      <trkpt lat="29.63598699308931827545166015625" lon="91.03279103524982929229736328125">
        <ele>3632.60009765625</ele>
        <time>2026-10-06T22:50:46.000Z</time>
        <extensions>
          <ns3:TrackPointExtension>
            <ns3:hr>145</ns3:hr>
            <ns3:cad>95</ns3:cad>
          </ns3:TrackPointExtension>
        </extensions>
      </trkpt>
      <trkpt lat="29.63595765642821788787841796875" lon="91.0327921248972415924072265625">
        <ele>3632.60009765625</ele>
        <time>2026-10-06T22:50:47.000Z</time>
        <extensions>
          <ns3:TrackPointExtension>
            <ns3:hr>145</ns3:hr>
            <ns3:cad>95</ns3:cad>
          </ns3:TrackPointExtension>
        </extensions>
      </trkpt>
      <trkpt lat="29.63593603111803531646728515625" lon="91.03279489092528820037841796875">
        <ele>3632.60009765625</ele>
        <time>2026-10-06T22:50:48.000Z</time>
        <extensions>
          <ns3:TrackPointExtension>
            <ns3:hr>145</ns3:hr>
            <ns3:cad>95</ns3:cad>
          </ns3:TrackPointExtension>
        </extensions>
      </trkpt>
      <trkpt lat="29.6359106339514255523681640625" lon="91.0327924601733684539794921875">
        <ele>3632.60009765625</ele>
        <time>2026-10-06T22:50:49.000Z</time>
        <extensions>
          <ns3:TrackPointExtension>
            <ns3:hr>145</ns3:hr>
            <ns3:cad>92</ns3:cad>
          </ns3:TrackPointExtension>
        </extensions>
      </trkpt>
      <trkpt lat="29.6358834765851497650146484375" lon="91.032796315848827362060546875">
        <ele>3632.60009765625</ele>
        <time>2026-10-06T22:50:50.000Z</time>
        <extensions>
          <ns3:TrackPointExtension>
            <ns3:hr>145</ns3:hr>
            <ns3:cad>92</ns3:cad>
          </ns3:TrackPointExtension>
        </extensions>
      </trkpt>
      <trkpt lat="29.63585858233273029327392578125" lon="91.032796315848827362060546875">
        <ele>3632.60009765625</ele>
        <time>2026-10-06T22:50:51.000Z</time>
        <extensions>
          <ns3:TrackPointExtension>
            <ns3:hr>145</ns3:hr>
            <ns3:cad>92</ns3:cad>
          </ns3:TrackPointExtension>
        </extensions>
      </trkpt>
      <trkpt lat="29.6358261443674564361572265625" lon="91.032805703580379486083984375">
        <ele>3632.800048828125</ele>
        <time>2026-10-06T22:50:52.000Z</time>
        <extensions>
          <ns3:TrackPointExtension>
            <ns3:hr>145</ns3:hr>
            <ns3:cad>94</ns3:cad>
          </ns3:TrackPointExtension>
        </extensions>
      </trkpt>
      <trkpt lat="29.63580317795276641845703125" lon="91.0328135825693607330322265625">
        <ele>3632.800048828125</ele>
        <time>2026-10-06T22:50:53.000Z</time>
        <extensions>
          <ns3:TrackPointExtension>
            <ns3:hr>145</ns3:hr>
            <ns3:cad>94</ns3:cad>
          </ns3:TrackPointExtension>
        </extensions>
      </trkpt>
      <trkpt lat="29.635774008929729461669921875" lon="91.03281877934932708740234375">
        <ele>3632.800048828125</ele>
        <time>2026-10-06T22:50:54.000Z</time>
        <extensions>
          <ns3:TrackPointExtension>
            <ns3:hr>146</ns3:hr>
            <ns3:cad>94</ns3:cad>
          </ns3:TrackPointExtension>
        </extensions>
      </trkpt>
      <trkpt lat="29.6357530541718006134033203125" lon="91.03283009491860866546630859375">
        <ele>3632.800048828125</ele>
        <time>2026-10-06T22:50:55.000Z</time>
        <extensions>
          <ns3:TrackPointExtension>
            <ns3:hr>145</ns3:hr>
            <ns3:cad>93</ns3:cad>
          </ns3:TrackPointExtension>
        </extensions>
      </trkpt>
      <trkpt lat="29.6357228793203830718994140625" lon="91.03283629752695560455322265625">
        <ele>3632.800048828125</ele>
        <time>2026-10-06T22:50:56.000Z</time>
        <extensions>
          <ns3:TrackPointExtension>
            <ns3:hr>145</ns3:hr>
            <ns3:cad>93</ns3:cad>
          </ns3:TrackPointExtension>
        </extensions>
      </trkpt>
      <trkpt lat="29.63569714687764644622802734375" lon="91.03284250013530254364013671875">
        <ele>3632.800048828125</ele>
        <time>2026-10-06T22:50:57.000Z</time>
        <extensions>
          <ns3:TrackPointExtension>
            <ns3:hr>146</ns3:hr>
            <ns3:cad>93</ns3:cad>
          </ns3:TrackPointExtension>
        </extensions>
      </trkpt>
      <trkpt lat="29.63567250408232212066650390625" lon="91.03284400887787342071533203125">
        <ele>3632.800048828125</ele>
        <time>2026-10-06T22:50:58.000Z</time>
        <extensions>
          <ns3:TrackPointExtension>
            <ns3:hr>145</ns3:hr>
            <ns3:cad>93</ns3:cad>
          </ns3:TrackPointExtension>
        </extensions>
      </trkpt>
      <trkpt lat="29.635642580687999725341796875" lon="91.03284786455333232879638671875">
        <ele>3632.800048828125</ele>
        <time>2026-10-06T22:50:59.000Z</time>
        <extensions>
          <ns3:TrackPointExtension>
            <ns3:hr>145</ns3:hr>
            <ns3:cad>93</ns3:cad>
          </ns3:TrackPointExtension>
        </extensions>
      </trkpt>
      <trkpt lat="29.63561676442623138427734375" lon="91.03284937329590320587158203125">
        <ele>3632.800048828125</ele>
        <time>2026-10-06T22:51:00.000Z</time>
        <extensions>
          <ns3:TrackPointExtension>
            <ns3:hr>146</ns3:hr>
            <ns3:cad>93</ns3:cad>
          </ns3:TrackPointExtension>
        </extensions>
      </trkpt>
      <trkpt lat="29.635584242641925811767578125" lon="91.03285792283713817596435546875">
        <ele>3632.800048828125</ele>
        <time>2026-10-06T22:51:01.000Z</time>
        <extensions>
          <ns3:TrackPointExtension>
            <ns3:hr>145</ns3:hr>
            <ns3:cad>93</ns3:cad>
          </ns3:TrackPointExtension>
        </extensions>
      </trkpt>
      <trkpt lat="29.63556085713207721710205078125" lon="91.03286228142678737640380859375">
        <ele>3632.800048828125</ele>
        <time>2026-10-06T22:51:02.000Z</time>
        <extensions>
          <ns3:TrackPointExtension>
            <ns3:hr>145</ns3:hr>
            <ns3:cad>93</ns3:cad>
          </ns3:TrackPointExtension>
        </extensions>
      </trkpt>
      <trkpt lat="29.63553202338516712188720703125" lon="91.03286714293062686920166015625">
        <ele>3632.800048828125</ele>
        <time>2026-10-06T22:51:03.000Z</time>
        <extensions>
          <ns3:TrackPointExtension>
            <ns3:hr>146</ns3:hr>
            <ns3:cad>93</ns3:cad>
          </ns3:TrackPointExtension>
        </extensions>
      </trkpt>
      <trkpt lat="29.63551123626530170440673828125" lon="91.032872758805751800537109375">
        <ele>3632.800048828125</ele>
        <time>2026-10-06T22:51:04.000Z</time>
        <extensions>
          <ns3:TrackPointExtension>
            <ns3:hr>146</ns3:hr>
            <ns3:cad>96</ns3:cad>
          </ns3:TrackPointExtension>
        </extensions>
      </trkpt>
      <trkpt lat="29.63548039086163043975830078125" lon="91.03287368081510066986083984375">
        <ele>3632.800048828125</ele>
        <time>2026-10-06T22:51:05.000Z</time>
        <extensions>
          <ns3:TrackPointExtension>
            <ns3:hr>146</ns3:hr>
            <ns3:cad>96</ns3:cad>
          </ns3:TrackPointExtension>
        </extensions>
      </trkpt>
      <trkpt lat="29.63545457459986209869384765625" lon="91.0328826494514942169189453125">
        <ele>3632.800048828125</ele>
        <time>2026-10-06T22:51:06.000Z</time>
        <extensions>
          <ns3:TrackPointExtension>
            <ns3:hr>146</ns3:hr>
            <ns3:cad>92</ns3:cad>
          </ns3:TrackPointExtension>
        </extensions>
      </trkpt>
      <trkpt lat="29.635430015623569488525390625" lon="91.03288541547954082489013671875">
        <ele>3632.800048828125</ele>
        <time>2026-10-06T22:51:07.000Z</time>
        <extensions>
          <ns3:TrackPointExtension>
            <ns3:hr>145</ns3:hr>
            <ns3:cad>92</ns3:cad>
          </ns3:TrackPointExtension>
        </extensions>
      </trkpt>
      <trkpt lat="29.6354006789624691009521484375" lon="91.03289396502077579498291015625">
        <ele>3632.800048828125</ele>
        <time>2026-10-06T22:51:08.000Z</time>
        <extensions>
          <ns3:TrackPointExtension>
            <ns3:hr>146</ns3:hr>
            <ns3:cad>92</ns3:cad>
          </ns3:TrackPointExtension>
        </extensions>
      </trkpt>
      <trkpt lat="29.6353773772716522216796875" lon="91.03290284983813762664794921875">
        <ele>3632.800048828125</ele>
        <time>2026-10-06T22:51:09.000Z</time>
        <extensions>
          <ns3:TrackPointExtension>
            <ns3:hr>145</ns3:hr>
            <ns3:cad>92</ns3:cad>
          </ns3:TrackPointExtension>
        </extensions>
      </trkpt>
      <trkpt lat="29.63534762151539325714111328125" lon="91.03291106410324573516845703125">
        <ele>3632.800048828125</ele>
        <time>2026-10-06T22:51:10.000Z</time>
        <extensions>
          <ns3:TrackPointExtension>
            <ns3:hr>145</ns3:hr>
            <ns3:cad>92</ns3:cad>
          </ns3:TrackPointExtension>
        </extensions>
      </trkpt>
      <trkpt lat="29.6353275887668132781982421875" lon="91.03292078711092472076416015625">
        <ele>3632.800048828125</ele>
        <time>2026-10-06T22:51:11.000Z</time>
        <extensions>
          <ns3:TrackPointExtension>
            <ns3:hr>145</ns3:hr>
            <ns3:cad>92</ns3:cad>
          </ns3:TrackPointExtension>
        </extensions>
      </trkpt>
      <trkpt lat="29.63529749773442745208740234375" lon="91.03292413987219333648681640625">
        <ele>3632.800048828125</ele>
        <time>2026-10-06T22:51:12.000Z</time>
        <extensions>
          <ns3:TrackPointExtension>
            <ns3:hr>145</ns3:hr>
            <ns3:cad>92</ns3:cad>
          </ns3:TrackPointExtension>
        </extensions>
      </trkpt>
      <trkpt lat="29.63527419604361057281494140625" lon="91.03292816318571567535400390625">
        <ele>3632.800048828125</ele>
        <time>2026-10-06T22:51:13.000Z</time>
        <extensions>
          <ns3:TrackPointExtension>
            <ns3:hr>145</ns3:hr>
            <ns3:cad>92</ns3:cad>
          </ns3:TrackPointExtension>
        </extensions>
      </trkpt>
      <trkpt lat="29.63524837978184223175048828125" lon="91.03292531333863735198974609375">
        <ele>3632.60009765625</ele>
        <time>2026-10-06T22:51:14.000Z</time>
        <extensions>
          <ns3:TrackPointExtension>
            <ns3:hr>145</ns3:hr>
            <ns3:cad>93</ns3:cad>
          </ns3:TrackPointExtension>
        </extensions>
      </trkpt>
      <trkpt lat="29.6352218091487884521484375" lon="91.03292782790958881378173828125">
        <ele>3632.60009765625</ele>
        <time>2026-10-06T22:51:15.000Z</time>
        <extensions>
          <ns3:TrackPointExtension>
            <ns3:hr>145</ns3:hr>
            <ns3:cad>94</ns3:cad>
          </ns3:TrackPointExtension>
        </extensions>
      </trkpt>
      <trkpt lat="29.6351976692676544189453125" lon="91.03293520398437976837158203125">
        <ele>3632.60009765625</ele>
        <time>2026-10-06T22:51:16.000Z</time>
        <extensions>
          <ns3:TrackPointExtension>
            <ns3:hr>146</ns3:hr>
            <ns3:cad>94</ns3:cad>
          </ns3:TrackPointExtension>
        </extensions>
      </trkpt>
      <trkpt lat="29.635166488587856292724609375" lon="91.03293872438371181488037109375">
        <ele>3632.60009765625</ele>
        <time>2026-10-06T22:51:17.000Z</time>
        <extensions>
          <ns3:TrackPointExtension>
            <ns3:hr>146</ns3:hr>
            <ns3:cad>94</ns3:cad>
          </ns3:TrackPointExtension>
        </extensions>
      </trkpt>
      <trkpt lat="29.63514612056314945220947265625" lon="91.032943166792392730712890625">
        <ele>3632.60009765625</ele>
        <time>2026-10-06T22:51:18.000Z</time>
        <extensions>
          <ns3:TrackPointExtension>
            <ns3:hr>146</ns3:hr>
            <ns3:cad>94</ns3:cad>
          </ns3:TrackPointExtension>
        </extensions>
      </trkpt>
      <trkpt lat="29.6351180411875247955322265625" lon="91.03294752538204193115234375">
        <ele>3632.60009765625</ele>
        <time>2026-10-06T22:51:19.000Z</time>
        <extensions>
          <ns3:TrackPointExtension>
            <ns3:hr>147</ns3:hr>
            <ns3:cad>94</ns3:cad>
          </ns3:TrackPointExtension>
        </extensions>
      </trkpt>
      <trkpt lat="29.6350955776870250701904296875" lon="91.0329550690948963165283203125">
        <ele>3632.800048828125</ele>
        <time>2026-10-06T22:51:20.000Z</time>
        <extensions>
          <ns3:TrackPointExtension>
            <ns3:hr>147</ns3:hr>
            <ns3:cad>94</ns3:cad>
          </ns3:TrackPointExtension>
        </extensions>
      </trkpt>
      <trkpt lat="29.635069258511066436767578125" lon="91.03295917622745037078857421875">
        <ele>3632.800048828125</ele>
        <time>2026-10-06T22:51:21.000Z</time>
        <extensions>
          <ns3:TrackPointExtension>
            <ns3:hr>147</ns3:hr>
            <ns3:cad>94</ns3:cad>
          </ns3:TrackPointExtension>
        </extensions>
      </trkpt>
      <trkpt lat="29.63504117913544178009033203125" lon="91.0329661332070827484130859375">
        <ele>3633</ele>
        <time>2026-10-06T22:51:22.000Z</time>
        <extensions>
          <ns3:TrackPointExtension>
            <ns3:hr>146</ns3:hr>
            <ns3:cad>94</ns3:cad>
          </ns3:TrackPointExtension>
        </extensions>
      </trkpt>
      <trkpt lat="29.6350154466927051544189453125" lon="91.0329691506922245025634765625">
        <ele>3633</ele>
        <time>2026-10-06T22:51:23.000Z</time>
        <extensions>
          <ns3:TrackPointExtension>
            <ns3:hr>147</ns3:hr>
            <ns3:cad>94</ns3:cad>
          </ns3:TrackPointExtension>
        </extensions>
      </trkpt>
      <trkpt lat="29.63498485274612903594970703125" lon="91.03297107852995395660400390625">
        <ele>3633</ele>
        <time>2026-10-06T22:51:24.000Z</time>
        <extensions>
          <ns3:TrackPointExtension>
            <ns3:hr>147</ns3:hr>
            <ns3:cad>94</ns3:cad>
          </ns3:TrackPointExtension>
        </extensions>
      </trkpt>
      <trkpt lat="29.63496088050305843353271484375" lon="91.03297694586217403411865234375">
        <ele>3632.800048828125</ele>
        <time>2026-10-06T22:51:25.000Z</time>
        <extensions>
          <ns3:TrackPointExtension>
            <ns3:hr>147</ns3:hr>
            <ns3:cad>94</ns3:cad>
          </ns3:TrackPointExtension>
        </extensions>
      </trkpt>
      <trkpt lat="29.6349316276609897613525390625" lon="91.0329832322895526885986328125">
        <ele>3632.800048828125</ele>
        <time>2026-10-06T22:51:26.000Z</time>
        <extensions>
          <ns3:TrackPointExtension>
            <ns3:hr>147</ns3:hr>
            <ns3:cad>93</ns3:cad>
          </ns3:TrackPointExtension>
        </extensions>
      </trkpt>
      <trkpt lat="29.63490975089371204376220703125" lon="91.0329924523830413818359375">
        <ele>3632.800048828125</ele>
        <time>2026-10-06T22:51:27.000Z</time>
        <extensions>
          <ns3:TrackPointExtension>
            <ns3:hr>147</ns3:hr>
            <ns3:cad>93</ns3:cad>
          </ns3:TrackPointExtension>
        </extensions>
      </trkpt>
      <trkpt lat="29.6348810009658336639404296875" lon="91.0329959727823734283447265625">
        <ele>3632.800048828125</ele>
        <time>2026-10-06T22:51:28.000Z</time>
        <extensions>
          <ns3:TrackPointExtension>
            <ns3:hr>147</ns3:hr>
            <ns3:cad>93</ns3:cad>
          </ns3:TrackPointExtension>
        </extensions>
      </trkpt>
      <trkpt lat="29.6348578669130802154541015625" lon="91.03300443850457668304443359375">
        <ele>3632.800048828125</ele>
        <time>2026-10-06T22:51:29.000Z</time>
        <extensions>
          <ns3:TrackPointExtension>
            <ns3:hr>147</ns3:hr>
            <ns3:cad>93</ns3:cad>
          </ns3:TrackPointExtension>
        </extensions>
      </trkpt>
      <trkpt lat="29.63483464904129505157470703125" lon="91.0330067016184329986572265625">
        <ele>3633</ele>
        <time>2026-10-06T22:51:30.000Z</time>
        <extensions>
          <ns3:TrackPointExtension>
            <ns3:hr>146</ns3:hr>
            <ns3:cad>93</ns3:cad>
          </ns3:TrackPointExtension>
        </extensions>
      </trkpt>
      <trkpt lat="29.63481009006500244140625" lon="91.03301323950290679931640625">
        <ele>3633</ele>
        <time>2026-10-06T22:51:31.000Z</time>
        <extensions>
          <ns3:TrackPointExtension>
            <ns3:hr>147</ns3:hr>
            <ns3:cad>93</ns3:cad>
          </ns3:TrackPointExtension>
        </extensions>
      </trkpt>
      <trkpt lat="29.63478787802159786224365234375" lon="91.03301860392093658447265625">
        <ele>3633</ele>
        <time>2026-10-06T22:51:32.000Z</time>
        <extensions>
          <ns3:TrackPointExtension>
            <ns3:hr>147</ns3:hr>
            <ns3:cad>93</ns3:cad>
          </ns3:TrackPointExtension>
        </extensions>
      </trkpt>
      <trkpt lat="29.63476021774113178253173828125" lon="91.03302237577736377716064453125">
        <ele>3633</ele>
        <time>2026-10-06T22:51:33.000Z</time>
        <extensions>
          <ns3:TrackPointExtension>
            <ns3:hr>147</ns3:hr>
            <ns3:cad>94</ns3:cad>
          </ns3:TrackPointExtension>
        </extensions>
      </trkpt>
      <trkpt lat="29.6347416937351226806640625" lon="91.03302874602377414703369140625">
        <ele>3633</ele>
        <time>2026-10-06T22:51:34.000Z</time>
        <extensions>
          <ns3:TrackPointExtension>
            <ns3:hr>147</ns3:hr>
            <ns3:cad>94</ns3:cad>
          </ns3:TrackPointExtension>
        </extensions>
      </trkpt>
      <trkpt lat="29.6347106806933879852294921875" lon="91.03303209878504276275634765625">
        <ele>3633</ele>
        <time>2026-10-06T22:51:35.000Z</time>
        <extensions>
          <ns3:TrackPointExtension>
            <ns3:hr>147</ns3:hr>
            <ns3:cad>94</ns3:cad>
          </ns3:TrackPointExtension>
        </extensions>
      </trkpt>
      <trkpt lat="29.63468737900257110595703125" lon="91.0330432467162609100341796875">
        <ele>3633</ele>
        <time>2026-10-06T22:51:36.000Z</time>
        <extensions>
          <ns3:TrackPointExtension>
            <ns3:hr>148</ns3:hr>
            <ns3:cad>94</ns3:cad>
          </ns3:TrackPointExtension>
        </extensions>
      </trkpt>
      <trkpt lat="29.63465695269405841827392578125" lon="91.033049114048480987548828125">
        <ele>3633</ele>
        <time>2026-10-06T22:51:37.000Z</time>
        <extensions>
          <ns3:TrackPointExtension>
            <ns3:hr>148</ns3:hr>
            <ns3:cad>94</ns3:cad>
          </ns3:TrackPointExtension>
        </extensions>
      </trkpt>
      <trkpt lat="29.63462644256651401519775390625" lon="91.03305523283779621124267578125">
        <ele>3633.199951171875</ele>
        <time>2026-10-06T22:51:38.000Z</time>
        <extensions>
          <ns3:TrackPointExtension>
            <ns3:hr>148</ns3:hr>
            <ns3:cad>94</ns3:cad>
          </ns3:TrackPointExtension>
        </extensions>
      </trkpt>
      <trkpt lat="29.63460062630474567413330078125" lon="91.0330583341419696807861328125">
        <ele>3633.199951171875</ele>
        <time>2026-10-06T22:51:39.000Z</time>
        <extensions>
          <ns3:TrackPointExtension>
            <ns3:hr>148</ns3:hr>
            <ns3:cad>94</ns3:cad>
          </ns3:TrackPointExtension>
        </extensions>
      </trkpt>
      <trkpt lat="29.6345695294439792633056640625" lon="91.03306445293128490447998046875">
        <ele>3633.199951171875</ele>
        <time>2026-10-06T22:51:40.000Z</time>
        <extensions>
          <ns3:TrackPointExtension>
            <ns3:hr>148</ns3:hr>
            <ns3:cad>94</ns3:cad>
          </ns3:TrackPointExtension>
        </extensions>
      </trkpt>
      <trkpt lat="29.6345485746860504150390625" lon="91.03307249955832958221435546875">
        <ele>3633.199951171875</ele>
        <time>2026-10-06T22:51:41.000Z</time>
        <extensions>
          <ns3:TrackPointExtension>
            <ns3:hr>148</ns3:hr>
            <ns3:cad>94</ns3:cad>
          </ns3:TrackPointExtension>
        </extensions>
      </trkpt>
      <trkpt lat="29.6345192380249500274658203125" lon="91.0330784507095813751220703125">
        <ele>3633.39990234375</ele>
        <time>2026-10-06T22:51:42.000Z</time>
        <extensions>
          <ns3:TrackPointExtension>
            <ns3:hr>148</ns3:hr>
            <ns3:cad>94</ns3:cad>
          </ns3:TrackPointExtension>
        </extensions>
      </trkpt>
      <trkpt lat="29.6344984509050846099853515625" lon="91.03308498859405517578125">
        <ele>3633.39990234375</ele>
        <time>2026-10-06T22:51:43.000Z</time>
        <extensions>
          <ns3:TrackPointExtension>
            <ns3:hr>147</ns3:hr>
            <ns3:cad>94</ns3:cad>
          </ns3:TrackPointExtension>
        </extensions>
      </trkpt>
      <trkpt lat="29.63447188027203083038330078125" lon="91.03308624587953090667724609375">
        <ele>3633.39990234375</ele>
        <time>2026-10-06T22:51:44.000Z</time>
        <extensions>
          <ns3:TrackPointExtension>
            <ns3:hr>148</ns3:hr>
            <ns3:cad>94</ns3:cad>
          </ns3:TrackPointExtension>
        </extensions>
      </trkpt>
      <trkpt lat="29.63444891385734081268310546875" lon="91.0330925323069095611572265625">
        <ele>3633.39990234375</ele>
        <time>2026-10-06T22:51:45.000Z</time>
        <extensions>
          <ns3:TrackPointExtension>
            <ns3:hr>148</ns3:hr>
            <ns3:cad>95</ns3:cad>
          </ns3:TrackPointExtension>
        </extensions>
      </trkpt>
      <trkpt lat="29.63442376814782619476318359375" lon="91.03309513069689273834228515625">
        <ele>3633.39990234375</ele>
        <time>2026-10-06T22:51:46.000Z</time>
        <extensions>
          <ns3:TrackPointExtension>
            <ns3:hr>148</ns3:hr>
            <ns3:cad>95</ns3:cad>
          </ns3:TrackPointExtension>
        </extensions>
      </trkpt>
      <trkpt lat="29.63439661078155040740966796875" lon="91.03310099802911281585693359375">
        <ele>3633.39990234375</ele>
        <time>2026-10-06T22:51:47.000Z</time>
        <extensions>
          <ns3:TrackPointExtension>
            <ns3:hr>149</ns3:hr>
            <ns3:cad>95</ns3:cad>
          </ns3:TrackPointExtension>
        </extensions>
      </trkpt>
      <trkpt lat="29.63437280617654323577880859375" lon="91.0331079550087451934814453125">
        <ele>3633.199951171875</ele>
        <time>2026-10-06T22:51:48.000Z</time>
        <extensions>
          <ns3:TrackPointExtension>
            <ns3:hr>148</ns3:hr>
            <ns3:cad>93</ns3:cad>
          </ns3:TrackPointExtension>
        </extensions>
      </trkpt>
      <trkpt lat="29.6343438886106014251708984375" lon="91.03311290033161640167236328125">
        <ele>3633.199951171875</ele>
        <time>2026-10-06T22:51:49.000Z</time>
        <extensions>
          <ns3:TrackPointExtension>
            <ns3:hr>148</ns3:hr>
            <ns3:cad>93</ns3:cad>
          </ns3:TrackPointExtension>
        </extensions>
      </trkpt>
      <trkpt lat="29.634323604404926300048828125" lon="91.0331217013299465179443359375">
        <ele>3633.199951171875</ele>
        <time>2026-10-06T22:51:50.000Z</time>
        <extensions>
          <ns3:TrackPointExtension>
            <ns3:hr>148</ns3:hr>
            <ns3:cad>93</ns3:cad>
          </ns3:TrackPointExtension>
        </extensions>
      </trkpt>
      <trkpt lat="29.63429267518222332000732421875" lon="91.03312530554831027984619140625">
        <ele>3633.39990234375</ele>
        <time>2026-10-06T22:51:51.000Z</time>
        <extensions>
          <ns3:TrackPointExtension>
            <ns3:hr>148</ns3:hr>
            <ns3:cad>93</ns3:cad>
          </ns3:TrackPointExtension>
        </extensions>
      </trkpt>
      <trkpt lat="29.63426895439624786376953125" lon="91.0331367887556552886962890625">
        <ele>3633.39990234375</ele>
        <time>2026-10-06T22:51:52.000Z</time>
        <extensions>
          <ns3:TrackPointExtension>
            <ns3:hr>147</ns3:hr>
            <ns3:cad>93</ns3:cad>
          </ns3:TrackPointExtension>
        </extensions>
      </trkpt>
      <trkpt lat="29.6342382766306400299072265625" lon="91.03313921950757503509521484375">
        <ele>3633.39990234375</ele>
        <time>2026-10-06T22:51:53.000Z</time>
        <extensions>
          <ns3:TrackPointExtension>
            <ns3:hr>147</ns3:hr>
            <ns3:cad>93</ns3:cad>
          </ns3:TrackPointExtension>
        </extensions>
      </trkpt>
      <trkpt lat="29.6342101134359836578369140625" lon="91.03314341045916080474853515625">
        <ele>3633.39990234375</ele>
        <time>2026-10-06T22:51:54.000Z</time>
        <extensions>
          <ns3:TrackPointExtension>
            <ns3:hr>147</ns3:hr>
            <ns3:cad>93</ns3:cad>
          </ns3:TrackPointExtension>
        </extensions>
      </trkpt>
      <trkpt lat="29.63418521918356418609619140625" lon="91.033141650259494781494140625">
        <ele>3633.39990234375</ele>
        <time>2026-10-06T22:51:55.000Z</time>
        <extensions>
          <ns3:TrackPointExtension>
            <ns3:hr>147</ns3:hr>
            <ns3:cad>93</ns3:cad>
          </ns3:TrackPointExtension>
        </extensions>
      </trkpt>
      <trkpt lat="29.63415672071278095245361328125" lon="91.03314743377268314361572265625">
        <ele>3633.39990234375</ele>
        <time>2026-10-06T22:51:56.000Z</time>
        <extensions>
          <ns3:TrackPointExtension>
            <ns3:hr>147</ns3:hr>
            <ns3:cad>93</ns3:cad>
          </ns3:TrackPointExtension>
        </extensions>
      </trkpt>
      <trkpt lat="29.63413341902196407318115234375" lon="91.03315464220941066741943359375">
        <ele>3633.39990234375</ele>
        <time>2026-10-06T22:51:57.000Z</time>
        <extensions>
          <ns3:TrackPointExtension>
            <ns3:hr>147</ns3:hr>
            <ns3:cad>93</ns3:cad>
          </ns3:TrackPointExtension>
        </extensions>
      </trkpt>
      <trkpt lat="29.6341014839708805084228515625" lon="91.03315983898937702178955078125">
        <ele>3633.39990234375</ele>
        <time>2026-10-06T22:51:58.000Z</time>
        <extensions>
          <ns3:TrackPointExtension>
            <ns3:hr>147</ns3:hr>
            <ns3:cad>94</ns3:cad>
          </ns3:TrackPointExtension>
        </extensions>
      </trkpt>
      <trkpt lat="29.6340790204703807830810546875" lon="91.03316721506416797637939453125">
        <ele>3633.39990234375</ele>
        <time>2026-10-06T22:51:59.000Z</time>
        <extensions>
          <ns3:TrackPointExtension>
            <ns3:hr>147</ns3:hr>
            <ns3:cad>93</ns3:cad>
          </ns3:TrackPointExtension>
        </extensions>
      </trkpt>
      <trkpt lat="29.6340485103428363800048828125" lon="91.0331716574728488922119140625">
        <ele>3633.39990234375</ele>
        <time>2026-10-06T22:52:00.000Z</time>
        <extensions>
          <ns3:TrackPointExtension>
            <ns3:hr>147</ns3:hr>
            <ns3:cad>92</ns3:cad>
          </ns3:TrackPointExtension>
        </extensions>
      </trkpt>
      <trkpt lat="29.63402311317622661590576171875" lon="91.0331776924431324005126953125">
        <ele>3633.39990234375</ele>
        <time>2026-10-06T22:52:01.000Z</time>
        <extensions>
          <ns3:TrackPointExtension>
            <ns3:hr>147</ns3:hr>
            <ns3:cad>92</ns3:cad>
          </ns3:TrackPointExtension>
        </extensions>
      </trkpt>
      <trkpt lat="29.63399830274283885955810546875" lon="91.0331817157566547393798828125">
        <ele>3633.39990234375</ele>
        <time>2026-10-06T22:52:02.000Z</time>
        <extensions>
          <ns3:TrackPointExtension>
            <ns3:hr>146</ns3:hr>
            <ns3:cad>92</ns3:cad>
          </ns3:TrackPointExtension>
        </extensions>
      </trkpt>
      <trkpt lat="29.63396896608173847198486328125" lon="91.0331880860030651092529296875">
        <ele>3633.60009765625</ele>
        <time>2026-10-06T22:52:03.000Z</time>
        <extensions>
          <ns3:TrackPointExtension>
            <ns3:hr>146</ns3:hr>
            <ns3:cad>92</ns3:cad>
          </ns3:TrackPointExtension>
        </extensions>
      </trkpt>
      <trkpt lat="29.63394382037222385406494140625" lon="91.03319621644914150238037109375">
        <ele>3633.60009765625</ele>
        <time>2026-10-06T22:52:04.000Z</time>
        <extensions>
          <ns3:TrackPointExtension>
            <ns3:hr>146</ns3:hr>
            <ns3:cad>93</ns3:cad>
          </ns3:TrackPointExtension>
        </extensions>
      </trkpt>
      <trkpt lat="29.63391163386404514312744140625" lon="91.03320208378136157989501953125">
        <ele>3633.800048828125</ele>
        <time>2026-10-06T22:52:05.000Z</time>
        <extensions>
          <ns3:TrackPointExtension>
            <ns3:hr>145</ns3:hr>
            <ns3:cad>93</ns3:cad>
          </ns3:TrackPointExtension>
        </extensions>
      </trkpt>
      <trkpt lat="29.63388766162097454071044921875" lon="91.03320929221808910369873046875">
        <ele>3633.800048828125</ele>
        <time>2026-10-06T22:52:06.000Z</time>
        <extensions>
          <ns3:TrackPointExtension>
            <ns3:hr>145</ns3:hr>
            <ns3:cad>93</ns3:cad>
          </ns3:TrackPointExtension>
        </extensions>
      </trkpt>
      <trkpt lat="29.63385631330311298370361328125" lon="91.0332139022648334503173828125">
        <ele>3633.800048828125</ele>
        <time>2026-10-06T22:52:07.000Z</time>
        <extensions>
          <ns3:TrackPointExtension>
            <ns3:hr>145</ns3:hr>
            <ns3:cad>95</ns3:cad>
          </ns3:TrackPointExtension>
        </extensions>
      </trkpt>
      <trkpt lat="29.6338335983455181121826171875" lon="91.03322169743478298187255859375">
        <ele>3633.800048828125</ele>
        <time>2026-10-06T22:52:08.000Z</time>
        <extensions>
          <ns3:TrackPointExtension>
            <ns3:hr>145</ns3:hr>
            <ns3:cad>95</ns3:cad>
          </ns3:TrackPointExtension>
        </extensions>
      </trkpt>
      <trkpt lat="29.6338030882179737091064453125" lon="91.03322152979671955108642578125">
        <ele>3633.800048828125</ele>
        <time>2026-10-06T22:52:09.000Z</time>
        <extensions>
          <ns3:TrackPointExtension>
            <ns3:hr>144</ns3:hr>
            <ns3:cad>95</ns3:cad>
          </ns3:TrackPointExtension>
        </extensions>
      </trkpt>
      <trkpt lat="29.63377517648041248321533203125" lon="91.03322915732860565185546875">
        <ele>3633.800048828125</ele>
        <time>2026-10-06T22:52:10.000Z</time>
        <extensions>
          <ns3:TrackPointExtension>
            <ns3:hr>144</ns3:hr>
            <ns3:cad>93</ns3:cad>
          </ns3:TrackPointExtension>
        </extensions>
      </trkpt>
      <trkpt lat="29.633750282227993011474609375" lon="91.0332316718995571136474609375">
        <ele>3633.800048828125</ele>
        <time>2026-10-06T22:52:11.000Z</time>
        <extensions>
          <ns3:TrackPointExtension>
            <ns3:hr>143</ns3:hr>
            <ns3:cad>93</ns3:cad>
          </ns3:TrackPointExtension>
        </extensions>
      </trkpt>
      <trkpt lat="29.6337206102907657623291015625" lon="91.03323846124112606048583984375">
        <ele>3633.60009765625</ele>
        <time>2026-10-06T22:52:12.000Z</time>
        <extensions>
          <ns3:TrackPointExtension>
            <ns3:hr>140</ns3:hr>
            <ns3:cad>93</ns3:cad>
          </ns3:TrackPointExtension>
        </extensions>
      </trkpt>
      <trkpt lat="29.6336978115141391754150390625" lon="91.03324265219271183013916015625">
        <ele>3633.60009765625</ele>
        <time>2026-10-06T22:52:13.000Z</time>
        <extensions>
          <ns3:TrackPointExtension>
            <ns3:hr>138</ns3:hr>
            <ns3:cad>92</ns3:cad>
          </ns3:TrackPointExtension>
        </extensions>
      </trkpt>
      <trkpt lat="29.63366813957691192626953125" lon="91.033249609172344207763671875">
        <ele>3633.60009765625</ele>
        <time>2026-10-06T22:52:14.000Z</time>
        <extensions>
          <ns3:TrackPointExtension>
            <ns3:hr>137</ns3:hr>
            <ns3:cad>92</ns3:cad>
          </ns3:TrackPointExtension>
        </extensions>
      </trkpt>
      <trkpt lat="29.6336448378860950469970703125" lon="91.033256985247135162353515625">
        <ele>3633.60009765625</ele>
        <time>2026-10-06T22:52:15.000Z</time>
        <extensions>
          <ns3:TrackPointExtension>
            <ns3:hr>136</ns3:hr>
            <ns3:cad>92</ns3:cad>
          </ns3:TrackPointExtension>
        </extensions>
      </trkpt>
      <trkpt lat="29.63361491449177265167236328125" lon="91.0332635231316089630126953125">
        <ele>3633.60009765625</ele>
        <time>2026-10-06T22:52:16.000Z</time>
        <extensions>
          <ns3:TrackPointExtension>
            <ns3:hr>134</ns3:hr>
            <ns3:cad>92</ns3:cad>
          </ns3:TrackPointExtension>
        </extensions>
      </trkpt>
      <trkpt lat="29.63359362445771694183349609375" lon="91.033273078501224517822265625">
        <ele>3633.60009765625</ele>
        <time>2026-10-06T22:52:17.000Z</time>
        <extensions>
          <ns3:TrackPointExtension>
            <ns3:hr>134</ns3:hr>
            <ns3:cad>92</ns3:cad>
          </ns3:TrackPointExtension>
        </extensions>
      </trkpt>
      <trkpt lat="29.63356261141598224639892578125" lon="91.03327617980539798736572265625">
        <ele>3633.60009765625</ele>
        <time>2026-10-06T22:52:18.000Z</time>
        <extensions>
          <ns3:TrackPointExtension>
            <ns3:hr>133</ns3:hr>
            <ns3:cad>92</ns3:cad>
          </ns3:TrackPointExtension>
        </extensions>
      </trkpt>
      <trkpt lat="29.63353562168776988983154296875" lon="91.03328137658536434173583984375">
        <ele>3633.60009765625</ele>
        <time>2026-10-06T22:52:19.000Z</time>
        <extensions>
          <ns3:TrackPointExtension>
            <ns3:hr>132</ns3:hr>
            <ns3:cad>92</ns3:cad>
          </ns3:TrackPointExtension>
        </extensions>
      </trkpt>
      <trkpt lat="29.63351299054920673370361328125" lon="91.0332886688411235809326171875">
        <ele>3633.60009765625</ele>
        <time>2026-10-06T22:52:20.000Z</time>
        <extensions>
          <ns3:TrackPointExtension>
            <ns3:hr>132</ns3:hr>
            <ns3:cad>92</ns3:cad>
          </ns3:TrackPointExtension>
        </extensions>
      </trkpt>
      <trkpt lat="29.63348650373518466949462890625" lon="91.03329361416399478912353515625">
        <ele>3633.800048828125</ele>
        <time>2026-10-06T22:52:21.000Z</time>
        <extensions>
          <ns3:TrackPointExtension>
            <ns3:hr>132</ns3:hr>
            <ns3:cad>92</ns3:cad>
          </ns3:TrackPointExtension>
        </extensions>
      </trkpt>
      <trkpt lat="29.63346487842500209808349609375" lon="91.03329478763043880462646484375">
        <ele>3633.800048828125</ele>
        <time>2026-10-06T22:52:22.000Z</time>
        <extensions>
          <ns3:TrackPointExtension>
            <ns3:hr>134</ns3:hr>
            <ns3:cad>92</ns3:cad>
          </ns3:TrackPointExtension>
        </extensions>
      </trkpt>
      <trkpt lat="29.63343604467809200286865234375" lon="91.03329964913427829742431640625">
        <ele>3633.800048828125</ele>
        <time>2026-10-06T22:52:23.000Z</time>
        <extensions>
          <ns3:TrackPointExtension>
            <ns3:hr>137</ns3:hr>
            <ns3:cad>92</ns3:cad>
          </ns3:TrackPointExtension>
        </extensions>
      </trkpt>
      <trkpt lat="29.63341441936790943145751953125" lon="91.03330367244780063629150390625">
        <ele>3633.800048828125</ele>
        <time>2026-10-06T22:52:24.000Z</time>
        <extensions>
          <ns3:TrackPointExtension>
            <ns3:hr>138</ns3:hr>
            <ns3:cad>95</ns3:cad>
          </ns3:TrackPointExtension>
        </extensions>
      </trkpt>
      <trkpt lat="29.63338491506874561309814453125" lon="91.03330291807651519775390625">
        <ele>3633.800048828125</ele>
        <time>2026-10-06T22:52:25.000Z</time>
        <extensions>
          <ns3:TrackPointExtension>
            <ns3:hr>138</ns3:hr>
            <ns3:cad>95</ns3:cad>
          </ns3:TrackPointExtension>
        </extensions>
      </trkpt>
      <trkpt lat="29.633366055786609649658203125" lon="91.03330702520906925201416015625">
        <ele>3633.800048828125</ele>
        <time>2026-10-06T22:52:26.000Z</time>
        <extensions>
          <ns3:TrackPointExtension>
            <ns3:hr>139</ns3:hr>
            <ns3:cad>94</ns3:cad>
          </ns3:TrackPointExtension>
        </extensions>
      </trkpt>
      <trkpt lat="29.633335210382938385009765625" lon="91.0333188436925411224365234375">
        <ele>3633.800048828125</ele>
        <time>2026-10-06T22:52:27.000Z</time>
        <extensions>
          <ns3:TrackPointExtension>
            <ns3:hr>139</ns3:hr>
            <ns3:cad>94</ns3:cad>
          </ns3:TrackPointExtension>
        </extensions>
      </trkpt>
      <trkpt lat="29.63331551291048526763916015625" lon="91.0333330929279327392578125">
        <ele>3633.800048828125</ele>
        <time>2026-10-06T22:52:28.000Z</time>
        <extensions>
          <ns3:TrackPointExtension>
            <ns3:hr>141</ns3:hr>
            <ns3:cad>93</ns3:cad>
          </ns3:TrackPointExtension>
        </extensions>
      </trkpt>
      <trkpt lat="29.63328584097325801849365234375" lon="91.0333453305065631866455078125">
        <ele>3633.800048828125</ele>
        <time>2026-10-06T22:52:29.000Z</time>
        <extensions>
          <ns3:TrackPointExtension>
            <ns3:hr>142</ns3:hr>
            <ns3:cad>93</ns3:cad>
          </ns3:TrackPointExtension>
        </extensions>
      </trkpt>
      <trkpt lat="29.63326253928244113922119140625" lon="91.03335916064679622650146484375">
        <ele>3633.800048828125</ele>
        <time>2026-10-06T22:52:30.000Z</time>
        <extensions>
          <ns3:TrackPointExtension>
            <ns3:hr>144</ns3:hr>
            <ns3:cad>93</ns3:cad>
          </ns3:TrackPointExtension>
        </extensions>
      </trkpt>
      <trkpt lat="29.63323454372584819793701171875" lon="91.0333761759102344512939453125">
        <ele>3633.800048828125</ele>
        <time>2026-10-06T22:52:31.000Z</time>
        <extensions>
          <ns3:TrackPointExtension>
            <ns3:hr>145</ns3:hr>
            <ns3:cad>93</ns3:cad>
          </ns3:TrackPointExtension>
        </extensions>
      </trkpt>
      <trkpt lat="29.63321627117693424224853515625" lon="91.0333993099629878997802734375">
        <ele>3633.800048828125</ele>
        <time>2026-10-06T22:52:32.000Z</time>
        <extensions>
          <ns3:TrackPointExtension>
            <ns3:hr>145</ns3:hr>
            <ns3:cad>92</ns3:cad>
          </ns3:TrackPointExtension>
        </extensions>
      </trkpt>
      <trkpt lat="29.63320671580731868743896484375" lon="91.03342940099537372589111328125">
        <ele>3633.800048828125</ele>
        <time>2026-10-06T22:52:33.000Z</time>
        <extensions>
          <ns3:TrackPointExtension>
            <ns3:hr>145</ns3:hr>
            <ns3:cad>92</ns3:cad>
          </ns3:TrackPointExtension>
        </extensions>
      </trkpt>
      <trkpt lat="29.63321543298661708831787109375" lon="91.03345982730388641357421875">
        <ele>3633.800048828125</ele>
        <time>2026-10-06T22:52:34.000Z</time>
        <extensions>
          <ns3:TrackPointExtension>
            <ns3:hr>146</ns3:hr>
            <ns3:cad>93</ns3:cad>
          </ns3:TrackPointExtension>
        </extensions>
      </trkpt>
      <trkpt lat="29.633229263126850128173828125" lon="91.0334821231663227081298828125">
        <ele>3633.800048828125</ele>
        <time>2026-10-06T22:52:35.000Z</time>
        <extensions>
          <ns3:TrackPointExtension>
            <ns3:hr>146</ns3:hr>
            <ns3:cad>93</ns3:cad>
          </ns3:TrackPointExtension>
        </extensions>
      </trkpt>
      <trkpt lat="29.63325868360698223114013671875" lon="91.0334985516965389251708984375">
        <ele>3633.60009765625</ele>
        <time>2026-10-06T22:52:36.000Z</time>
        <extensions>
          <ns3:TrackPointExtension>
            <ns3:hr>146</ns3:hr>
            <ns3:cad>92</ns3:cad>
          </ns3:TrackPointExtension>
        </extensions>
      </trkpt>
      <trkpt lat="29.63328299112617969512939453125" lon="91.0334985516965389251708984375">
        <ele>3633.60009765625</ele>
        <time>2026-10-06T22:52:37.000Z</time>
        <extensions>
          <ns3:TrackPointExtension>
            <ns3:hr>146</ns3:hr>
            <ns3:cad>92</ns3:cad>
          </ns3:TrackPointExtension>
        </extensions>
      </trkpt>
      <trkpt lat="29.6333162672817707061767578125" lon="91.03349662385880947113037109375">
        <ele>3633.60009765625</ele>
        <time>2026-10-06T22:52:38.000Z</time>
        <extensions>
          <ns3:TrackPointExtension>
            <ns3:hr>146</ns3:hr>
            <ns3:cad>90</ns3:cad>
          </ns3:TrackPointExtension>
        </extensions>
      </trkpt>
      <trkpt lat="29.63334082625806331634521484375" lon="91.033486984670162200927734375">
        <ele>3633.800048828125</ele>
        <time>2026-10-06T22:52:39.000Z</time>
        <extensions>
          <ns3:TrackPointExtension>
            <ns3:hr>147</ns3:hr>
            <ns3:cad>90</ns3:cad>
          </ns3:TrackPointExtension>
        </extensions>
      </trkpt>
      <trkpt lat="29.63337267749011516571044921875" lon="91.03348405100405216217041015625">
        <ele>3633.800048828125</ele>
        <time>2026-10-06T22:52:40.000Z</time>
        <extensions>
          <ns3:TrackPointExtension>
            <ns3:hr>146</ns3:hr>
            <ns3:cad>90</ns3:cad>
          </ns3:TrackPointExtension>
        </extensions>
      </trkpt>
      <trkpt lat="29.63339748792350292205810546875" lon="91.0334804467856884002685546875">
        <ele>3633.800048828125</ele>
        <time>2026-10-06T22:52:41.000Z</time>
        <extensions>
          <ns3:TrackPointExtension>
            <ns3:hr>146</ns3:hr>
            <ns3:cad>90</ns3:cad>
          </ns3:TrackPointExtension>
        </extensions>
      </trkpt>
      <trkpt lat="29.633429758250713348388671875" lon="91.03347952477633953094482421875">
        <ele>3633.60009765625</ele>
        <time>2026-10-06T22:52:42.000Z</time>
        <extensions>
          <ns3:TrackPointExtension>
            <ns3:hr>146</ns3:hr>
            <ns3:cad>92</ns3:cad>
          </ns3:TrackPointExtension>
        </extensions>
      </trkpt>
      <trkpt lat="29.63345582596957683563232421875" lon="91.03347457945346832275390625">
        <ele>3633.60009765625</ele>
        <time>2026-10-06T22:52:43.000Z</time>
        <extensions>
          <ns3:TrackPointExtension>
            <ns3:hr>145</ns3:hr>
            <ns3:cad>92</ns3:cad>
          </ns3:TrackPointExtension>
        </extensions>
      </trkpt>
      <trkpt lat="29.63348482735455036163330078125" lon="91.03346946649253368377685546875">
        <ele>3633.60009765625</ele>
        <time>2026-10-06T22:52:44.000Z</time>
        <extensions>
          <ns3:TrackPointExtension>
            <ns3:hr>145</ns3:hr>
            <ns3:cad>92</ns3:cad>
          </ns3:TrackPointExtension>
        </extensions>
      </trkpt>
      <trkpt lat="29.63351391255855560302734375" lon="91.03346116840839385986328125">
        <ele>3633.60009765625</ele>
        <time>2026-10-06T22:52:45.000Z</time>
        <extensions>
          <ns3:TrackPointExtension>
            <ns3:hr>146</ns3:hr>
            <ns3:cad>92</ns3:cad>
          </ns3:TrackPointExtension>
        </extensions>
      </trkpt>
      <trkpt lat="29.63353545404970645904541015625" lon="91.0334529541432857513427734375">
        <ele>3633.60009765625</ele>
        <time>2026-10-06T22:52:46.000Z</time>
        <extensions>
          <ns3:TrackPointExtension>
            <ns3:hr>146</ns3:hr>
            <ns3:cad>92</ns3:cad>
          </ns3:TrackPointExtension>
        </extensions>
      </trkpt>
      <trkpt lat="29.63356160558760166168212890625" lon="91.0334479250013828277587890625">
        <ele>3633.60009765625</ele>
        <time>2026-10-06T22:52:47.000Z</time>
        <extensions>
          <ns3:TrackPointExtension>
            <ns3:hr>146</ns3:hr>
            <ns3:cad>92</ns3:cad>
          </ns3:TrackPointExtension>
        </extensions>
      </trkpt>
      <trkpt lat="29.6335861645638942718505859375" lon="91.03344096802175045013427734375">
        <ele>3633.60009765625</ele>
        <time>2026-10-06T22:52:48.000Z</time>
        <extensions>
          <ns3:TrackPointExtension>
            <ns3:hr>145</ns3:hr>
            <ns3:cad>92</ns3:cad>
          </ns3:TrackPointExtension>
        </extensions>
      </trkpt>
      <trkpt lat="29.633614830672740936279296875" lon="91.03343878872692584991455078125">
        <ele>3633.60009765625</ele>
        <time>2026-10-06T22:52:49.000Z</time>
        <extensions>
          <ns3:TrackPointExtension>
            <ns3:hr>145</ns3:hr>
            <ns3:cad>92</ns3:cad>
          </ns3:TrackPointExtension>
        </extensions>
      </trkpt>
      <trkpt lat="29.63364156894385814666748046875" lon="91.033434011042118072509765625">
        <ele>3633.60009765625</ele>
        <time>2026-10-06T22:52:50.000Z</time>
        <extensions>
          <ns3:TrackPointExtension>
            <ns3:hr>145</ns3:hr>
            <ns3:cad>92</ns3:cad>
          </ns3:TrackPointExtension>
        </extensions>
      </trkpt>
      <trkpt lat="29.633669815957546234130859375" lon="91.03343040682375431060791015625">
        <ele>3633.60009765625</ele>
        <time>2026-10-06T22:52:51.000Z</time>
        <extensions>
          <ns3:TrackPointExtension>
            <ns3:hr>146</ns3:hr>
            <ns3:cad>92</ns3:cad>
          </ns3:TrackPointExtension>
        </extensions>
      </trkpt>
      <trkpt lat="29.63370007462799549102783203125" lon="91.03343090973794460296630859375">
        <ele>3633.60009765625</ele>
        <time>2026-10-06T22:52:52.000Z</time>
        <extensions>
          <ns3:TrackPointExtension>
            <ns3:hr>146</ns3:hr>
            <ns3:cad>95</ns3:cad>
          </ns3:TrackPointExtension>
        </extensions>
      </trkpt>
      <trkpt lat="29.633723460137844085693359375" lon="91.0334244556725025177001953125">
        <ele>3633.39990234375</ele>
        <time>2026-10-06T22:52:53.000Z</time>
        <extensions>
          <ns3:TrackPointExtension>
            <ns3:hr>145</ns3:hr>
            <ns3:cad>95</ns3:cad>
          </ns3:TrackPointExtension>
        </extensions>
      </trkpt>
      <trkpt lat="29.63375187478959560394287109375" lon="91.033416576683521270751953125">
        <ele>3633.39990234375</ele>
        <time>2026-10-06T22:52:54.000Z</time>
        <extensions>
          <ns3:TrackPointExtension>
            <ns3:hr>146</ns3:hr>
            <ns3:cad>95</ns3:cad>
          </ns3:TrackPointExtension>
        </extensions>
      </trkpt>
      <trkpt lat="29.63377534411847591400146484375" lon="91.03340744040906429290771484375">
        <ele>3633.39990234375</ele>
        <time>2026-10-06T22:52:55.000Z</time>
        <extensions>
          <ns3:TrackPointExtension>
            <ns3:hr>146</ns3:hr>
            <ns3:cad>94</ns3:cad>
          </ns3:TrackPointExtension>
        </extensions>
      </trkpt>
      <trkpt lat="29.6338044293224811553955078125" lon="91.033404171466827392578125">
        <ele>3633.39990234375</ele>
        <time>2026-10-06T22:52:56.000Z</time>
        <extensions>
          <ns3:TrackPointExtension>
            <ns3:hr>146</ns3:hr>
            <ns3:cad>94</ns3:cad>
          </ns3:TrackPointExtension>
        </extensions>
      </trkpt>
      <trkpt lat="29.63382882066071033477783203125" lon="91.03339788503944873809814453125">
        <ele>3633.60009765625</ele>
        <time>2026-10-06T22:52:57.000Z</time>
        <extensions>
          <ns3:TrackPointExtension>
            <ns3:hr>145</ns3:hr>
            <ns3:cad>93</ns3:cad>
          </ns3:TrackPointExtension>
        </extensions>
      </trkpt>
      <trkpt lat="29.63385522365570068359375" lon="91.033391095697879791259765625">
        <ele>3633.60009765625</ele>
        <time>2026-10-06T22:52:58.000Z</time>
        <extensions>
          <ns3:TrackPointExtension>
            <ns3:hr>145</ns3:hr>
            <ns3:cad>93</ns3:cad>
          </ns3:TrackPointExtension>
        </extensions>
      </trkpt>
      <trkpt lat="29.63388548232614994049072265625" lon="91.03338497690856456756591796875">
        <ele>3633.60009765625</ele>
        <time>2026-10-06T22:52:59.000Z</time>
        <extensions>
          <ns3:TrackPointExtension>
            <ns3:hr>145</ns3:hr>
            <ns3:cad>94</ns3:cad>
          </ns3:TrackPointExtension>
        </extensions>
      </trkpt>
      <trkpt lat="29.6339102089405059814453125" lon="91.03337475098669528961181640625">
        <ele>3633.60009765625</ele>
        <time>2026-10-06T22:53:00.000Z</time>
        <extensions>
          <ns3:TrackPointExtension>
            <ns3:hr>145</ns3:hr>
            <ns3:cad>94</ns3:cad>
          </ns3:TrackPointExtension>
        </extensions>
      </trkpt>
      <trkpt lat="29.6339425630867481231689453125" lon="91.03337206877768039703369140625">
        <ele>3633.39990234375</ele>
        <time>2026-10-06T22:53:01.000Z</time>
        <extensions>
          <ns3:TrackPointExtension>
            <ns3:hr>146</ns3:hr>
            <ns3:cad>94</ns3:cad>
          </ns3:TrackPointExtension>
        </extensions>
      </trkpt>
      <trkpt lat="29.6339697204530239105224609375" lon="91.03336569853127002716064453125">
        <ele>3633.39990234375</ele>
        <time>2026-10-06T22:53:02.000Z</time>
        <extensions>
          <ns3:TrackPointExtension>
            <ns3:hr>145</ns3:hr>
            <ns3:cad>94</ns3:cad>
          </ns3:TrackPointExtension>
        </extensions>
      </trkpt>
      <trkpt lat="29.63399880565702915191650390625" lon="91.033364944159984588623046875">
        <ele>3633.39990234375</ele>
        <time>2026-10-06T22:53:03.000Z</time>
        <extensions>
          <ns3:TrackPointExtension>
            <ns3:hr>145</ns3:hr>
            <ns3:cad>94</ns3:cad>
          </ns3:TrackPointExtension>
        </extensions>
      </trkpt>
      <trkpt lat="29.634024202823638916015625" lon="91.03335882537066936492919921875">
        <ele>3633.39990234375</ele>
        <time>2026-10-06T22:53:04.000Z</time>
        <extensions>
          <ns3:TrackPointExtension>
            <ns3:hr>145</ns3:hr>
            <ns3:cad>95</ns3:cad>
          </ns3:TrackPointExtension>
        </extensions>
      </trkpt>
      <trkpt lat="29.63405161164700984954833984375" lon="91.0333567298948764801025390625">
        <ele>3633.39990234375</ele>
        <time>2026-10-06T22:53:05.000Z</time>
        <extensions>
          <ns3:TrackPointExtension>
            <ns3:hr>146</ns3:hr>
            <ns3:cad>95</ns3:cad>
          </ns3:TrackPointExtension>
        </extensions>
      </trkpt>
      <trkpt lat="29.634082876145839691162109375" lon="91.0333506949245929718017578125">
        <ele>3633.39990234375</ele>
        <time>2026-10-06T22:53:06.000Z</time>
        <extensions>
          <ns3:TrackPointExtension>
            <ns3:hr>145</ns3:hr>
            <ns3:cad>93</ns3:cad>
          </ns3:TrackPointExtension>
        </extensions>
      </trkpt>
      <trkpt lat="29.6341086924076080322265625" lon="91.03334357030689716339111328125">
        <ele>3633.39990234375</ele>
        <time>2026-10-06T22:53:07.000Z</time>
        <extensions>
          <ns3:TrackPointExtension>
            <ns3:hr>145</ns3:hr>
            <ns3:cad>93</ns3:cad>
          </ns3:TrackPointExtension>
        </extensions>
      </trkpt>
      <trkpt lat="29.63414096273481845855712890625" lon="91.0333384573459625244140625">
        <ele>3633.39990234375</ele>
        <time>2026-10-06T22:53:08.000Z</time>
        <extensions>
          <ns3:TrackPointExtension>
            <ns3:hr>146</ns3:hr>
            <ns3:cad>93</ns3:cad>
          </ns3:TrackPointExtension>
        </extensions>
      </trkpt>
      <trkpt lat="29.6341638453304767608642578125" lon="91.0333332605659961700439453125">
        <ele>3633.199951171875</ele>
        <time>2026-10-06T22:53:09.000Z</time>
        <extensions>
          <ns3:TrackPointExtension>
            <ns3:hr>146</ns3:hr>
            <ns3:cad>93</ns3:cad>
          </ns3:TrackPointExtension>
        </extensions>
      </trkpt>
      <trkpt lat="29.634193517267704010009765625" lon="91.0333282314240932464599609375">
        <ele>3633.199951171875</ele>
        <time>2026-10-06T22:53:10.000Z</time>
        <extensions>
          <ns3:TrackPointExtension>
            <ns3:hr>146</ns3:hr>
            <ns3:cad>93</ns3:cad>
          </ns3:TrackPointExtension>
        </extensions>
      </trkpt>
      <trkpt lat="29.63421472348272800445556640625" lon="91.033318340778350830078125">
        <ele>3633.199951171875</ele>
        <time>2026-10-06T22:53:11.000Z</time>
        <extensions>
          <ns3:TrackPointExtension>
            <ns3:hr>145</ns3:hr>
            <ns3:cad>93</ns3:cad>
          </ns3:TrackPointExtension>
        </extensions>
      </trkpt>
      <trkpt lat="29.63424271903932094573974609375" lon="91.033315323293209075927734375">
        <ele>3633.199951171875</ele>
        <time>2026-10-06T22:53:12.000Z</time>
        <extensions>
          <ns3:TrackPointExtension>
            <ns3:hr>146</ns3:hr>
            <ns3:cad>93</ns3:cad>
          </ns3:TrackPointExtension>
        </extensions>
      </trkpt>
      <trkpt lat="29.634267278015613555908203125" lon="91.03330803103744983673095703125">
        <ele>3633.199951171875</ele>
        <time>2026-10-06T22:53:13.000Z</time>
        <extensions>
          <ns3:TrackPointExtension>
            <ns3:hr>146</ns3:hr>
            <ns3:cad>93</ns3:cad>
          </ns3:TrackPointExtension>
        </extensions>
      </trkpt>
      <trkpt lat="29.634294100105762481689453125" lon="91.03330384008586406707763671875">
        <ele>3633.199951171875</ele>
        <time>2026-10-06T22:53:14.000Z</time>
        <extensions>
          <ns3:TrackPointExtension>
            <ns3:hr>145</ns3:hr>
            <ns3:cad>93</ns3:cad>
          </ns3:TrackPointExtension>
        </extensions>
      </trkpt>
      <trkpt lat="29.63432393968105316162109375" lon="91.033297218382358551025390625">
        <ele>3633.199951171875</ele>
        <time>2026-10-06T22:53:15.000Z</time>
        <extensions>
          <ns3:TrackPointExtension>
            <ns3:hr>146</ns3:hr>
            <ns3:cad>93</ns3:cad>
          </ns3:TrackPointExtension>
        </extensions>
      </trkpt>
      <trkpt lat="29.634345732629299163818359375" lon="91.0332893393933773040771484375">
        <ele>3633.199951171875</ele>
        <time>2026-10-06T22:53:16.000Z</time>
        <extensions>
          <ns3:TrackPointExtension>
            <ns3:hr>146</ns3:hr>
            <ns3:cad>94</ns3:cad>
          </ns3:TrackPointExtension>
        </extensions>
      </trkpt>
      <trkpt lat="29.63437532074749469757080078125" lon="91.0332834720611572265625">
        <ele>3633.199951171875</ele>
        <time>2026-10-06T22:53:17.000Z</time>
        <extensions>
          <ns3:TrackPointExtension>
            <ns3:hr>146</ns3:hr>
            <ns3:cad>94</ns3:cad>
          </ns3:TrackPointExtension>
        </extensions>
      </trkpt>
      <trkpt lat="29.63439610786736011505126953125" lon="91.0332779400050640106201171875">
        <ele>3633.199951171875</ele>
        <time>2026-10-06T22:53:18.000Z</time>
        <extensions>
          <ns3:TrackPointExtension>
            <ns3:hr>145</ns3:hr>
            <ns3:cad>94</ns3:cad>
          </ns3:TrackPointExtension>
        </extensions>
      </trkpt>
      <trkpt lat="29.6344233490526676177978515625" lon="91.03327500633895397186279296875">
        <ele>3633</ele>
        <time>2026-10-06T22:53:19.000Z</time>
        <extensions>
          <ns3:TrackPointExtension>
            <ns3:hr>145</ns3:hr>
            <ns3:cad>94</ns3:cad>
          </ns3:TrackPointExtension>
        </extensions>
      </trkpt>
      <trkpt lat="29.6344468183815479278564453125" lon="91.03326779790222644805908203125">
        <ele>3633.199951171875</ele>
        <time>2026-10-06T22:53:20.000Z</time>
        <extensions>
          <ns3:TrackPointExtension>
            <ns3:hr>145</ns3:hr>
            <ns3:cad>94</ns3:cad>
          </ns3:TrackPointExtension>
        </extensions>
      </trkpt>
      <trkpt lat="29.63447372429072856903076171875" lon="91.0332638584077358245849609375">
        <ele>3633.199951171875</ele>
        <time>2026-10-06T22:53:21.000Z</time>
        <extensions>
          <ns3:TrackPointExtension>
            <ns3:hr>145</ns3:hr>
            <ns3:cad>94</ns3:cad>
          </ns3:TrackPointExtension>
        </extensions>
      </trkpt>
      <trkpt lat="29.6345034800469875335693359375" lon="91.0332588292658329010009765625">
        <ele>3633.199951171875</ele>
        <time>2026-10-06T22:53:22.000Z</time>
        <extensions>
          <ns3:TrackPointExtension>
            <ns3:hr>146</ns3:hr>
            <ns3:cad>94</ns3:cad>
          </ns3:TrackPointExtension>
        </extensions>
      </trkpt>
      <trkpt lat="29.634524770081043243408203125" lon="91.0332507826387882232666015625">
        <ele>3633.199951171875</ele>
        <time>2026-10-06T22:53:23.000Z</time>
        <extensions>
          <ns3:TrackPointExtension>
            <ns3:hr>145</ns3:hr>
            <ns3:cad>94</ns3:cad>
          </ns3:TrackPointExtension>
        </extensions>
      </trkpt>
      <trkpt lat="29.63455259799957275390625" lon="91.03324768133461475372314453125">
        <ele>3633.199951171875</ele>
        <time>2026-10-06T22:53:24.000Z</time>
        <extensions>
          <ns3:TrackPointExtension>
            <ns3:hr>145</ns3:hr>
            <ns3:cad>94</ns3:cad>
          </ns3:TrackPointExtension>
        </extensions>
      </trkpt>
      <trkpt lat="29.63457548059523105621337890625" lon="91.03324131108820438385009765625">
        <ele>3633.199951171875</ele>
        <time>2026-10-06T22:53:25.000Z</time>
        <extensions>
          <ns3:TrackPointExtension>
            <ns3:hr>146</ns3:hr>
            <ns3:cad>94</ns3:cad>
          </ns3:TrackPointExtension>
        </extensions>
      </trkpt>
      <trkpt lat="29.6346033923327922821044921875" lon="91.033235527575016021728515625">
        <ele>3633.199951171875</ele>
        <time>2026-10-06T22:53:26.000Z</time>
        <extensions>
          <ns3:TrackPointExtension>
            <ns3:hr>145</ns3:hr>
            <ns3:cad>93</ns3:cad>
          </ns3:TrackPointExtension>
        </extensions>
      </trkpt>
      <trkpt lat="29.6346290409564971923828125" lon="91.0332283191382884979248046875">
        <ele>3633.199951171875</ele>
        <time>2026-10-06T22:53:27.000Z</time>
        <extensions>
          <ns3:TrackPointExtension>
            <ns3:hr>145</ns3:hr>
            <ns3:cad>93</ns3:cad>
          </ns3:TrackPointExtension>
        </extensions>
      </trkpt>
      <trkpt lat="29.63465787470340728759765625" lon="91.03322379291057586669921875">
        <ele>3633.199951171875</ele>
        <time>2026-10-06T22:53:28.000Z</time>
        <extensions>
          <ns3:TrackPointExtension>
            <ns3:hr>145</ns3:hr>
            <ns3:cad>95</ns3:cad>
          </ns3:TrackPointExtension>
        </extensions>
      </trkpt>
      <trkpt lat="29.63468545116484165191650390625" lon="91.0332185961306095123291015625">
        <ele>3633</ele>
        <time>2026-10-06T22:53:29.000Z</time>
        <extensions>
          <ns3:TrackPointExtension>
            <ns3:hr>145</ns3:hr>
            <ns3:cad>96</ns3:cad>
          </ns3:TrackPointExtension>
        </extensions>
      </trkpt>
      <trkpt lat="29.63471026159822940826416015625" lon="91.0332108847796916961669921875">
        <ele>3633</ele>
        <time>2026-10-06T22:53:30.000Z</time>
        <extensions>
          <ns3:TrackPointExtension>
            <ns3:hr>146</ns3:hr>
            <ns3:cad>96</ns3:cad>
          </ns3:TrackPointExtension>
        </extensions>
      </trkpt>
      <trkpt lat="29.63473943062126636505126953125" lon="91.0332071967422962188720703125">
        <ele>3633</ele>
        <time>2026-10-06T22:53:31.000Z</time>
        <extensions>
          <ns3:TrackPointExtension>
            <ns3:hr>145</ns3:hr>
            <ns3:cad>93</ns3:cad>
          </ns3:TrackPointExtension>
        </extensions>
      </trkpt>
      <trkpt lat="29.63476516306400299072265625" lon="91.0332008264958858489990234375">
        <ele>3633</ele>
        <time>2026-10-06T22:53:32.000Z</time>
        <extensions>
          <ns3:TrackPointExtension>
            <ns3:hr>145</ns3:hr>
            <ns3:cad>93</ns3:cad>
          </ns3:TrackPointExtension>
        </extensions>
      </trkpt>
      <trkpt lat="29.63479408062994480133056640625" lon="91.03319454006850719451904296875">
        <ele>3633</ele>
        <time>2026-10-06T22:53:33.000Z</time>
        <extensions>
          <ns3:TrackPointExtension>
            <ns3:hr>145</ns3:hr>
            <ns3:cad>94</ns3:cad>
          </ns3:TrackPointExtension>
        </extensions>
      </trkpt>
      <trkpt lat="29.63481620885431766510009765625" lon="91.03318733163177967071533203125">
        <ele>3633</ele>
        <time>2026-10-06T22:53:34.000Z</time>
        <extensions>
          <ns3:TrackPointExtension>
            <ns3:hr>145</ns3:hr>
            <ns3:cad>94</ns3:cad>
          </ns3:TrackPointExtension>
        </extensions>
      </trkpt>
      <trkpt lat="29.63484688661992549896240234375" lon="91.03318649344146251678466796875">
        <ele>3632.800048828125</ele>
        <time>2026-10-06T22:53:35.000Z</time>
        <extensions>
          <ns3:TrackPointExtension>
            <ns3:hr>145</ns3:hr>
            <ns3:cad>93</ns3:cad>
          </ns3:TrackPointExtension>
        </extensions>
      </trkpt>
      <trkpt lat="29.63487504981458187103271484375" lon="91.03318230248987674713134765625">
        <ele>3632.800048828125</ele>
        <time>2026-10-06T22:53:36.000Z</time>
        <extensions>
          <ns3:TrackPointExtension>
            <ns3:hr>146</ns3:hr>
            <ns3:cad>93</ns3:cad>
          </ns3:TrackPointExtension>
        </extensions>
      </trkpt>
      <trkpt lat="29.63490103371441364288330078125" lon="91.033178865909576416015625">
        <ele>3633</ele>
        <time>2026-10-06T22:53:37.000Z</time>
        <extensions>
          <ns3:TrackPointExtension>
            <ns3:hr>145</ns3:hr>
            <ns3:cad>93</ns3:cad>
          </ns3:TrackPointExtension>
        </extensions>
      </trkpt>
      <trkpt lat="29.6349306218326091766357421875" lon="91.0331736691296100616455078125">
        <ele>3633</ele>
        <time>2026-10-06T22:53:38.000Z</time>
        <extensions>
          <ns3:TrackPointExtension>
            <ns3:hr>145</ns3:hr>
            <ns3:cad>94</ns3:cad>
          </ns3:TrackPointExtension>
        </extensions>
      </trkpt>
      <trkpt lat="29.63495283387601375579833984375" lon="91.03316604159772396087646484375">
        <ele>3633</ele>
        <time>2026-10-06T22:53:39.000Z</time>
        <extensions>
          <ns3:TrackPointExtension>
            <ns3:hr>146</ns3:hr>
            <ns3:cad>94</ns3:cad>
          </ns3:TrackPointExtension>
        </extensions>
      </trkpt>
      <trkpt lat="29.6349815838038921356201171875" lon="91.0331599228084087371826171875">
        <ele>3633</ele>
        <time>2026-10-06T22:53:40.000Z</time>
        <extensions>
          <ns3:TrackPointExtension>
            <ns3:hr>146</ns3:hr>
            <ns3:cad>94</ns3:cad>
          </ns3:TrackPointExtension>
        </extensions>
      </trkpt>
      <trkpt lat="29.635006226599216461181640625" lon="91.03315397165715694427490234375">
        <ele>3633</ele>
        <time>2026-10-06T22:53:41.000Z</time>
        <extensions>
          <ns3:TrackPointExtension>
            <ns3:hr>146</ns3:hr>
            <ns3:cad>94</ns3:cad>
          </ns3:TrackPointExtension>
        </extensions>
      </trkpt>
      <trkpt lat="29.63503480888903141021728515625" lon="91.033152379095554351806640625">
        <ele>3633</ele>
        <time>2026-10-06T22:53:42.000Z</time>
        <extensions>
          <ns3:TrackPointExtension>
            <ns3:hr>145</ns3:hr>
            <ns3:cad>94</ns3:cad>
          </ns3:TrackPointExtension>
        </extensions>
      </trkpt>
      <trkpt lat="29.63506263680756092071533203125" lon="91.03314961306750774383544921875">
        <ele>3633</ele>
        <time>2026-10-06T22:53:43.000Z</time>
        <extensions>
          <ns3:TrackPointExtension>
            <ns3:hr>145</ns3:hr>
            <ns3:cad>94</ns3:cad>
          </ns3:TrackPointExtension>
        </extensions>
      </trkpt>
      <trkpt lat="29.63509297929704189300537109375" lon="91.033147685229778289794921875">
        <ele>3633</ele>
        <time>2026-10-06T22:53:44.000Z</time>
        <extensions>
          <ns3:TrackPointExtension>
            <ns3:hr>145</ns3:hr>
            <ns3:cad>94</ns3:cad>
          </ns3:TrackPointExtension>
        </extensions>
      </trkpt>
      <trkpt lat="29.6351260878145694732666015625" lon="91.0331428237259387969970703125">
        <ele>3632.800048828125</ele>
        <time>2026-10-06T22:53:45.000Z</time>
        <extensions>
          <ns3:TrackPointExtension>
            <ns3:hr>145</ns3:hr>
            <ns3:cad>94</ns3:cad>
          </ns3:TrackPointExtension>
        </extensions>
      </trkpt>
      <trkpt lat="29.635149724781513214111328125" lon="91.03313704021275043487548828125">
        <ele>3633</ele>
        <time>2026-10-06T22:53:46.000Z</time>
        <extensions>
          <ns3:TrackPointExtension>
            <ns3:hr>146</ns3:hr>
            <ns3:cad>94</ns3:cad>
          </ns3:TrackPointExtension>
        </extensions>
      </trkpt>
      <trkpt lat="29.6351804025471210479736328125" lon="91.0331327654421329498291015625">
        <ele>3633</ele>
        <time>2026-10-06T22:53:47.000Z</time>
        <extensions>
          <ns3:TrackPointExtension>
            <ns3:hr>146</ns3:hr>
            <ns3:cad>93</ns3:cad>
          </ns3:TrackPointExtension>
        </extensions>
      </trkpt>
      <trkpt lat="29.63520395569503307342529296875" lon="91.03312899358570575714111328125">
        <ele>3632.800048828125</ele>
        <time>2026-10-06T22:53:48.000Z</time>
        <extensions>
          <ns3:TrackPointExtension>
            <ns3:hr>146</ns3:hr>
            <ns3:cad>93</ns3:cad>
          </ns3:TrackPointExtension>
        </extensions>
      </trkpt>
      <trkpt lat="29.6352316997945308685302734375" lon="91.03312790393829345703125">
        <ele>3633</ele>
        <time>2026-10-06T22:53:49.000Z</time>
        <extensions>
          <ns3:TrackPointExtension>
            <ns3:hr>146</ns3:hr>
            <ns3:cad>95</ns3:cad>
          </ns3:TrackPointExtension>
        </extensions>
      </trkpt>
      <trkpt lat="29.63525659404695034027099609375" lon="91.03312379680573940277099609375">
        <ele>3633</ele>
        <time>2026-10-06T22:53:50.000Z</time>
        <extensions>
          <ns3:TrackPointExtension>
            <ns3:hr>145</ns3:hr>
            <ns3:cad>95</ns3:cad>
          </ns3:TrackPointExtension>
        </extensions>
      </trkpt>
      <trkpt lat="29.63528324849903583526611328125" lon="91.0331190191209316253662109375">
        <ele>3633</ele>
        <time>2026-10-06T22:53:51.000Z</time>
        <extensions>
          <ns3:TrackPointExtension>
            <ns3:hr>146</ns3:hr>
            <ns3:cad>95</ns3:cad>
          </ns3:TrackPointExtension>
        </extensions>
      </trkpt>
      <trkpt lat="29.635310657322406768798828125" lon="91.03311239741742610931396484375">
        <ele>3632.800048828125</ele>
        <time>2026-10-06T22:53:52.000Z</time>
        <extensions>
          <ns3:TrackPointExtension>
            <ns3:hr>146</ns3:hr>
            <ns3:cad>94</ns3:cad>
          </ns3:TrackPointExtension>
        </extensions>
      </trkpt>
      <trkpt lat="29.635332114994525909423828125" lon="91.0331079550087451934814453125">
        <ele>3632.800048828125</ele>
        <time>2026-10-06T22:53:53.000Z</time>
        <extensions>
          <ns3:TrackPointExtension>
            <ns3:hr>147</ns3:hr>
            <ns3:cad>94</ns3:cad>
          </ns3:TrackPointExtension>
        </extensions>
      </trkpt>
      <trkpt lat="29.635361619293689727783203125" lon="91.0331029258668422698974609375">
        <ele>3632.800048828125</ele>
        <time>2026-10-06T22:53:54.000Z</time>
        <extensions>
          <ns3:TrackPointExtension>
            <ns3:hr>147</ns3:hr>
            <ns3:cad>93</ns3:cad>
          </ns3:TrackPointExtension>
        </extensions>
      </trkpt>
      <trkpt lat="29.63538483716547489166259765625" lon="91.03309504687786102294921875">
        <ele>3632.60009765625</ele>
        <time>2026-10-06T22:53:55.000Z</time>
        <extensions>
          <ns3:TrackPointExtension>
            <ns3:hr>146</ns3:hr>
            <ns3:cad>93</ns3:cad>
          </ns3:TrackPointExtension>
        </extensions>
      </trkpt>
      <trkpt lat="29.63541266508400440216064453125" lon="91.03308968245983123779296875">
        <ele>3632.60009765625</ele>
        <time>2026-10-06T22:53:56.000Z</time>
        <extensions>
          <ns3:TrackPointExtension>
            <ns3:hr>146</ns3:hr>
            <ns3:cad>93</ns3:cad>
          </ns3:TrackPointExtension>
        </extensions>
      </trkpt>
      <trkpt lat="29.63543697260320186614990234375" lon="91.03308255784213542938232421875">
        <ele>3632.60009765625</ele>
        <time>2026-10-06T22:53:57.000Z</time>
        <extensions>
          <ns3:TrackPointExtension>
            <ns3:hr>146</ns3:hr>
            <ns3:cad>93</ns3:cad>
          </ns3:TrackPointExtension>
        </extensions>
      </trkpt>
      <trkpt lat="29.6354657225310802459716796875" lon="91.03307736106216907501220703125">
        <ele>3632.800048828125</ele>
        <time>2026-10-06T22:53:58.000Z</time>
        <extensions>
          <ns3:TrackPointExtension>
            <ns3:hr>146</ns3:hr>
            <ns3:cad>94</ns3:cad>
          </ns3:TrackPointExtension>
        </extensions>
      </trkpt>
      <trkpt lat="29.6354942210018634796142578125" lon="91.03306679986417293548583984375">
        <ele>3632.800048828125</ele>
        <time>2026-10-06T22:53:59.000Z</time>
        <extensions>
          <ns3:TrackPointExtension>
            <ns3:hr>146</ns3:hr>
            <ns3:cad>94</ns3:cad>
          </ns3:TrackPointExtension>
        </extensions>
      </trkpt>
      <trkpt lat="29.63551794178783893585205078125" lon="91.033061854541301727294921875">
        <ele>3632.800048828125</ele>
        <time>2026-10-06T22:54:00.000Z</time>
        <extensions>
          <ns3:TrackPointExtension>
            <ns3:hr>146</ns3:hr>
            <ns3:cad>94</ns3:cad>
          </ns3:TrackPointExtension>
        </extensions>
      </trkpt>
      <trkpt lat="29.63554644025862216949462890625" lon="91.03305774740874767303466796875">
        <ele>3632.800048828125</ele>
        <time>2026-10-06T22:54:01.000Z</time>
        <extensions>
          <ns3:TrackPointExtension>
            <ns3:hr>147</ns3:hr>
            <ns3:cad>94</ns3:cad>
          </ns3:TrackPointExtension>
        </extensions>
      </trkpt>
      <trkpt lat="29.63556873612105846405029296875" lon="91.03305120952427387237548828125">
        <ele>3632.800048828125</ele>
        <time>2026-10-06T22:54:02.000Z</time>
        <extensions>
          <ns3:TrackPointExtension>
            <ns3:hr>147</ns3:hr>
            <ns3:cad>94</ns3:cad>
          </ns3:TrackPointExtension>
        </extensions>
      </trkpt>
      <trkpt lat="29.63559723459184169769287109375" lon="91.03304802440106868743896484375">
        <ele>3632.800048828125</ele>
        <time>2026-10-06T22:54:03.000Z</time>
        <extensions>
          <ns3:TrackPointExtension>
            <ns3:hr>147</ns3:hr>
            <ns3:cad>94</ns3:cad>
          </ns3:TrackPointExtension>
        </extensions>
      </trkpt>
      <trkpt lat="29.63562078773975372314453125" lon="91.0330395586788654327392578125">
        <ele>3632.800048828125</ele>
        <time>2026-10-06T22:54:04.000Z</time>
        <extensions>
          <ns3:TrackPointExtension>
            <ns3:hr>146</ns3:hr>
            <ns3:cad>93</ns3:cad>
          </ns3:TrackPointExtension>
        </extensions>
      </trkpt>
      <trkpt lat="29.63564836420118808746337890625" lon="91.0330375470221042633056640625">
        <ele>3632.800048828125</ele>
        <time>2026-10-06T22:54:05.000Z</time>
        <extensions>
          <ns3:TrackPointExtension>
            <ns3:hr>146</ns3:hr>
            <ns3:cad>93</ns3:cad>
          </ns3:TrackPointExtension>
        </extensions>
      </trkpt>
      <trkpt lat="29.63567350991070270538330078125" lon="91.03303394280374050140380859375">
        <ele>3632.800048828125</ele>
        <time>2026-10-06T22:54:06.000Z</time>
        <extensions>
          <ns3:TrackPointExtension>
            <ns3:hr>147</ns3:hr>
            <ns3:cad>94</ns3:cad>
          </ns3:TrackPointExtension>
        </extensions>
      </trkpt>
      <trkpt lat="29.6357007510960102081298828125" lon="91.0330278240144252777099609375">
        <ele>3632.800048828125</ele>
        <time>2026-10-06T22:54:07.000Z</time>
        <extensions>
          <ns3:TrackPointExtension>
            <ns3:hr>147</ns3:hr>
            <ns3:cad>94</ns3:cad>
          </ns3:TrackPointExtension>
        </extensions>
      </trkpt>
      <trkpt lat="29.6357326023280620574951171875" lon="91.03302522562444210052490234375">
        <ele>3632.60009765625</ele>
        <time>2026-10-06T22:54:08.000Z</time>
        <extensions>
          <ns3:TrackPointExtension>
            <ns3:hr>147</ns3:hr>
            <ns3:cad>94</ns3:cad>
          </ns3:TrackPointExtension>
        </extensions>
      </trkpt>
      <trkpt lat="29.63575565256178379058837890625" lon="91.033016927540302276611328125">
        <ele>3632.60009765625</ele>
        <time>2026-10-06T22:54:09.000Z</time>
        <extensions>
          <ns3:TrackPointExtension>
            <ns3:hr>147</ns3:hr>
            <ns3:cad>94</ns3:cad>
          </ns3:TrackPointExtension>
        </extensions>
      </trkpt>
      <trkpt lat="29.63578649796545505523681640625" lon="91.03301684372127056121826171875">
        <ele>3632.60009765625</ele>
        <time>2026-10-06T22:54:10.000Z</time>
        <extensions>
          <ns3:TrackPointExtension>
            <ns3:hr>147</ns3:hr>
            <ns3:cad>94</ns3:cad>
          </ns3:TrackPointExtension>
        </extensions>
      </trkpt>
      <trkpt lat="29.6358107216656208038330078125" lon="91.03301265276968479156494140625">
        <ele>3632.60009765625</ele>
        <time>2026-10-06T22:54:11.000Z</time>
        <extensions>
          <ns3:TrackPointExtension>
            <ns3:hr>147</ns3:hr>
            <ns3:cad>94</ns3:cad>
          </ns3:TrackPointExtension>
        </extensions>
      </trkpt>
      <trkpt lat="29.6358413994312286376953125" lon="91.03301097638905048370361328125">
        <ele>3632.60009765625</ele>
        <time>2026-10-06T22:54:12.000Z</time>
        <extensions>
          <ns3:TrackPointExtension>
            <ns3:hr>147</ns3:hr>
            <ns3:cad>93</ns3:cad>
          </ns3:TrackPointExtension>
        </extensions>
      </trkpt>
      <trkpt lat="29.63586763478815555572509765625" lon="91.0330083779990673065185546875">
        <ele>3632.60009765625</ele>
        <time>2026-10-06T22:54:13.000Z</time>
        <extensions>
          <ns3:TrackPointExtension>
            <ns3:hr>147</ns3:hr>
            <ns3:cad>93</ns3:cad>
          </ns3:TrackPointExtension>
        </extensions>
      </trkpt>
      <trkpt lat="29.6358958818018436431884765625" lon="91.03300494141876697540283203125">
        <ele>3632.800048828125</ele>
        <time>2026-10-06T22:54:14.000Z</time>
        <extensions>
          <ns3:TrackPointExtension>
            <ns3:hr>147</ns3:hr>
            <ns3:cad>94</ns3:cad>
          </ns3:TrackPointExtension>
        </extensions>
      </trkpt>
      <trkpt lat="29.63592496700584888458251953125" lon="91.0329983197152614593505859375">
        <ele>3632.800048828125</ele>
        <time>2026-10-06T22:54:15.000Z</time>
        <extensions>
          <ns3:TrackPointExtension>
            <ns3:hr>146</ns3:hr>
            <ns3:cad>94</ns3:cad>
          </ns3:TrackPointExtension>
        </extensions>
      </trkpt>
      <trkpt lat="29.6359505318105220794677734375" lon="91.0329872556030750274658203125">
        <ele>3632.800048828125</ele>
        <time>2026-10-06T22:54:16.000Z</time>
        <extensions>
          <ns3:TrackPointExtension>
            <ns3:hr>147</ns3:hr>
            <ns3:cad>94</ns3:cad>
          </ns3:TrackPointExtension>
        </extensions>
      </trkpt>
      <trkpt lat="29.63597006164491176605224609375" lon="91.0329627804458141326904296875">
        <ele>3632.800048828125</ele>
        <time>2026-10-06T22:54:17.000Z</time>
        <extensions>
          <ns3:TrackPointExtension>
            <ns3:hr>147</ns3:hr>
            <ns3:cad>93</ns3:cad>
          </ns3:TrackPointExtension>
        </extensions>
      </trkpt>
      <trkpt lat="29.63598615489900112152099609375" lon="91.03293813765048980712890625">
        <ele>3632.800048828125</ele>
        <time>2026-10-06T22:54:18.000Z</time>
        <extensions>
          <ns3:TrackPointExtension>
            <ns3:hr>147</ns3:hr>
            <ns3:cad>93</ns3:cad>
          </ns3:TrackPointExtension>
        </extensions>
      </trkpt>
      <trkpt lat="29.63599604554474353790283203125" lon="91.03290687315165996551513671875">
        <ele>3632.800048828125</ele>
        <time>2026-10-06T22:54:19.000Z</time>
        <extensions>
          <ns3:TrackPointExtension>
            <ns3:hr>147</ns3:hr>
            <ns3:cad>92</ns3:cad>
          </ns3:TrackPointExtension>
        </extensions>
      </trkpt>
      <trkpt lat="29.63599805720150470733642578125" lon="91.032873429358005523681640625">
        <ele>3632.60009765625</ele>
        <time>2026-10-06T22:54:20.000Z</time>
        <extensions>
          <ns3:TrackPointExtension>
            <ns3:hr>146</ns3:hr>
            <ns3:cad>92</ns3:cad>
          </ns3:TrackPointExtension>
        </extensions>
      </trkpt>
      <trkpt lat="29.6360078640282154083251953125" lon="91.03283294476568698883056640625">
        <ele>3632.60009765625</ele>
        <time>2026-10-06T22:54:21.000Z</time>
        <extensions>
          <ns3:TrackPointExtension>
            <ns3:hr>147</ns3:hr>
            <ns3:cad>91</ns3:cad>
          </ns3:TrackPointExtension>
        </extensions>
      </trkpt>
      <trkpt lat="29.63602068834006786346435546875" lon="91.03280142880976200103759765625">
        <ele>3632.60009765625</ele>
        <time>2026-10-06T22:54:22.000Z</time>
        <extensions>
          <ns3:TrackPointExtension>
            <ns3:hr>147</ns3:hr>
            <ns3:cad>92</ns3:cad>
          </ns3:TrackPointExtension>
        </extensions>
      </trkpt>
      <trkpt lat="29.636044912040233612060546875" lon="91.0327698290348052978515625">
        <ele>3632.60009765625</ele>
        <time>2026-10-06T22:54:23.000Z</time>
        <extensions>
          <ns3:TrackPointExtension>
            <ns3:hr>146</ns3:hr>
            <ns3:cad>92</ns3:cad>
          </ns3:TrackPointExtension>
        </extensions>
      </trkpt>
      <trkpt lat="29.6360668726265430450439453125" lon="91.032752059400081634521484375">
        <ele>3632.60009765625</ele>
        <time>2026-10-06T22:54:24.000Z</time>
        <extensions>
          <ns3:TrackPointExtension>
            <ns3:hr>146</ns3:hr>
            <ns3:cad>92</ns3:cad>
          </ns3:TrackPointExtension>
        </extensions>
      </trkpt>
      <trkpt lat="29.63609612546861171722412109375" lon="91.03273906745016574859619140625">
        <ele>3632.60009765625</ele>
        <time>2026-10-06T22:54:25.000Z</time>
        <extensions>
          <ns3:TrackPointExtension>
            <ns3:hr>146</ns3:hr>
            <ns3:cad>92</ns3:cad>
          </ns3:TrackPointExtension>
        </extensions>
      </trkpt>
      <trkpt lat="29.63611808605492115020751953125" lon="91.032728590071201324462890625">
        <ele>3632.60009765625</ele>
        <time>2026-10-06T22:54:26.000Z</time>
        <extensions>
          <ns3:TrackPointExtension>
            <ns3:hr>146</ns3:hr>
            <ns3:cad>92</ns3:cad>
          </ns3:TrackPointExtension>
        </extensions>
      </trkpt>
      <trkpt lat="29.63614457286894321441650390625" lon="91.0327210463583469390869140625">
        <ele>3632.60009765625</ele>
        <time>2026-10-06T22:54:27.000Z</time>
        <extensions>
          <ns3:TrackPointExtension>
            <ns3:hr>146</ns3:hr>
            <ns3:cad>92</ns3:cad>
          </ns3:TrackPointExtension>
        </extensions>
      </trkpt>
      <trkpt lat="29.636170305311679840087890625" lon="91.0327143408358097076416015625">
        <ele>3632.60009765625</ele>
        <time>2026-10-06T22:54:28.000Z</time>
        <extensions>
          <ns3:TrackPointExtension>
            <ns3:hr>146</ns3:hr>
            <ns3:cad>92</ns3:cad>
          </ns3:TrackPointExtension>
        </extensions>
      </trkpt>
      <trkpt lat="29.63619637303054332733154296875" lon="91.03270947933197021484375">
        <ele>3632.60009765625</ele>
        <time>2026-10-06T22:54:29.000Z</time>
        <extensions>
          <ns3:TrackPointExtension>
            <ns3:hr>146</ns3:hr>
            <ns3:cad>93</ns3:cad>
          </ns3:TrackPointExtension>
        </extensions>
      </trkpt>
      <trkpt lat="29.63622420094907283782958984375" lon="91.032701432704925537109375">
        <ele>3632.60009765625</ele>
        <time>2026-10-06T22:54:30.000Z</time>
        <extensions>
          <ns3:TrackPointExtension>
            <ns3:hr>146</ns3:hr>
            <ns3:cad>93</ns3:cad>
          </ns3:TrackPointExtension>
        </extensions>
      </trkpt>
      <trkpt lat="29.6362462453544139862060546875" lon="91.03269732557237148284912109375">
        <ele>3632.60009765625</ele>
        <time>2026-10-06T22:54:31.000Z</time>
        <extensions>
          <ns3:TrackPointExtension>
            <ns3:hr>146</ns3:hr>
            <ns3:cad>94</ns3:cad>
          </ns3:TrackPointExtension>
        </extensions>
      </trkpt>
      <trkpt lat="29.63627499528229236602783203125" lon="91.0326912067830562591552734375">
        <ele>3632.60009765625</ele>
        <time>2026-10-06T22:54:32.000Z</time>
        <extensions>
          <ns3:TrackPointExtension>
            <ns3:hr>146</ns3:hr>
            <ns3:cad>94</ns3:cad>
          </ns3:TrackPointExtension>
        </extensions>
      </trkpt>
      <trkpt lat="29.6362968720495700836181640625" lon="91.03268441744148731231689453125">
        <ele>3632.60009765625</ele>
        <time>2026-10-06T22:54:33.000Z</time>
        <extensions>
          <ns3:TrackPointExtension>
            <ns3:hr>146</ns3:hr>
            <ns3:cad>93</ns3:cad>
          </ns3:TrackPointExtension>
        </extensions>
      </trkpt>
      <trkpt lat="29.63632461614906787872314453125" lon="91.0326771251857280731201171875">
        <ele>3632.39990234375</ele>
        <time>2026-10-06T22:54:34.000Z</time>
        <extensions>
          <ns3:TrackPointExtension>
            <ns3:hr>146</ns3:hr>
            <ns3:cad>93</ns3:cad>
          </ns3:TrackPointExtension>
        </extensions>
      </trkpt>
      <trkpt lat="29.6363491751253604888916015625" lon="91.0326697491109371185302734375">
        <ele>3632.39990234375</ele>
        <time>2026-10-06T22:54:35.000Z</time>
        <extensions>
          <ns3:TrackPointExtension>
            <ns3:hr>146</ns3:hr>
            <ns3:cad>94</ns3:cad>
          </ns3:TrackPointExtension>
        </extensions>
      </trkpt>
      <trkpt lat="29.636376835405826568603515625" lon="91.03266111575067043304443359375">
        <ele>3632.39990234375</ele>
        <time>2026-10-06T22:54:36.000Z</time>
        <extensions>
          <ns3:TrackPointExtension>
            <ns3:hr>146</ns3:hr>
            <ns3:cad>94</ns3:cad>
          </ns3:TrackPointExtension>
        </extensions>
      </trkpt>
      <trkpt lat="29.63640390895307064056396484375" lon="91.03265658952295780181884765625">
        <ele>3632.60009765625</ele>
        <time>2026-10-06T22:54:37.000Z</time>
        <extensions>
          <ns3:TrackPointExtension>
            <ns3:hr>146</ns3:hr>
            <ns3:cad>93</ns3:cad>
          </ns3:TrackPointExtension>
        </extensions>
      </trkpt>
      <trkpt lat="29.6364269591867923736572265625" lon="91.03265759535133838653564453125">
        <ele>3632.60009765625</ele>
        <time>2026-10-06T22:54:38.000Z</time>
        <extensions>
          <ns3:TrackPointExtension>
            <ns3:hr>146</ns3:hr>
            <ns3:cad>93</ns3:cad>
          </ns3:TrackPointExtension>
        </extensions>
      </trkpt>
      <trkpt lat="29.6364531107246875762939453125" lon="91.03265323676168918609619140625">
        <ele>3632.39990234375</ele>
        <time>2026-10-06T22:54:39.000Z</time>
        <extensions>
          <ns3:TrackPointExtension>
            <ns3:hr>146</ns3:hr>
            <ns3:cad>93</ns3:cad>
          </ns3:TrackPointExtension>
        </extensions>
      </trkpt>
      <trkpt lat="29.63647347874939441680908203125" lon="91.03264577686786651611328125">
        <ele>3632.39990234375</ele>
        <time>2026-10-06T22:54:40.000Z</time>
        <extensions>
          <ns3:TrackPointExtension>
            <ns3:hr>146</ns3:hr>
            <ns3:cad>93</ns3:cad>
          </ns3:TrackPointExtension>
        </extensions>
      </trkpt>
      <trkpt lat="29.63650315068662166595458984375" lon="91.03263697586953639984130859375">
        <ele>3632.39990234375</ele>
        <time>2026-10-06T22:54:41.000Z</time>
        <extensions>
          <ns3:TrackPointExtension>
            <ns3:hr>146</ns3:hr>
            <ns3:cad>93</ns3:cad>
          </ns3:TrackPointExtension>
        </extensions>
      </trkpt>
      <trkpt lat="29.63653047569096088409423828125" lon="91.03263060562312602996826171875">
        <ele>3632.39990234375</ele>
        <time>2026-10-06T22:54:42.000Z</time>
        <extensions>
          <ns3:TrackPointExtension>
            <ns3:hr>146</ns3:hr>
            <ns3:cad>93</ns3:cad>
          </ns3:TrackPointExtension>
        </extensions>
      </trkpt>
      <trkpt lat="29.63656098581850528717041015625" lon="91.0326311923563480377197265625">
        <ele>3632.39990234375</ele>
        <time>2026-10-06T22:54:43.000Z</time>
        <extensions>
          <ns3:TrackPointExtension>
            <ns3:hr>147</ns3:hr>
            <ns3:cad>94</ns3:cad>
          </ns3:TrackPointExtension>
        </extensions>
      </trkpt>
      <trkpt lat="29.63658914901316165924072265625" lon="91.0326288454234600067138671875">
        <ele>3632.39990234375</ele>
        <time>2026-10-06T22:54:44.000Z</time>
        <extensions>
          <ns3:TrackPointExtension>
            <ns3:hr>147</ns3:hr>
            <ns3:cad>94</ns3:cad>
          </ns3:TrackPointExtension>
        </extensions>
      </trkpt>
      <trkpt lat="29.63661479763686656951904296875" lon="91.0326254926621913909912109375">
        <ele>3632.60009765625</ele>
        <time>2026-10-06T22:54:45.000Z</time>
        <extensions>
          <ns3:TrackPointExtension>
            <ns3:hr>147</ns3:hr>
            <ns3:cad>94</ns3:cad>
          </ns3:TrackPointExtension>
        </extensions>
      </trkpt>
      <trkpt lat="29.63664078153669834136962890625" lon="91.0326187871396541595458984375">
        <ele>3632.39990234375</ele>
        <time>2026-10-06T22:54:46.000Z</time>
        <extensions>
          <ns3:TrackPointExtension>
            <ns3:hr>146</ns3:hr>
            <ns3:cad>94</ns3:cad>
          </ns3:TrackPointExtension>
        </extensions>
      </trkpt>
      <trkpt lat="29.63666525669395923614501953125" lon="91.03261266835033893585205078125">
        <ele>3632.39990234375</ele>
        <time>2026-10-06T22:54:47.000Z</time>
        <extensions>
          <ns3:TrackPointExtension>
            <ns3:hr>147</ns3:hr>
            <ns3:cad>94</ns3:cad>
          </ns3:TrackPointExtension>
        </extensions>
      </trkpt>
      <trkpt lat="29.6366938389837741851806640625" lon="91.032605879008769989013671875">
        <ele>3632.39990234375</ele>
        <time>2026-10-06T22:54:48.000Z</time>
        <extensions>
          <ns3:TrackPointExtension>
            <ns3:hr>147</ns3:hr>
            <ns3:cad>94</ns3:cad>
          </ns3:TrackPointExtension>
        </extensions>
      </trkpt>
      <trkpt lat="29.63671890087425708770751953125" lon="91.0326010175049304962158203125">
        <ele>3632.39990234375</ele>
        <time>2026-10-06T22:54:49.000Z</time>
        <extensions>
          <ns3:TrackPointExtension>
            <ns3:hr>147</ns3:hr>
            <ns3:cad>94</ns3:cad>
          </ns3:TrackPointExtension>
        </extensions>
      </trkpt>
      <trkpt lat="29.63674790225923061370849609375" lon="91.032592467963695526123046875">
        <ele>3632.39990234375</ele>
        <time>2026-10-06T22:54:50.000Z</time>
        <extensions>
          <ns3:TrackPointExtension>
            <ns3:hr>146</ns3:hr>
            <ns3:cad>93</ns3:cad>
          </ns3:TrackPointExtension>
        </extensions>
      </trkpt>
      <trkpt lat="29.63677170686423778533935546875" lon="91.03258903138339519500732421875">
        <ele>3632.39990234375</ele>
        <time>2026-10-06T22:54:51.000Z</time>
        <extensions>
          <ns3:TrackPointExtension>
            <ns3:hr>147</ns3:hr>
            <ns3:cad>93</ns3:cad>
          </ns3:TrackPointExtension>
        </extensions>
      </trkpt>
      <trkpt lat="29.6368024684488773345947265625" lon="91.03259037248790264129638671875">
        <ele>3632.199951171875</ele>
        <time>2026-10-06T22:54:52.000Z</time>
        <extensions>
          <ns3:TrackPointExtension>
            <ns3:hr>146</ns3:hr>
            <ns3:cad>93</ns3:cad>
          </ns3:TrackPointExtension>
        </extensions>
      </trkpt>
      <trkpt lat="29.636828117072582244873046875" lon="91.03258400224149227142333984375">
        <ele>3632.199951171875</ele>
        <time>2026-10-06T22:54:53.000Z</time>
        <extensions>
          <ns3:TrackPointExtension>
            <ns3:hr>147</ns3:hr>
            <ns3:cad>94</ns3:cad>
          </ns3:TrackPointExtension>
        </extensions>
      </trkpt>
      <trkpt lat="29.63685854338109493255615234375" lon="91.03258249349892139434814453125">
        <ele>3632.199951171875</ele>
        <time>2026-10-06T22:54:54.000Z</time>
        <extensions>
          <ns3:TrackPointExtension>
            <ns3:hr>147</ns3:hr>
            <ns3:cad>94</ns3:cad>
          </ns3:TrackPointExtension>
        </extensions>
      </trkpt>
      <trkpt lat="29.63689089752733707427978515625" lon="91.0325805656611919403076171875">
        <ele>3632.199951171875</ele>
        <time>2026-10-06T22:54:55.000Z</time>
        <extensions>
          <ns3:TrackPointExtension>
            <ns3:hr>147</ns3:hr>
            <ns3:cad>94</ns3:cad>
          </ns3:TrackPointExtension>
        </extensions>
      </trkpt>
      <trkpt lat="29.63691629469394683837890625" lon="91.03257830254733562469482421875">
        <ele>3632.199951171875</ele>
        <time>2026-10-06T22:54:56.000Z</time>
        <extensions>
          <ns3:TrackPointExtension>
            <ns3:hr>146</ns3:hr>
            <ns3:cad>94</ns3:cad>
          </ns3:TrackPointExtension>
        </extensions>
      </trkpt>
      <trkpt lat="29.63694512844085693359375" lon="91.0325740277767181396484375">
        <ele>3632</ele>
        <time>2026-10-06T22:54:57.000Z</time>
        <extensions>
          <ns3:TrackPointExtension>
            <ns3:hr>146</ns3:hr>
            <ns3:cad>94</ns3:cad>
          </ns3:TrackPointExtension>
        </extensions>
      </trkpt>
      <trkpt lat="29.63696750812232494354248046875" lon="91.03256992064416408538818359375">
        <ele>3632</ele>
        <time>2026-10-06T22:54:58.000Z</time>
        <extensions>
          <ns3:TrackPointExtension>
            <ns3:hr>146</ns3:hr>
            <ns3:cad>95</ns3:cad>
          </ns3:TrackPointExtension>
        </extensions>
      </trkpt>
      <trkpt lat="29.63699650950729846954345703125" lon="91.03256774134933948516845703125">
        <ele>3632</ele>
        <time>2026-10-06T22:54:59.000Z</time>
        <extensions>
          <ns3:TrackPointExtension>
            <ns3:hr>146</ns3:hr>
            <ns3:cad>94</ns3:cad>
          </ns3:TrackPointExtension>
        </extensions>
      </trkpt>
      <trkpt lat="29.63701746426522731781005859375" lon="91.032562293112277984619140625">
        <ele>3632.199951171875</ele>
        <time>2026-10-06T22:55:00.000Z</time>
        <extensions>
          <ns3:TrackPointExtension>
            <ns3:hr>146</ns3:hr>
            <ns3:cad>95</ns3:cad>
          </ns3:TrackPointExtension>
        </extensions>
      </trkpt>
      <trkpt lat="29.6370457112789154052734375" lon="91.03255667723715305328369140625">
        <ele>3632.199951171875</ele>
        <time>2026-10-06T22:55:01.000Z</time>
        <extensions>
          <ns3:TrackPointExtension>
            <ns3:hr>145</ns3:hr>
            <ns3:cad>94</ns3:cad>
          </ns3:TrackPointExtension>
        </extensions>
      </trkpt>
      <trkpt lat="29.63707186281681060791015625" lon="91.03255382739007472991943359375">
        <ele>3632.199951171875</ele>
        <time>2026-10-06T22:55:02.000Z</time>
        <extensions>
          <ns3:TrackPointExtension>
            <ns3:hr>145</ns3:hr>
            <ns3:cad>93</ns3:cad>
          </ns3:TrackPointExtension>
        </extensions>
      </trkpt>
      <trkpt lat="29.63709491305053234100341796875" lon="91.0325477086007595062255859375">
        <ele>3632.199951171875</ele>
        <time>2026-10-06T22:55:03.000Z</time>
        <extensions>
          <ns3:TrackPointExtension>
            <ns3:hr>146</ns3:hr>
            <ns3:cad>93</ns3:cad>
          </ns3:TrackPointExtension>
        </extensions>
      </trkpt>
      <trkpt lat="29.63712257333099842071533203125" lon="91.0325443558394908905029296875">
        <ele>3632.199951171875</ele>
        <time>2026-10-06T22:55:04.000Z</time>
        <extensions>
          <ns3:TrackPointExtension>
            <ns3:hr>145</ns3:hr>
            <ns3:cad>94</ns3:cad>
          </ns3:TrackPointExtension>
        </extensions>
      </trkpt>
      <trkpt lat="29.637145958840847015380859375" lon="91.032534129917621612548828125">
        <ele>3632</ele>
        <time>2026-10-06T22:55:05.000Z</time>
        <extensions>
          <ns3:TrackPointExtension>
            <ns3:hr>145</ns3:hr>
            <ns3:cad>94</ns3:cad>
          </ns3:TrackPointExtension>
        </extensions>
      </trkpt>
      <trkpt lat="29.63717437349259853363037109375" lon="91.03253086097538471221923828125">
        <ele>3632.199951171875</ele>
        <time>2026-10-06T22:55:06.000Z</time>
        <extensions>
          <ns3:TrackPointExtension>
            <ns3:hr>145</ns3:hr>
            <ns3:cad>94</ns3:cad>
          </ns3:TrackPointExtension>
        </extensions>
      </trkpt>
      <trkpt lat="29.6371974237263202667236328125" lon="91.03252465836703777313232421875">
        <ele>3632.199951171875</ele>
        <time>2026-10-06T22:55:07.000Z</time>
        <extensions>
          <ns3:TrackPointExtension>
            <ns3:hr>145</ns3:hr>
            <ns3:cad>94</ns3:cad>
          </ns3:TrackPointExtension>
        </extensions>
      </trkpt>
      <trkpt lat="29.63722382672131061553955078125" lon="91.03252432309091091156005859375">
        <ele>3632.199951171875</ele>
        <time>2026-10-06T22:55:08.000Z</time>
        <extensions>
          <ns3:TrackPointExtension>
            <ns3:hr>145</ns3:hr>
            <ns3:cad>93</ns3:cad>
          </ns3:TrackPointExtension>
        </extensions>
      </trkpt>
      <trkpt lat="29.6372503973543643951416015625" lon="91.0325228981673717498779296875">
        <ele>3632.199951171875</ele>
        <time>2026-10-06T22:55:09.000Z</time>
        <extensions>
          <ns3:TrackPointExtension>
            <ns3:hr>145</ns3:hr>
            <ns3:cad>93</ns3:cad>
          </ns3:TrackPointExtension>
        </extensions>
      </trkpt>
      <trkpt lat="29.63727395050227642059326171875" lon="91.03251946158707141876220703125">
        <ele>3632.199951171875</ele>
        <time>2026-10-06T22:55:10.000Z</time>
        <extensions>
          <ns3:TrackPointExtension>
            <ns3:hr>146</ns3:hr>
            <ns3:cad>93</ns3:cad>
          </ns3:TrackPointExtension>
        </extensions>
      </trkpt>
      <trkpt lat="29.637301526963710784912109375" lon="91.0325168631970882415771484375">
        <ele>3632.199951171875</ele>
        <time>2026-10-06T22:55:11.000Z</time>
        <extensions>
          <ns3:TrackPointExtension>
            <ns3:hr>145</ns3:hr>
            <ns3:cad>93</ns3:cad>
          </ns3:TrackPointExtension>
        </extensions>
      </trkpt>
      <trkpt lat="29.6373241581022739410400390625" lon="91.03251040913164615631103515625">
        <ele>3632.199951171875</ele>
        <time>2026-10-06T22:55:12.000Z</time>
        <extensions>
          <ns3:TrackPointExtension>
            <ns3:hr>145</ns3:hr>
            <ns3:cad>93</ns3:cad>
          </ns3:TrackPointExtension>
        </extensions>
      </trkpt>
      <trkpt lat="29.63735123164951801300048828125" lon="91.03250001557171344757080078125">
        <ele>3632.199951171875</ele>
        <time>2026-10-06T22:55:13.000Z</time>
        <extensions>
          <ns3:TrackPointExtension>
            <ns3:hr>145</ns3:hr>
            <ns3:cad>93</ns3:cad>
          </ns3:TrackPointExtension>
        </extensions>
      </trkpt>
      <trkpt lat="29.63736958801746368408203125" lon="91.03249423205852508544921875">
        <ele>3632</ele>
        <time>2026-10-06T22:55:14.000Z</time>
        <extensions>
          <ns3:TrackPointExtension>
            <ns3:hr>146</ns3:hr>
            <ns3:cad>93</ns3:cad>
          </ns3:TrackPointExtension>
        </extensions>
      </trkpt>
      <trkpt lat="29.63739573955535888671875" lon="91.032489873468875885009765625">
        <ele>3632</ele>
        <time>2026-10-06T22:55:15.000Z</time>
        <extensions>
          <ns3:TrackPointExtension>
            <ns3:hr>145</ns3:hr>
            <ns3:cad>93</ns3:cad>
          </ns3:TrackPointExtension>
        </extensions>
      </trkpt>
      <trkpt lat="29.63741878978908061981201171875" lon="91.03248174302279949188232421875">
        <ele>3632</ele>
        <time>2026-10-06T22:55:16.000Z</time>
        <extensions>
          <ns3:TrackPointExtension>
            <ns3:hr>145</ns3:hr>
            <ns3:cad>93</ns3:cad>
          </ns3:TrackPointExtension>
        </extensions>
      </trkpt>
      <trkpt lat="29.63744494132697582244873046875" lon="91.0324796475470066070556640625">
        <ele>3632.199951171875</ele>
        <time>2026-10-06T22:55:17.000Z</time>
        <extensions>
          <ns3:TrackPointExtension>
            <ns3:hr>145</ns3:hr>
            <ns3:cad>93</ns3:cad>
          </ns3:TrackPointExtension>
        </extensions>
      </trkpt>
      <trkpt lat="29.63747075758874416351318359375" lon="91.03247587569057941436767578125">
        <ele>3632.199951171875</ele>
        <time>2026-10-06T22:55:18.000Z</time>
        <extensions>
          <ns3:TrackPointExtension>
            <ns3:hr>145</ns3:hr>
            <ns3:cad>94</ns3:cad>
          </ns3:TrackPointExtension>
        </extensions>
      </trkpt>
      <trkpt lat="29.6374928019940853118896484375" lon="91.0324695892632007598876953125">
        <ele>3632.199951171875</ele>
        <time>2026-10-06T22:55:19.000Z</time>
        <extensions>
          <ns3:TrackPointExtension>
            <ns3:hr>145</ns3:hr>
            <ns3:cad>93</ns3:cad>
          </ns3:TrackPointExtension>
        </extensions>
      </trkpt>
      <trkpt lat="29.63752222247421741485595703125" lon="91.0324642248451709747314453125">
        <ele>3632.199951171875</ele>
        <time>2026-10-06T22:55:20.000Z</time>
        <extensions>
          <ns3:TrackPointExtension>
            <ns3:hr>145</ns3:hr>
            <ns3:cad>93</ns3:cad>
          </ns3:TrackPointExtension>
        </extensions>
      </trkpt>
      <trkpt lat="29.637548960745334625244140625" lon="91.03246263228356838226318359375">
        <ele>3632</ele>
        <time>2026-10-06T22:55:21.000Z</time>
        <extensions>
          <ns3:TrackPointExtension>
            <ns3:hr>145</ns3:hr>
            <ns3:cad>94</ns3:cad>
          </ns3:TrackPointExtension>
        </extensions>
      </trkpt>
      <trkpt lat="29.637579135596752166748046875" lon="91.0324575193226337432861328125">
        <ele>3632</ele>
        <time>2026-10-06T22:55:22.000Z</time>
        <extensions>
          <ns3:TrackPointExtension>
            <ns3:hr>146</ns3:hr>
            <ns3:cad>94</ns3:cad>
          </ns3:TrackPointExtension>
        </extensions>
      </trkpt>
      <trkpt lat="29.63760402984917163848876953125" lon="91.0324484668672084808349609375">
        <ele>3632</ele>
        <time>2026-10-06T22:55:23.000Z</time>
        <extensions>
          <ns3:TrackPointExtension>
            <ns3:hr>146</ns3:hr>
            <ns3:cad>93</ns3:cad>
          </ns3:TrackPointExtension>
        </extensions>
      </trkpt>
      <trkpt lat="29.637632779777050018310546875" lon="91.03244804777204990386962890625">
        <ele>3632</ele>
        <time>2026-10-06T22:55:24.000Z</time>
        <extensions>
          <ns3:TrackPointExtension>
            <ns3:hr>145</ns3:hr>
            <ns3:cad>93</ns3:cad>
          </ns3:TrackPointExtension>
        </extensions>
      </trkpt>
      <trkpt lat="29.6376621164381504058837890625" lon="91.03244368918240070343017578125">
        <ele>3632</ele>
        <time>2026-10-06T22:55:25.000Z</time>
        <extensions>
          <ns3:TrackPointExtension>
            <ns3:hr>145</ns3:hr>
            <ns3:cad>94</ns3:cad>
          </ns3:TrackPointExtension>
        </extensions>
      </trkpt>
      <trkpt lat="29.637685753405094146728515625" lon="91.0324370674788951873779296875">
        <ele>3632</ele>
        <time>2026-10-06T22:55:26.000Z</time>
        <extensions>
          <ns3:TrackPointExtension>
            <ns3:hr>145</ns3:hr>
            <ns3:cad>94</ns3:cad>
          </ns3:TrackPointExtension>
        </extensions>
      </trkpt>
      <trkpt lat="29.637718610465526580810546875" lon="91.03243052959442138671875">
        <ele>3632</ele>
        <time>2026-10-06T22:55:27.000Z</time>
        <extensions>
          <ns3:TrackPointExtension>
            <ns3:hr>144</ns3:hr>
            <ns3:cad>94</ns3:cad>
          </ns3:TrackPointExtension>
        </extensions>
      </trkpt>
      <trkpt lat="29.63774099014699459075927734375" lon="91.0324213095009326934814453125">
        <ele>3632</ele>
        <time>2026-10-06T22:55:28.000Z</time>
        <extensions>
          <ns3:TrackPointExtension>
            <ns3:hr>144</ns3:hr>
            <ns3:cad>93</ns3:cad>
          </ns3:TrackPointExtension>
        </extensions>
      </trkpt>
      <trkpt lat="29.637770242989063262939453125" lon="91.03241602890193462371826171875">
        <ele>3632</ele>
        <time>2026-10-06T22:55:29.000Z</time>
        <extensions>
          <ns3:TrackPointExtension>
            <ns3:hr>145</ns3:hr>
            <ns3:cad>93</ns3:cad>
          </ns3:TrackPointExtension>
        </extensions>
      </trkpt>
      <trkpt lat="29.6377975679934024810791015625" lon="91.03240907192230224609375">
        <ele>3632</ele>
        <time>2026-10-06T22:55:30.000Z</time>
        <extensions>
          <ns3:TrackPointExtension>
            <ns3:hr>145</ns3:hr>
            <ns3:cad>94</ns3:cad>
          </ns3:TrackPointExtension>
        </extensions>
      </trkpt>
      <trkpt lat="29.63782363571226596832275390625" lon="91.0324068926274776458740234375">
        <ele>3632</ele>
        <time>2026-10-06T22:55:31.000Z</time>
        <extensions>
          <ns3:TrackPointExtension>
            <ns3:hr>145</ns3:hr>
            <ns3:cad>94</ns3:cad>
          </ns3:TrackPointExtension>
        </extensions>
      </trkpt>
      <trkpt lat="29.63785372674465179443359375" lon="91.03240261785686016082763671875">
        <ele>3632</ele>
        <time>2026-10-06T22:55:32.000Z</time>
        <extensions>
          <ns3:TrackPointExtension>
            <ns3:hr>145</ns3:hr>
            <ns3:cad>93</ns3:cad>
          </ns3:TrackPointExtension>
        </extensions>
      </trkpt>
      <trkpt lat="29.63787761516869068145751953125" lon="91.0323978401720523834228515625">
        <ele>3632</ele>
        <time>2026-10-06T22:55:33.000Z</time>
        <extensions>
          <ns3:TrackPointExtension>
            <ns3:hr>145</ns3:hr>
            <ns3:cad>93</ns3:cad>
          </ns3:TrackPointExtension>
        </extensions>
      </trkpt>
      <trkpt lat="29.63790510781109333038330078125" lon="91.03239222429692745208740234375">
        <ele>3632</ele>
        <time>2026-10-06T22:55:34.000Z</time>
        <extensions>
          <ns3:TrackPointExtension>
            <ns3:hr>145</ns3:hr>
            <ns3:cad>93</ns3:cad>
          </ns3:TrackPointExtension>
        </extensions>
      </trkpt>
      <trkpt lat="29.63792824186384677886962890625" lon="91.0323871113359928131103515625">
        <ele>3632</ele>
        <time>2026-10-06T22:55:35.000Z</time>
        <extensions>
          <ns3:TrackPointExtension>
            <ns3:hr>145</ns3:hr>
            <ns3:cad>94</ns3:cad>
          </ns3:TrackPointExtension>
        </extensions>
      </trkpt>
      <trkpt lat="29.6379564888775348663330078125" lon="91.0323840938508510589599609375">
        <ele>3632</ele>
        <time>2026-10-06T22:55:36.000Z</time>
        <extensions>
          <ns3:TrackPointExtension>
            <ns3:hr>145</ns3:hr>
            <ns3:cad>94</ns3:cad>
          </ns3:TrackPointExtension>
        </extensions>
      </trkpt>
      <trkpt lat="29.63798113167285919189453125" lon="91.03238233365118503570556640625">
        <ele>3632</ele>
        <time>2026-10-06T22:55:37.000Z</time>
        <extensions>
          <ns3:TrackPointExtension>
            <ns3:hr>146</ns3:hr>
            <ns3:cad>94</ns3:cad>
          </ns3:TrackPointExtension>
        </extensions>
      </trkpt>
      <trkpt lat="29.63800719939172267913818359375" lon="91.03237864561378955841064453125">
        <ele>3632</ele>
        <time>2026-10-06T22:55:38.000Z</time>
        <extensions>
          <ns3:TrackPointExtension>
            <ns3:hr>145</ns3:hr>
            <ns3:cad>94</ns3:cad>
          </ns3:TrackPointExtension>
        </extensions>
      </trkpt>
      <trkpt lat="29.63803217746317386627197265625" lon="91.0323730297386646270751953125">
        <ele>3632</ele>
        <time>2026-10-06T22:55:39.000Z</time>
        <extensions>
          <ns3:TrackPointExtension>
            <ns3:hr>145</ns3:hr>
            <ns3:cad>93</ns3:cad>
          </ns3:TrackPointExtension>
        </extensions>
      </trkpt>
      <trkpt lat="29.638055898249149322509765625" lon="91.0323690064251422882080078125">
        <ele>3632</ele>
        <time>2026-10-06T22:55:40.000Z</time>
        <extensions>
          <ns3:TrackPointExtension>
            <ns3:hr>145</ns3:hr>
            <ns3:cad>93</ns3:cad>
          </ns3:TrackPointExtension>
        </extensions>
      </trkpt>
      <trkpt lat="29.63808280415832996368408203125" lon="91.03236506693065166473388671875">
        <ele>3631.800048828125</ele>
        <time>2026-10-06T22:55:41.000Z</time>
        <extensions>
          <ns3:TrackPointExtension>
            <ns3:hr>145</ns3:hr>
            <ns3:cad>93</ns3:cad>
          </ns3:TrackPointExtension>
        </extensions>
      </trkpt>
      <trkpt lat="29.63810476474463939666748046875" lon="91.03235601447522640228271484375">
        <ele>3631.800048828125</ele>
        <time>2026-10-06T22:55:42.000Z</time>
        <extensions>
          <ns3:TrackPointExtension>
            <ns3:hr>145</ns3:hr>
            <ns3:cad>95</ns3:cad>
          </ns3:TrackPointExtension>
        </extensions>
      </trkpt>
      <trkpt lat="29.63813443668186664581298828125" lon="91.03235132060945034027099609375">
        <ele>3631.800048828125</ele>
        <time>2026-10-06T22:55:43.000Z</time>
        <extensions>
          <ns3:TrackPointExtension>
            <ns3:hr>145</ns3:hr>
            <ns3:cad>95</ns3:cad>
          </ns3:TrackPointExtension>
        </extensions>
      </trkpt>
      <trkpt lat="29.63815874420106410980224609375" lon="91.03234327398240566253662109375">
        <ele>3631.800048828125</ele>
        <time>2026-10-06T22:55:44.000Z</time>
        <extensions>
          <ns3:TrackPointExtension>
            <ns3:hr>146</ns3:hr>
            <ns3:cad>94</ns3:cad>
          </ns3:TrackPointExtension>
        </extensions>
      </trkpt>
      <trkpt lat="29.63818640448153018951416015625" lon="91.03234109468758106231689453125">
        <ele>3631.800048828125</ele>
        <time>2026-10-06T22:55:45.000Z</time>
        <extensions>
          <ns3:TrackPointExtension>
            <ns3:hr>145</ns3:hr>
            <ns3:cad>94</ns3:cad>
          </ns3:TrackPointExtension>
        </extensions>
      </trkpt>
      <trkpt lat="29.6382153220474720001220703125" lon="91.03233740665018558502197265625">
        <ele>3631.800048828125</ele>
        <time>2026-10-06T22:55:46.000Z</time>
        <extensions>
          <ns3:TrackPointExtension>
            <ns3:hr>145</ns3:hr>
            <ns3:cad>95</ns3:cad>
          </ns3:TrackPointExtension>
        </extensions>
      </trkpt>
      <trkpt lat="29.638240970671176910400390625" lon="91.03233371861279010772705078125">
        <ele>3631.800048828125</ele>
        <time>2026-10-06T22:55:47.000Z</time>
        <extensions>
          <ns3:TrackPointExtension>
            <ns3:hr>146</ns3:hr>
            <ns3:cad>95</ns3:cad>
          </ns3:TrackPointExtension>
        </extensions>
      </trkpt>
      <trkpt lat="29.638271816074848175048828125" lon="91.03233019821345806121826171875">
        <ele>3631.800048828125</ele>
        <time>2026-10-06T22:55:48.000Z</time>
        <extensions>
          <ns3:TrackPointExtension>
            <ns3:hr>145</ns3:hr>
            <ns3:cad>95</ns3:cad>
          </ns3:TrackPointExtension>
        </extensions>
      </trkpt>
      <trkpt lat="29.638294614851474761962890625" lon="91.032323576509952545166015625">
        <ele>3631.800048828125</ele>
        <time>2026-10-06T22:55:49.000Z</time>
        <extensions>
          <ns3:TrackPointExtension>
            <ns3:hr>145</ns3:hr>
            <ns3:cad>94</ns3:cad>
          </ns3:TrackPointExtension>
        </extensions>
      </trkpt>
      <trkpt lat="29.63832152076065540313720703125" lon="91.03231712244451045989990234375">
        <ele>3632</ele>
        <time>2026-10-06T22:55:50.000Z</time>
        <extensions>
          <ns3:TrackPointExtension>
            <ns3:hr>146</ns3:hr>
            <ns3:cad>95</ns3:cad>
          </ns3:TrackPointExtension>
        </extensions>
      </trkpt>
      <trkpt lat="29.6383437328040599822998046875" lon="91.03230957873165607452392578125">
        <ele>3632</ele>
        <time>2026-10-06T22:55:51.000Z</time>
        <extensions>
          <ns3:TrackPointExtension>
            <ns3:hr>145</ns3:hr>
            <ns3:cad>94</ns3:cad>
          </ns3:TrackPointExtension>
        </extensions>
      </trkpt>
      <trkpt lat="29.63837206363677978515625" lon="91.032304465770721435546875">
        <ele>3631.800048828125</ele>
        <time>2026-10-06T22:55:52.000Z</time>
        <extensions>
          <ns3:TrackPointExtension>
            <ns3:hr>145</ns3:hr>
            <ns3:cad>93</ns3:cad>
          </ns3:TrackPointExtension>
        </extensions>
      </trkpt>
      <trkpt lat="29.6383936889469623565673828125" lon="91.032296754419803619384765625">
        <ele>3631.800048828125</ele>
        <time>2026-10-06T22:55:53.000Z</time>
        <extensions>
          <ns3:TrackPointExtension>
            <ns3:hr>146</ns3:hr>
            <ns3:cad>92</ns3:cad>
          </ns3:TrackPointExtension>
        </extensions>
      </trkpt>
      <trkpt lat="29.63841992430388927459716796875" lon="91.03229348547756671905517578125">
        <ele>3631.800048828125</ele>
        <time>2026-10-06T22:55:54.000Z</time>
        <extensions>
          <ns3:TrackPointExtension>
            <ns3:hr>145</ns3:hr>
            <ns3:cad>92</ns3:cad>
          </ns3:TrackPointExtension>
        </extensions>
      </trkpt>
      <trkpt lat="29.6384496800601482391357421875" lon="91.03228845633566379547119140625">
        <ele>3631.800048828125</ele>
        <time>2026-10-06T22:55:55.000Z</time>
        <extensions>
          <ns3:TrackPointExtension>
            <ns3:hr>145</ns3:hr>
            <ns3:cad>93</ns3:cad>
          </ns3:TrackPointExtension>
        </extensions>
      </trkpt>
      <trkpt lat="29.63847306556999683380126953125" lon="91.0322831757366657257080078125">
        <ele>3631.60009765625</ele>
        <time>2026-10-06T22:55:56.000Z</time>
        <extensions>
          <ns3:TrackPointExtension>
            <ns3:hr>145</ns3:hr>
            <ns3:cad>94</ns3:cad>
          </ns3:TrackPointExtension>
        </extensions>
      </trkpt>
      <trkpt lat="29.63850424624979496002197265625" lon="91.0322774760425090789794921875">
        <ele>3631.60009765625</ele>
        <time>2026-10-06T22:55:57.000Z</time>
        <extensions>
          <ns3:TrackPointExtension>
            <ns3:hr>145</ns3:hr>
            <ns3:cad>95</ns3:cad>
          </ns3:TrackPointExtension>
        </extensions>
      </trkpt>
      <trkpt lat="29.63852654211223125457763671875" lon="91.03226959705352783203125">
        <ele>3631.60009765625</ele>
        <time>2026-10-06T22:55:58.000Z</time>
        <extensions>
          <ns3:TrackPointExtension>
            <ns3:hr>145</ns3:hr>
            <ns3:cad>95</ns3:cad>
          </ns3:TrackPointExtension>
        </extensions>
      </trkpt>
      <trkpt lat="29.63855738751590251922607421875" lon="91.0322670824825763702392578125">
        <ele>3631.60009765625</ele>
        <time>2026-10-06T22:55:59.000Z</time>
        <extensions>
          <ns3:TrackPointExtension>
            <ns3:hr>145</ns3:hr>
            <ns3:cad>95</ns3:cad>
          </ns3:TrackPointExtension>
        </extensions>
      </trkpt>
      <trkpt lat="29.638582952320575714111328125" lon="91.03226230479776859283447265625">
        <ele>3631.800048828125</ele>
        <time>2026-10-06T22:56:00.000Z</time>
        <extensions>
          <ns3:TrackPointExtension>
            <ns3:hr>145</ns3:hr>
            <ns3:cad>95</ns3:cad>
          </ns3:TrackPointExtension>
        </extensions>
      </trkpt>
      <trkpt lat="29.6386089362204074859619140625" lon="91.03225777857005596160888671875">
        <ele>3631.800048828125</ele>
        <time>2026-10-06T22:56:01.000Z</time>
        <extensions>
          <ns3:TrackPointExtension>
            <ns3:hr>145</ns3:hr>
            <ns3:cad>94</ns3:cad>
          </ns3:TrackPointExtension>
        </extensions>
      </trkpt>
      <trkpt lat="29.638641960918903350830078125" lon="91.03225124068558216094970703125">
        <ele>3631.800048828125</ele>
        <time>2026-10-06T22:56:02.000Z</time>
        <extensions>
          <ns3:TrackPointExtension>
            <ns3:hr>145</ns3:hr>
            <ns3:cad>94</ns3:cad>
          </ns3:TrackPointExtension>
        </extensions>
      </trkpt>
      <trkpt lat="29.63866651989519596099853515625" lon="91.0322422720491886138916015625">
        <ele>3631.800048828125</ele>
        <time>2026-10-06T22:56:03.000Z</time>
        <extensions>
          <ns3:TrackPointExtension>
            <ns3:hr>145</ns3:hr>
            <ns3:cad>94</ns3:cad>
          </ns3:TrackPointExtension>
        </extensions>
      </trkpt>
      <trkpt lat="29.6386971138417720794677734375" lon="91.03223883546888828277587890625">
        <ele>3631.800048828125</ele>
        <time>2026-10-06T22:56:04.000Z</time>
        <extensions>
          <ns3:TrackPointExtension>
            <ns3:hr>145</ns3:hr>
            <ns3:cad>94</ns3:cad>
          </ns3:TrackPointExtension>
        </extensions>
      </trkpt>
      <trkpt lat="29.6387207508087158203125" lon="91.0322315432131290435791015625">
        <ele>3631.800048828125</ele>
        <time>2026-10-06T22:56:05.000Z</time>
        <extensions>
          <ns3:TrackPointExtension>
            <ns3:hr>145</ns3:hr>
            <ns3:cad>94</ns3:cad>
          </ns3:TrackPointExtension>
        </extensions>
      </trkpt>
      <trkpt lat="29.6387484110891819000244140625" lon="91.03222911246120929718017578125">
        <ele>3631.800048828125</ele>
        <time>2026-10-06T22:56:06.000Z</time>
        <extensions>
          <ns3:TrackPointExtension>
            <ns3:hr>144</ns3:hr>
            <ns3:cad>94</ns3:cad>
          </ns3:TrackPointExtension>
        </extensions>
      </trkpt>
      <trkpt lat="29.6387702040374279022216796875" lon="91.03221972472965717315673828125">
        <ele>3631.800048828125</ele>
        <time>2026-10-06T22:56:07.000Z</time>
        <extensions>
          <ns3:TrackPointExtension>
            <ns3:hr>145</ns3:hr>
            <ns3:cad>94</ns3:cad>
          </ns3:TrackPointExtension>
        </extensions>
      </trkpt>
      <trkpt lat="29.63879727758467197418212890625" lon="91.03221570141613483428955078125">
        <ele>3631.800048828125</ele>
        <time>2026-10-06T22:56:08.000Z</time>
        <extensions>
          <ns3:TrackPointExtension>
            <ns3:hr>145</ns3:hr>
            <ns3:cad>94</ns3:cad>
          </ns3:TrackPointExtension>
        </extensions>
      </trkpt>
      <trkpt lat="29.6388231776654720306396484375" lon="91.032208912074565887451171875">
        <ele>3631.800048828125</ele>
        <time>2026-10-06T22:56:09.000Z</time>
        <extensions>
          <ns3:TrackPointExtension>
            <ns3:hr>145</ns3:hr>
            <ns3:cad>93</ns3:cad>
          </ns3:TrackPointExtension>
        </extensions>
      </trkpt>
      <trkpt lat="29.63884840719401836395263671875" lon="91.03220296092331409454345703125">
        <ele>3631.800048828125</ele>
        <time>2026-10-06T22:56:10.000Z</time>
        <extensions>
          <ns3:TrackPointExtension>
            <ns3:hr>145</ns3:hr>
            <ns3:cad>93</ns3:cad>
          </ns3:TrackPointExtension>
        </extensions>
      </trkpt>
      <trkpt lat="29.6388776600360870361328125" lon="91.03219876997172832489013671875">
        <ele>3631.800048828125</ele>
        <time>2026-10-06T22:56:11.000Z</time>
        <extensions>
          <ns3:TrackPointExtension>
            <ns3:hr>145</ns3:hr>
            <ns3:cad>94</ns3:cad>
          </ns3:TrackPointExtension>
        </extensions>
      </trkpt>
      <trkpt lat="29.63889844715595245361328125" lon="91.03219382464885711669921875">
        <ele>3631.800048828125</ele>
        <time>2026-10-06T22:56:12.000Z</time>
        <extensions>
          <ns3:TrackPointExtension>
            <ns3:hr>145</ns3:hr>
            <ns3:cad>94</ns3:cad>
          </ns3:TrackPointExtension>
        </extensions>
      </trkpt>
      <trkpt lat="29.63892652653157711029052734375" lon="91.03218770585954189300537109375">
        <ele>3631.800048828125</ele>
        <time>2026-10-06T22:56:13.000Z</time>
        <extensions>
          <ns3:TrackPointExtension>
            <ns3:hr>145</ns3:hr>
            <ns3:cad>94</ns3:cad>
          </ns3:TrackPointExtension>
        </extensions>
      </trkpt>
      <trkpt lat="29.6389492414891719818115234375" lon="91.03218234144151210784912109375">
        <ele>3631.800048828125</ele>
        <time>2026-10-06T22:56:14.000Z</time>
        <extensions>
          <ns3:TrackPointExtension>
            <ns3:hr>146</ns3:hr>
            <ns3:cad>94</ns3:cad>
          </ns3:TrackPointExtension>
        </extensions>
      </trkpt>
      <trkpt lat="29.63897732086479663848876953125" lon="91.0321795754134654998779296875">
        <ele>3631.800048828125</ele>
        <time>2026-10-06T22:56:15.000Z</time>
        <extensions>
          <ns3:TrackPointExtension>
            <ns3:hr>146</ns3:hr>
            <ns3:cad>94</ns3:cad>
          </ns3:TrackPointExtension>
        </extensions>
      </trkpt>
      <trkpt lat="29.639004059135913848876953125" lon="91.032173372805118560791015625">
        <ele>3631.800048828125</ele>
        <time>2026-10-06T22:56:16.000Z</time>
        <extensions>
          <ns3:TrackPointExtension>
            <ns3:hr>145</ns3:hr>
            <ns3:cad>94</ns3:cad>
          </ns3:TrackPointExtension>
        </extensions>
      </trkpt>
      <trkpt lat="29.63903012685477733612060546875" lon="91.0321711935102939605712890625">
        <ele>3631.60009765625</ele>
        <time>2026-10-06T22:56:17.000Z</time>
        <extensions>
          <ns3:TrackPointExtension>
            <ns3:hr>145</ns3:hr>
            <ns3:cad>95</ns3:cad>
          </ns3:TrackPointExtension>
        </extensions>
      </trkpt>
      <trkpt lat="29.6390608884394168853759765625" lon="91.03216608054935932159423828125">
        <ele>3631.60009765625</ele>
        <time>2026-10-06T22:56:18.000Z</time>
        <extensions>
          <ns3:TrackPointExtension>
            <ns3:hr>145</ns3:hr>
            <ns3:cad>94</ns3:cad>
          </ns3:TrackPointExtension>
        </extensions>
      </trkpt>
      <trkpt lat="29.63908192701637744903564453125" lon="91.0321594588458538055419921875">
        <ele>3631.800048828125</ele>
        <time>2026-10-06T22:56:19.000Z</time>
        <extensions>
          <ns3:TrackPointExtension>
            <ns3:hr>145</ns3:hr>
            <ns3:cad>94</ns3:cad>
          </ns3:TrackPointExtension>
        </extensions>
      </trkpt>
      <trkpt lat="29.639112018048763275146484375" lon="91.0321529209613800048828125">
        <ele>3631.800048828125</ele>
        <time>2026-10-06T22:56:20.000Z</time>
        <extensions>
          <ns3:TrackPointExtension>
            <ns3:hr>145</ns3:hr>
            <ns3:cad>94</ns3:cad>
          </ns3:TrackPointExtension>
        </extensions>
      </trkpt>
      <trkpt lat="29.63913590647280216217041015625" lon="91.03214344941079616546630859375">
        <ele>3631.800048828125</ele>
        <time>2026-10-06T22:56:21.000Z</time>
        <extensions>
          <ns3:TrackPointExtension>
            <ns3:hr>145</ns3:hr>
            <ns3:cad>94</ns3:cad>
          </ns3:TrackPointExtension>
        </extensions>
      </trkpt>
      <trkpt lat="29.63916541077196598052978515625" lon="91.032142527401447296142578125">
        <ele>3631.800048828125</ele>
        <time>2026-10-06T22:56:22.000Z</time>
        <extensions>
          <ns3:TrackPointExtension>
            <ns3:hr>145</ns3:hr>
            <ns3:cad>94</ns3:cad>
          </ns3:TrackPointExtension>
        </extensions>
      </trkpt>
      <trkpt lat="29.63919206522405147552490234375" lon="91.032138168811798095703125">
        <ele>3631.800048828125</ele>
        <time>2026-10-06T22:56:23.000Z</time>
        <extensions>
          <ns3:TrackPointExtension>
            <ns3:hr>146</ns3:hr>
            <ns3:cad>94</ns3:cad>
          </ns3:TrackPointExtension>
        </extensions>
      </trkpt>
      <trkpt lat="29.639215283095836639404296875" lon="91.03213540278375148773193359375">
        <ele>3631.800048828125</ele>
        <time>2026-10-06T22:56:24.000Z</time>
        <extensions>
          <ns3:TrackPointExtension>
            <ns3:hr>145</ns3:hr>
            <ns3:cad>94</ns3:cad>
          </ns3:TrackPointExtension>
        </extensions>
      </trkpt>
      <trkpt lat="29.63924587704241275787353515625" lon="91.03213012218475341796875">
        <ele>3631.800048828125</ele>
        <time>2026-10-06T22:56:25.000Z</time>
        <extensions>
          <ns3:TrackPointExtension>
            <ns3:hr>145</ns3:hr>
            <ns3:cad>94</ns3:cad>
          </ns3:TrackPointExtension>
        </extensions>
      </trkpt>
      <trkpt lat="29.6392692625522613525390625" lon="91.03212517686188220977783203125">
        <ele>3631.60009765625</ele>
        <time>2026-10-06T22:56:26.000Z</time>
        <extensions>
          <ns3:TrackPointExtension>
            <ns3:hr>146</ns3:hr>
            <ns3:cad>94</ns3:cad>
          </ns3:TrackPointExtension>
        </extensions>
      </trkpt>
      <trkpt lat="29.639297761023044586181640625" lon="91.0321165435016155242919921875">
        <ele>3631.60009765625</ele>
        <time>2026-10-06T22:56:27.000Z</time>
        <extensions>
          <ns3:TrackPointExtension>
            <ns3:hr>145</ns3:hr>
            <ns3:cad>94</ns3:cad>
          </ns3:TrackPointExtension>
        </extensions>
      </trkpt>
      <trkpt lat="29.6393213979899883270263671875" lon="91.03210489265620708465576171875">
        <ele>3631.60009765625</ele>
        <time>2026-10-06T22:56:28.000Z</time>
        <extensions>
          <ns3:TrackPointExtension>
            <ns3:hr>145</ns3:hr>
            <ns3:cad>94</ns3:cad>
          </ns3:TrackPointExtension>
        </extensions>
      </trkpt>
      <trkpt lat="29.6393495611846446990966796875" lon="91.03210254572331905364990234375">
        <ele>3631.60009765625</ele>
        <time>2026-10-06T22:56:29.000Z</time>
        <extensions>
          <ns3:TrackPointExtension>
            <ns3:hr>145</ns3:hr>
            <ns3:cad>93</ns3:cad>
          </ns3:TrackPointExtension>
        </extensions>
      </trkpt>
      <trkpt lat="29.63937588036060333251953125" lon="91.03209684602916240692138671875">
        <ele>3631.60009765625</ele>
        <time>2026-10-06T22:56:30.000Z</time>
        <extensions>
          <ns3:TrackPointExtension>
            <ns3:hr>146</ns3:hr>
            <ns3:cad>93</ns3:cad>
          </ns3:TrackPointExtension>
        </extensions>
      </trkpt>
      <trkpt lat="29.63940094225108623504638671875" lon="91.032092906534671783447265625">
        <ele>3631.60009765625</ele>
        <time>2026-10-06T22:56:31.000Z</time>
        <extensions>
          <ns3:TrackPointExtension>
            <ns3:hr>145</ns3:hr>
            <ns3:cad>94</ns3:cad>
          </ns3:TrackPointExtension>
        </extensions>
      </trkpt>
      <trkpt lat="29.639431200921535491943359375" lon="91.0320863686501979827880859375">
        <ele>3631.60009765625</ele>
        <time>2026-10-06T22:56:32.000Z</time>
        <extensions>
          <ns3:TrackPointExtension>
            <ns3:hr>146</ns3:hr>
            <ns3:cad>94</ns3:cad>
          </ns3:TrackPointExtension>
        </extensions>
      </trkpt>
      <trkpt lat="29.63945425115525722503662109375" lon="91.0320776514708995819091796875">
        <ele>3631.60009765625</ele>
        <time>2026-10-06T22:56:33.000Z</time>
        <extensions>
          <ns3:TrackPointExtension>
            <ns3:hr>146</ns3:hr>
            <ns3:cad>95</ns3:cad>
          </ns3:TrackPointExtension>
        </extensions>
      </trkpt>
      <trkpt lat="29.63948409073054790496826171875" lon="91.0320726223289966583251953125">
        <ele>3631.800048828125</ele>
        <time>2026-10-06T22:56:34.000Z</time>
        <extensions>
          <ns3:TrackPointExtension>
            <ns3:hr>146</ns3:hr>
            <ns3:cad>94</ns3:cad>
          </ns3:TrackPointExtension>
        </extensions>
      </trkpt>
      <trkpt lat="29.6395081467926502227783203125" lon="91.03206776082515716552734375">
        <ele>3631.800048828125</ele>
        <time>2026-10-06T22:56:35.000Z</time>
        <extensions>
          <ns3:TrackPointExtension>
            <ns3:hr>145</ns3:hr>
            <ns3:cad>94</ns3:cad>
          </ns3:TrackPointExtension>
        </extensions>
      </trkpt>
      <trkpt lat="29.63953840546309947967529296875" lon="91.0320670902729034423828125">
        <ele>3631.800048828125</ele>
        <time>2026-10-06T22:56:36.000Z</time>
        <extensions>
          <ns3:TrackPointExtension>
            <ns3:hr>146</ns3:hr>
            <ns3:cad>94</ns3:cad>
          </ns3:TrackPointExtension>
        </extensions>
      </trkpt>
      <trkpt lat="29.63956656865775585174560546875" lon="91.0320602171123027801513671875">
        <ele>3631.800048828125</ele>
        <time>2026-10-06T22:56:37.000Z</time>
        <extensions>
          <ns3:TrackPointExtension>
            <ns3:hr>146</ns3:hr>
            <ns3:cad>94</ns3:cad>
          </ns3:TrackPointExtension>
        </extensions>
      </trkpt>
      <trkpt lat="29.6395916305482387542724609375" lon="91.0320568643510341644287109375">
        <ele>3631.800048828125</ele>
        <time>2026-10-06T22:56:38.000Z</time>
        <extensions>
          <ns3:TrackPointExtension>
            <ns3:hr>145</ns3:hr>
            <ns3:cad>94</ns3:cad>
          </ns3:TrackPointExtension>
        </extensions>
      </trkpt>
      <trkpt lat="29.63961719535291194915771484375" lon="91.0320531763136386871337890625">
        <ele>3631.800048828125</ele>
        <time>2026-10-06T22:56:39.000Z</time>
        <extensions>
          <ns3:TrackPointExtension>
            <ns3:hr>146</ns3:hr>
            <ns3:cad>94</ns3:cad>
          </ns3:TrackPointExtension>
        </extensions>
      </trkpt>
      <trkpt lat="29.63963949121534824371337890625" lon="91.0320434533059597015380859375">
        <ele>3631.800048828125</ele>
        <time>2026-10-06T22:56:40.000Z</time>
        <extensions>
          <ns3:TrackPointExtension>
            <ns3:hr>146</ns3:hr>
            <ns3:cad>94</ns3:cad>
          </ns3:TrackPointExtension>
        </extensions>
      </trkpt>
      <trkpt lat="29.6396660618484020233154296875" lon="91.032039932906627655029296875">
        <ele>3631.800048828125</ele>
        <time>2026-10-06T22:56:41.000Z</time>
        <extensions>
          <ns3:TrackPointExtension>
            <ns3:hr>145</ns3:hr>
            <ns3:cad>94</ns3:cad>
          </ns3:TrackPointExtension>
        </extensions>
      </trkpt>
      <trkpt lat="29.6396903693675994873046875" lon="91.0320360772311687469482421875">
        <ele>3631.800048828125</ele>
        <time>2026-10-06T22:56:42.000Z</time>
        <extensions>
          <ns3:TrackPointExtension>
            <ns3:hr>146</ns3:hr>
            <ns3:cad>94</ns3:cad>
          </ns3:TrackPointExtension>
        </extensions>
      </trkpt>
      <trkpt lat="29.639719538390636444091796875" lon="91.03203180246055126190185546875">
        <ele>3631.800048828125</ele>
        <time>2026-10-06T22:56:43.000Z</time>
        <extensions>
          <ns3:TrackPointExtension>
            <ns3:hr>146</ns3:hr>
            <ns3:cad>93</ns3:cad>
          </ns3:TrackPointExtension>
        </extensions>
      </trkpt>
      <trkpt lat="29.63974191807210445404052734375" lon="91.0320253483951091766357421875">
        <ele>3631.800048828125</ele>
        <time>2026-10-06T22:56:44.000Z</time>
        <extensions>
          <ns3:TrackPointExtension>
            <ns3:hr>146</ns3:hr>
            <ns3:cad>93</ns3:cad>
          </ns3:TrackPointExtension>
        </extensions>
      </trkpt>
      <trkpt lat="29.63977008126676082611083984375" lon="91.03201939724385738372802734375">
        <ele>3631.800048828125</ele>
        <time>2026-10-06T22:56:45.000Z</time>
        <extensions>
          <ns3:TrackPointExtension>
            <ns3:hr>145</ns3:hr>
            <ns3:cad>93</ns3:cad>
          </ns3:TrackPointExtension>
        </extensions>
      </trkpt>
      <trkpt lat="29.63979271240532398223876953125" lon="91.0320102609694004058837890625">
        <ele>3631.800048828125</ele>
        <time>2026-10-06T22:56:46.000Z</time>
        <extensions>
          <ns3:TrackPointExtension>
            <ns3:hr>146</ns3:hr>
            <ns3:cad>93</ns3:cad>
          </ns3:TrackPointExtension>
        </extensions>
      </trkpt>
      <trkpt lat="29.63981919921934604644775390625" lon="91.03200514800846576690673828125">
        <ele>3631.800048828125</ele>
        <time>2026-10-06T22:56:47.000Z</time>
        <extensions>
          <ns3:TrackPointExtension>
            <ns3:hr>146</ns3:hr>
            <ns3:cad>93</ns3:cad>
          </ns3:TrackPointExtension>
        </extensions>
      </trkpt>
      <trkpt lat="29.6398454345762729644775390625" lon="91.0319981910288333892822265625">
        <ele>3631.800048828125</ele>
        <time>2026-10-06T22:56:48.000Z</time>
        <extensions>
          <ns3:TrackPointExtension>
            <ns3:hr>145</ns3:hr>
            <ns3:cad>93</ns3:cad>
          </ns3:TrackPointExtension>
        </extensions>
      </trkpt>
      <trkpt lat="29.63987217284739017486572265625" lon="91.0319945029914379119873046875">
        <ele>3631.800048828125</ele>
        <time>2026-10-06T22:56:49.000Z</time>
        <extensions>
          <ns3:TrackPointExtension>
            <ns3:hr>146</ns3:hr>
            <ns3:cad>93</ns3:cad>
          </ns3:TrackPointExtension>
        </extensions>
      </trkpt>
      <trkpt lat="29.63989966548979282379150390625" lon="91.0319898091256618499755859375">
        <ele>3631.800048828125</ele>
        <time>2026-10-06T22:56:50.000Z</time>
        <extensions>
          <ns3:TrackPointExtension>
            <ns3:hr>146</ns3:hr>
            <ns3:cad>94</ns3:cad>
          </ns3:TrackPointExtension>
        </extensions>
      </trkpt>
      <trkpt lat="29.6399248950183391571044921875" lon="91.03198570199310779571533203125">
        <ele>3631.800048828125</ele>
        <time>2026-10-06T22:56:51.000Z</time>
        <extensions>
          <ns3:TrackPointExtension>
            <ns3:hr>146</ns3:hr>
            <ns3:cad>93</ns3:cad>
          </ns3:TrackPointExtension>
        </extensions>
      </trkpt>
      <trkpt lat="29.63995045982301235198974609375" lon="91.03198385797441005706787109375">
        <ele>3631.800048828125</ele>
        <time>2026-10-06T22:56:52.000Z</time>
        <extensions>
          <ns3:TrackPointExtension>
            <ns3:hr>145</ns3:hr>
            <ns3:cad>93</ns3:cad>
          </ns3:TrackPointExtension>
        </extensions>
      </trkpt>
      <trkpt lat="29.63997325859963893890380859375" lon="91.03197899647057056427001953125">
        <ele>3631.800048828125</ele>
        <time>2026-10-06T22:56:53.000Z</time>
        <extensions>
          <ns3:TrackPointExtension>
            <ns3:hr>146</ns3:hr>
            <ns3:cad>93</ns3:cad>
          </ns3:TrackPointExtension>
        </extensions>
      </trkpt>
      <trkpt lat="29.6400020085275173187255859375" lon="91.031976900994777679443359375">
        <ele>3631.800048828125</ele>
        <time>2026-10-06T22:56:54.000Z</time>
        <extensions>
          <ns3:TrackPointExtension>
            <ns3:hr>146</ns3:hr>
            <ns3:cad>93</ns3:cad>
          </ns3:TrackPointExtension>
        </extensions>
      </trkpt>
      <trkpt lat="29.6400231309235095977783203125" lon="91.03197120130062103271484375">
        <ele>3631.800048828125</ele>
        <time>2026-10-06T22:56:55.000Z</time>
        <extensions>
          <ns3:TrackPointExtension>
            <ns3:hr>145</ns3:hr>
            <ns3:cad>93</ns3:cad>
          </ns3:TrackPointExtension>
        </extensions>
      </trkpt>
      <trkpt lat="29.640045426785945892333984375" lon="91.0319651663303375244140625">
        <ele>3632</ele>
        <time>2026-10-06T22:56:56.000Z</time>
        <extensions>
          <ns3:TrackPointExtension>
            <ns3:hr>145</ns3:hr>
            <ns3:cad>93</ns3:cad>
          </ns3:TrackPointExtension>
        </extensions>
      </trkpt>
      <trkpt lat="29.64007149450480937957763671875" lon="91.03196290321648120880126953125">
        <ele>3632</ele>
        <time>2026-10-06T22:56:57.000Z</time>
        <extensions>
          <ns3:TrackPointExtension>
            <ns3:hr>146</ns3:hr>
            <ns3:cad>93</ns3:cad>
          </ns3:TrackPointExtension>
        </extensions>
      </trkpt>
      <trkpt lat="29.640095047652721405029296875" lon="91.03196047246456146240234375">
        <ele>3632</ele>
        <time>2026-10-06T22:56:58.000Z</time>
        <extensions>
          <ns3:TrackPointExtension>
            <ns3:hr>146</ns3:hr>
            <ns3:cad>93</ns3:cad>
          </ns3:TrackPointExtension>
        </extensions>
      </trkpt>
      <trkpt lat="29.64012413285672664642333984375" lon="91.03195636533200740814208984375">
        <ele>3632</ele>
        <time>2026-10-06T22:56:59.000Z</time>
        <extensions>
          <ns3:TrackPointExtension>
            <ns3:hr>146</ns3:hr>
            <ns3:cad>93</ns3:cad>
          </ns3:TrackPointExtension>
        </extensions>
      </trkpt>
      <trkpt lat="29.64014760218560695648193359375" lon="91.03194898925721645355224609375">
        <ele>3632</ele>
        <time>2026-10-06T22:57:00.000Z</time>
        <extensions>
          <ns3:TrackPointExtension>
            <ns3:hr>146</ns3:hr>
            <ns3:cad>93</ns3:cad>
          </ns3:TrackPointExtension>
        </extensions>
      </trkpt>
      <trkpt lat="29.64017341844737529754638671875" lon="91.03194094263017177581787109375">
        <ele>3632</ele>
        <time>2026-10-06T22:57:01.000Z</time>
        <extensions>
          <ns3:TrackPointExtension>
            <ns3:hr>146</ns3:hr>
            <ns3:cad>93</ns3:cad>
          </ns3:TrackPointExtension>
        </extensions>
      </trkpt>
      <trkpt lat="29.64019705541431903839111328125" lon="91.03193121962249279022216796875">
        <ele>3632</ele>
        <time>2026-10-06T22:57:02.000Z</time>
        <extensions>
          <ns3:TrackPointExtension>
            <ns3:hr>146</ns3:hr>
            <ns3:cad>93</ns3:cad>
          </ns3:TrackPointExtension>
        </extensions>
      </trkpt>
      <trkpt lat="29.64022303931415081024169921875" lon="91.031923592090606689453125">
        <ele>3632</ele>
        <time>2026-10-06T22:57:03.000Z</time>
        <extensions>
          <ns3:TrackPointExtension>
            <ns3:hr>146</ns3:hr>
            <ns3:cad>93</ns3:cad>
          </ns3:TrackPointExtension>
        </extensions>
      </trkpt>
      <trkpt lat="29.64024986140429973602294921875" lon="91.03191395290195941925048828125">
        <ele>3632</ele>
        <time>2026-10-06T22:57:04.000Z</time>
        <extensions>
          <ns3:TrackPointExtension>
            <ns3:hr>146</ns3:hr>
            <ns3:cad>93</ns3:cad>
          </ns3:TrackPointExtension>
        </extensions>
      </trkpt>
      <trkpt lat="29.6402722410857677459716796875" lon="91.03190540336072444915771484375">
        <ele>3632</ele>
        <time>2026-10-06T22:57:05.000Z</time>
        <extensions>
          <ns3:TrackPointExtension>
            <ns3:hr>147</ns3:hr>
            <ns3:cad>93</ns3:cad>
          </ns3:TrackPointExtension>
        </extensions>
      </trkpt>
      <trkpt lat="29.6403004042804241180419921875" lon="91.0318986140191555023193359375">
        <ele>3632</ele>
        <time>2026-10-06T22:57:06.000Z</time>
        <extensions>
          <ns3:TrackPointExtension>
            <ns3:hr>146</ns3:hr>
            <ns3:cad>94</ns3:cad>
          </ns3:TrackPointExtension>
        </extensions>
      </trkpt>
      <trkpt lat="29.64031876064836978912353515625" lon="91.03188998065888881683349609375">
        <ele>3632</ele>
        <time>2026-10-06T22:57:07.000Z</time>
        <extensions>
          <ns3:TrackPointExtension>
            <ns3:hr>146</ns3:hr>
            <ns3:cad>94</ns3:cad>
          </ns3:TrackPointExtension>
        </extensions>
      </trkpt>
      <trkpt lat="29.64034558273851871490478515625" lon="91.03188662789762020111083984375">
        <ele>3632</ele>
        <time>2026-10-06T22:57:08.000Z</time>
        <extensions>
          <ns3:TrackPointExtension>
            <ns3:hr>147</ns3:hr>
            <ns3:cad>93</ns3:cad>
          </ns3:TrackPointExtension>
        </extensions>
      </trkpt>
      <trkpt lat="29.64036636985838413238525390625" lon="91.03188109584152698516845703125">
        <ele>3632</ele>
        <time>2026-10-06T22:57:09.000Z</time>
        <extensions>
          <ns3:TrackPointExtension>
            <ns3:hr>146</ns3:hr>
            <ns3:cad>93</ns3:cad>
          </ns3:TrackPointExtension>
        </extensions>
      </trkpt>
      <trkpt lat="29.6403936110436916351318359375" lon="91.0318798385560512542724609375">
        <ele>3632</ele>
        <time>2026-10-06T22:57:10.000Z</time>
        <extensions>
          <ns3:TrackPointExtension>
            <ns3:hr>146</ns3:hr>
            <ns3:cad>95</ns3:cad>
          </ns3:TrackPointExtension>
        </extensions>
      </trkpt>
      <trkpt lat="29.64041951112449169158935546875" lon="91.03187489323318004608154296875">
        <ele>3632</ele>
        <time>2026-10-06T22:57:11.000Z</time>
        <extensions>
          <ns3:TrackPointExtension>
            <ns3:hr>147</ns3:hr>
            <ns3:cad>95</ns3:cad>
          </ns3:TrackPointExtension>
        </extensions>
      </trkpt>
      <trkpt lat="29.64044465683400630950927734375" lon="91.03187405504286289215087890625">
        <ele>3632</ele>
        <time>2026-10-06T22:57:12.000Z</time>
        <extensions>
          <ns3:TrackPointExtension>
            <ns3:hr>146</ns3:hr>
            <ns3:cad>92</ns3:cad>
          </ns3:TrackPointExtension>
        </extensions>
      </trkpt>
      <trkpt lat="29.6404764242470264434814453125" lon="91.031870953738689422607421875">
        <ele>3632</ele>
        <time>2026-10-06T22:57:13.000Z</time>
        <extensions>
          <ns3:TrackPointExtension>
            <ns3:hr>146</ns3:hr>
            <ns3:cad>92</ns3:cad>
          </ns3:TrackPointExtension>
        </extensions>
      </trkpt>
      <trkpt lat="29.6404982171952724456787109375" lon="91.03186818771064281463623046875">
        <ele>3632</ele>
        <time>2026-10-06T22:57:14.000Z</time>
        <extensions>
          <ns3:TrackPointExtension>
            <ns3:hr>146</ns3:hr>
            <ns3:cad>92</ns3:cad>
          </ns3:TrackPointExtension>
        </extensions>
      </trkpt>
      <trkpt lat="29.64053283445537090301513671875" lon="91.0318691097199916839599609375">
        <ele>3632</ele>
        <time>2026-10-06T22:57:15.000Z</time>
        <extensions>
          <ns3:TrackPointExtension>
            <ns3:hr>146</ns3:hr>
            <ns3:cad>93</ns3:cad>
          </ns3:TrackPointExtension>
        </extensions>
      </trkpt>
      <trkpt lat="29.64055739343166351318359375" lon="91.03186617605388164520263671875">
        <ele>3632</ele>
        <time>2026-10-06T22:57:16.000Z</time>
        <extensions>
          <ns3:TrackPointExtension>
            <ns3:hr>146</ns3:hr>
            <ns3:cad>93</ns3:cad>
          </ns3:TrackPointExtension>
        </extensions>
      </trkpt>
      <trkpt lat="29.6405862271785736083984375" lon="91.03187237866222858428955078125">
        <ele>3632</ele>
        <time>2026-10-06T22:57:17.000Z</time>
        <extensions>
          <ns3:TrackPointExtension>
            <ns3:hr>146</ns3:hr>
            <ns3:cad>93</ns3:cad>
          </ns3:TrackPointExtension>
        </extensions>
      </trkpt>
      <trkpt lat="29.6406112052500247955322265625" lon="91.0318721272051334381103515625">
        <ele>3632</ele>
        <time>2026-10-06T22:57:18.000Z</time>
        <extensions>
          <ns3:TrackPointExtension>
            <ns3:hr>146</ns3:hr>
            <ns3:cad>93</ns3:cad>
          </ns3:TrackPointExtension>
        </extensions>
      </trkpt>
      <trkpt lat="29.6406393684446811676025390625" lon="91.0318727977573871612548828125">
        <ele>3632</ele>
        <time>2026-10-06T22:57:19.000Z</time>
        <extensions>
          <ns3:TrackPointExtension>
            <ns3:hr>146</ns3:hr>
            <ns3:cad>93</ns3:cad>
          </ns3:TrackPointExtension>
        </extensions>
      </trkpt>
      <trkpt lat="29.64066476561129093170166015625" lon="91.0318694449961185455322265625">
        <ele>3632</ele>
        <time>2026-10-06T22:57:20.000Z</time>
        <extensions>
          <ns3:TrackPointExtension>
            <ns3:hr>146</ns3:hr>
            <ns3:cad>93</ns3:cad>
          </ns3:TrackPointExtension>
        </extensions>
      </trkpt>
      <trkpt lat="29.64069150388240814208984375" lon="91.03186617605388164520263671875">
        <ele>3632</ele>
        <time>2026-10-06T22:57:21.000Z</time>
        <extensions>
          <ns3:TrackPointExtension>
            <ns3:hr>145</ns3:hr>
            <ns3:cad>93</ns3:cad>
          </ns3:TrackPointExtension>
        </extensions>
      </trkpt>
      <trkpt lat="29.64072293601930141448974609375" lon="91.03186198510229587554931640625">
        <ele>3632</ele>
        <time>2026-10-06T22:57:22.000Z</time>
        <extensions>
          <ns3:TrackPointExtension>
            <ns3:hr>145</ns3:hr>
            <ns3:cad>94</ns3:cad>
          </ns3:TrackPointExtension>
        </extensions>
      </trkpt>
      <trkpt lat="29.6407459862530231475830078125" lon="91.0318546928465366363525390625">
        <ele>3632</ele>
        <time>2026-10-06T22:57:23.000Z</time>
        <extensions>
          <ns3:TrackPointExtension>
            <ns3:hr>145</ns3:hr>
            <ns3:cad>94</ns3:cad>
          </ns3:TrackPointExtension>
        </extensions>
      </trkpt>
      <trkpt lat="29.640776328742504119873046875" lon="91.03185184299945831298828125">
        <ele>3632</ele>
        <time>2026-10-06T22:57:24.000Z</time>
        <extensions>
          <ns3:TrackPointExtension>
            <ns3:hr>146</ns3:hr>
            <ns3:cad>94</ns3:cad>
          </ns3:TrackPointExtension>
        </extensions>
      </trkpt>
      <trkpt lat="29.6407992951571941375732421875" lon="91.031847484409809112548828125">
        <ele>3632</ele>
        <time>2026-10-06T22:57:25.000Z</time>
        <extensions>
          <ns3:TrackPointExtension>
            <ns3:hr>145</ns3:hr>
            <ns3:cad>93</ns3:cad>
          </ns3:TrackPointExtension>
        </extensions>
      </trkpt>
      <trkpt lat="29.640829302370548248291015625" lon="91.03184438310563564300537109375">
        <ele>3632</ele>
        <time>2026-10-06T22:57:26.000Z</time>
        <extensions>
          <ns3:TrackPointExtension>
            <ns3:hr>145</ns3:hr>
            <ns3:cad>92</ns3:cad>
          </ns3:TrackPointExtension>
        </extensions>
      </trkpt>
      <trkpt lat="29.64084975421428680419921875" lon="91.0318392701447010040283203125">
        <ele>3632</ele>
        <time>2026-10-06T22:57:27.000Z</time>
        <extensions>
          <ns3:TrackPointExtension>
            <ns3:hr>145</ns3:hr>
            <ns3:cad>92</ns3:cad>
          </ns3:TrackPointExtension>
        </extensions>
      </trkpt>
      <trkpt lat="29.64087515138089656829833984375" lon="91.03183616884052753448486328125">
        <ele>3632</ele>
        <time>2026-10-06T22:57:28.000Z</time>
        <extensions>
          <ns3:TrackPointExtension>
            <ns3:hr>146</ns3:hr>
            <ns3:cad>93</ns3:cad>
          </ns3:TrackPointExtension>
        </extensions>
      </trkpt>
      <trkpt lat="29.64089870452880859375" lon="91.03183147497475147247314453125">
        <ele>3632</ele>
        <time>2026-10-06T22:57:29.000Z</time>
        <extensions>
          <ns3:TrackPointExtension>
            <ns3:hr>145</ns3:hr>
            <ns3:cad>93</ns3:cad>
          </ns3:TrackPointExtension>
        </extensions>
      </trkpt>
      <trkpt lat="29.640922844409942626953125" lon="91.0318302176892757415771484375">
        <ele>3632</ele>
        <time>2026-10-06T22:57:30.000Z</time>
        <extensions>
          <ns3:TrackPointExtension>
            <ns3:hr>146</ns3:hr>
            <ns3:cad>93</ns3:cad>
          </ns3:TrackPointExtension>
        </extensions>
      </trkpt>
      <trkpt lat="29.64094924740493297576904296875" lon="91.031826026737689971923828125">
        <ele>3632</ele>
        <time>2026-10-06T22:57:31.000Z</time>
        <extensions>
          <ns3:TrackPointExtension>
            <ns3:hr>146</ns3:hr>
            <ns3:cad>93</ns3:cad>
          </ns3:TrackPointExtension>
        </extensions>
      </trkpt>
      <trkpt lat="29.640971459448337554931640625" lon="91.0318275354802608489990234375">
        <ele>3632</ele>
        <time>2026-10-06T22:57:32.000Z</time>
        <extensions>
          <ns3:TrackPointExtension>
            <ns3:hr>146</ns3:hr>
            <ns3:cad>92</ns3:cad>
          </ns3:TrackPointExtension>
        </extensions>
      </trkpt>
      <trkpt lat="29.64100540615618228912353515625" lon="91.031824015080928802490234375">
        <ele>3632</ele>
        <time>2026-10-06T22:57:33.000Z</time>
        <extensions>
          <ns3:TrackPointExtension>
            <ns3:hr>145</ns3:hr>
            <ns3:cad>93</ns3:cad>
          </ns3:TrackPointExtension>
        </extensions>
      </trkpt>
      <trkpt lat="29.64103088714182376861572265625" lon="91.03181906975805759429931640625">
        <ele>3632.199951171875</ele>
        <time>2026-10-06T22:57:34.000Z</time>
        <extensions>
          <ns3:TrackPointExtension>
            <ns3:hr>145</ns3:hr>
            <ns3:cad>92</ns3:cad>
          </ns3:TrackPointExtension>
        </extensions>
      </trkpt>
      <trkpt lat="29.64106298983097076416015625" lon="91.03181521408259868621826171875">
        <ele>3632.199951171875</ele>
        <time>2026-10-06T22:57:35.000Z</time>
        <extensions>
          <ns3:TrackPointExtension>
            <ns3:hr>145</ns3:hr>
            <ns3:cad>92</ns3:cad>
          </ns3:TrackPointExtension>
        </extensions>
      </trkpt>
      <trkpt lat="29.64108645915985107421875" lon="91.031807251274585723876953125">
        <ele>3632.199951171875</ele>
        <time>2026-10-06T22:57:36.000Z</time>
        <extensions>
          <ns3:TrackPointExtension>
            <ns3:hr>145</ns3:hr>
            <ns3:cad>87</ns3:cad>
          </ns3:TrackPointExtension>
        </extensions>
      </trkpt>
      <trkpt lat="29.64111722074449062347412109375" lon="91.03180716745555400848388671875">
        <ele>3632.199951171875</ele>
        <time>2026-10-06T22:57:37.000Z</time>
        <extensions>
          <ns3:TrackPointExtension>
            <ns3:hr>145</ns3:hr>
            <ns3:cad>87</ns3:cad>
          </ns3:TrackPointExtension>
        </extensions>
      </trkpt>
      <trkpt lat="29.64114169590175151824951171875" lon="91.031808592379093170166015625">
        <ele>3632.199951171875</ele>
        <time>2026-10-06T22:57:38.000Z</time>
        <extensions>
          <ns3:TrackPointExtension>
            <ns3:hr>146</ns3:hr>
            <ns3:cad>92</ns3:cad>
          </ns3:TrackPointExtension>
        </extensions>
      </trkpt>
      <trkpt lat="29.64116415940225124359130859375" lon="91.03180482052266597747802734375">
        <ele>3632.199951171875</ele>
        <time>2026-10-06T22:57:39.000Z</time>
        <extensions>
          <ns3:TrackPointExtension>
            <ns3:hr>145</ns3:hr>
            <ns3:cad>92</ns3:cad>
          </ns3:TrackPointExtension>
        </extensions>
      </trkpt>
      <trkpt lat="29.64119299314916133880615234375" lon="91.03179744444787502288818359375">
        <ele>3632.199951171875</ele>
        <time>2026-10-06T22:57:40.000Z</time>
        <extensions>
          <ns3:TrackPointExtension>
            <ns3:hr>145</ns3:hr>
            <ns3:cad>93</ns3:cad>
          </ns3:TrackPointExtension>
        </extensions>
      </trkpt>
      <trkpt lat="29.64121612720191478729248046875" lon="91.03178973309695720672607421875">
        <ele>3632.39990234375</ele>
        <time>2026-10-06T22:57:41.000Z</time>
        <extensions>
          <ns3:TrackPointExtension>
            <ns3:hr>146</ns3:hr>
            <ns3:cad>93</ns3:cad>
          </ns3:TrackPointExtension>
        </extensions>
      </trkpt>
      <trkpt lat="29.6412445418536663055419921875" lon="91.03178353048861026763916015625">
        <ele>3632.199951171875</ele>
        <time>2026-10-06T22:57:42.000Z</time>
        <extensions>
          <ns3:TrackPointExtension>
            <ns3:hr>145</ns3:hr>
            <ns3:cad>92</ns3:cad>
          </ns3:TrackPointExtension>
        </extensions>
      </trkpt>
      <trkpt lat="29.64126977138221263885498046875" lon="91.0317748971283435821533203125">
        <ele>3632.199951171875</ele>
        <time>2026-10-06T22:57:43.000Z</time>
        <extensions>
          <ns3:TrackPointExtension>
            <ns3:hr>145</ns3:hr>
            <ns3:cad>92</ns3:cad>
          </ns3:TrackPointExtension>
        </extensions>
      </trkpt>
      <trkpt lat="29.641297347843647003173828125" lon="91.03177213110029697418212890625">
        <ele>3632.199951171875</ele>
        <time>2026-10-06T22:57:44.000Z</time>
        <extensions>
          <ns3:TrackPointExtension>
            <ns3:hr>145</ns3:hr>
            <ns3:cad>94</ns3:cad>
          </ns3:TrackPointExtension>
        </extensions>
      </trkpt>
      <trkpt lat="29.64132291264832019805908203125" lon="91.03176827542483806610107421875">
        <ele>3632.199951171875</ele>
        <time>2026-10-06T22:57:45.000Z</time>
        <extensions>
          <ns3:TrackPointExtension>
            <ns3:hr>146</ns3:hr>
            <ns3:cad>94</ns3:cad>
          </ns3:TrackPointExtension>
        </extensions>
      </trkpt>
      <trkpt lat="29.64135208167135715484619140625" lon="91.03176726959645748138427734375">
        <ele>3632</ele>
        <time>2026-10-06T22:57:46.000Z</time>
        <extensions>
          <ns3:TrackPointExtension>
            <ns3:hr>145</ns3:hr>
            <ns3:cad>94</ns3:cad>
          </ns3:TrackPointExtension>
        </extensions>
      </trkpt>
      <trkpt lat="29.64137722738087177276611328125" lon="91.03176006115972995758056640625">
        <ele>3632</ele>
        <time>2026-10-06T22:57:47.000Z</time>
        <extensions>
          <ns3:TrackPointExtension>
            <ns3:hr>145</ns3:hr>
            <ns3:cad>92</ns3:cad>
          </ns3:TrackPointExtension>
        </extensions>
      </trkpt>
      <trkpt lat="29.64139935560524463653564453125" lon="91.031754277646541595458984375">
        <ele>3632.199951171875</ele>
        <time>2026-10-06T22:57:48.000Z</time>
        <extensions>
          <ns3:TrackPointExtension>
            <ns3:hr>146</ns3:hr>
            <ns3:cad>92</ns3:cad>
          </ns3:TrackPointExtension>
        </extensions>
      </trkpt>
      <trkpt lat="29.6414269320666790008544921875" lon="91.03174882940948009490966796875">
        <ele>3632</ele>
        <time>2026-10-06T22:57:49.000Z</time>
        <extensions>
          <ns3:TrackPointExtension>
            <ns3:hr>145</ns3:hr>
            <ns3:cad>92</ns3:cad>
          </ns3:TrackPointExtension>
        </extensions>
      </trkpt>
      <trkpt lat="29.64144520461559295654296875" lon="91.03174262680113315582275390625">
        <ele>3632</ele>
        <time>2026-10-06T22:57:50.000Z</time>
        <extensions>
          <ns3:TrackPointExtension>
            <ns3:hr>145</ns3:hr>
            <ns3:cad>92</ns3:cad>
          </ns3:TrackPointExtension>
        </extensions>
      </trkpt>
      <trkpt lat="29.6414725296199321746826171875" lon="91.03173692710697650909423828125">
        <ele>3631.800048828125</ele>
        <time>2026-10-06T22:57:51.000Z</time>
        <extensions>
          <ns3:TrackPointExtension>
            <ns3:hr>146</ns3:hr>
            <ns3:cad>92</ns3:cad>
          </ns3:TrackPointExtension>
        </extensions>
      </trkpt>
      <trkpt lat="29.641491137444972991943359375" lon="91.0317299701273441314697265625">
        <ele>3631.800048828125</ele>
        <time>2026-10-06T22:57:52.000Z</time>
        <extensions>
          <ns3:TrackPointExtension>
            <ns3:hr>145</ns3:hr>
            <ns3:cad>92</ns3:cad>
          </ns3:TrackPointExtension>
        </extensions>
      </trkpt>
      <trkpt lat="29.64151586405932903289794921875" lon="91.03172217495739459991455078125">
        <ele>3631.800048828125</ele>
        <time>2026-10-06T22:57:53.000Z</time>
        <extensions>
          <ns3:TrackPointExtension>
            <ns3:hr>146</ns3:hr>
            <ns3:cad>92</ns3:cad>
          </ns3:TrackPointExtension>
        </extensions>
      </trkpt>
      <trkpt lat="29.64153883047401905059814453125" lon="91.031716056168079376220703125">
        <ele>3631.800048828125</ele>
        <time>2026-10-06T22:57:54.000Z</time>
        <extensions>
          <ns3:TrackPointExtension>
            <ns3:hr>146</ns3:hr>
            <ns3:cad>93</ns3:cad>
          </ns3:TrackPointExtension>
        </extensions>
      </trkpt>
      <trkpt lat="29.6415680833160877227783203125" lon="91.03171169757843017578125">
        <ele>3632</ele>
        <time>2026-10-06T22:57:55.000Z</time>
        <extensions>
          <ns3:TrackPointExtension>
            <ns3:hr>146</ns3:hr>
            <ns3:cad>93</ns3:cad>
          </ns3:TrackPointExtension>
        </extensions>
      </trkpt>
      <trkpt lat="29.6415935643017292022705078125" lon="91.03170968592166900634765625">
        <ele>3632</ele>
        <time>2026-10-06T22:57:56.000Z</time>
        <extensions>
          <ns3:TrackPointExtension>
            <ns3:hr>146</ns3:hr>
            <ns3:cad>94</ns3:cad>
          </ns3:TrackPointExtension>
        </extensions>
      </trkpt>
      <trkpt lat="29.64161661453545093536376953125" lon="91.03170624934136867523193359375">
        <ele>3632</ele>
        <time>2026-10-06T22:57:57.000Z</time>
        <extensions>
          <ns3:TrackPointExtension>
            <ns3:hr>146</ns3:hr>
            <ns3:cad>94</ns3:cad>
          </ns3:TrackPointExtension>
        </extensions>
      </trkpt>
      <trkpt lat="29.641640670597553253173828125" lon="91.031702645123004913330078125">
        <ele>3632.199951171875</ele>
        <time>2026-10-06T22:57:58.000Z</time>
        <extensions>
          <ns3:TrackPointExtension>
            <ns3:hr>146</ns3:hr>
            <ns3:cad>94</ns3:cad>
          </ns3:TrackPointExtension>
        </extensions>
      </trkpt>
      <trkpt lat="29.6416653133928775787353515625" lon="91.03169920854270458221435546875">
        <ele>3632.199951171875</ele>
        <time>2026-10-06T22:57:59.000Z</time>
        <extensions>
          <ns3:TrackPointExtension>
            <ns3:hr>146</ns3:hr>
            <ns3:cad>93</ns3:cad>
          </ns3:TrackPointExtension>
        </extensions>
      </trkpt>
      <trkpt lat="29.64169205166399478912353515625" lon="91.03169149719178676605224609375">
        <ele>3632.199951171875</ele>
        <time>2026-10-06T22:58:00.000Z</time>
        <extensions>
          <ns3:TrackPointExtension>
            <ns3:hr>146</ns3:hr>
            <ns3:cad>93</ns3:cad>
          </ns3:TrackPointExtension>
        </extensions>
      </trkpt>
      <trkpt lat="29.6417149342596530914306640625" lon="91.03168797679245471954345703125">
        <ele>3632.199951171875</ele>
        <time>2026-10-06T22:58:01.000Z</time>
        <extensions>
          <ns3:TrackPointExtension>
            <ns3:hr>146</ns3:hr>
            <ns3:cad>92</ns3:cad>
          </ns3:TrackPointExtension>
        </extensions>
      </trkpt>
      <trkpt lat="29.64174351654946804046630859375" lon="91.0316900722682476043701171875">
        <ele>3632.199951171875</ele>
        <time>2026-10-06T22:58:02.000Z</time>
        <extensions>
          <ns3:TrackPointExtension>
            <ns3:hr>146</ns3:hr>
            <ns3:cad>93</ns3:cad>
          </ns3:TrackPointExtension>
        </extensions>
      </trkpt>
      <trkpt lat="29.64176681824028491973876953125" lon="91.03168831206858158111572265625">
        <ele>3632.199951171875</ele>
        <time>2026-10-06T22:58:03.000Z</time>
        <extensions>
          <ns3:TrackPointExtension>
            <ns3:hr>146</ns3:hr>
            <ns3:cad>93</ns3:cad>
          </ns3:TrackPointExtension>
        </extensions>
      </trkpt>
      <trkpt lat="29.64179330505430698394775390625" lon="91.03169434703886508941650390625">
        <ele>3632.199951171875</ele>
        <time>2026-10-06T22:58:04.000Z</time>
        <extensions>
          <ns3:TrackPointExtension>
            <ns3:hr>146</ns3:hr>
            <ns3:cad>93</ns3:cad>
          </ns3:TrackPointExtension>
        </extensions>
      </trkpt>
      <trkpt lat="29.641821049153804779052734375" lon="91.03169434703886508941650390625">
        <ele>3632.39990234375</ele>
        <time>2026-10-06T22:58:05.000Z</time>
        <extensions>
          <ns3:TrackPointExtension>
            <ns3:hr>146</ns3:hr>
            <ns3:cad>93</ns3:cad>
          </ns3:TrackPointExtension>
        </extensions>
      </trkpt>
      <trkpt lat="29.64184359647333621978759765625" lon="91.03169736452400684356689453125">
        <ele>3632.39990234375</ele>
        <time>2026-10-06T22:58:06.000Z</time>
        <extensions>
          <ns3:TrackPointExtension>
            <ns3:hr>146</ns3:hr>
            <ns3:cad>93</ns3:cad>
          </ns3:TrackPointExtension>
        </extensions>
      </trkpt>
      <trkpt lat="29.64187159202992916107177734375" lon="91.0316956043243408203125">
        <ele>3632.39990234375</ele>
        <time>2026-10-06T22:58:07.000Z</time>
        <extensions>
          <ns3:TrackPointExtension>
            <ns3:hr>146</ns3:hr>
            <ns3:cad>93</ns3:cad>
          </ns3:TrackPointExtension>
        </extensions>
      </trkpt>
      <trkpt lat="29.64189707301557064056396484375" lon="91.031697951257228851318359375">
        <ele>3632.199951171875</ele>
        <time>2026-10-06T22:58:08.000Z</time>
        <extensions>
          <ns3:TrackPointExtension>
            <ns3:hr>146</ns3:hr>
            <ns3:cad>94</ns3:cad>
          </ns3:TrackPointExtension>
        </extensions>
      </trkpt>
      <trkpt lat="29.64192640967667102813720703125" lon="91.03170096874237060546875">
        <ele>3632.39990234375</ele>
        <time>2026-10-06T22:58:09.000Z</time>
        <extensions>
          <ns3:TrackPointExtension>
            <ns3:hr>146</ns3:hr>
            <ns3:cad>94</ns3:cad>
          </ns3:TrackPointExtension>
        </extensions>
      </trkpt>
      <trkpt lat="29.6419536508619785308837890625" lon="91.031698621809482574462890625">
        <ele>3632.199951171875</ele>
        <time>2026-10-06T22:58:10.000Z</time>
        <extensions>
          <ns3:TrackPointExtension>
            <ns3:hr>147</ns3:hr>
            <ns3:cad>94</ns3:cad>
          </ns3:TrackPointExtension>
        </extensions>
      </trkpt>
      <trkpt lat="29.6419798023998737335205078125" lon="91.03169627487659454345703125">
        <ele>3632.199951171875</ele>
        <time>2026-10-06T22:58:11.000Z</time>
        <extensions>
          <ns3:TrackPointExtension>
            <ns3:hr>146</ns3:hr>
            <ns3:cad>94</ns3:cad>
          </ns3:TrackPointExtension>
        </extensions>
      </trkpt>
      <trkpt lat="29.6420129947364330291748046875" lon="91.031697280704975128173828125">
        <ele>3632.199951171875</ele>
        <time>2026-10-06T22:58:12.000Z</time>
        <extensions>
          <ns3:TrackPointExtension>
            <ns3:hr>146</ns3:hr>
            <ns3:cad>95</ns3:cad>
          </ns3:TrackPointExtension>
        </extensions>
      </trkpt>
      <trkpt lat="29.64203923009335994720458984375" lon="91.03169769980013370513916015625">
        <ele>3632.199951171875</ele>
        <time>2026-10-06T22:58:13.000Z</time>
        <extensions>
          <ns3:TrackPointExtension>
            <ns3:hr>146</ns3:hr>
            <ns3:cad>95</ns3:cad>
          </ns3:TrackPointExtension>
        </extensions>
      </trkpt>
      <trkpt lat="29.64206705801188945770263671875" lon="91.03169753216207027435302734375">
        <ele>3632.199951171875</ele>
        <time>2026-10-06T22:58:14.000Z</time>
        <extensions>
          <ns3:TrackPointExtension>
            <ns3:hr>146</ns3:hr>
            <ns3:cad>95</ns3:cad>
          </ns3:TrackPointExtension>
        </extensions>
      </trkpt>
      <trkpt lat="29.642091952264308929443359375" lon="91.031695269048213958740234375">
        <ele>3632.199951171875</ele>
        <time>2026-10-06T22:58:15.000Z</time>
        <extensions>
          <ns3:TrackPointExtension>
            <ns3:hr>146</ns3:hr>
            <ns3:cad>94</ns3:cad>
          </ns3:TrackPointExtension>
        </extensions>
      </trkpt>
      <trkpt lat="29.64211852289736270904541015625" lon="91.0316951014101505279541015625">
        <ele>3632.199951171875</ele>
        <time>2026-10-06T22:58:16.000Z</time>
        <extensions>
          <ns3:TrackPointExtension>
            <ns3:hr>147</ns3:hr>
            <ns3:cad>94</ns3:cad>
          </ns3:TrackPointExtension>
        </extensions>
      </trkpt>
      <trkpt lat="29.6421450935304164886474609375" lon="91.03169501759111881256103515625">
        <ele>3632.199951171875</ele>
        <time>2026-10-06T22:58:17.000Z</time>
        <extensions>
          <ns3:TrackPointExtension>
            <ns3:hr>147</ns3:hr>
            <ns3:cad>94</ns3:cad>
          </ns3:TrackPointExtension>
        </extensions>
      </trkpt>
      <trkpt lat="29.642174430191516876220703125" lon="91.03170088492333889007568359375">
        <ele>3632.199951171875</ele>
        <time>2026-10-06T22:58:18.000Z</time>
        <extensions>
          <ns3:TrackPointExtension>
            <ns3:hr>147</ns3:hr>
            <ns3:cad>94</ns3:cad>
          </ns3:TrackPointExtension>
        </extensions>
      </trkpt>
      <trkpt lat="29.64220301248133182525634765625" lon="91.0316997952759265899658203125">
        <ele>3632.199951171875</ele>
        <time>2026-10-06T22:58:19.000Z</time>
        <extensions>
          <ns3:TrackPointExtension>
            <ns3:hr>147</ns3:hr>
            <ns3:cad>95</ns3:cad>
          </ns3:TrackPointExtension>
        </extensions>
      </trkpt>
      <trkpt lat="29.64222681708633899688720703125" lon="91.03169736452400684356689453125">
        <ele>3632.199951171875</ele>
        <time>2026-10-06T22:58:20.000Z</time>
        <extensions>
          <ns3:TrackPointExtension>
            <ns3:hr>147</ns3:hr>
            <ns3:cad>95</ns3:cad>
          </ns3:TrackPointExtension>
        </extensions>
      </trkpt>
      <trkpt lat="29.64225213043391704559326171875" lon="91.03169619105756282806396484375">
        <ele>3632.199951171875</ele>
        <time>2026-10-06T22:58:21.000Z</time>
        <extensions>
          <ns3:TrackPointExtension>
            <ns3:hr>146</ns3:hr>
            <ns3:cad>95</ns3:cad>
          </ns3:TrackPointExtension>
        </extensions>
      </trkpt>
      <trkpt lat="29.64227409102022647857666015625" lon="91.03169359266757965087890625">
        <ele>3632.39990234375</ele>
        <time>2026-10-06T22:58:22.000Z</time>
        <extensions>
          <ns3:TrackPointExtension>
            <ns3:hr>147</ns3:hr>
            <ns3:cad>94</ns3:cad>
          </ns3:TrackPointExtension>
        </extensions>
      </trkpt>
      <trkpt lat="29.642303846776485443115234375" lon="91.031698621809482574462890625">
        <ele>3632.39990234375</ele>
        <time>2026-10-06T22:58:23.000Z</time>
        <extensions>
          <ns3:TrackPointExtension>
            <ns3:hr>147</ns3:hr>
            <ns3:cad>93</ns3:cad>
          </ns3:TrackPointExtension>
        </extensions>
      </trkpt>
      <trkpt lat="29.642327986657619476318359375" lon="91.03169853799045085906982421875">
        <ele>3632.39990234375</ele>
        <time>2026-10-06T22:58:24.000Z</time>
        <extensions>
          <ns3:TrackPointExtension>
            <ns3:hr>146</ns3:hr>
            <ns3:cad>93</ns3:cad>
          </ns3:TrackPointExtension>
        </extensions>
      </trkpt>
      <trkpt lat="29.64235640130937099456787109375" lon="91.03170155547559261322021484375">
        <ele>3632.60009765625</ele>
        <time>2026-10-06T22:58:25.000Z</time>
        <extensions>
          <ns3:TrackPointExtension>
            <ns3:hr>146</ns3:hr>
            <ns3:cad>93</ns3:cad>
          </ns3:TrackPointExtension>
        </extensions>
      </trkpt>
      <trkpt lat="29.642381966114044189453125" lon="91.0316956043243408203125">
        <ele>3632.60009765625</ele>
        <time>2026-10-06T22:58:26.000Z</time>
        <extensions>
          <ns3:TrackPointExtension>
            <ns3:hr>146</ns3:hr>
            <ns3:cad>93</ns3:cad>
          </ns3:TrackPointExtension>
        </extensions>
      </trkpt>
      <trkpt lat="29.6424045972526073455810546875" lon="91.031691916286945343017578125">
        <ele>3632.60009765625</ele>
        <time>2026-10-06T22:58:27.000Z</time>
        <extensions>
          <ns3:TrackPointExtension>
            <ns3:hr>146</ns3:hr>
            <ns3:cad>93</ns3:cad>
          </ns3:TrackPointExtension>
        </extensions>
      </trkpt>
      <trkpt lat="29.6424334309995174407958984375" lon="91.03169099427759647369384765625">
        <ele>3632.39990234375</ele>
        <time>2026-10-06T22:58:28.000Z</time>
        <extensions>
          <ns3:TrackPointExtension>
            <ns3:hr>145</ns3:hr>
            <ns3:cad>93</ns3:cad>
          </ns3:TrackPointExtension>
        </extensions>
      </trkpt>
      <trkpt lat="29.64245497249066829681396484375" lon="91.03168730624020099639892578125">
        <ele>3632.39990234375</ele>
        <time>2026-10-06T22:58:29.000Z</time>
        <extensions>
          <ns3:TrackPointExtension>
            <ns3:hr>145</ns3:hr>
            <ns3:cad>93</ns3:cad>
          </ns3:TrackPointExtension>
        </extensions>
      </trkpt>
      <trkpt lat="29.6424860693514347076416015625" lon="91.031691245734691619873046875">
        <ele>3632.39990234375</ele>
        <time>2026-10-06T22:58:30.000Z</time>
        <extensions>
          <ns3:TrackPointExtension>
            <ns3:hr>145</ns3:hr>
            <ns3:cad>93</ns3:cad>
          </ns3:TrackPointExtension>
        </extensions>
      </trkpt>
      <trkpt lat="29.64251029305160045623779296875" lon="91.03168428875505924224853515625">
        <ele>3632.60009765625</ele>
        <time>2026-10-06T22:58:31.000Z</time>
        <extensions>
          <ns3:TrackPointExtension>
            <ns3:hr>146</ns3:hr>
            <ns3:cad>93</ns3:cad>
          </ns3:TrackPointExtension>
        </extensions>
      </trkpt>
      <trkpt lat="29.64253962971270084381103515625" lon="91.0316867195069789886474609375">
        <ele>3632.60009765625</ele>
        <time>2026-10-06T22:58:32.000Z</time>
        <extensions>
          <ns3:TrackPointExtension>
            <ns3:hr>146</ns3:hr>
            <ns3:cad>93</ns3:cad>
          </ns3:TrackPointExtension>
        </extensions>
      </trkpt>
      <trkpt lat="29.64256494306027889251708984375" lon="91.031684540212154388427734375">
        <ele>3632.60009765625</ele>
        <time>2026-10-06T22:58:33.000Z</time>
        <extensions>
          <ns3:TrackPointExtension>
            <ns3:hr>145</ns3:hr>
            <ns3:cad>94</ns3:cad>
          </ns3:TrackPointExtension>
        </extensions>
      </trkpt>
      <trkpt lat="29.64258757419884204864501953125" lon="91.03168864734470844268798828125">
        <ele>3632.60009765625</ele>
        <time>2026-10-06T22:58:34.000Z</time>
        <extensions>
          <ns3:TrackPointExtension>
            <ns3:hr>146</ns3:hr>
            <ns3:cad>94</ns3:cad>
          </ns3:TrackPointExtension>
        </extensions>
      </trkpt>
      <trkpt lat="29.642617665231227874755859375" lon="91.0316900722682476043701171875">
        <ele>3632.60009765625</ele>
        <time>2026-10-06T22:58:35.000Z</time>
        <extensions>
          <ns3:TrackPointExtension>
            <ns3:hr>146</ns3:hr>
            <ns3:cad>94</ns3:cad>
          </ns3:TrackPointExtension>
        </extensions>
      </trkpt>
      <trkpt lat="29.642641805112361907958984375" lon="91.03168780915439128875732421875">
        <ele>3632.60009765625</ele>
        <time>2026-10-06T22:58:36.000Z</time>
        <extensions>
          <ns3:TrackPointExtension>
            <ns3:hr>146</ns3:hr>
            <ns3:cad>94</ns3:cad>
          </ns3:TrackPointExtension>
        </extensions>
      </trkpt>
      <trkpt lat="29.64267021976411342620849609375" lon="91.03168663568794727325439453125">
        <ele>3632.60009765625</ele>
        <time>2026-10-06T22:58:37.000Z</time>
        <extensions>
          <ns3:TrackPointExtension>
            <ns3:hr>145</ns3:hr>
            <ns3:cad>95</ns3:cad>
          </ns3:TrackPointExtension>
        </extensions>
      </trkpt>
      <trkpt lat="29.64269218035042285919189453125" lon="91.0316823609173297882080078125">
        <ele>3632.60009765625</ele>
        <time>2026-10-06T22:58:38.000Z</time>
        <extensions>
          <ns3:TrackPointExtension>
            <ns3:hr>145</ns3:hr>
            <ns3:cad>95</ns3:cad>
          </ns3:TrackPointExtension>
        </extensions>
      </trkpt>
      <trkpt lat="29.6427217684686183929443359375" lon="91.031689234077930450439453125">
        <ele>3632.60009765625</ele>
        <time>2026-10-06T22:58:39.000Z</time>
        <extensions>
          <ns3:TrackPointExtension>
            <ns3:hr>145</ns3:hr>
            <ns3:cad>95</ns3:cad>
          </ns3:TrackPointExtension>
        </extensions>
      </trkpt>
      <trkpt lat="29.6427492611110210418701171875" lon="91.03168847970664501190185546875">
        <ele>3632.60009765625</ele>
        <time>2026-10-06T22:58:40.000Z</time>
        <extensions>
          <ns3:TrackPointExtension>
            <ns3:hr>145</ns3:hr>
            <ns3:cad>96</ns3:cad>
          </ns3:TrackPointExtension>
        </extensions>
      </trkpt>
      <trkpt lat="29.642773903906345367431640625" lon="91.031689904630184173583984375">
        <ele>3632.60009765625</ele>
        <time>2026-10-06T22:58:41.000Z</time>
        <extensions>
          <ns3:TrackPointExtension>
            <ns3:hr>146</ns3:hr>
            <ns3:cad>96</ns3:cad>
          </ns3:TrackPointExtension>
        </extensions>
      </trkpt>
      <trkpt lat="29.64280315674841403961181640625" lon="91.031689234077930450439453125">
        <ele>3632.60009765625</ele>
        <time>2026-10-06T22:58:42.000Z</time>
        <extensions>
          <ns3:TrackPointExtension>
            <ns3:hr>146</ns3:hr>
            <ns3:cad>96</ns3:cad>
          </ns3:TrackPointExtension>
        </extensions>
      </trkpt>
      <trkpt lat="29.64282779954373836517333984375" lon="91.03168512694537639617919921875">
        <ele>3632.60009765625</ele>
        <time>2026-10-06T22:58:43.000Z</time>
        <extensions>
          <ns3:TrackPointExtension>
            <ns3:hr>146</ns3:hr>
            <ns3:cad>94</ns3:cad>
          </ns3:TrackPointExtension>
        </extensions>
      </trkpt>
      <trkpt lat="29.6428592316806316375732421875" lon="91.03168546222150325775146484375">
        <ele>3632.60009765625</ele>
        <time>2026-10-06T22:58:44.000Z</time>
        <extensions>
          <ns3:TrackPointExtension>
            <ns3:hr>146</ns3:hr>
            <ns3:cad>94</ns3:cad>
          </ns3:TrackPointExtension>
        </extensions>
      </trkpt>
      <trkpt lat="29.64288412593305110931396484375" lon="91.031686551868915557861328125">
        <ele>3632.800048828125</ele>
        <time>2026-10-06T22:58:45.000Z</time>
        <extensions>
          <ns3:TrackPointExtension>
            <ns3:hr>145</ns3:hr>
            <ns3:cad>93</ns3:cad>
          </ns3:TrackPointExtension>
        </extensions>
      </trkpt>
      <trkpt lat="29.64291078038513660430908203125" lon="91.03169132955372333526611328125">
        <ele>3632.800048828125</ele>
        <time>2026-10-06T22:58:46.000Z</time>
        <extensions>
          <ns3:TrackPointExtension>
            <ns3:hr>146</ns3:hr>
            <ns3:cad>93</ns3:cad>
          </ns3:TrackPointExtension>
        </extensions>
      </trkpt>
      <trkpt lat="29.64293642900884151458740234375" lon="91.03169334121048450469970703125">
        <ele>3632.800048828125</ele>
        <time>2026-10-06T22:58:47.000Z</time>
        <extensions>
          <ns3:TrackPointExtension>
            <ns3:hr>146</ns3:hr>
            <ns3:cad>93</ns3:cad>
          </ns3:TrackPointExtension>
        </extensions>
      </trkpt>
      <trkpt lat="29.64295906014740467071533203125" lon="91.03169619105756282806396484375">
        <ele>3632.800048828125</ele>
        <time>2026-10-06T22:58:48.000Z</time>
        <extensions>
          <ns3:TrackPointExtension>
            <ns3:hr>145</ns3:hr>
            <ns3:cad>93</ns3:cad>
          </ns3:TrackPointExtension>
        </extensions>
      </trkpt>
      <trkpt lat="29.642985127866268157958984375" lon="91.031694598495960235595703125">
        <ele>3632.800048828125</ele>
        <time>2026-10-06T22:58:49.000Z</time>
        <extensions>
          <ns3:TrackPointExtension>
            <ns3:hr>146</ns3:hr>
            <ns3:cad>93</ns3:cad>
          </ns3:TrackPointExtension>
        </extensions>
      </trkpt>
      <trkpt lat="29.64300398714840412139892578125" lon="91.03169761598110198974609375">
        <ele>3632.800048828125</ele>
        <time>2026-10-06T22:58:50.000Z</time>
        <extensions>
          <ns3:TrackPointExtension>
            <ns3:hr>146</ns3:hr>
            <ns3:cad>93</ns3:cad>
          </ns3:TrackPointExtension>
        </extensions>
      </trkpt>
      <trkpt lat="29.64303466491401195526123046875" lon="91.0316984541714191436767578125">
        <ele>3632.800048828125</ele>
        <time>2026-10-06T22:58:51.000Z</time>
        <extensions>
          <ns3:TrackPointExtension>
            <ns3:hr>145</ns3:hr>
            <ns3:cad>93</ns3:cad>
          </ns3:TrackPointExtension>
        </extensions>
      </trkpt>
      <trkpt lat="29.64305880479514598846435546875" lon="91.0316969454288482666015625">
        <ele>3632.800048828125</ele>
        <time>2026-10-06T22:58:52.000Z</time>
        <extensions>
          <ns3:TrackPointExtension>
            <ns3:hr>146</ns3:hr>
            <ns3:cad>93</ns3:cad>
          </ns3:TrackPointExtension>
        </extensions>
      </trkpt>
      <trkpt lat="29.6430855430662631988525390625" lon="91.03169837035238742828369140625">
        <ele>3632.800048828125</ele>
        <time>2026-10-06T22:58:53.000Z</time>
        <extensions>
          <ns3:TrackPointExtension>
            <ns3:hr>146</ns3:hr>
            <ns3:cad>93</ns3:cad>
          </ns3:TrackPointExtension>
        </extensions>
      </trkpt>
      <trkpt lat="29.643108509480953216552734375" lon="91.0316956043243408203125">
        <ele>3632.60009765625</ele>
        <time>2026-10-06T22:58:54.000Z</time>
        <extensions>
          <ns3:TrackPointExtension>
            <ns3:hr>145</ns3:hr>
            <ns3:cad>93</ns3:cad>
          </ns3:TrackPointExtension>
        </extensions>
      </trkpt>
      <trkpt lat="29.64313566684722900390625" lon="91.03169853799045085906982421875">
        <ele>3632.60009765625</ele>
        <time>2026-10-06T22:58:55.000Z</time>
        <extensions>
          <ns3:TrackPointExtension>
            <ns3:hr>145</ns3:hr>
            <ns3:cad>93</ns3:cad>
          </ns3:TrackPointExtension>
        </extensions>
      </trkpt>
      <trkpt lat="29.643162153661251068115234375" lon="91.03169971145689487457275390625">
        <ele>3632.800048828125</ele>
        <time>2026-10-06T22:58:56.000Z</time>
        <extensions>
          <ns3:TrackPointExtension>
            <ns3:hr>145</ns3:hr>
            <ns3:cad>93</ns3:cad>
          </ns3:TrackPointExtension>
        </extensions>
      </trkpt>
      <trkpt lat="29.6431864611804485321044921875" lon="91.03169518522918224334716796875">
        <ele>3632.800048828125</ele>
        <time>2026-10-06T22:58:57.000Z</time>
        <extensions>
          <ns3:TrackPointExtension>
            <ns3:hr>145</ns3:hr>
            <ns3:cad>93</ns3:cad>
          </ns3:TrackPointExtension>
        </extensions>
      </trkpt>
      <trkpt lat="29.6432186476886272430419921875" lon="91.03169761598110198974609375">
        <ele>3632.800048828125</ele>
        <time>2026-10-06T22:58:58.000Z</time>
        <extensions>
          <ns3:TrackPointExtension>
            <ns3:hr>145</ns3:hr>
            <ns3:cad>93</ns3:cad>
          </ns3:TrackPointExtension>
        </extensions>
      </trkpt>
      <trkpt lat="29.6432417817413806915283203125" lon="91.0316956043243408203125">
        <ele>3632.800048828125</ele>
        <time>2026-10-06T22:58:59.000Z</time>
        <extensions>
          <ns3:TrackPointExtension>
            <ns3:hr>146</ns3:hr>
            <ns3:cad>93</ns3:cad>
          </ns3:TrackPointExtension>
        </extensions>
      </trkpt>
      <trkpt lat="29.6432732976973056793212890625" lon="91.0316940955817699432373046875">
        <ele>3632.800048828125</ele>
        <time>2026-10-06T22:59:00.000Z</time>
        <extensions>
          <ns3:TrackPointExtension>
            <ns3:hr>146</ns3:hr>
            <ns3:cad>93</ns3:cad>
          </ns3:TrackPointExtension>
        </extensions>
      </trkpt>
      <trkpt lat="29.64329467155039310455322265625" lon="91.031691916286945343017578125">
        <ele>3632.800048828125</ele>
        <time>2026-10-06T22:59:01.000Z</time>
        <extensions>
          <ns3:TrackPointExtension>
            <ns3:hr>146</ns3:hr>
            <ns3:cad>93</ns3:cad>
          </ns3:TrackPointExtension>
        </extensions>
      </trkpt>
      <trkpt lat="29.64332317002117633819580078125" lon="91.0316947661340236663818359375">
        <ele>3632.800048828125</ele>
        <time>2026-10-06T22:59:02.000Z</time>
        <extensions>
          <ns3:TrackPointExtension>
            <ns3:hr>146</ns3:hr>
            <ns3:cad>94</ns3:cad>
          </ns3:TrackPointExtension>
        </extensions>
      </trkpt>
      <trkpt lat="29.64334898628294467926025390625" lon="91.03169535286724567413330078125">
        <ele>3632.800048828125</ele>
        <time>2026-10-06T22:59:03.000Z</time>
        <extensions>
          <ns3:TrackPointExtension>
            <ns3:hr>146</ns3:hr>
            <ns3:cad>94</ns3:cad>
          </ns3:TrackPointExtension>
        </extensions>
      </trkpt>
      <trkpt lat="29.64337346144020557403564453125" lon="91.031695939600467681884765625">
        <ele>3632.800048828125</ele>
        <time>2026-10-06T22:59:04.000Z</time>
        <extensions>
          <ns3:TrackPointExtension>
            <ns3:hr>146</ns3:hr>
            <ns3:cad>94</ns3:cad>
          </ns3:TrackPointExtension>
        </extensions>
      </trkpt>
      <trkpt lat="29.64340162463486194610595703125" lon="91.031695269048213958740234375">
        <ele>3632.800048828125</ele>
        <time>2026-10-06T22:59:05.000Z</time>
        <extensions>
          <ns3:TrackPointExtension>
            <ns3:hr>145</ns3:hr>
            <ns3:cad>93</ns3:cad>
          </ns3:TrackPointExtension>
        </extensions>
      </trkpt>
      <trkpt lat="29.6434235014021396636962890625" lon="91.03170105256140232086181640625">
        <ele>3632.800048828125</ele>
        <time>2026-10-06T22:59:06.000Z</time>
        <extensions>
          <ns3:TrackPointExtension>
            <ns3:hr>146</ns3:hr>
            <ns3:cad>93</ns3:cad>
          </ns3:TrackPointExtension>
        </extensions>
      </trkpt>
      <trkpt lat="29.64344940148293972015380859375" lon="91.03170440532267093658447265625">
        <ele>3632.800048828125</ele>
        <time>2026-10-06T22:59:07.000Z</time>
        <extensions>
          <ns3:TrackPointExtension>
            <ns3:hr>145</ns3:hr>
            <ns3:cad>94</ns3:cad>
          </ns3:TrackPointExtension>
        </extensions>
      </trkpt>
      <trkpt lat="29.64346918277442455291748046875" lon="91.031706668436527252197265625">
        <ele>3632.800048828125</ele>
        <time>2026-10-06T22:59:08.000Z</time>
        <extensions>
          <ns3:TrackPointExtension>
            <ns3:hr>145</ns3:hr>
            <ns3:cad>94</ns3:cad>
          </ns3:TrackPointExtension>
        </extensions>
      </trkpt>
      <trkpt lat="29.64349717833101749420166015625" lon="91.0317071713507175445556640625">
        <ele>3632.800048828125</ele>
        <time>2026-10-06T22:59:09.000Z</time>
        <extensions>
          <ns3:TrackPointExtension>
            <ns3:hr>145</ns3:hr>
            <ns3:cad>92</ns3:cad>
          </ns3:TrackPointExtension>
        </extensions>
      </trkpt>
      <trkpt lat="29.643520228564739227294921875" lon="91.03170407004654407501220703125">
        <ele>3632.800048828125</ele>
        <time>2026-10-06T22:59:10.000Z</time>
        <extensions>
          <ns3:TrackPointExtension>
            <ns3:hr>145</ns3:hr>
            <ns3:cad>92</ns3:cad>
          </ns3:TrackPointExtension>
        </extensions>
      </trkpt>
      <trkpt lat="29.643550403416156768798828125" lon="91.031708680093288421630859375">
        <ele>3632.800048828125</ele>
        <time>2026-10-06T22:59:11.000Z</time>
        <extensions>
          <ns3:TrackPointExtension>
            <ns3:hr>145</ns3:hr>
            <ns3:cad>92</ns3:cad>
          </ns3:TrackPointExtension>
        </extensions>
      </trkpt>
      <trkpt lat="29.6435706876218318939208984375" lon="91.03170457296073436737060546875">
        <ele>3632.800048828125</ele>
        <time>2026-10-06T22:59:12.000Z</time>
        <extensions>
          <ns3:TrackPointExtension>
            <ns3:hr>146</ns3:hr>
            <ns3:cad>93</ns3:cad>
          </ns3:TrackPointExtension>
        </extensions>
      </trkpt>
      <trkpt lat="29.64359792880713939666748046875" lon="91.03171060793101787567138671875">
        <ele>3633</ele>
        <time>2026-10-06T22:59:13.000Z</time>
        <extensions>
          <ns3:TrackPointExtension>
            <ns3:hr>145</ns3:hr>
            <ns3:cad>93</ns3:cad>
          </ns3:TrackPointExtension>
        </extensions>
      </trkpt>
      <trkpt lat="29.643622152507305145263671875" lon="91.03171077556908130645751953125">
        <ele>3633</ele>
        <time>2026-10-06T22:59:14.000Z</time>
        <extensions>
          <ns3:TrackPointExtension>
            <ns3:hr>145</ns3:hr>
            <ns3:cad>93</ns3:cad>
          </ns3:TrackPointExtension>
        </extensions>
      </trkpt>
      <trkpt lat="29.64364386163651943206787109375" lon="91.03170440532267093658447265625">
        <ele>3633</ele>
        <time>2026-10-06T22:59:15.000Z</time>
        <extensions>
          <ns3:TrackPointExtension>
            <ns3:hr>146</ns3:hr>
            <ns3:cad>93</ns3:cad>
          </ns3:TrackPointExtension>
        </extensions>
      </trkpt>
      <trkpt lat="29.6436709351837635040283203125" lon="91.03170457296073436737060546875">
        <ele>3632.800048828125</ele>
        <time>2026-10-06T22:59:16.000Z</time>
        <extensions>
          <ns3:TrackPointExtension>
            <ns3:hr>145</ns3:hr>
            <ns3:cad>93</ns3:cad>
          </ns3:TrackPointExtension>
        </extensions>
      </trkpt>
      <trkpt lat="29.643695913255214691162109375" lon="91.0317071713507175445556640625">
        <ele>3632.800048828125</ele>
        <time>2026-10-06T22:59:17.000Z</time>
        <extensions>
          <ns3:TrackPointExtension>
            <ns3:hr>145</ns3:hr>
            <ns3:cad>93</ns3:cad>
          </ns3:TrackPointExtension>
        </extensions>
      </trkpt>
      <trkpt lat="29.64372399263083934783935546875" lon="91.0317095182836055755615234375">
        <ele>3632.800048828125</ele>
        <time>2026-10-06T22:59:18.000Z</time>
        <extensions>
          <ns3:TrackPointExtension>
            <ns3:hr>146</ns3:hr>
            <ns3:cad>93</ns3:cad>
          </ns3:TrackPointExtension>
        </extensions>
      </trkpt>
      <trkpt lat="29.6437458693981170654296875" lon="91.031708009541034698486328125">
        <ele>3632.800048828125</ele>
        <time>2026-10-06T22:59:19.000Z</time>
        <extensions>
          <ns3:TrackPointExtension>
            <ns3:hr>145</ns3:hr>
            <ns3:cad>94</ns3:cad>
          </ns3:TrackPointExtension>
        </extensions>
      </trkpt>
      <trkpt lat="29.64377361349761486053466796875" lon="91.03171228431165218353271484375">
        <ele>3632.800048828125</ele>
        <time>2026-10-06T22:59:20.000Z</time>
        <extensions>
          <ns3:TrackPointExtension>
            <ns3:hr>145</ns3:hr>
            <ns3:cad>94</ns3:cad>
          </ns3:TrackPointExtension>
        </extensions>
      </trkpt>
      <trkpt lat="29.64379792101681232452392578125" lon="91.0317138768732547760009765625">
        <ele>3632.800048828125</ele>
        <time>2026-10-06T22:59:21.000Z</time>
        <extensions>
          <ns3:TrackPointExtension>
            <ns3:hr>146</ns3:hr>
            <ns3:cad>94</ns3:cad>
          </ns3:TrackPointExtension>
        </extensions>
      </trkpt>
      <trkpt lat="29.6438271738588809967041015625" lon="91.031720750033855438232421875">
        <ele>3632.800048828125</ele>
        <time>2026-10-06T22:59:22.000Z</time>
        <extensions>
          <ns3:TrackPointExtension>
            <ns3:hr>145</ns3:hr>
            <ns3:cad>92</ns3:cad>
          </ns3:TrackPointExtension>
        </extensions>
      </trkpt>
      <trkpt lat="29.6438526548445224761962890625" lon="91.0317215882241725921630859375">
        <ele>3632.800048828125</ele>
        <time>2026-10-06T22:59:23.000Z</time>
        <extensions>
          <ns3:TrackPointExtension>
            <ns3:hr>145</ns3:hr>
            <ns3:cad>91</ns3:cad>
          </ns3:TrackPointExtension>
        </extensions>
      </trkpt>
      <trkpt lat="29.64387637563049793243408203125" lon="91.03172100149095058441162109375">
        <ele>3632.800048828125</ele>
        <time>2026-10-06T22:59:24.000Z</time>
        <extensions>
          <ns3:TrackPointExtension>
            <ns3:hr>146</ns3:hr>
            <ns3:cad>91</ns3:cad>
          </ns3:TrackPointExtension>
        </extensions>
      </trkpt>
      <trkpt lat="29.64390403591096401214599609375" lon="91.031722091138362884521484375">
        <ele>3633</ele>
        <time>2026-10-06T22:59:25.000Z</time>
        <extensions>
          <ns3:TrackPointExtension>
            <ns3:hr>146</ns3:hr>
            <ns3:cad>92</ns3:cad>
          </ns3:TrackPointExtension>
        </extensions>
      </trkpt>
      <trkpt lat="29.6439267508685588836669921875" lon="91.0317202471196651458740234375">
        <ele>3632.800048828125</ele>
        <time>2026-10-06T22:59:26.000Z</time>
        <extensions>
          <ns3:TrackPointExtension>
            <ns3:hr>146</ns3:hr>
            <ns3:cad>92</ns3:cad>
          </ns3:TrackPointExtension>
        </extensions>
      </trkpt>
      <trkpt lat="29.643955416977405548095703125" lon="91.03172217495739459991455078125">
        <ele>3632.800048828125</ele>
        <time>2026-10-06T22:59:27.000Z</time>
        <extensions>
          <ns3:TrackPointExtension>
            <ns3:hr>145</ns3:hr>
            <ns3:cad>92</ns3:cad>
          </ns3:TrackPointExtension>
        </extensions>
      </trkpt>
      <trkpt lat="29.6439770422875881195068359375" lon="91.03171999566256999969482421875">
        <ele>3632.800048828125</ele>
        <time>2026-10-06T22:59:28.000Z</time>
        <extensions>
          <ns3:TrackPointExtension>
            <ns3:hr>145</ns3:hr>
            <ns3:cad>92</ns3:cad>
          </ns3:TrackPointExtension>
        </extensions>
      </trkpt>
      <trkpt lat="29.64400411583483219146728515625" lon="91.03172636590898036956787109375">
        <ele>3632.800048828125</ele>
        <time>2026-10-06T22:59:29.000Z</time>
        <extensions>
          <ns3:TrackPointExtension>
            <ns3:hr>145</ns3:hr>
            <ns3:cad>93</ns3:cad>
          </ns3:TrackPointExtension>
        </extensions>
      </trkpt>
      <trkpt lat="29.64402741752564907073974609375" lon="91.03172536008059978485107421875">
        <ele>3633</ele>
        <time>2026-10-06T22:59:30.000Z</time>
        <extensions>
          <ns3:TrackPointExtension>
            <ns3:hr>145</ns3:hr>
            <ns3:cad>93</ns3:cad>
          </ns3:TrackPointExtension>
        </extensions>
      </trkpt>
      <trkpt lat="29.64405675418674945831298828125" lon="91.0317299701273441314697265625">
        <ele>3633</ele>
        <time>2026-10-06T22:59:31.000Z</time>
        <extensions>
          <ns3:TrackPointExtension>
            <ns3:hr>146</ns3:hr>
            <ns3:cad>94</ns3:cad>
          </ns3:TrackPointExtension>
        </extensions>
      </trkpt>
      <trkpt lat="29.64408474974334239959716796875" lon="91.031734831631183624267578125">
        <ele>3633</ele>
        <time>2026-10-06T22:59:32.000Z</time>
        <extensions>
          <ns3:TrackPointExtension>
            <ns3:hr>145</ns3:hr>
            <ns3:cad>94</ns3:cad>
          </ns3:TrackPointExtension>
        </extensions>
      </trkpt>
      <trkpt lat="29.644106961786746978759765625" lon="91.03173516690731048583984375">
        <ele>3633</ele>
        <time>2026-10-06T22:59:33.000Z</time>
        <extensions>
          <ns3:TrackPointExtension>
            <ns3:hr>145</ns3:hr>
            <ns3:cad>93</ns3:cad>
          </ns3:TrackPointExtension>
        </extensions>
      </trkpt>
      <trkpt lat="29.6441386453807353973388671875" lon="91.03173642419278621673583984375">
        <ele>3633</ele>
        <time>2026-10-06T22:59:34.000Z</time>
        <extensions>
          <ns3:TrackPointExtension>
            <ns3:hr>146</ns3:hr>
            <ns3:cad>93</ns3:cad>
          </ns3:TrackPointExtension>
        </extensions>
      </trkpt>
      <trkpt lat="29.644163288176059722900390625" lon="91.0317339934408664703369140625">
        <ele>3632.800048828125</ele>
        <time>2026-10-06T22:59:35.000Z</time>
        <extensions>
          <ns3:TrackPointExtension>
            <ns3:hr>145</ns3:hr>
            <ns3:cad>93</ns3:cad>
          </ns3:TrackPointExtension>
        </extensions>
      </trkpt>
      <trkpt lat="29.64418902061879634857177734375" lon="91.0317366756498813629150390625">
        <ele>3632.800048828125</ele>
        <time>2026-10-06T22:59:36.000Z</time>
        <extensions>
          <ns3:TrackPointExtension>
            <ns3:hr>145</ns3:hr>
            <ns3:cad>93</ns3:cad>
          </ns3:TrackPointExtension>
        </extensions>
      </trkpt>
      <trkpt lat="29.6442110650241374969482421875" lon="91.0317400284111499786376953125">
        <ele>3632.800048828125</ele>
        <time>2026-10-06T22:59:37.000Z</time>
        <extensions>
          <ns3:TrackPointExtension>
            <ns3:hr>145</ns3:hr>
            <ns3:cad>94</ns3:cad>
          </ns3:TrackPointExtension>
        </extensions>
      </trkpt>
      <trkpt lat="29.64423746801912784576416015625" lon="91.031750254333019256591796875">
        <ele>3632.800048828125</ele>
        <time>2026-10-06T22:59:38.000Z</time>
        <extensions>
          <ns3:TrackPointExtension>
            <ns3:hr>146</ns3:hr>
            <ns3:cad>93</ns3:cad>
          </ns3:TrackPointExtension>
        </extensions>
      </trkpt>
      <trkpt lat="29.64426194317638874053955078125" lon="91.03175486437976360321044921875">
        <ele>3632.800048828125</ele>
        <time>2026-10-06T22:59:39.000Z</time>
        <extensions>
          <ns3:TrackPointExtension>
            <ns3:hr>145</ns3:hr>
            <ns3:cad>93</ns3:cad>
          </ns3:TrackPointExtension>
        </extensions>
      </trkpt>
      <trkpt lat="29.64428725652396678924560546875" lon="91.03176240809261798858642578125">
        <ele>3632.800048828125</ele>
        <time>2026-10-06T22:59:40.000Z</time>
        <extensions>
          <ns3:TrackPointExtension>
            <ns3:hr>145</ns3:hr>
            <ns3:cad>94</ns3:cad>
          </ns3:TrackPointExtension>
        </extensions>
      </trkpt>
      <trkpt lat="29.64431223459541797637939453125" lon="91.03176810778677463531494140625">
        <ele>3632.800048828125</ele>
        <time>2026-10-06T22:59:41.000Z</time>
        <extensions>
          <ns3:TrackPointExtension>
            <ns3:hr>146</ns3:hr>
            <ns3:cad>94</ns3:cad>
          </ns3:TrackPointExtension>
        </extensions>
      </trkpt>
      <trkpt lat="29.64433385990560054779052734375" lon="91.03177263401448726654052734375">
        <ele>3632.800048828125</ele>
        <time>2026-10-06T22:59:42.000Z</time>
        <extensions>
          <ns3:TrackPointExtension>
            <ns3:hr>145</ns3:hr>
            <ns3:cad>93</ns3:cad>
          </ns3:TrackPointExtension>
        </extensions>
      </trkpt>
      <trkpt lat="29.64435582049190998077392578125" lon="91.03178101591765880584716796875">
        <ele>3632.800048828125</ele>
        <time>2026-10-06T22:59:43.000Z</time>
        <extensions>
          <ns3:TrackPointExtension>
            <ns3:hr>145</ns3:hr>
            <ns3:cad>93</ns3:cad>
          </ns3:TrackPointExtension>
        </extensions>
      </trkpt>
      <trkpt lat="29.6443787030875682830810546875" lon="91.03178151883184909820556640625">
        <ele>3632.800048828125</ele>
        <time>2026-10-06T22:59:44.000Z</time>
        <extensions>
          <ns3:TrackPointExtension>
            <ns3:hr>146</ns3:hr>
            <ns3:cad>93</ns3:cad>
          </ns3:TrackPointExtension>
        </extensions>
      </trkpt>
      <trkpt lat="29.6444051899015903472900390625" lon="91.03178034536540508270263671875">
        <ele>3632.800048828125</ele>
        <time>2026-10-06T22:59:45.000Z</time>
        <extensions>
          <ns3:TrackPointExtension>
            <ns3:hr>145</ns3:hr>
            <ns3:cad>93</ns3:cad>
          </ns3:TrackPointExtension>
        </extensions>
      </trkpt>
      <trkpt lat="29.64442857541143894195556640625" lon="91.03178537450730800628662109375">
        <ele>3632.800048828125</ele>
        <time>2026-10-06T22:59:46.000Z</time>
        <extensions>
          <ns3:TrackPointExtension>
            <ns3:hr>145</ns3:hr>
            <ns3:cad>94</ns3:cad>
          </ns3:TrackPointExtension>
        </extensions>
      </trkpt>
      <trkpt lat="29.64445908553898334503173828125" lon="91.03179275058209896087646484375">
        <ele>3632.800048828125</ele>
        <time>2026-10-06T22:59:47.000Z</time>
        <extensions>
          <ns3:TrackPointExtension>
            <ns3:hr>145</ns3:hr>
            <ns3:cad>94</ns3:cad>
          </ns3:TrackPointExtension>
        </extensions>
      </trkpt>
      <trkpt lat="29.64448708109557628631591796875" lon="91.03178679943084716796875">
        <ele>3632.800048828125</ele>
        <time>2026-10-06T22:59:48.000Z</time>
        <extensions>
          <ns3:TrackPointExtension>
            <ns3:hr>145</ns3:hr>
            <ns3:cad>94</ns3:cad>
          </ns3:TrackPointExtension>
        </extensions>
      </trkpt>
      <trkpt lat="29.644516669213771820068359375" lon="91.03178210556507110595703125">
        <ele>3632.800048828125</ele>
        <time>2026-10-06T22:59:49.000Z</time>
        <extensions>
          <ns3:TrackPointExtension>
            <ns3:hr>145</ns3:hr>
            <ns3:cad>94</ns3:cad>
          </ns3:TrackPointExtension>
        </extensions>
      </trkpt>
      <trkpt lat="29.6445470117032527923583984375" lon="91.0317856259644031524658203125">
        <ele>3632.800048828125</ele>
        <time>2026-10-06T22:59:50.000Z</time>
        <extensions>
          <ns3:TrackPointExtension>
            <ns3:hr>145</ns3:hr>
            <ns3:cad>94</ns3:cad>
          </ns3:TrackPointExtension>
        </extensions>
      </trkpt>
      <trkpt lat="29.64457358233630657196044921875" lon="91.0317933373153209686279296875">
        <ele>3632.800048828125</ele>
        <time>2026-10-06T22:59:51.000Z</time>
        <extensions>
          <ns3:TrackPointExtension>
            <ns3:hr>144</ns3:hr>
            <ns3:cad>94</ns3:cad>
          </ns3:TrackPointExtension>
        </extensions>
      </trkpt>
      <trkpt lat="29.6446043439209461212158203125" lon="91.03180616162717342376708984375">
        <ele>3632.800048828125</ele>
        <time>2026-10-06T22:59:52.000Z</time>
        <extensions>
          <ns3:TrackPointExtension>
            <ns3:hr>144</ns3:hr>
            <ns3:cad>93</ns3:cad>
          </ns3:TrackPointExtension>
        </extensions>
      </trkpt>
      <trkpt lat="29.6446271426975727081298828125" lon="91.0318101011216640472412109375">
        <ele>3632.800048828125</ele>
        <time>2026-10-06T22:59:53.000Z</time>
        <extensions>
          <ns3:TrackPointExtension>
            <ns3:hr>144</ns3:hr>
            <ns3:cad>93</ns3:cad>
          </ns3:TrackPointExtension>
        </extensions>
      </trkpt>
      <trkpt lat="29.6446579881012439727783203125" lon="91.03181102313101291656494140625">
        <ele>3632.800048828125</ele>
        <time>2026-10-06T22:59:54.000Z</time>
        <extensions>
          <ns3:TrackPointExtension>
            <ns3:hr>144</ns3:hr>
            <ns3:cad>93</ns3:cad>
          </ns3:TrackPointExtension>
        </extensions>
      </trkpt>
      <trkpt lat="29.64467952959239482879638671875" lon="91.03180817328393459320068359375">
        <ele>3633</ele>
        <time>2026-10-06T22:59:55.000Z</time>
        <extensions>
          <ns3:TrackPointExtension>
            <ns3:hr>144</ns3:hr>
            <ns3:cad>93</ns3:cad>
          </ns3:TrackPointExtension>
        </extensions>
      </trkpt>
      <trkpt lat="29.6447062678635120391845703125" lon="91.03181052021682262420654296875">
        <ele>3633</ele>
        <time>2026-10-06T22:59:56.000Z</time>
        <extensions>
          <ns3:TrackPointExtension>
            <ns3:hr>144</ns3:hr>
            <ns3:cad>93</ns3:cad>
          </ns3:TrackPointExtension>
        </extensions>
      </trkpt>
      <trkpt lat="29.6447304077446460723876953125" lon="91.03180347941815853118896484375">
        <ele>3633</ele>
        <time>2026-10-06T22:59:57.000Z</time>
        <extensions>
          <ns3:TrackPointExtension>
            <ns3:hr>144</ns3:hr>
            <ns3:cad>93</ns3:cad>
          </ns3:TrackPointExtension>
        </extensions>
      </trkpt>
      <trkpt lat="29.64475647546350955963134765625" lon="91.03180482052266597747802734375">
        <ele>3633</ele>
        <time>2026-10-06T22:59:58.000Z</time>
        <extensions>
          <ns3:TrackPointExtension>
            <ns3:hr>143</ns3:hr>
            <ns3:cad>95</ns3:cad>
          </ns3:TrackPointExtension>
        </extensions>
      </trkpt>
      <trkpt lat="29.6447880752384662628173828125" lon="91.031803227961063385009765625">
        <ele>3632.800048828125</ele>
        <time>2026-10-06T22:59:59.000Z</time>
        <extensions>
          <ns3:TrackPointExtension>
            <ns3:hr>144</ns3:hr>
            <ns3:cad>95</ns3:cad>
          </ns3:TrackPointExtension>
        </extensions>
      </trkpt>
      <trkpt lat="29.644813053309917449951171875" lon="91.0318017192184925079345703125">
        <ele>3632.800048828125</ele>
        <time>2026-10-06T23:00:00.000Z</time>
        <extensions>
          <ns3:TrackPointExtension>
            <ns3:hr>144</ns3:hr>
            <ns3:cad>95</ns3:cad>
          </ns3:TrackPointExtension>
        </extensions>
      </trkpt>
      <trkpt lat="29.6448444016277790069580078125" lon="91.0318023897707462310791015625">
        <ele>3632.800048828125</ele>
        <time>2026-10-06T23:00:01.000Z</time>
        <extensions>
          <ns3:TrackPointExtension>
            <ns3:hr>143</ns3:hr>
            <ns3:cad>94</ns3:cad>
          </ns3:TrackPointExtension>
        </extensions>
      </trkpt>
      <trkpt lat="29.64486795477569103240966796875" lon="91.03180079720914363861083984375">
        <ele>3632.800048828125</ele>
        <time>2026-10-06T23:00:02.000Z</time>
        <extensions>
          <ns3:TrackPointExtension>
            <ns3:hr>144</ns3:hr>
            <ns3:cad>94</ns3:cad>
          </ns3:TrackPointExtension>
        </extensions>
      </trkpt>
      <trkpt lat="29.644899554550647735595703125" lon="91.03181001730263233184814453125">
        <ele>3632.800048828125</ele>
        <time>2026-10-06T23:00:03.000Z</time>
        <extensions>
          <ns3:TrackPointExtension>
            <ns3:hr>144</ns3:hr>
            <ns3:cad>93</ns3:cad>
          </ns3:TrackPointExtension>
        </extensions>
      </trkpt>
      <trkpt lat="29.64492260478436946868896484375" lon="91.03181052021682262420654296875">
        <ele>3633</ele>
        <time>2026-10-06T23:00:04.000Z</time>
        <extensions>
          <ns3:TrackPointExtension>
            <ns3:hr>144</ns3:hr>
            <ns3:cad>93</ns3:cad>
          </ns3:TrackPointExtension>
        </extensions>
      </trkpt>
      <trkpt lat="29.6449513547122478485107421875" lon="91.0318174771964550018310546875">
        <ele>3633</ele>
        <time>2026-10-06T23:00:05.000Z</time>
        <extensions>
          <ns3:TrackPointExtension>
            <ns3:hr>143</ns3:hr>
            <ns3:cad>92</ns3:cad>
          </ns3:TrackPointExtension>
        </extensions>
      </trkpt>
      <trkpt lat="29.64497759006917476654052734375" lon="91.03182275779545307159423828125">
        <ele>3633</ele>
        <time>2026-10-06T23:00:06.000Z</time>
        <extensions>
          <ns3:TrackPointExtension>
            <ns3:hr>144</ns3:hr>
            <ns3:cad>92</ns3:cad>
          </ns3:TrackPointExtension>
        </extensions>
      </trkpt>
      <trkpt lat="29.64499670080840587615966796875" lon="91.031830050051212310791015625">
        <ele>3633</ele>
        <time>2026-10-06T23:00:07.000Z</time>
        <extensions>
          <ns3:TrackPointExtension>
            <ns3:hr>144</ns3:hr>
            <ns3:cad>94</ns3:cad>
          </ns3:TrackPointExtension>
        </extensions>
      </trkpt>
      <trkpt lat="29.64501849375665187835693359375" lon="91.03183952160179615020751953125">
        <ele>3633</ele>
        <time>2026-10-06T23:00:08.000Z</time>
        <extensions>
          <ns3:TrackPointExtension>
            <ns3:hr>144</ns3:hr>
            <ns3:cad>94</ns3:cad>
          </ns3:TrackPointExtension>
        </extensions>
      </trkpt>
      <trkpt lat="29.64503844268620014190673828125" lon="91.03184136562049388885498046875">
        <ele>3632.800048828125</ele>
        <time>2026-10-06T23:00:09.000Z</time>
        <extensions>
          <ns3:TrackPointExtension>
            <ns3:hr>144</ns3:hr>
            <ns3:cad>94</ns3:cad>
          </ns3:TrackPointExtension>
        </extensions>
      </trkpt>
      <trkpt lat="29.6450640074908733367919921875" lon="91.031837426126003265380859375">
        <ele>3632.800048828125</ele>
        <time>2026-10-06T23:00:10.000Z</time>
        <extensions>
          <ns3:TrackPointExtension>
            <ns3:hr>144</ns3:hr>
            <ns3:cad>96</ns3:cad>
          </ns3:TrackPointExtension>
        </extensions>
      </trkpt>
      <trkpt lat="29.6450841240584850311279296875" lon="91.03183181025087833404541015625">
        <ele>3633</ele>
        <time>2026-10-06T23:00:11.000Z</time>
        <extensions>
          <ns3:TrackPointExtension>
            <ns3:hr>144</ns3:hr>
            <ns3:cad>96</ns3:cad>
          </ns3:TrackPointExtension>
        </extensions>
      </trkpt>
      <trkpt lat="29.64510977268218994140625" lon="91.03182770311832427978515625">
        <ele>3633</ele>
        <time>2026-10-06T23:00:12.000Z</time>
        <extensions>
          <ns3:TrackPointExtension>
            <ns3:hr>144</ns3:hr>
            <ns3:cad>96</ns3:cad>
          </ns3:TrackPointExtension>
        </extensions>
      </trkpt>
      <trkpt lat="29.64513382874429225921630859375" lon="91.03182292543351650238037109375">
        <ele>3633</ele>
        <time>2026-10-06T23:00:13.000Z</time>
        <extensions>
          <ns3:TrackPointExtension>
            <ns3:hr>144</ns3:hr>
            <ns3:cad>96</ns3:cad>
          </ns3:TrackPointExtension>
        </extensions>
      </trkpt>
      <trkpt lat="29.64516517706215381622314453125" lon="91.0318251885473728179931640625">
        <ele>3633</ele>
        <time>2026-10-06T23:00:14.000Z</time>
        <extensions>
          <ns3:TrackPointExtension>
            <ns3:hr>145</ns3:hr>
            <ns3:cad>96</ns3:cad>
          </ns3:TrackPointExtension>
        </extensions>
      </trkpt>
      <trkpt lat="29.64519350789487361907958984375" lon="91.03182694874703884124755859375">
        <ele>3633</ele>
        <time>2026-10-06T23:00:15.000Z</time>
        <extensions>
          <ns3:TrackPointExtension>
            <ns3:hr>145</ns3:hr>
            <ns3:cad>95</ns3:cad>
          </ns3:TrackPointExtension>
        </extensions>
      </trkpt>
      <trkpt lat="29.64521982707083225250244140625" lon="91.03182963095605373382568359375">
        <ele>3632.800048828125</ele>
        <time>2026-10-06T23:00:16.000Z</time>
        <extensions>
          <ns3:TrackPointExtension>
            <ns3:hr>145</ns3:hr>
            <ns3:cad>93</ns3:cad>
          </ns3:TrackPointExtension>
        </extensions>
      </trkpt>
      <trkpt lat="29.645248241722583770751953125" lon="91.03183717466890811920166015625">
        <ele>3632.800048828125</ele>
        <time>2026-10-06T23:00:17.000Z</time>
        <extensions>
          <ns3:TrackPointExtension>
            <ns3:hr>145</ns3:hr>
            <ns3:cad>93</ns3:cad>
          </ns3:TrackPointExtension>
        </extensions>
      </trkpt>
      <trkpt lat="29.64527313597500324249267578125" lon="91.03184354491531848907470703125">
        <ele>3632.800048828125</ele>
        <time>2026-10-06T23:00:18.000Z</time>
        <extensions>
          <ns3:TrackPointExtension>
            <ns3:hr>146</ns3:hr>
            <ns3:cad>93</ns3:cad>
          </ns3:TrackPointExtension>
        </extensions>
      </trkpt>
      <trkpt lat="29.64530096389353275299072265625" lon="91.031853519380092620849609375">
        <ele>3632.800048828125</ele>
        <time>2026-10-06T23:00:19.000Z</time>
        <extensions>
          <ns3:TrackPointExtension>
            <ns3:hr>146</ns3:hr>
            <ns3:cad>94</ns3:cad>
          </ns3:TrackPointExtension>
        </extensions>
      </trkpt>
      <trkpt lat="29.6453231759369373321533203125" lon="91.03185863234102725982666015625">
        <ele>3632.800048828125</ele>
        <time>2026-10-06T23:00:20.000Z</time>
        <extensions>
          <ns3:TrackPointExtension>
            <ns3:hr>146</ns3:hr>
            <ns3:cad>92</ns3:cad>
          </ns3:TrackPointExtension>
        </extensions>
      </trkpt>
      <trkpt lat="29.64535343460738658905029296875" lon="91.031859219074249267578125">
        <ele>3632.800048828125</ele>
        <time>2026-10-06T23:00:21.000Z</time>
        <extensions>
          <ns3:TrackPointExtension>
            <ns3:hr>146</ns3:hr>
            <ns3:cad>92</ns3:cad>
          </ns3:TrackPointExtension>
        </extensions>
      </trkpt>
      <trkpt lat="29.6453774906694889068603515625" lon="91.03185947053134441375732421875">
        <ele>3632.800048828125</ele>
        <time>2026-10-06T23:00:22.000Z</time>
        <extensions>
          <ns3:TrackPointExtension>
            <ns3:hr>146</ns3:hr>
            <ns3:cad>93</ns3:cad>
          </ns3:TrackPointExtension>
        </extensions>
      </trkpt>
      <trkpt lat="29.64540389366447925567626953125" lon="91.03186030872166156768798828125">
        <ele>3633</ele>
        <time>2026-10-06T23:00:23.000Z</time>
        <extensions>
          <ns3:TrackPointExtension>
            <ns3:hr>147</ns3:hr>
            <ns3:cad>94</ns3:cad>
          </ns3:TrackPointExtension>
        </extensions>
      </trkpt>
      <trkpt lat="29.64543054811656475067138671875" lon="91.03185377083718776702880859375">
        <ele>3632.800048828125</ele>
        <time>2026-10-06T23:00:24.000Z</time>
        <extensions>
          <ns3:TrackPointExtension>
            <ns3:hr>147</ns3:hr>
            <ns3:cad>94</ns3:cad>
          </ns3:TrackPointExtension>
        </extensions>
      </trkpt>
      <trkpt lat="29.64545510709285736083984375" lon="91.03185041807591915130615234375">
        <ele>3633</ele>
        <time>2026-10-06T23:00:25.000Z</time>
        <extensions>
          <ns3:TrackPointExtension>
            <ns3:hr>147</ns3:hr>
            <ns3:cad>95</ns3:cad>
          </ns3:TrackPointExtension>
        </extensions>
      </trkpt>
      <trkpt lat="29.64548486284911632537841796875" lon="91.03184572421014308929443359375">
        <ele>3633</ele>
        <time>2026-10-06T23:00:26.000Z</time>
        <extensions>
          <ns3:TrackPointExtension>
            <ns3:hr>146</ns3:hr>
            <ns3:cad>95</ns3:cad>
          </ns3:TrackPointExtension>
        </extensions>
      </trkpt>
      <trkpt lat="29.6455085836350917816162109375" lon="91.0318396054208278656005859375">
        <ele>3633</ele>
        <time>2026-10-06T23:00:27.000Z</time>
        <extensions>
          <ns3:TrackPointExtension>
            <ns3:hr>147</ns3:hr>
            <ns3:cad>94</ns3:cad>
          </ns3:TrackPointExtension>
        </extensions>
      </trkpt>
      <trkpt lat="29.64553951285779476165771484375" lon="91.03183952160179615020751953125">
        <ele>3632.800048828125</ele>
        <time>2026-10-06T23:00:28.000Z</time>
        <extensions>
          <ns3:TrackPointExtension>
            <ns3:hr>146</ns3:hr>
            <ns3:cad>94</ns3:cad>
          </ns3:TrackPointExtension>
        </extensions>
      </trkpt>
      <trkpt lat="29.64556314982473850250244140625" lon="91.031836085021495819091796875">
        <ele>3632.800048828125</ele>
        <time>2026-10-06T23:00:29.000Z</time>
        <extensions>
          <ns3:TrackPointExtension>
            <ns3:hr>146</ns3:hr>
            <ns3:cad>93</ns3:cad>
          </ns3:TrackPointExtension>
        </extensions>
      </trkpt>
      <trkpt lat="29.6455917321145534515380859375" lon="91.03183935396373271942138671875">
        <ele>3632.800048828125</ele>
        <time>2026-10-06T23:00:30.000Z</time>
        <extensions>
          <ns3:TrackPointExtension>
            <ns3:hr>146</ns3:hr>
            <ns3:cad>93</ns3:cad>
          </ns3:TrackPointExtension>
        </extensions>
      </trkpt>
      <trkpt lat="29.645616374909877777099609375" lon="91.03184270672500133514404296875">
        <ele>3632.800048828125</ele>
        <time>2026-10-06T23:00:31.000Z</time>
        <extensions>
          <ns3:TrackPointExtension>
            <ns3:hr>147</ns3:hr>
            <ns3:cad>93</ns3:cad>
          </ns3:TrackPointExtension>
        </extensions>
      </trkpt>
      <trkpt lat="29.64564193971455097198486328125" lon="91.03184639476239681243896484375">
        <ele>3633</ele>
        <time>2026-10-06T23:00:32.000Z</time>
        <extensions>
          <ns3:TrackPointExtension>
            <ns3:hr>146</ns3:hr>
            <ns3:cad>93</ns3:cad>
          </ns3:TrackPointExtension>
        </extensions>
      </trkpt>
      <trkpt lat="29.645665995776653289794921875" lon="91.03185025043785572052001953125">
        <ele>3633</ele>
        <time>2026-10-06T23:00:33.000Z</time>
        <extensions>
          <ns3:TrackPointExtension>
            <ns3:hr>146</ns3:hr>
            <ns3:cad>93</ns3:cad>
          </ns3:TrackPointExtension>
        </extensions>
      </trkpt>
      <trkpt lat="29.6456903032958507537841796875" lon="91.0318533517420291900634765625">
        <ele>3633</ele>
        <time>2026-10-06T23:00:34.000Z</time>
        <extensions>
          <ns3:TrackPointExtension>
            <ns3:hr>146</ns3:hr>
            <ns3:cad>93</ns3:cad>
          </ns3:TrackPointExtension>
        </extensions>
      </trkpt>
      <trkpt lat="29.64571234770119190216064453125" lon="91.03185611777007579803466796875">
        <ele>3633</ele>
        <time>2026-10-06T23:00:35.000Z</time>
        <extensions>
          <ns3:TrackPointExtension>
            <ns3:hr>146</ns3:hr>
            <ns3:cad>93</ns3:cad>
          </ns3:TrackPointExtension>
        </extensions>
      </trkpt>
      <trkpt lat="29.6457312069833278656005859375" lon="91.03185863234102725982666015625">
        <ele>3633</ele>
        <time>2026-10-06T23:00:36.000Z</time>
        <extensions>
          <ns3:TrackPointExtension>
            <ns3:hr>146</ns3:hr>
            <ns3:cad>93</ns3:cad>
          </ns3:TrackPointExtension>
        </extensions>
      </trkpt>
      <trkpt lat="29.64576079510152339935302734375" lon="91.03185854852199554443359375">
        <ele>3633</ele>
        <time>2026-10-06T23:00:37.000Z</time>
        <extensions>
          <ns3:TrackPointExtension>
            <ns3:hr>146</ns3:hr>
            <ns3:cad>93</ns3:cad>
          </ns3:TrackPointExtension>
        </extensions>
      </trkpt>
      <trkpt lat="29.64578677900135517120361328125" lon="91.0318556986749172210693359375">
        <ele>3633</ele>
        <time>2026-10-06T23:00:38.000Z</time>
        <extensions>
          <ns3:TrackPointExtension>
            <ns3:hr>146</ns3:hr>
            <ns3:cad>93</ns3:cad>
          </ns3:TrackPointExtension>
        </extensions>
      </trkpt>
      <trkpt lat="29.64580840431153774261474609375" lon="91.03185259737074375152587890625">
        <ele>3633</ele>
        <time>2026-10-06T23:00:39.000Z</time>
        <extensions>
          <ns3:TrackPointExtension>
            <ns3:hr>145</ns3:hr>
            <ns3:cad>93</ns3:cad>
          </ns3:TrackPointExtension>
        </extensions>
      </trkpt>
      <trkpt lat="29.645837657153606414794921875" lon="91.0318563692271709442138671875">
        <ele>3633</ele>
        <time>2026-10-06T23:00:40.000Z</time>
        <extensions>
          <ns3:TrackPointExtension>
            <ns3:hr>146</ns3:hr>
            <ns3:cad>94</ns3:cad>
          </ns3:TrackPointExtension>
        </extensions>
      </trkpt>
      <trkpt lat="29.6458572708070278167724609375" lon="91.03185729123651981353759765625">
        <ele>3633</ele>
        <time>2026-10-06T23:00:41.000Z</time>
        <extensions>
          <ns3:TrackPointExtension>
            <ns3:hr>146</ns3:hr>
            <ns3:cad>94</ns3:cad>
          </ns3:TrackPointExtension>
        </extensions>
      </trkpt>
      <trkpt lat="29.64588568545877933502197265625" lon="91.03186181746423244476318359375">
        <ele>3632.800048828125</ele>
        <time>2026-10-06T23:00:42.000Z</time>
        <extensions>
          <ns3:TrackPointExtension>
            <ns3:hr>145</ns3:hr>
            <ns3:cad>94</ns3:cad>
          </ns3:TrackPointExtension>
        </extensions>
      </trkpt>
      <trkpt lat="29.64591049589216709136962890625" lon="91.0318637453019618988037109375">
        <ele>3632.800048828125</ele>
        <time>2026-10-06T23:00:43.000Z</time>
        <extensions>
          <ns3:TrackPointExtension>
            <ns3:hr>146</ns3:hr>
            <ns3:cad>94</ns3:cad>
          </ns3:TrackPointExtension>
        </extensions>
      </trkpt>
      <trkpt lat="29.645940251648426055908203125" lon="91.0318714566528797149658203125">
        <ele>3632.800048828125</ele>
        <time>2026-10-06T23:00:44.000Z</time>
        <extensions>
          <ns3:TrackPointExtension>
            <ns3:hr>146</ns3:hr>
            <ns3:cad>94</ns3:cad>
          </ns3:TrackPointExtension>
        </extensions>
      </trkpt>
      <trkpt lat="29.64596615172922611236572265625" lon="91.03187405504286289215087890625">
        <ele>3632.800048828125</ele>
        <time>2026-10-06T23:00:45.000Z</time>
        <extensions>
          <ns3:TrackPointExtension>
            <ns3:hr>145</ns3:hr>
            <ns3:cad>93</ns3:cad>
          </ns3:TrackPointExtension>
        </extensions>
      </trkpt>
      <trkpt lat="29.64599289000034332275390625" lon="91.03187858127057552337646484375">
        <ele>3633</ele>
        <time>2026-10-06T23:00:46.000Z</time>
        <extensions>
          <ns3:TrackPointExtension>
            <ns3:hr>146</ns3:hr>
            <ns3:cad>93</ns3:cad>
          </ns3:TrackPointExtension>
        </extensions>
      </trkpt>
      <trkpt lat="29.64602239429950714111328125" lon="91.03188134729862213134765625">
        <ele>3633</ele>
        <time>2026-10-06T23:00:47.000Z</time>
        <extensions>
          <ns3:TrackPointExtension>
            <ns3:hr>146</ns3:hr>
            <ns3:cad>94</ns3:cad>
          </ns3:TrackPointExtension>
        </extensions>
      </trkpt>
      <trkpt lat="29.6460463665425777435302734375" lon="91.0318878851830959320068359375">
        <ele>3633</ele>
        <time>2026-10-06T23:00:48.000Z</time>
        <extensions>
          <ns3:TrackPointExtension>
            <ns3:hr>146</ns3:hr>
            <ns3:cad>94</ns3:cad>
          </ns3:TrackPointExtension>
        </extensions>
      </trkpt>
      <trkpt lat="29.64607846923172473907470703125" lon="91.03189584799110889434814453125">
        <ele>3633</ele>
        <time>2026-10-06T23:00:49.000Z</time>
        <extensions>
          <ns3:TrackPointExtension>
            <ns3:hr>145</ns3:hr>
            <ns3:cad>93</ns3:cad>
          </ns3:TrackPointExtension>
        </extensions>
      </trkpt>
      <trkpt lat="29.64610042981803417205810546875" lon="91.03189945220947265625">
        <ele>3633</ele>
        <time>2026-10-06T23:00:50.000Z</time>
        <extensions>
          <ns3:TrackPointExtension>
            <ns3:hr>146</ns3:hr>
            <ns3:cad>93</ns3:cad>
          </ns3:TrackPointExtension>
        </extensions>
      </trkpt>
      <trkpt lat="29.64612943120300769805908203125" lon="91.03190775029361248016357421875">
        <ele>3633.199951171875</ele>
        <time>2026-10-06T23:00:51.000Z</time>
        <extensions>
          <ns3:TrackPointExtension>
            <ns3:hr>145</ns3:hr>
            <ns3:cad>92</ns3:cad>
          </ns3:TrackPointExtension>
        </extensions>
      </trkpt>
      <trkpt lat="29.64615046977996826171875" lon="91.0319096781313419342041015625">
        <ele>3633.199951171875</ele>
        <time>2026-10-06T23:00:52.000Z</time>
        <extensions>
          <ns3:TrackPointExtension>
            <ns3:hr>146</ns3:hr>
            <ns3:cad>92</ns3:cad>
          </ns3:TrackPointExtension>
        </extensions>
      </trkpt>
      <trkpt lat="29.646179974079132080078125" lon="91.03191487491130828857421875">
        <ele>3633.199951171875</ele>
        <time>2026-10-06T23:00:53.000Z</time>
        <extensions>
          <ns3:TrackPointExtension>
            <ns3:hr>146</ns3:hr>
            <ns3:cad>93</ns3:cad>
          </ns3:TrackPointExtension>
        </extensions>
      </trkpt>
      <trkpt lat="29.64620210230350494384765625" lon="91.0319187305867671966552734375">
        <ele>3633.199951171875</ele>
        <time>2026-10-06T23:00:54.000Z</time>
        <extensions>
          <ns3:TrackPointExtension>
            <ns3:hr>145</ns3:hr>
            <ns3:cad>93</ns3:cad>
          </ns3:TrackPointExtension>
        </extensions>
      </trkpt>
      <trkpt lat="29.64622649364173412322998046875" lon="91.0319195687770843505859375">
        <ele>3633.199951171875</ele>
        <time>2026-10-06T23:00:55.000Z</time>
        <extensions>
          <ns3:TrackPointExtension>
            <ns3:hr>146</ns3:hr>
            <ns3:cad>93</ns3:cad>
          </ns3:TrackPointExtension>
        </extensions>
      </trkpt>
      <trkpt lat="29.64625616557896137237548828125" lon="91.03192023932933807373046875">
        <ele>3633.199951171875</ele>
        <time>2026-10-06T23:00:56.000Z</time>
        <extensions>
          <ns3:TrackPointExtension>
            <ns3:hr>146</ns3:hr>
            <ns3:cad>94</ns3:cad>
          </ns3:TrackPointExtension>
        </extensions>
      </trkpt>
      <trkpt lat="29.64627779088914394378662109375" lon="91.0319160483777523040771484375">
        <ele>3633.199951171875</ele>
        <time>2026-10-06T23:00:57.000Z</time>
        <extensions>
          <ns3:TrackPointExtension>
            <ns3:hr>146</ns3:hr>
            <ns3:cad>94</ns3:cad>
          </ns3:TrackPointExtension>
        </extensions>
      </trkpt>
      <trkpt lat="29.6463028527796268463134765625" lon="91.03191713802516460418701171875">
        <ele>3633</ele>
        <time>2026-10-06T23:00:58.000Z</time>
        <extensions>
          <ns3:TrackPointExtension>
            <ns3:hr>146</ns3:hr>
            <ns3:cad>94</ns3:cad>
          </ns3:TrackPointExtension>
        </extensions>
      </trkpt>
      <trkpt lat="29.64632690884172916412353515625" lon="91.03191546164453029632568359375">
        <ele>3633</ele>
        <time>2026-10-06T23:00:59.000Z</time>
        <extensions>
          <ns3:TrackPointExtension>
            <ns3:hr>146</ns3:hr>
            <ns3:cad>93</ns3:cad>
          </ns3:TrackPointExtension>
        </extensions>
      </trkpt>
      <trkpt lat="29.64635222218930721282958984375" lon="91.031921245157718658447265625">
        <ele>3633</ele>
        <time>2026-10-06T23:01:00.000Z</time>
        <extensions>
          <ns3:TrackPointExtension>
            <ns3:hr>146</ns3:hr>
            <ns3:cad>93</ns3:cad>
          </ns3:TrackPointExtension>
        </extensions>
      </trkpt>
      <trkpt lat="29.64637820608913898468017578125" lon="91.031924597918987274169921875">
        <ele>3633</ele>
        <time>2026-10-06T23:01:01.000Z</time>
        <extensions>
          <ns3:TrackPointExtension>
            <ns3:hr>146</ns3:hr>
            <ns3:cad>93</ns3:cad>
          </ns3:TrackPointExtension>
        </extensions>
      </trkpt>
      <trkpt lat="29.646400250494480133056640625" lon="91.03191864676773548126220703125">
        <ele>3633</ele>
        <time>2026-10-06T23:01:02.000Z</time>
        <extensions>
          <ns3:TrackPointExtension>
            <ns3:hr>146</ns3:hr>
            <ns3:cad>93</ns3:cad>
          </ns3:TrackPointExtension>
        </extensions>
      </trkpt>
      <trkpt lat="29.64643084444105625152587890625" lon="91.03191428817808628082275390625">
        <ele>3633</ele>
        <time>2026-10-06T23:01:03.000Z</time>
        <extensions>
          <ns3:TrackPointExtension>
            <ns3:hr>146</ns3:hr>
            <ns3:cad>93</ns3:cad>
          </ns3:TrackPointExtension>
        </extensions>
      </trkpt>
      <trkpt lat="29.6464530564844608306884765625" lon="91.03190816938877105712890625">
        <ele>3633</ele>
        <time>2026-10-06T23:01:04.000Z</time>
        <extensions>
          <ns3:TrackPointExtension>
            <ns3:hr>147</ns3:hr>
            <ns3:cad>93</ns3:cad>
          </ns3:TrackPointExtension>
        </extensions>
      </trkpt>
      <trkpt lat="29.64648683555424213409423828125" lon="91.03190858848392963409423828125">
        <ele>3633</ele>
        <time>2026-10-06T23:01:05.000Z</time>
        <extensions>
          <ns3:TrackPointExtension>
            <ns3:hr>146</ns3:hr>
            <ns3:cad>94</ns3:cad>
          </ns3:TrackPointExtension>
        </extensions>
      </trkpt>
      <trkpt lat="29.64650996960699558258056640625" lon="91.03190406225621700286865234375">
        <ele>3633</ele>
        <time>2026-10-06T23:01:06.000Z</time>
        <extensions>
          <ns3:TrackPointExtension>
            <ns3:hr>146</ns3:hr>
            <ns3:cad>94</ns3:cad>
          </ns3:TrackPointExtension>
        </extensions>
      </trkpt>
      <trkpt lat="29.64653737843036651611328125" lon="91.03190892376005649566650390625">
        <ele>3633</ele>
        <time>2026-10-06T23:01:07.000Z</time>
        <extensions>
          <ns3:TrackPointExtension>
            <ns3:hr>146</ns3:hr>
            <ns3:cad>94</ns3:cad>
          </ns3:TrackPointExtension>
        </extensions>
      </trkpt>
      <trkpt lat="29.6465647034347057342529296875" lon="91.031907498836517333984375">
        <ele>3633</ele>
        <time>2026-10-06T23:01:08.000Z</time>
        <extensions>
          <ns3:TrackPointExtension>
            <ns3:hr>145</ns3:hr>
            <ns3:cad>94</ns3:cad>
          </ns3:TrackPointExtension>
        </extensions>
      </trkpt>
      <trkpt lat="29.6465916931629180908203125" lon="91.03190925903618335723876953125">
        <ele>3633</ele>
        <time>2026-10-06T23:01:09.000Z</time>
        <extensions>
          <ns3:TrackPointExtension>
            <ns3:hr>145</ns3:hr>
            <ns3:cad>94</ns3:cad>
          </ns3:TrackPointExtension>
        </extensions>
      </trkpt>
      <trkpt lat="29.64662186801433563232421875" lon="91.0319187305867671966552734375">
        <ele>3633</ele>
        <time>2026-10-06T23:01:10.000Z</time>
        <extensions>
          <ns3:TrackPointExtension>
            <ns3:hr>146</ns3:hr>
            <ns3:cad>93</ns3:cad>
          </ns3:TrackPointExtension>
        </extensions>
      </trkpt>
      <trkpt lat="29.6466414816677570343017578125" lon="91.03192551992833614349365234375">
        <ele>3633</ele>
        <time>2026-10-06T23:01:11.000Z</time>
        <extensions>
          <ns3:TrackPointExtension>
            <ns3:hr>146</ns3:hr>
            <ns3:cad>93</ns3:cad>
          </ns3:TrackPointExtension>
        </extensions>
      </trkpt>
      <trkpt lat="29.64667442254722118377685546875" lon="91.0319264419376850128173828125">
        <ele>3633</ele>
        <time>2026-10-06T23:01:12.000Z</time>
        <extensions>
          <ns3:TrackPointExtension>
            <ns3:hr>146</ns3:hr>
            <ns3:cad>94</ns3:cad>
          </ns3:TrackPointExtension>
        </extensions>
      </trkpt>
      <trkpt lat="29.64669805951416492462158203125" lon="91.03192535229027271270751953125">
        <ele>3633</ele>
        <time>2026-10-06T23:01:13.000Z</time>
        <extensions>
          <ns3:TrackPointExtension>
            <ns3:hr>146</ns3:hr>
            <ns3:cad>94</ns3:cad>
          </ns3:TrackPointExtension>
        </extensions>
      </trkpt>
      <trkpt lat="29.64672957547008991241455078125" lon="91.0319214127957820892333984375">
        <ele>3633</ele>
        <time>2026-10-06T23:01:14.000Z</time>
        <extensions>
          <ns3:TrackPointExtension>
            <ns3:hr>145</ns3:hr>
            <ns3:cad>93</ns3:cad>
          </ns3:TrackPointExtension>
        </extensions>
      </trkpt>
      <trkpt lat="29.64675505645573139190673828125" lon="91.0319200716912746429443359375">
        <ele>3633</ele>
        <time>2026-10-06T23:01:15.000Z</time>
        <extensions>
          <ns3:TrackPointExtension>
            <ns3:hr>146</ns3:hr>
            <ns3:cad>93</ns3:cad>
          </ns3:TrackPointExtension>
        </extensions>
      </trkpt>
      <trkpt lat="29.646781124174594879150390625" lon="91.03192317299544811248779296875">
        <ele>3633</ele>
        <time>2026-10-06T23:01:16.000Z</time>
        <extensions>
          <ns3:TrackPointExtension>
            <ns3:hr>146</ns3:hr>
            <ns3:cad>94</ns3:cad>
          </ns3:TrackPointExtension>
        </extensions>
      </trkpt>
      <trkpt lat="29.64680383913218975067138671875" lon="91.0319274477660655975341796875">
        <ele>3633</ele>
        <time>2026-10-06T23:01:17.000Z</time>
        <extensions>
          <ns3:TrackPointExtension>
            <ns3:hr>146</ns3:hr>
            <ns3:cad>95</ns3:cad>
          </ns3:TrackPointExtension>
        </extensions>
      </trkpt>
      <trkpt lat="29.64683015830814838409423828125" lon="91.03193121962249279022216796875">
        <ele>3633</ele>
        <time>2026-10-06T23:01:18.000Z</time>
        <extensions>
          <ns3:TrackPointExtension>
            <ns3:hr>146</ns3:hr>
            <ns3:cad>95</ns3:cad>
          </ns3:TrackPointExtension>
        </extensions>
      </trkpt>
      <trkpt lat="29.64685832150280475616455078125" lon="91.03193189017474651336669921875">
        <ele>3633</ele>
        <time>2026-10-06T23:01:19.000Z</time>
        <extensions>
          <ns3:TrackPointExtension>
            <ns3:hr>146</ns3:hr>
            <ns3:cad>92</ns3:cad>
          </ns3:TrackPointExtension>
        </extensions>
      </trkpt>
      <trkpt lat="29.646887071430683135986328125" lon="91.0319375060498714447021484375">
        <ele>3632.800048828125</ele>
        <time>2026-10-06T23:01:20.000Z</time>
        <extensions>
          <ns3:TrackPointExtension>
            <ns3:hr>146</ns3:hr>
            <ns3:cad>92</ns3:cad>
          </ns3:TrackPointExtension>
        </extensions>
      </trkpt>
      <trkpt lat="29.64691498316824436187744140625" lon="91.03193608112633228302001953125">
        <ele>3633</ele>
        <time>2026-10-06T23:01:21.000Z</time>
        <extensions>
          <ns3:TrackPointExtension>
            <ns3:hr>146</ns3:hr>
            <ns3:cad>94</ns3:cad>
          </ns3:TrackPointExtension>
        </extensions>
      </trkpt>
      <trkpt lat="29.6469415538012981414794921875" lon="91.03193339891731739044189453125">
        <ele>3633</ele>
        <time>2026-10-06T23:01:22.000Z</time>
        <extensions>
          <ns3:TrackPointExtension>
            <ns3:hr>146</ns3:hr>
            <ns3:cad>94</ns3:cad>
          </ns3:TrackPointExtension>
        </extensions>
      </trkpt>
      <trkpt lat="29.64697013609111309051513671875" lon="91.03192426264286041259765625">
        <ele>3632.800048828125</ele>
        <time>2026-10-06T23:01:23.000Z</time>
        <extensions>
          <ns3:TrackPointExtension>
            <ns3:hr>146</ns3:hr>
            <ns3:cad>92</ns3:cad>
          </ns3:TrackPointExtension>
        </extensions>
      </trkpt>
      <trkpt lat="29.64699025265872478485107421875" lon="91.03190892376005649566650390625">
        <ele>3632.800048828125</ele>
        <time>2026-10-06T23:01:24.000Z</time>
        <extensions>
          <ns3:TrackPointExtension>
            <ns3:hr>146</ns3:hr>
            <ns3:cad>92</ns3:cad>
          </ns3:TrackPointExtension>
        </extensions>
      </trkpt>
      <trkpt lat="29.64701573364436626434326171875" lon="91.03188931010663509368896484375">
        <ele>3632.800048828125</ele>
        <time>2026-10-06T23:01:25.000Z</time>
        <extensions>
          <ns3:TrackPointExtension>
            <ns3:hr>146</ns3:hr>
            <ns3:cad>92</ns3:cad>
          </ns3:TrackPointExtension>
        </extensions>
      </trkpt>
      <trkpt lat="29.6470317430794239044189453125" lon="91.03187204338610172271728515625">
        <ele>3632.800048828125</ele>
        <time>2026-10-06T23:01:26.000Z</time>
        <extensions>
          <ns3:TrackPointExtension>
            <ns3:hr>146</ns3:hr>
            <ns3:cad>93</ns3:cad>
          </ns3:TrackPointExtension>
        </extensions>
      </trkpt>
      <trkpt lat="29.6470495127141475677490234375" lon="91.0318476520478725433349609375">
        <ele>3632.800048828125</ele>
        <time>2026-10-06T23:01:27.000Z</time>
        <extensions>
          <ns3:TrackPointExtension>
            <ns3:hr>146</ns3:hr>
            <ns3:cad>93</ns3:cad>
          </ns3:TrackPointExtension>
        </extensions>
      </trkpt>
      <trkpt lat="29.6470619179308414459228515625" lon="91.0318245179951190948486328125">
        <ele>3633</ele>
        <time>2026-10-06T23:01:28.000Z</time>
        <extensions>
          <ns3:TrackPointExtension>
            <ns3:hr>146</ns3:hr>
            <ns3:cad>92</ns3:cad>
          </ns3:TrackPointExtension>
        </extensions>
      </trkpt>
      <trkpt lat="29.64707256294786930084228515625" lon="91.03179861791431903839111328125">
        <ele>3633</ele>
        <time>2026-10-06T23:01:29.000Z</time>
        <extensions>
          <ns3:TrackPointExtension>
            <ns3:hr>147</ns3:hr>
            <ns3:cad>92</ns3:cad>
          </ns3:TrackPointExtension>
        </extensions>
      </trkpt>
      <trkpt lat="29.64708010666072368621826171875" lon="91.03177213110029697418212890625">
        <ele>3633</ele>
        <time>2026-10-06T23:01:30.000Z</time>
        <extensions>
          <ns3:TrackPointExtension>
            <ns3:hr>147</ns3:hr>
            <ns3:cad>92</ns3:cad>
          </ns3:TrackPointExtension>
        </extensions>
      </trkpt>
      <trkpt lat="29.64708664454519748687744140625" lon="91.03174857795238494873046875">
        <ele>3633</ele>
        <time>2026-10-06T23:01:31.000Z</time>
        <extensions>
          <ns3:TrackPointExtension>
            <ns3:hr>147</ns3:hr>
            <ns3:cad>92</ns3:cad>
          </ns3:TrackPointExtension>
        </extensions>
      </trkpt>
      <trkpt lat="29.6470920927822589874267578125" lon="91.03171915747225284576416015625">
        <ele>3633</ele>
        <time>2026-10-06T23:01:32.000Z</time>
        <extensions>
          <ns3:TrackPointExtension>
            <ns3:hr>147</ns3:hr>
            <ns3:cad>92</ns3:cad>
          </ns3:TrackPointExtension>
        </extensions>
      </trkpt>
      <trkpt lat="29.6470932662487030029296875" lon="91.031692922115325927734375">
        <ele>3633</ele>
        <time>2026-10-06T23:01:33.000Z</time>
        <extensions>
          <ns3:TrackPointExtension>
            <ns3:hr>147</ns3:hr>
            <ns3:cad>94</ns3:cad>
          </ns3:TrackPointExtension>
        </extensions>
      </trkpt>
      <trkpt lat="29.64708798564970493316650390625" lon="91.03165662847459316253662109375">
        <ele>3633</ele>
        <time>2026-10-06T23:01:34.000Z</time>
        <extensions>
          <ns3:TrackPointExtension>
            <ns3:hr>147</ns3:hr>
            <ns3:cad>94</ns3:cad>
          </ns3:TrackPointExtension>
        </extensions>
      </trkpt>
      <trkpt lat="29.64708446525037288665771484375" lon="91.0316290520131587982177734375">
        <ele>3633</ele>
        <time>2026-10-06T23:01:35.000Z</time>
        <extensions>
          <ns3:TrackPointExtension>
            <ns3:hr>146</ns3:hr>
            <ns3:cad>92</ns3:cad>
          </ns3:TrackPointExtension>
        </extensions>
      </trkpt>
      <trkpt lat="29.6470852196216583251953125" lon="91.0315968655049800872802734375">
        <ele>3633</ele>
        <time>2026-10-06T23:01:36.000Z</time>
        <extensions>
          <ns3:TrackPointExtension>
            <ns3:hr>147</ns3:hr>
            <ns3:cad>92</ns3:cad>
          </ns3:TrackPointExtension>
        </extensions>
      </trkpt>
      <trkpt lat="29.64708345942199230194091796875" lon="91.03156861849129199981689453125">
        <ele>3633</ele>
        <time>2026-10-06T23:01:37.000Z</time>
        <extensions>
          <ns3:TrackPointExtension>
            <ns3:hr>147</ns3:hr>
            <ns3:cad>92</ns3:cad>
          </ns3:TrackPointExtension>
        </extensions>
      </trkpt>
      <trkpt lat="29.64708547107875347137451171875" lon="91.031535007059574127197265625">
        <ele>3633</ele>
        <time>2026-10-06T23:01:38.000Z</time>
        <extensions>
          <ns3:TrackPointExtension>
            <ns3:hr>146</ns3:hr>
            <ns3:cad>92</ns3:cad>
          </ns3:TrackPointExtension>
        </extensions>
      </trkpt>
      <trkpt lat="29.64708765037357807159423828125" lon="91.0314979590475559234619140625">
        <ele>3632.800048828125</ele>
        <time>2026-10-06T23:01:39.000Z</time>
        <extensions>
          <ns3:TrackPointExtension>
            <ns3:hr>146</ns3:hr>
            <ns3:cad>93</ns3:cad>
          </ns3:TrackPointExtension>
        </extensions>
      </trkpt>
      <trkpt lat="29.6470937691628932952880859375" lon="91.0314657725393772125244140625">
        <ele>3633</ele>
        <time>2026-10-06T23:01:40.000Z</time>
        <extensions>
          <ns3:TrackPointExtension>
            <ns3:hr>146</ns3:hr>
            <ns3:cad>93</ns3:cad>
          </ns3:TrackPointExtension>
        </extensions>
      </trkpt>
      <trkpt lat="29.64709904976189136505126953125" lon="91.03143366985023021697998046875">
        <ele>3633</ele>
        <time>2026-10-06T23:01:41.000Z</time>
        <extensions>
          <ns3:TrackPointExtension>
            <ns3:hr>147</ns3:hr>
            <ns3:cad>93</ns3:cad>
          </ns3:TrackPointExtension>
        </extensions>
      </trkpt>
      <trkpt lat="29.64710600674152374267578125" lon="91.03140668012201786041259765625">
        <ele>3633</ele>
        <time>2026-10-06T23:01:42.000Z</time>
        <extensions>
          <ns3:TrackPointExtension>
            <ns3:hr>147</ns3:hr>
            <ns3:cad>93</ns3:cad>
          </ns3:TrackPointExtension>
        </extensions>
      </trkpt>
      <trkpt lat="29.6471058391034603118896484375" lon="91.03137533180415630340576171875">
        <ele>3633</ele>
        <time>2026-10-06T23:01:43.000Z</time>
        <extensions>
          <ns3:TrackPointExtension>
            <ns3:hr>147</ns3:hr>
            <ns3:cad>93</ns3:cad>
          </ns3:TrackPointExtension>
        </extensions>
      </trkpt>
      <trkpt lat="29.6471061743795871734619140625" lon="91.03134624660015106201171875">
        <ele>3633</ele>
        <time>2026-10-06T23:01:44.000Z</time>
        <extensions>
          <ns3:TrackPointExtension>
            <ns3:hr>146</ns3:hr>
            <ns3:cad>92</ns3:cad>
          </ns3:TrackPointExtension>
        </extensions>
      </trkpt>
      <trkpt lat="29.64710961095988750457763671875" lon="91.03132235817611217498779296875">
        <ele>3633</ele>
        <time>2026-10-06T23:01:45.000Z</time>
        <extensions>
          <ns3:TrackPointExtension>
            <ns3:hr>147</ns3:hr>
            <ns3:cad>93</ns3:cad>
          </ns3:TrackPointExtension>
        </extensions>
      </trkpt>
      <trkpt lat="29.6471095271408557891845703125" lon="91.03129385970532894134521484375">
        <ele>3633</ele>
        <time>2026-10-06T23:01:46.000Z</time>
        <extensions>
          <ns3:TrackPointExtension>
            <ns3:hr>147</ns3:hr>
            <ns3:cad>93</ns3:cad>
          </ns3:TrackPointExtension>
        </extensions>
      </trkpt>
      <trkpt lat="29.6471145562827587127685546875" lon="91.031263768672943115234375">
        <ele>3633</ele>
        <time>2026-10-06T23:01:47.000Z</time>
        <extensions>
          <ns3:TrackPointExtension>
            <ns3:hr>147</ns3:hr>
            <ns3:cad>94</ns3:cad>
          </ns3:TrackPointExtension>
        </extensions>
      </trkpt>
      <trkpt lat="29.64711598120629787445068359375" lon="91.0312367789447307586669921875">
        <ele>3633</ele>
        <time>2026-10-06T23:01:48.000Z</time>
        <extensions>
          <ns3:TrackPointExtension>
            <ns3:hr>147</ns3:hr>
            <ns3:cad>93</ns3:cad>
          </ns3:TrackPointExtension>
        </extensions>
      </trkpt>
      <trkpt lat="29.647118411958217620849609375" lon="91.03121138177812099456787109375">
        <ele>3633</ele>
        <time>2026-10-06T23:01:49.000Z</time>
        <extensions>
          <ns3:TrackPointExtension>
            <ns3:hr>147</ns3:hr>
            <ns3:cad>93</ns3:cad>
          </ns3:TrackPointExtension>
        </extensions>
      </trkpt>
      <trkpt lat="29.6471222676336765289306640625" lon="91.031182967126369476318359375">
        <ele>3633</ele>
        <time>2026-10-06T23:01:50.000Z</time>
        <extensions>
          <ns3:TrackPointExtension>
            <ns3:hr>147</ns3:hr>
            <ns3:cad>93</ns3:cad>
          </ns3:TrackPointExtension>
        </extensions>
      </trkpt>
      <trkpt lat="29.64712235145270824432373046875" lon="91.031158827245235443115234375">
        <ele>3633</ele>
        <time>2026-10-06T23:01:51.000Z</time>
        <extensions>
          <ns3:TrackPointExtension>
            <ns3:hr>147</ns3:hr>
            <ns3:cad>93</ns3:cad>
          </ns3:TrackPointExtension>
        </extensions>
      </trkpt>
      <trkpt lat="29.64712486602365970611572265625" lon="91.03112538345158100128173828125">
        <ele>3633</ele>
        <time>2026-10-06T23:01:52.000Z</time>
        <extensions>
          <ns3:TrackPointExtension>
            <ns3:hr>147</ns3:hr>
            <ns3:cad>93</ns3:cad>
          </ns3:TrackPointExtension>
        </extensions>
      </trkpt>
      <trkpt lat="29.64712369255721569061279296875" lon="91.03110082447528839111328125">
        <ele>3633</ele>
        <time>2026-10-06T23:01:53.000Z</time>
        <extensions>
          <ns3:TrackPointExtension>
            <ns3:hr>147</ns3:hr>
            <ns3:cad>93</ns3:cad>
          </ns3:TrackPointExtension>
        </extensions>
      </trkpt>
      <trkpt lat="29.64712352491915225982666015625" lon="91.03106654249131679534912109375">
        <ele>3633</ele>
        <time>2026-10-06T23:01:54.000Z</time>
        <extensions>
          <ns3:TrackPointExtension>
            <ns3:hr>146</ns3:hr>
            <ns3:cad>94</ns3:cad>
          </ns3:TrackPointExtension>
        </extensions>
      </trkpt>
      <trkpt lat="29.647127799689769744873046875" lon="91.0310389660298824310302734375">
        <ele>3633</ele>
        <time>2026-10-06T23:01:55.000Z</time>
        <extensions>
          <ns3:TrackPointExtension>
            <ns3:hr>146</ns3:hr>
            <ns3:cad>94</ns3:cad>
          </ns3:TrackPointExtension>
        </extensions>
      </trkpt>
      <trkpt lat="29.64712478220462799072265625" lon="91.03100803680717945098876953125">
        <ele>3633</ele>
        <time>2026-10-06T23:01:56.000Z</time>
        <extensions>
          <ns3:TrackPointExtension>
            <ns3:hr>147</ns3:hr>
            <ns3:cad>94</ns3:cad>
          </ns3:TrackPointExtension>
        </extensions>
      </trkpt>
      <trkpt lat="29.6471266262233257293701171875" lon="91.03097953833639621734619140625">
        <ele>3632.800048828125</ele>
        <time>2026-10-06T23:01:57.000Z</time>
        <extensions>
          <ns3:TrackPointExtension>
            <ns3:hr>147</ns3:hr>
            <ns3:cad>93</ns3:cad>
          </ns3:TrackPointExtension>
        </extensions>
      </trkpt>
      <trkpt lat="29.6471209265291690826416015625" lon="91.03095321916043758392333984375">
        <ele>3632.800048828125</ele>
        <time>2026-10-06T23:01:58.000Z</time>
        <extensions>
          <ns3:TrackPointExtension>
            <ns3:hr>147</ns3:hr>
            <ns3:cad>93</ns3:cad>
          </ns3:TrackPointExtension>
        </extensions>
      </trkpt>
      <trkpt lat="29.647123105823993682861328125" lon="91.03092111647129058837890625">
        <ele>3632.800048828125</ele>
        <time>2026-10-06T23:01:59.000Z</time>
        <extensions>
          <ns3:TrackPointExtension>
            <ns3:hr>147</ns3:hr>
            <ns3:cad>92</ns3:cad>
          </ns3:TrackPointExtension>
        </extensions>
      </trkpt>
      <trkpt lat="29.64711899869143962860107421875" lon="91.03089370764791965484619140625">
        <ele>3632.800048828125</ele>
        <time>2026-10-06T23:02:00.000Z</time>
        <extensions>
          <ns3:TrackPointExtension>
            <ns3:hr>147</ns3:hr>
            <ns3:cad>93</ns3:cad>
          </ns3:TrackPointExtension>
        </extensions>
      </trkpt>
      <trkpt lat="29.64711807668209075927734375" lon="91.03085548616945743560791015625">
        <ele>3632.800048828125</ele>
        <time>2026-10-06T23:02:01.000Z</time>
        <extensions>
          <ns3:TrackPointExtension>
            <ns3:hr>147</ns3:hr>
            <ns3:cad>93</ns3:cad>
          </ns3:TrackPointExtension>
        </extensions>
      </trkpt>
      <trkpt lat="29.64711606502532958984375" lon="91.0308227129280567169189453125">
        <ele>3632.800048828125</ele>
        <time>2026-10-06T23:02:02.000Z</time>
        <extensions>
          <ns3:TrackPointExtension>
            <ns3:hr>147</ns3:hr>
            <ns3:cad>94</ns3:cad>
          </ns3:TrackPointExtension>
        </extensions>
      </trkpt>
      <trkpt lat="29.64711606502532958984375" lon="91.03079237043857574462890625">
        <ele>3632.800048828125</ele>
        <time>2026-10-06T23:02:03.000Z</time>
        <extensions>
          <ns3:TrackPointExtension>
            <ns3:hr>147</ns3:hr>
            <ns3:cad>94</ns3:cad>
          </ns3:TrackPointExtension>
        </extensions>
      </trkpt>
      <trkpt lat="29.647119753062725067138671875" lon="91.0307593457400798797607421875">
        <ele>3632.800048828125</ele>
        <time>2026-10-06T23:02:04.000Z</time>
        <extensions>
          <ns3:TrackPointExtension>
            <ns3:hr>147</ns3:hr>
            <ns3:cad>94</ns3:cad>
          </ns3:TrackPointExtension>
        </extensions>
      </trkpt>
      <trkpt lat="29.64712084271013736724853515625" lon="91.03072808124125003814697265625">
        <ele>3632.800048828125</ele>
        <time>2026-10-06T23:02:05.000Z</time>
        <extensions>
          <ns3:TrackPointExtension>
            <ns3:hr>148</ns3:hr>
            <ns3:cad>94</ns3:cad>
          </ns3:TrackPointExtension>
        </extensions>
      </trkpt>
      <trkpt lat="29.64712570421397686004638671875" lon="91.0306909494102001190185546875">
        <ele>3632.800048828125</ele>
        <time>2026-10-06T23:02:06.000Z</time>
        <extensions>
          <ns3:TrackPointExtension>
            <ns3:hr>148</ns3:hr>
            <ns3:cad>95</ns3:cad>
          </ns3:TrackPointExtension>
        </extensions>
      </trkpt>
      <trkpt lat="29.64713106863200664520263671875" lon="91.03066588751971721649169921875">
        <ele>3632.800048828125</ele>
        <time>2026-10-06T23:02:07.000Z</time>
        <extensions>
          <ns3:TrackPointExtension>
            <ns3:hr>148</ns3:hr>
            <ns3:cad>95</ns3:cad>
          </ns3:TrackPointExtension>
        </extensions>
      </trkpt>
      <trkpt lat="29.6471360139548778533935546875" lon="91.03063420392572879791259765625">
        <ele>3633</ele>
        <time>2026-10-06T23:02:08.000Z</time>
        <extensions>
          <ns3:TrackPointExtension>
            <ns3:hr>148</ns3:hr>
            <ns3:cad>94</ns3:cad>
          </ns3:TrackPointExtension>
        </extensions>
      </trkpt>
      <trkpt lat="29.647140540182590484619140625" lon="91.030607633292675018310546875">
        <ele>3633</ele>
        <time>2026-10-06T23:02:09.000Z</time>
        <extensions>
          <ns3:TrackPointExtension>
            <ns3:hr>148</ns3:hr>
            <ns3:cad>92</ns3:cad>
          </ns3:TrackPointExtension>
        </extensions>
      </trkpt>
      <trkpt lat="29.64713953435420989990234375" lon="91.0305736027657985687255859375">
        <ele>3632.800048828125</ele>
        <time>2026-10-06T23:02:10.000Z</time>
        <extensions>
          <ns3:TrackPointExtension>
            <ns3:hr>148</ns3:hr>
            <ns3:cad>92</ns3:cad>
          </ns3:TrackPointExtension>
        </extensions>
      </trkpt>
      <trkpt lat="29.647141210734844207763671875" lon="91.0305467806756496429443359375">
        <ele>3632.800048828125</ele>
        <time>2026-10-06T23:02:11.000Z</time>
        <extensions>
          <ns3:TrackPointExtension>
            <ns3:hr>149</ns3:hr>
            <ns3:cad>92</ns3:cad>
          </ns3:TrackPointExtension>
        </extensions>
      </trkpt>
      <trkpt lat="29.64714112691581249237060546875" lon="91.03051534853875637054443359375">
        <ele>3632.800048828125</ele>
        <time>2026-10-06T23:02:12.000Z</time>
        <extensions>
          <ns3:TrackPointExtension>
            <ns3:hr>149</ns3:hr>
            <ns3:cad>93</ns3:cad>
          </ns3:TrackPointExtension>
        </extensions>
      </trkpt>
      <trkpt lat="29.6471450664103031158447265625" lon="91.0304864309728145599365234375">
        <ele>3632.800048828125</ele>
        <time>2026-10-06T23:02:13.000Z</time>
        <extensions>
          <ns3:TrackPointExtension>
            <ns3:hr>149</ns3:hr>
            <ns3:cad>93</ns3:cad>
          </ns3:TrackPointExtension>
        </extensions>
      </trkpt>
      <trkpt lat="29.64714892208576202392578125" lon="91.03046304546296596527099609375">
        <ele>3632.800048828125</ele>
        <time>2026-10-06T23:02:14.000Z</time>
        <extensions>
          <ns3:TrackPointExtension>
            <ns3:hr>148</ns3:hr>
            <ns3:cad>92</ns3:cad>
          </ns3:TrackPointExtension>
        </extensions>
      </trkpt>
      <trkpt lat="29.64715437032282352447509765625" lon="91.030435971915721893310546875">
        <ele>3632.800048828125</ele>
        <time>2026-10-06T23:02:15.000Z</time>
        <extensions>
          <ns3:TrackPointExtension>
            <ns3:hr>149</ns3:hr>
            <ns3:cad>92</ns3:cad>
          </ns3:TrackPointExtension>
        </extensions>
      </trkpt>
      <trkpt lat="29.64715898036956787109375" lon="91.03041057474911212921142578125">
        <ele>3632.800048828125</ele>
        <time>2026-10-06T23:02:16.000Z</time>
        <extensions>
          <ns3:TrackPointExtension>
            <ns3:hr>148</ns3:hr>
            <ns3:cad>94</ns3:cad>
          </ns3:TrackPointExtension>
        </extensions>
      </trkpt>
      <trkpt lat="29.6471648477017879486083984375" lon="91.03037931025028228759765625">
        <ele>3632.800048828125</ele>
        <time>2026-10-06T23:02:17.000Z</time>
        <extensions>
          <ns3:TrackPointExtension>
            <ns3:hr>148</ns3:hr>
            <ns3:cad>94</ns3:cad>
          </ns3:TrackPointExtension>
        </extensions>
      </trkpt>
      <trkpt lat="29.6471648477017879486083984375" lon="91.03035558946430683135986328125">
        <ele>3632.800048828125</ele>
        <time>2026-10-06T23:02:18.000Z</time>
        <extensions>
          <ns3:TrackPointExtension>
            <ns3:hr>148</ns3:hr>
            <ns3:cad>95</ns3:cad>
          </ns3:TrackPointExtension>
        </extensions>
      </trkpt>
      <trkpt lat="29.64716811664402484893798828125" lon="91.03032122366130352020263671875">
        <ele>3632.800048828125</ele>
        <time>2026-10-06T23:02:19.000Z</time>
        <extensions>
          <ns3:TrackPointExtension>
            <ns3:hr>149</ns3:hr>
            <ns3:cad>95</ns3:cad>
          </ns3:TrackPointExtension>
        </extensions>
      </trkpt>
      <trkpt lat="29.6471655182540416717529296875" lon="91.0302892886102199554443359375">
        <ele>3632.800048828125</ele>
        <time>2026-10-06T23:02:20.000Z</time>
        <extensions>
          <ns3:TrackPointExtension>
            <ns3:hr>149</ns3:hr>
            <ns3:cad>96</ns3:cad>
          </ns3:TrackPointExtension>
        </extensions>
      </trkpt>
      <trkpt lat="29.64716794900596141815185546875" lon="91.03025852702558040618896484375">
        <ele>3632.800048828125</ele>
        <time>2026-10-06T23:02:21.000Z</time>
        <extensions>
          <ns3:TrackPointExtension>
            <ns3:hr>149</ns3:hr>
            <ns3:cad>96</ns3:cad>
          </ns3:TrackPointExtension>
        </extensions>
      </trkpt>
      <trkpt lat="29.64717247523367404937744140625" lon="91.03022282011806964874267578125">
        <ele>3632.800048828125</ele>
        <time>2026-10-06T23:02:22.000Z</time>
        <extensions>
          <ns3:TrackPointExtension>
            <ns3:hr>149</ns3:hr>
            <ns3:cad>94</ns3:cad>
          </ns3:TrackPointExtension>
        </extensions>
      </trkpt>
      <trkpt lat="29.6471752412617206573486328125" lon="91.0301930643618106842041015625">
        <ele>3632.800048828125</ele>
        <time>2026-10-06T23:02:23.000Z</time>
        <extensions>
          <ns3:TrackPointExtension>
            <ns3:hr>149</ns3:hr>
            <ns3:cad>93</ns3:cad>
          </ns3:TrackPointExtension>
        </extensions>
      </trkpt>
      <trkpt lat="29.64718219824135303497314453125" lon="91.0301600396633148193359375">
        <ele>3632.800048828125</ele>
        <time>2026-10-06T23:02:24.000Z</time>
        <extensions>
          <ns3:TrackPointExtension>
            <ns3:hr>150</ns3:hr>
            <ns3:cad>93</ns3:cad>
          </ns3:TrackPointExtension>
        </extensions>
      </trkpt>
      <trkpt lat="29.64718018658459186553955078125" lon="91.03013715706765651702880859375">
        <ele>3632.800048828125</ele>
        <time>2026-10-06T23:02:25.000Z</time>
        <extensions>
          <ns3:TrackPointExtension>
            <ns3:hr>150</ns3:hr>
            <ns3:cad>93</ns3:cad>
          </ns3:TrackPointExtension>
        </extensions>
      </trkpt>
      <trkpt lat="29.64718689210712909698486328125" lon="91.03010832332074642181396484375">
        <ele>3632.800048828125</ele>
        <time>2026-10-06T23:02:26.000Z</time>
        <extensions>
          <ns3:TrackPointExtension>
            <ns3:hr>150</ns3:hr>
            <ns3:cad>93</ns3:cad>
          </ns3:TrackPointExtension>
        </extensions>
      </trkpt>
      <trkpt lat="29.6471889875829219818115234375" lon="91.0300795733928680419921875">
        <ele>3632.800048828125</ele>
        <time>2026-10-06T23:02:27.000Z</time>
        <extensions>
          <ns3:TrackPointExtension>
            <ns3:hr>150</ns3:hr>
            <ns3:cad>93</ns3:cad>
          </ns3:TrackPointExtension>
        </extensions>
      </trkpt>
      <trkpt lat="29.647190831601619720458984375" lon="91.030051074922084808349609375">
        <ele>3632.800048828125</ele>
        <time>2026-10-06T23:02:28.000Z</time>
        <extensions>
          <ns3:TrackPointExtension>
            <ns3:hr>150</ns3:hr>
            <ns3:cad>94</ns3:cad>
          </ns3:TrackPointExtension>
        </extensions>
      </trkpt>
      <trkpt lat="29.6471970342099666595458984375" lon="91.0300160385668277740478515625">
        <ele>3632.800048828125</ele>
        <time>2026-10-06T23:02:29.000Z</time>
        <extensions>
          <ns3:TrackPointExtension>
            <ns3:hr>150</ns3:hr>
            <ns3:cad>94</ns3:cad>
          </ns3:TrackPointExtension>
        </extensions>
      </trkpt>
      <trkpt lat="29.647200219333171844482421875" lon="91.02999013848602771759033203125">
        <ele>3632.800048828125</ele>
        <time>2026-10-06T23:02:30.000Z</time>
        <extensions>
          <ns3:TrackPointExtension>
            <ns3:hr>149</ns3:hr>
            <ns3:cad>93</ns3:cad>
          </ns3:TrackPointExtension>
        </extensions>
      </trkpt>
      <trkpt lat="29.64720432646572589874267578125" lon="91.0299523361027240753173828125">
        <ele>3632.800048828125</ele>
        <time>2026-10-06T23:02:31.000Z</time>
        <extensions>
          <ns3:TrackPointExtension>
            <ns3:hr>149</ns3:hr>
            <ns3:cad>93</ns3:cad>
          </ns3:TrackPointExtension>
        </extensions>
      </trkpt>
      <trkpt lat="29.647204913198947906494140625" lon="91.02992534637451171875">
        <ele>3632.800048828125</ele>
        <time>2026-10-06T23:02:32.000Z</time>
        <extensions>
          <ns3:TrackPointExtension>
            <ns3:hr>149</ns3:hr>
            <ns3:cad>94</ns3:cad>
          </ns3:TrackPointExtension>
        </extensions>
      </trkpt>
      <trkpt lat="29.64720734395086765289306640625" lon="91.02989039383828639984130859375">
        <ele>3632.800048828125</ele>
        <time>2026-10-06T23:02:33.000Z</time>
        <extensions>
          <ns3:TrackPointExtension>
            <ns3:hr>149</ns3:hr>
            <ns3:cad>94</ns3:cad>
          </ns3:TrackPointExtension>
        </extensions>
      </trkpt>
      <trkpt lat="29.6472080983221530914306640625" lon="91.02986340411007404327392578125">
        <ele>3632.800048828125</ele>
        <time>2026-10-06T23:02:34.000Z</time>
        <extensions>
          <ns3:TrackPointExtension>
            <ns3:hr>149</ns3:hr>
            <ns3:cad>93</ns3:cad>
          </ns3:TrackPointExtension>
        </extensions>
      </trkpt>
      <trkpt lat="29.64720969088375568389892578125" lon="91.0298328101634979248046875">
        <ele>3632.800048828125</ele>
        <time>2026-10-06T23:02:35.000Z</time>
        <extensions>
          <ns3:TrackPointExtension>
            <ns3:hr>149</ns3:hr>
            <ns3:cad>93</ns3:cad>
          </ns3:TrackPointExtension>
        </extensions>
      </trkpt>
      <trkpt lat="29.6472111158072948455810546875" lon="91.02980439551174640655517578125">
        <ele>3632.800048828125</ele>
        <time>2026-10-06T23:02:36.000Z</time>
        <extensions>
          <ns3:TrackPointExtension>
            <ns3:hr>149</ns3:hr>
            <ns3:cad>93</ns3:cad>
          </ns3:TrackPointExtension>
        </extensions>
      </trkpt>
      <trkpt lat="29.64721061289310455322265625" lon="91.029770113527774810791015625">
        <ele>3632.800048828125</ele>
        <time>2026-10-06T23:02:37.000Z</time>
        <extensions>
          <ns3:TrackPointExtension>
            <ns3:hr>149</ns3:hr>
            <ns3:cad>93</ns3:cad>
          </ns3:TrackPointExtension>
        </extensions>
      </trkpt>
      <trkpt lat="29.64721052907407283782958984375" lon="91.02973264642059803009033203125">
        <ele>3632.800048828125</ele>
        <time>2026-10-06T23:02:38.000Z</time>
        <extensions>
          <ns3:TrackPointExtension>
            <ns3:hr>149</ns3:hr>
            <ns3:cad>93</ns3:cad>
          </ns3:TrackPointExtension>
        </extensions>
      </trkpt>
      <trkpt lat="29.6472077630460262298583984375" lon="91.02969828061759471893310546875">
        <ele>3632.800048828125</ele>
        <time>2026-10-06T23:02:39.000Z</time>
        <extensions>
          <ns3:TrackPointExtension>
            <ns3:hr>148</ns3:hr>
            <ns3:cad>93</ns3:cad>
          </ns3:TrackPointExtension>
        </extensions>
      </trkpt>
      <trkpt lat="29.64721472002565860748291015625" lon="91.0296633280813694000244140625">
        <ele>3632.800048828125</ele>
        <time>2026-10-06T23:02:40.000Z</time>
        <extensions>
          <ns3:TrackPointExtension>
            <ns3:hr>148</ns3:hr>
            <ns3:cad>93</ns3:cad>
          </ns3:TrackPointExtension>
        </extensions>
      </trkpt>
      <trkpt lat="29.64721572585403919219970703125" lon="91.02963340468704700469970703125">
        <ele>3632.800048828125</ele>
        <time>2026-10-06T23:02:41.000Z</time>
        <extensions>
          <ns3:TrackPointExtension>
            <ns3:hr>148</ns3:hr>
            <ns3:cad>93</ns3:cad>
          </ns3:TrackPointExtension>
        </extensions>
      </trkpt>
      <trkpt lat="29.64722326956689357757568359375" lon="91.029600463807582855224609375">
        <ele>3632.800048828125</ele>
        <time>2026-10-06T23:02:42.000Z</time>
        <extensions>
          <ns3:TrackPointExtension>
            <ns3:hr>148</ns3:hr>
            <ns3:cad>93</ns3:cad>
          </ns3:TrackPointExtension>
        </extensions>
      </trkpt>
      <trkpt lat="29.64722427539527416229248046875" lon="91.02957598865032196044921875">
        <ele>3632.60009765625</ele>
        <time>2026-10-06T23:02:43.000Z</time>
        <extensions>
          <ns3:TrackPointExtension>
            <ns3:hr>149</ns3:hr>
            <ns3:cad>95</ns3:cad>
          </ns3:TrackPointExtension>
        </extensions>
      </trkpt>
      <trkpt lat="29.64722729288041591644287109375" lon="91.0295436345040798187255859375">
        <ele>3632.800048828125</ele>
        <time>2026-10-06T23:02:44.000Z</time>
        <extensions>
          <ns3:TrackPointExtension>
            <ns3:hr>148</ns3:hr>
            <ns3:cad>95</ns3:cad>
          </ns3:TrackPointExtension>
        </extensions>
      </trkpt>
      <trkpt lat="29.6472300589084625244140625" lon="91.02951237000524997711181640625">
        <ele>3632.800048828125</ele>
        <time>2026-10-06T23:02:45.000Z</time>
        <extensions>
          <ns3:TrackPointExtension>
            <ns3:hr>148</ns3:hr>
            <ns3:cad>94</ns3:cad>
          </ns3:TrackPointExtension>
        </extensions>
      </trkpt>
      <trkpt lat="29.6472300589084625244140625" lon="91.02948387153446674346923828125">
        <ele>3632.800048828125</ele>
        <time>2026-10-06T23:02:46.000Z</time>
        <extensions>
          <ns3:TrackPointExtension>
            <ns3:hr>148</ns3:hr>
            <ns3:cad>94</ns3:cad>
          </ns3:TrackPointExtension>
        </extensions>
      </trkpt>
      <trkpt lat="29.64723316021263599395751953125" lon="91.02945487014949321746826171875">
        <ele>3632.800048828125</ele>
        <time>2026-10-06T23:02:47.000Z</time>
        <extensions>
          <ns3:TrackPointExtension>
            <ns3:hr>148</ns3:hr>
            <ns3:cad>94</ns3:cad>
          </ns3:TrackPointExtension>
        </extensions>
      </trkpt>
      <trkpt lat="29.6472327411174774169921875" lon="91.02943207137286663055419921875">
        <ele>3632.800048828125</ele>
        <time>2026-10-06T23:02:48.000Z</time>
        <extensions>
          <ns3:TrackPointExtension>
            <ns3:hr>148</ns3:hr>
            <ns3:cad>93</ns3:cad>
          </ns3:TrackPointExtension>
        </extensions>
      </trkpt>
      <trkpt lat="29.64723634533584117889404296875" lon="91.0293994657695293426513671875">
        <ele>3632.60009765625</ele>
        <time>2026-10-06T23:02:49.000Z</time>
        <extensions>
          <ns3:TrackPointExtension>
            <ns3:hr>149</ns3:hr>
            <ns3:cad>93</ns3:cad>
          </ns3:TrackPointExtension>
        </extensions>
      </trkpt>
      <trkpt lat="29.6472359262406826019287109375" lon="91.0293796844780445098876953125">
        <ele>3632.60009765625</ele>
        <time>2026-10-06T23:02:50.000Z</time>
        <extensions>
          <ns3:TrackPointExtension>
            <ns3:hr>149</ns3:hr>
            <ns3:cad>93</ns3:cad>
          </ns3:TrackPointExtension>
        </extensions>
      </trkpt>
      <trkpt lat="29.64723684825003147125244140625" lon="91.02935143746435642242431640625">
        <ele>3632.60009765625</ele>
        <time>2026-10-06T23:02:51.000Z</time>
        <extensions>
          <ns3:TrackPointExtension>
            <ns3:hr>148</ns3:hr>
            <ns3:cad>93</ns3:cad>
          </ns3:TrackPointExtension>
        </extensions>
      </trkpt>
      <trkpt lat="29.6472376026213169097900390625" lon="91.02932428009808063507080078125">
        <ele>3632.60009765625</ele>
        <time>2026-10-06T23:02:52.000Z</time>
        <extensions>
          <ns3:TrackPointExtension>
            <ns3:hr>148</ns3:hr>
            <ns3:cad>93</ns3:cad>
          </ns3:TrackPointExtension>
        </extensions>
      </trkpt>
      <trkpt lat="29.647242128849029541015625" lon="91.02929972112178802490234375">
        <ele>3632.60009765625</ele>
        <time>2026-10-06T23:02:53.000Z</time>
        <extensions>
          <ns3:TrackPointExtension>
            <ns3:hr>149</ns3:hr>
            <ns3:cad>94</ns3:cad>
          </ns3:TrackPointExtension>
        </extensions>
      </trkpt>
      <trkpt lat="29.64724623598158359527587890625" lon="91.02927130647003650665283203125">
        <ele>3632.60009765625</ele>
        <time>2026-10-06T23:02:54.000Z</time>
        <extensions>
          <ns3:TrackPointExtension>
            <ns3:hr>149</ns3:hr>
            <ns3:cad>94</ns3:cad>
          </ns3:TrackPointExtension>
        </extensions>
      </trkpt>
      <trkpt lat="29.64724908582866191864013671875" lon="91.0292442329227924346923828125">
        <ele>3632.800048828125</ele>
        <time>2026-10-06T23:02:55.000Z</time>
        <extensions>
          <ns3:TrackPointExtension>
            <ns3:hr>149</ns3:hr>
            <ns3:cad>94</ns3:cad>
          </ns3:TrackPointExtension>
        </extensions>
      </trkpt>
      <trkpt lat="29.647251181304454803466796875" lon="91.0292150638997554779052734375">
        <ele>3632.800048828125</ele>
        <time>2026-10-06T23:02:56.000Z</time>
        <extensions>
          <ns3:TrackPointExtension>
            <ns3:hr>148</ns3:hr>
            <ns3:cad>94</ns3:cad>
          </ns3:TrackPointExtension>
        </extensions>
      </trkpt>
      <trkpt lat="29.647252522408962249755859375" lon="91.02919167838990688323974609375">
        <ele>3632.800048828125</ele>
        <time>2026-10-06T23:02:57.000Z</time>
        <extensions>
          <ns3:TrackPointExtension>
            <ns3:hr>148</ns3:hr>
            <ns3:cad>94</ns3:cad>
          </ns3:TrackPointExtension>
        </extensions>
      </trkpt>
      <trkpt lat="29.6472530253231525421142578125" lon="91.02916200645267963409423828125">
        <ele>3632.800048828125</ele>
        <time>2026-10-06T23:02:58.000Z</time>
        <extensions>
          <ns3:TrackPointExtension>
            <ns3:hr>148</ns3:hr>
            <ns3:cad>94</ns3:cad>
          </ns3:TrackPointExtension>
        </extensions>
      </trkpt>
      <trkpt lat="29.64725327678024768829345703125" lon="91.0291372798383235931396484375">
        <ele>3632.60009765625</ele>
        <time>2026-10-06T23:02:59.000Z</time>
        <extensions>
          <ns3:TrackPointExtension>
            <ns3:hr>148</ns3:hr>
            <ns3:cad>94</ns3:cad>
          </ns3:TrackPointExtension>
        </extensions>
      </trkpt>
      <trkpt lat="29.64725830592215061187744140625" lon="91.02910651825368404388427734375">
        <ele>3632.60009765625</ele>
        <time>2026-10-06T23:03:00.000Z</time>
        <extensions>
          <ns3:TrackPointExtension>
            <ns3:hr>148</ns3:hr>
            <ns3:cad>93</ns3:cad>
          </ns3:TrackPointExtension>
        </extensions>
      </trkpt>
      <trkpt lat="29.64725947938859462738037109375" lon="91.029079444706439971923828125">
        <ele>3632.60009765625</ele>
        <time>2026-10-06T23:03:01.000Z</time>
        <extensions>
          <ns3:TrackPointExtension>
            <ns3:hr>148</ns3:hr>
            <ns3:cad>92</ns3:cad>
          </ns3:TrackPointExtension>
        </extensions>
      </trkpt>
      <trkpt lat="29.6472610719501972198486328125" lon="91.0290491022169589996337890625">
        <ele>3632.60009765625</ele>
        <time>2026-10-06T23:03:02.000Z</time>
        <extensions>
          <ns3:TrackPointExtension>
            <ns3:hr>148</ns3:hr>
            <ns3:cad>92</ns3:cad>
          </ns3:TrackPointExtension>
        </extensions>
      </trkpt>
      <trkpt lat="29.64726425707340240478515625" lon="91.02901666425168514251708984375">
        <ele>3632.60009765625</ele>
        <time>2026-10-06T23:03:03.000Z</time>
        <extensions>
          <ns3:TrackPointExtension>
            <ns3:hr>148</ns3:hr>
            <ns3:cad>93</ns3:cad>
          </ns3:TrackPointExtension>
        </extensions>
      </trkpt>
      <trkpt lat="29.64726635254919528961181640625" lon="91.028990261256694793701171875">
        <ele>3632.60009765625</ele>
        <time>2026-10-06T23:03:04.000Z</time>
        <extensions>
          <ns3:TrackPointExtension>
            <ns3:hr>148</ns3:hr>
            <ns3:cad>93</ns3:cad>
          </ns3:TrackPointExtension>
        </extensions>
      </trkpt>
      <trkpt lat="29.6472676098346710205078125" lon="91.02895866148173809051513671875">
        <ele>3632.60009765625</ele>
        <time>2026-10-06T23:03:05.000Z</time>
        <extensions>
          <ns3:TrackPointExtension>
            <ns3:hr>148</ns3:hr>
            <ns3:cad>93</ns3:cad>
          </ns3:TrackPointExtension>
        </extensions>
      </trkpt>
      <trkpt lat="29.64726752601563930511474609375" lon="91.0289314202964305877685546875">
        <ele>3632.60009765625</ele>
        <time>2026-10-06T23:03:06.000Z</time>
        <extensions>
          <ns3:TrackPointExtension>
            <ns3:hr>148</ns3:hr>
            <ns3:cad>94</ns3:cad>
          </ns3:TrackPointExtension>
        </extensions>
      </trkpt>
      <trkpt lat="29.647270627319812774658203125" lon="91.02889546193182468414306640625">
        <ele>3632.60009765625</ele>
        <time>2026-10-06T23:03:07.000Z</time>
        <extensions>
          <ns3:TrackPointExtension>
            <ns3:hr>147</ns3:hr>
            <ns3:cad>94</ns3:cad>
          </ns3:TrackPointExtension>
        </extensions>
      </trkpt>
      <trkpt lat="29.64727238751947879791259765625" lon="91.02886662818491458892822265625">
        <ele>3632.60009765625</ele>
        <time>2026-10-06T23:03:08.000Z</time>
        <extensions>
          <ns3:TrackPointExtension>
            <ns3:hr>147</ns3:hr>
            <ns3:cad>93</ns3:cad>
          </ns3:TrackPointExtension>
        </extensions>
      </trkpt>
      <trkpt lat="29.64727758429944515228271484375" lon="91.02883377112448215484619140625">
        <ele>3632.60009765625</ele>
        <time>2026-10-06T23:03:09.000Z</time>
        <extensions>
          <ns3:TrackPointExtension>
            <ns3:hr>147</ns3:hr>
            <ns3:cad>93</ns3:cad>
          </ns3:TrackPointExtension>
        </extensions>
      </trkpt>
      <trkpt lat="29.64727775193750858306884765625" lon="91.02880007587373256683349609375">
        <ele>3632.60009765625</ele>
        <time>2026-10-06T23:03:10.000Z</time>
        <extensions>
          <ns3:TrackPointExtension>
            <ns3:hr>147</ns3:hr>
            <ns3:cad>94</ns3:cad>
          </ns3:TrackPointExtension>
        </extensions>
      </trkpt>
      <trkpt lat="29.6472798474133014678955078125" lon="91.02876855991780757904052734375">
        <ele>3632.60009765625</ele>
        <time>2026-10-06T23:03:11.000Z</time>
        <extensions>
          <ns3:TrackPointExtension>
            <ns3:hr>146</ns3:hr>
            <ns3:cad>94</ns3:cad>
          </ns3:TrackPointExtension>
        </extensions>
      </trkpt>
      <trkpt lat="29.64728143997490406036376953125" lon="91.02873989380896091461181640625">
        <ele>3632.60009765625</ele>
        <time>2026-10-06T23:03:12.000Z</time>
        <extensions>
          <ns3:TrackPointExtension>
            <ns3:hr>146</ns3:hr>
            <ns3:cad>93</ns3:cad>
          </ns3:TrackPointExtension>
        </extensions>
      </trkpt>
      <trkpt lat="29.647280685603618621826171875" lon="91.028710640966892242431640625">
        <ele>3632.60009765625</ele>
        <time>2026-10-06T23:03:13.000Z</time>
        <extensions>
          <ns3:TrackPointExtension>
            <ns3:hr>146</ns3:hr>
            <ns3:cad>92</ns3:cad>
          </ns3:TrackPointExtension>
        </extensions>
      </trkpt>
      <trkpt lat="29.6472835354506969451904296875" lon="91.028678119182586669921875">
        <ele>3632.60009765625</ele>
        <time>2026-10-06T23:03:14.000Z</time>
        <extensions>
          <ns3:TrackPointExtension>
            <ns3:hr>146</ns3:hr>
            <ns3:cad>92</ns3:cad>
          </ns3:TrackPointExtension>
        </extensions>
      </trkpt>
      <trkpt lat="29.6472872234880924224853515625" lon="91.02864987216889858245849609375">
        <ele>3632.60009765625</ele>
        <time>2026-10-06T23:03:15.000Z</time>
        <extensions>
          <ns3:TrackPointExtension>
            <ns3:hr>147</ns3:hr>
            <ns3:cad>93</ns3:cad>
          </ns3:TrackPointExtension>
        </extensions>
      </trkpt>
      <trkpt lat="29.64729283936321735382080078125" lon="91.028621457517147064208984375">
        <ele>3632.60009765625</ele>
        <time>2026-10-06T23:03:16.000Z</time>
        <extensions>
          <ns3:TrackPointExtension>
            <ns3:hr>146</ns3:hr>
            <ns3:cad>93</ns3:cad>
          </ns3:TrackPointExtension>
        </extensions>
      </trkpt>
      <trkpt lat="29.64729401282966136932373046875" lon="91.02859455160796642303466796875">
        <ele>3632.60009765625</ele>
        <time>2026-10-06T23:03:17.000Z</time>
        <extensions>
          <ns3:TrackPointExtension>
            <ns3:hr>146</ns3:hr>
            <ns3:cad>93</ns3:cad>
          </ns3:TrackPointExtension>
        </extensions>
      </trkpt>
      <trkpt lat="29.64729753322899341583251953125" lon="91.028562448918819427490234375">
        <ele>3632.60009765625</ele>
        <time>2026-10-06T23:03:18.000Z</time>
        <extensions>
          <ns3:TrackPointExtension>
            <ns3:hr>146</ns3:hr>
            <ns3:cad>93</ns3:cad>
          </ns3:TrackPointExtension>
        </extensions>
      </trkpt>
      <trkpt lat="29.647302143275737762451171875" lon="91.02852950803935527801513671875">
        <ele>3632.60009765625</ele>
        <time>2026-10-06T23:03:19.000Z</time>
        <extensions>
          <ns3:TrackPointExtension>
            <ns3:hr>146</ns3:hr>
            <ns3:cad>94</ns3:cad>
          </ns3:TrackPointExtension>
        </extensions>
      </trkpt>
      <trkpt lat="29.64730541221797466278076171875" lon="91.028501428663730621337890625">
        <ele>3632.60009765625</ele>
        <time>2026-10-06T23:03:20.000Z</time>
        <extensions>
          <ns3:TrackPointExtension>
            <ns3:hr>147</ns3:hr>
            <ns3:cad>94</ns3:cad>
          </ns3:TrackPointExtension>
        </extensions>
      </trkpt>
      <trkpt lat="29.64730490930378437042236328125" lon="91.02846999652683734893798828125">
        <ele>3632.60009765625</ele>
        <time>2026-10-06T23:03:21.000Z</time>
        <extensions>
          <ns3:TrackPointExtension>
            <ns3:hr>146</ns3:hr>
            <ns3:cad>94</ns3:cad>
          </ns3:TrackPointExtension>
        </extensions>
      </trkpt>
      <trkpt lat="29.64730574749410152435302734375" lon="91.02844635955989360809326171875">
        <ele>3632.39990234375</ele>
        <time>2026-10-06T23:03:22.000Z</time>
        <extensions>
          <ns3:TrackPointExtension>
            <ns3:hr>146</ns3:hr>
            <ns3:cad>94</ns3:cad>
          </ns3:TrackPointExtension>
        </extensions>
      </trkpt>
      <trkpt lat="29.64730524457991123199462890625" lon="91.02841995656490325927734375">
        <ele>3632.39990234375</ele>
        <time>2026-10-06T23:03:23.000Z</time>
        <extensions>
          <ns3:TrackPointExtension>
            <ns3:hr>146</ns3:hr>
            <ns3:cad>93</ns3:cad>
          </ns3:TrackPointExtension>
        </extensions>
      </trkpt>
      <trkpt lat="29.6473096869885921478271484375" lon="91.02839958854019641876220703125">
        <ele>3632.39990234375</ele>
        <time>2026-10-06T23:03:24.000Z</time>
        <extensions>
          <ns3:TrackPointExtension>
            <ns3:hr>145</ns3:hr>
            <ns3:cad>93</ns3:cad>
          </ns3:TrackPointExtension>
        </extensions>
      </trkpt>
      <trkpt lat="29.64731387794017791748046875" lon="91.02836907841265201568603515625">
        <ele>3632.39990234375</ele>
        <time>2026-10-06T23:03:25.000Z</time>
        <extensions>
          <ns3:TrackPointExtension>
            <ns3:hr>144</ns3:hr>
            <ns3:cad>93</ns3:cad>
          </ns3:TrackPointExtension>
        </extensions>
      </trkpt>
      <trkpt lat="29.64731681160628795623779296875" lon="91.0283388197422027587890625">
        <ele>3632.39990234375</ele>
        <time>2026-10-06T23:03:26.000Z</time>
        <extensions>
          <ns3:TrackPointExtension>
            <ns3:hr>143</ns3:hr>
            <ns3:cad>94</ns3:cad>
          </ns3:TrackPointExtension>
        </extensions>
      </trkpt>
      <trkpt lat="29.647320248186588287353515625" lon="91.028311662375926971435546875">
        <ele>3632.39990234375</ele>
        <time>2026-10-06T23:03:27.000Z</time>
        <extensions>
          <ns3:TrackPointExtension>
            <ns3:hr>142</ns3:hr>
            <ns3:cad>94</ns3:cad>
          </ns3:TrackPointExtension>
        </extensions>
      </trkpt>
      <trkpt lat="29.64732033200562000274658203125" lon="91.02828056551516056060791015625">
        <ele>3632.39990234375</ele>
        <time>2026-10-06T23:03:28.000Z</time>
        <extensions>
          <ns3:TrackPointExtension>
            <ns3:hr>142</ns3:hr>
            <ns3:cad>94</ns3:cad>
          </ns3:TrackPointExtension>
        </extensions>
      </trkpt>
      <trkpt lat="29.64732049964368343353271484375" lon="91.028251983225345611572265625">
        <ele>3632.39990234375</ele>
        <time>2026-10-06T23:03:29.000Z</time>
        <extensions>
          <ns3:TrackPointExtension>
            <ns3:hr>142</ns3:hr>
            <ns3:cad>94</ns3:cad>
          </ns3:TrackPointExtension>
        </extensions>
      </trkpt>
      <trkpt lat="29.6473197452723979949951171875" lon="91.02822189219295978546142578125">
        <ele>3632.39990234375</ele>
        <time>2026-10-06T23:03:30.000Z</time>
        <extensions>
          <ns3:TrackPointExtension>
            <ns3:hr>143</ns3:hr>
            <ns3:cad>93</ns3:cad>
          </ns3:TrackPointExtension>
        </extensions>
      </trkpt>
      <trkpt lat="29.64731949381530284881591796875" lon="91.02819339372217655181884765625">
        <ele>3632.39990234375</ele>
        <time>2026-10-06T23:03:31.000Z</time>
        <extensions>
          <ns3:TrackPointExtension>
            <ns3:hr>143</ns3:hr>
            <ns3:cad>93</ns3:cad>
          </ns3:TrackPointExtension>
        </extensions>
      </trkpt>
      <trkpt lat="29.64732326567173004150390625" lon="91.0281622968614101409912109375">
        <ele>3632.39990234375</ele>
        <time>2026-10-06T23:03:32.000Z</time>
        <extensions>
          <ns3:TrackPointExtension>
            <ns3:hr>143</ns3:hr>
            <ns3:cad>93</ns3:cad>
          </ns3:TrackPointExtension>
        </extensions>
      </trkpt>
      <trkpt lat="29.6473224274814128875732421875" lon="91.02813555859029293060302734375">
        <ele>3632.39990234375</ele>
        <time>2026-10-06T23:03:33.000Z</time>
        <extensions>
          <ns3:TrackPointExtension>
            <ns3:hr>144</ns3:hr>
            <ns3:cad>93</ns3:cad>
          </ns3:TrackPointExtension>
        </extensions>
      </trkpt>
      <trkpt lat="29.647326953709125518798828125" lon="91.02810672484338283538818359375">
        <ele>3632.39990234375</ele>
        <time>2026-10-06T23:03:34.000Z</time>
        <extensions>
          <ns3:TrackPointExtension>
            <ns3:hr>145</ns3:hr>
            <ns3:cad>93</ns3:cad>
          </ns3:TrackPointExtension>
        </extensions>
      </trkpt>
      <trkpt lat="29.64732871390879154205322265625" lon="91.02807537652552127838134765625">
        <ele>3632.39990234375</ele>
        <time>2026-10-06T23:03:35.000Z</time>
        <extensions>
          <ns3:TrackPointExtension>
            <ns3:hr>146</ns3:hr>
            <ns3:cad>94</ns3:cad>
          </ns3:TrackPointExtension>
        </extensions>
      </trkpt>
      <trkpt lat="29.64733106084167957305908203125" lon="91.02804687805473804473876953125">
        <ele>3632.60009765625</ele>
        <time>2026-10-06T23:03:36.000Z</time>
        <extensions>
          <ns3:TrackPointExtension>
            <ns3:hr>146</ns3:hr>
            <ns3:cad>94</ns3:cad>
          </ns3:TrackPointExtension>
        </extensions>
      </trkpt>
      <trkpt lat="29.64733039028942584991455078125" lon="91.02801452390849590301513671875">
        <ele>3632.39990234375</ele>
        <time>2026-10-06T23:03:37.000Z</time>
        <extensions>
          <ns3:TrackPointExtension>
            <ns3:hr>147</ns3:hr>
            <ns3:cad>93</ns3:cad>
          </ns3:TrackPointExtension>
        </extensions>
      </trkpt>
      <trkpt lat="29.64732904918491840362548828125" lon="91.02798552252352237701416015625">
        <ele>3632.39990234375</ele>
        <time>2026-10-06T23:03:38.000Z</time>
        <extensions>
          <ns3:TrackPointExtension>
            <ns3:hr>147</ns3:hr>
            <ns3:cad>93</ns3:cad>
          </ns3:TrackPointExtension>
        </extensions>
      </trkpt>
      <trkpt lat="29.64733089320361614227294921875" lon="91.02794922888278961181640625">
        <ele>3632.60009765625</ele>
        <time>2026-10-06T23:03:39.000Z</time>
        <extensions>
          <ns3:TrackPointExtension>
            <ns3:hr>147</ns3:hr>
            <ns3:cad>95</ns3:cad>
          </ns3:TrackPointExtension>
        </extensions>
      </trkpt>
      <trkpt lat="29.64733022265136241912841796875" lon="91.027920059859752655029296875">
        <ele>3632.39990234375</ele>
        <time>2026-10-06T23:03:40.000Z</time>
        <extensions>
          <ns3:TrackPointExtension>
            <ns3:hr>148</ns3:hr>
            <ns3:cad>95</ns3:cad>
          </ns3:TrackPointExtension>
        </extensions>
      </trkpt>
      <trkpt lat="29.6473318152129650115966796875" lon="91.02789013646543025970458984375">
        <ele>3632.39990234375</ele>
        <time>2026-10-06T23:03:41.000Z</time>
        <extensions>
          <ns3:TrackPointExtension>
            <ns3:hr>148</ns3:hr>
            <ns3:cad>92</ns3:cad>
          </ns3:TrackPointExtension>
        </extensions>
      </trkpt>
      <trkpt lat="29.64733324013650417327880859375" lon="91.02786230854690074920654296875">
        <ele>3632.39990234375</ele>
        <time>2026-10-06T23:03:42.000Z</time>
        <extensions>
          <ns3:TrackPointExtension>
            <ns3:hr>148</ns3:hr>
            <ns3:cad>92</ns3:cad>
          </ns3:TrackPointExtension>
        </extensions>
      </trkpt>
      <trkpt lat="29.6473378501832485198974609375" lon="91.02783129550516605377197265625">
        <ele>3632.39990234375</ele>
        <time>2026-10-06T23:03:43.000Z</time>
        <extensions>
          <ns3:TrackPointExtension>
            <ns3:hr>148</ns3:hr>
            <ns3:cad>92</ns3:cad>
          </ns3:TrackPointExtension>
        </extensions>
      </trkpt>
      <trkpt lat="29.64734078384935855865478515625" lon="91.027800031006336212158203125">
        <ele>3632.39990234375</ele>
        <time>2026-10-06T23:03:44.000Z</time>
        <extensions>
          <ns3:TrackPointExtension>
            <ns3:hr>148</ns3:hr>
            <ns3:cad>93</ns3:cad>
          </ns3:TrackPointExtension>
        </extensions>
      </trkpt>
      <trkpt lat="29.647343717515468597412109375" lon="91.027773208916187286376953125">
        <ele>3632.199951171875</ele>
        <time>2026-10-06T23:03:45.000Z</time>
        <extensions>
          <ns3:TrackPointExtension>
            <ns3:hr>149</ns3:hr>
            <ns3:cad>93</ns3:cad>
          </ns3:TrackPointExtension>
        </extensions>
      </trkpt>
      <trkpt lat="29.64734715409576892852783203125" lon="91.02773909457027912139892578125">
        <ele>3632.39990234375</ele>
        <time>2026-10-06T23:03:46.000Z</time>
        <extensions>
          <ns3:TrackPointExtension>
            <ns3:hr>149</ns3:hr>
            <ns3:cad>93</ns3:cad>
          </ns3:TrackPointExtension>
        </extensions>
      </trkpt>
      <trkpt lat="29.64734765700995922088623046875" lon="91.02771378122270107269287109375">
        <ele>3632.39990234375</ele>
        <time>2026-10-06T23:03:47.000Z</time>
        <extensions>
          <ns3:TrackPointExtension>
            <ns3:hr>149</ns3:hr>
            <ns3:cad>94</ns3:cad>
          </ns3:TrackPointExtension>
        </extensions>
      </trkpt>
      <trkpt lat="29.6473462320864200592041015625" lon="91.02768369019031524658203125">
        <ele>3632.199951171875</ele>
        <time>2026-10-06T23:03:48.000Z</time>
        <extensions>
          <ns3:TrackPointExtension>
            <ns3:hr>149</ns3:hr>
            <ns3:cad>94</ns3:cad>
          </ns3:TrackPointExtension>
        </extensions>
      </trkpt>
      <trkpt lat="29.64734715409576892852783203125" lon="91.02765418589115142822265625">
        <ele>3632.39990234375</ele>
        <time>2026-10-06T23:03:49.000Z</time>
        <extensions>
          <ns3:TrackPointExtension>
            <ns3:hr>148</ns3:hr>
            <ns3:cad>94</ns3:cad>
          </ns3:TrackPointExtension>
        </extensions>
      </trkpt>
      <trkpt lat="29.6473482437431812286376953125" lon="91.02762795053422451019287109375">
        <ele>3632.199951171875</ele>
        <time>2026-10-06T23:03:50.000Z</time>
        <extensions>
          <ns3:TrackPointExtension>
            <ns3:hr>149</ns3:hr>
            <ns3:cad>94</ns3:cad>
          </ns3:TrackPointExtension>
        </extensions>
      </trkpt>
      <trkpt lat="29.6473499201238155364990234375" lon="91.02759961970150470733642578125">
        <ele>3632.199951171875</ele>
        <time>2026-10-06T23:03:51.000Z</time>
        <extensions>
          <ns3:TrackPointExtension>
            <ns3:hr>149</ns3:hr>
            <ns3:cad>94</ns3:cad>
          </ns3:TrackPointExtension>
        </extensions>
      </trkpt>
      <trkpt lat="29.647349752485752105712890625" lon="91.02757112123072147369384765625">
        <ele>3632.199951171875</ele>
        <time>2026-10-06T23:03:52.000Z</time>
        <extensions>
          <ns3:TrackPointExtension>
            <ns3:hr>148</ns3:hr>
            <ns3:cad>94</ns3:cad>
          </ns3:TrackPointExtension>
        </extensions>
      </trkpt>
      <trkpt lat="29.6473542787134647369384765625" lon="91.02753574959933757781982421875">
        <ele>3632.199951171875</ele>
        <time>2026-10-06T23:03:53.000Z</time>
        <extensions>
          <ns3:TrackPointExtension>
            <ns3:hr>148</ns3:hr>
            <ns3:cad>94</ns3:cad>
          </ns3:TrackPointExtension>
        </extensions>
      </trkpt>
      <trkpt lat="29.6473556198179721832275390625" lon="91.02750741876661777496337890625">
        <ele>3632.199951171875</ele>
        <time>2026-10-06T23:03:54.000Z</time>
        <extensions>
          <ns3:TrackPointExtension>
            <ns3:hr>148</ns3:hr>
            <ns3:cad>94</ns3:cad>
          </ns3:TrackPointExtension>
        </extensions>
      </trkpt>
      <trkpt lat="29.64735872112214565277099609375" lon="91.0274739749729633331298828125">
        <ele>3632.199951171875</ele>
        <time>2026-10-06T23:03:55.000Z</time>
        <extensions>
          <ns3:TrackPointExtension>
            <ns3:hr>148</ns3:hr>
            <ns3:cad>94</ns3:cad>
          </ns3:TrackPointExtension>
        </extensions>
      </trkpt>
      <trkpt lat="29.6473603136837482452392578125" lon="91.02744438685476779937744140625">
        <ele>3632.199951171875</ele>
        <time>2026-10-06T23:03:56.000Z</time>
        <extensions>
          <ns3:TrackPointExtension>
            <ns3:hr>149</ns3:hr>
            <ns3:cad>94</ns3:cad>
          </ns3:TrackPointExtension>
        </extensions>
      </trkpt>
      <trkpt lat="29.647360481321811676025390625" lon="91.02741437964141368865966796875">
        <ele>3632.199951171875</ele>
        <time>2026-10-06T23:03:57.000Z</time>
        <extensions>
          <ns3:TrackPointExtension>
            <ns3:hr>148</ns3:hr>
            <ns3:cad>94</ns3:cad>
          </ns3:TrackPointExtension>
        </extensions>
      </trkpt>
      <trkpt lat="29.64735989458858966827392578125" lon="91.0273824445903301239013671875">
        <ele>3632.199951171875</ele>
        <time>2026-10-06T23:03:58.000Z</time>
        <extensions>
          <ns3:TrackPointExtension>
            <ns3:hr>148</ns3:hr>
            <ns3:cad>93</ns3:cad>
          </ns3:TrackPointExtension>
        </extensions>
      </trkpt>
      <trkpt lat="29.6473643369972705841064453125" lon="91.0273556225001811981201171875">
        <ele>3632.199951171875</ele>
        <time>2026-10-06T23:03:59.000Z</time>
        <extensions>
          <ns3:TrackPointExtension>
            <ns3:hr>149</ns3:hr>
            <ns3:cad>93</ns3:cad>
          </ns3:TrackPointExtension>
        </extensions>
      </trkpt>
      <trkpt lat="29.64736525900661945343017578125" lon="91.0273241065442562103271484375">
        <ele>3632.199951171875</ele>
        <time>2026-10-06T23:04:00.000Z</time>
        <extensions>
          <ns3:TrackPointExtension>
            <ns3:hr>148</ns3:hr>
            <ns3:cad>94</ns3:cad>
          </ns3:TrackPointExtension>
        </extensions>
      </trkpt>
      <trkpt lat="29.64736626483500003814697265625" lon="91.02729468606412410736083984375">
        <ele>3632.199951171875</ele>
        <time>2026-10-06T23:04:01.000Z</time>
        <extensions>
          <ns3:TrackPointExtension>
            <ns3:hr>148</ns3:hr>
            <ns3:cad>94</ns3:cad>
          </ns3:TrackPointExtension>
        </extensions>
      </trkpt>
      <trkpt lat="29.64736794121563434600830078125" lon="91.02726065553724765777587890625">
        <ele>3632.199951171875</ele>
        <time>2026-10-06T23:04:02.000Z</time>
        <extensions>
          <ns3:TrackPointExtension>
            <ns3:hr>147</ns3:hr>
            <ns3:cad>94</ns3:cad>
          </ns3:TrackPointExtension>
        </extensions>
      </trkpt>
      <trkpt lat="29.64737364090979099273681640625" lon="91.0272355936467647552490234375">
        <ele>3632.199951171875</ele>
        <time>2026-10-06T23:04:03.000Z</time>
        <extensions>
          <ns3:TrackPointExtension>
            <ns3:hr>147</ns3:hr>
            <ns3:cad>94</ns3:cad>
          </ns3:TrackPointExtension>
        </extensions>
      </trkpt>
      <trkpt lat="29.64737917296588420867919921875" lon="91.027203239500522613525390625">
        <ele>3632.199951171875</ele>
        <time>2026-10-06T23:04:04.000Z</time>
        <extensions>
          <ns3:TrackPointExtension>
            <ns3:hr>147</ns3:hr>
            <ns3:cad>94</ns3:cad>
          </ns3:TrackPointExtension>
        </extensions>
      </trkpt>
      <trkpt lat="29.6473847888410091400146484375" lon="91.02717272937297821044921875">
        <ele>3632.199951171875</ele>
        <time>2026-10-06T23:04:05.000Z</time>
        <extensions>
          <ns3:TrackPointExtension>
            <ns3:hr>147</ns3:hr>
            <ns3:cad>94</ns3:cad>
          </ns3:TrackPointExtension>
        </extensions>
      </trkpt>
      <trkpt lat="29.64738554321229457855224609375" lon="91.02714347653090953826904296875">
        <ele>3632.199951171875</ele>
        <time>2026-10-06T23:04:06.000Z</time>
        <extensions>
          <ns3:TrackPointExtension>
            <ns3:hr>147</ns3:hr>
            <ns3:cad>94</ns3:cad>
          </ns3:TrackPointExtension>
        </extensions>
      </trkpt>
      <trkpt lat="29.64738436974585056304931640625" lon="91.0271103680133819580078125">
        <ele>3632.39990234375</ele>
        <time>2026-10-06T23:04:07.000Z</time>
        <extensions>
          <ns3:TrackPointExtension>
            <ns3:hr>147</ns3:hr>
            <ns3:cad>94</ns3:cad>
          </ns3:TrackPointExtension>
        </extensions>
      </trkpt>
      <trkpt lat="29.64738495647907257080078125" lon="91.02708287537097930908203125">
        <ele>3632.199951171875</ele>
        <time>2026-10-06T23:04:08.000Z</time>
        <extensions>
          <ns3:TrackPointExtension>
            <ns3:hr>147</ns3:hr>
            <ns3:cad>94</ns3:cad>
          </ns3:TrackPointExtension>
        </extensions>
      </trkpt>
      <trkpt lat="29.64739073999226093292236328125" lon="91.02704876102507114410400390625">
        <ele>3632.199951171875</ele>
        <time>2026-10-06T23:04:09.000Z</time>
        <extensions>
          <ns3:TrackPointExtension>
            <ns3:hr>147</ns3:hr>
            <ns3:cad>93</ns3:cad>
          </ns3:TrackPointExtension>
        </extensions>
      </trkpt>
      <trkpt lat="29.6473928354680538177490234375" lon="91.02701925672590732574462890625">
        <ele>3632.199951171875</ele>
        <time>2026-10-06T23:04:10.000Z</time>
        <extensions>
          <ns3:TrackPointExtension>
            <ns3:hr>147</ns3:hr>
            <ns3:cad>93</ns3:cad>
          </ns3:TrackPointExtension>
        </extensions>
      </trkpt>
      <trkpt lat="29.6473961882293224334716796875" lon="91.0269888304173946380615234375">
        <ele>3632.199951171875</ele>
        <time>2026-10-06T23:04:11.000Z</time>
        <extensions>
          <ns3:TrackPointExtension>
            <ns3:hr>147</ns3:hr>
            <ns3:cad>93</ns3:cad>
          </ns3:TrackPointExtension>
        </extensions>
      </trkpt>
      <trkpt lat="29.64739845134317874908447265625" lon="91.02695957757532596588134765625">
        <ele>3632</ele>
        <time>2026-10-06T23:04:12.000Z</time>
        <extensions>
          <ns3:TrackPointExtension>
            <ns3:hr>147</ns3:hr>
            <ns3:cad>93</ns3:cad>
          </ns3:TrackPointExtension>
        </extensions>
      </trkpt>
      <trkpt lat="29.64739970862865447998046875" lon="91.02692772634327411651611328125">
        <ele>3632</ele>
        <time>2026-10-06T23:04:13.000Z</time>
        <extensions>
          <ns3:TrackPointExtension>
            <ns3:hr>147</ns3:hr>
            <ns3:cad>93</ns3:cad>
          </ns3:TrackPointExtension>
        </extensions>
      </trkpt>
      <trkpt lat="29.64740683324635028839111328125" lon="91.0268969647586345672607421875">
        <ele>3632</ele>
        <time>2026-10-06T23:04:14.000Z</time>
        <extensions>
          <ns3:TrackPointExtension>
            <ns3:hr>147</ns3:hr>
            <ns3:cad>93</ns3:cad>
          </ns3:TrackPointExtension>
        </extensions>
      </trkpt>
      <trkpt lat="29.6474122814834117889404296875" lon="91.0268664546310901641845703125">
        <ele>3632</ele>
        <time>2026-10-06T23:04:15.000Z</time>
        <extensions>
          <ns3:TrackPointExtension>
            <ns3:hr>147</ns3:hr>
            <ns3:cad>93</ns3:cad>
          </ns3:TrackPointExtension>
        </extensions>
      </trkpt>
      <trkpt lat="29.64741454459726810455322265625" lon="91.02683032862842082977294921875">
        <ele>3632</ele>
        <time>2026-10-06T23:04:16.000Z</time>
        <extensions>
          <ns3:TrackPointExtension>
            <ns3:hr>147</ns3:hr>
            <ns3:cad>93</ns3:cad>
          </ns3:TrackPointExtension>
        </extensions>
      </trkpt>
      <trkpt lat="29.6474111080169677734375" lon="91.0267977230250835418701171875">
        <ele>3632</ele>
        <time>2026-10-06T23:04:17.000Z</time>
        <extensions>
          <ns3:TrackPointExtension>
            <ns3:hr>147</ns3:hr>
            <ns3:cad>93</ns3:cad>
          </ns3:TrackPointExtension>
        </extensions>
      </trkpt>
      <trkpt lat="29.64740985073149204254150390625" lon="91.02676126174628734588623046875">
        <ele>3632</ele>
        <time>2026-10-06T23:04:18.000Z</time>
        <extensions>
          <ns3:TrackPointExtension>
            <ns3:hr>147</ns3:hr>
            <ns3:cad>93</ns3:cad>
          </ns3:TrackPointExtension>
        </extensions>
      </trkpt>
      <trkpt lat="29.64740767143666744232177734375" lon="91.02673343382775783538818359375">
        <ele>3632</ele>
        <time>2026-10-06T23:04:19.000Z</time>
        <extensions>
          <ns3:TrackPointExtension>
            <ns3:hr>147</ns3:hr>
            <ns3:cad>93</ns3:cad>
          </ns3:TrackPointExtension>
        </extensions>
      </trkpt>
      <trkpt lat="29.64740985073149204254150390625" lon="91.02669856511056423187255859375">
        <ele>3632</ele>
        <time>2026-10-06T23:04:20.000Z</time>
        <extensions>
          <ns3:TrackPointExtension>
            <ns3:hr>147</ns3:hr>
            <ns3:cad>93</ns3:cad>
          </ns3:TrackPointExtension>
        </extensions>
      </trkpt>
      <trkpt lat="29.64740884490311145782470703125" lon="91.02666688151657581329345703125">
        <ele>3632</ele>
        <time>2026-10-06T23:04:21.000Z</time>
        <extensions>
          <ns3:TrackPointExtension>
            <ns3:hr>147</ns3:hr>
            <ns3:cad>93</ns3:cad>
          </ns3:TrackPointExtension>
        </extensions>
      </trkpt>
      <trkpt lat="29.64741186238825321197509765625" lon="91.026639305055141448974609375">
        <ele>3632</ele>
        <time>2026-10-06T23:04:22.000Z</time>
        <extensions>
          <ns3:TrackPointExtension>
            <ns3:hr>147</ns3:hr>
            <ns3:cad>94</ns3:cad>
          </ns3:TrackPointExtension>
        </extensions>
      </trkpt>
      <trkpt lat="29.6474149636924266815185546875" lon="91.02660267613828182220458984375">
        <ele>3632</ele>
        <time>2026-10-06T23:04:23.000Z</time>
        <extensions>
          <ns3:TrackPointExtension>
            <ns3:hr>147</ns3:hr>
            <ns3:cad>94</ns3:cad>
          </ns3:TrackPointExtension>
        </extensions>
      </trkpt>
      <trkpt lat="29.647419154644012451171875" lon="91.026569567620754241943359375">
        <ele>3632</ele>
        <time>2026-10-06T23:04:24.000Z</time>
        <extensions>
          <ns3:TrackPointExtension>
            <ns3:hr>147</ns3:hr>
            <ns3:cad>94</ns3:cad>
          </ns3:TrackPointExtension>
        </extensions>
      </trkpt>
      <trkpt lat="29.6474220044910907745361328125" lon="91.02653360925614833831787109375">
        <ele>3632</ele>
        <time>2026-10-06T23:04:25.000Z</time>
        <extensions>
          <ns3:TrackPointExtension>
            <ns3:hr>147</ns3:hr>
            <ns3:cad>94</ns3:cad>
          </ns3:TrackPointExtension>
        </extensions>
      </trkpt>
      <trkpt lat="29.64742192067205905914306640625" lon="91.0265103913843631744384765625">
        <ele>3632</ele>
        <time>2026-10-06T23:04:26.000Z</time>
        <extensions>
          <ns3:TrackPointExtension>
            <ns3:hr>147</ns3:hr>
            <ns3:cad>94</ns3:cad>
          </ns3:TrackPointExtension>
        </extensions>
      </trkpt>
      <trkpt lat="29.64742208831012248992919921875" lon="91.026477701961994171142578125">
        <ele>3632</ele>
        <time>2026-10-06T23:04:27.000Z</time>
        <extensions>
          <ns3:TrackPointExtension>
            <ns3:hr>147</ns3:hr>
            <ns3:cad>94</ns3:cad>
          </ns3:TrackPointExtension>
        </extensions>
      </trkpt>
      <trkpt lat="29.64742384850978851318359375" lon="91.0264460183680057525634765625">
        <ele>3632</ele>
        <time>2026-10-06T23:04:28.000Z</time>
        <extensions>
          <ns3:TrackPointExtension>
            <ns3:hr>147</ns3:hr>
            <ns3:cad>93</ns3:cad>
          </ns3:TrackPointExtension>
        </extensions>
      </trkpt>
      <trkpt lat="29.64742275886237621307373046875" lon="91.02641190402209758758544921875">
        <ele>3632</ele>
        <time>2026-10-06T23:04:29.000Z</time>
        <extensions>
          <ns3:TrackPointExtension>
            <ns3:hr>147</ns3:hr>
            <ns3:cad>93</ns3:cad>
          </ns3:TrackPointExtension>
        </extensions>
      </trkpt>
      <trkpt lat="29.6474223397672176361083984375" lon="91.0263752751052379608154296875">
        <ele>3632</ele>
        <time>2026-10-06T23:04:30.000Z</time>
        <extensions>
          <ns3:TrackPointExtension>
            <ns3:hr>147</ns3:hr>
            <ns3:cad>93</ns3:cad>
          </ns3:TrackPointExtension>
        </extensions>
      </trkpt>
      <trkpt lat="29.6474246867001056671142578125" lon="91.02633990347385406494140625">
        <ele>3632</ele>
        <time>2026-10-06T23:04:31.000Z</time>
        <extensions>
          <ns3:TrackPointExtension>
            <ns3:hr>148</ns3:hr>
            <ns3:cad>95</ns3:cad>
          </ns3:TrackPointExtension>
        </extensions>
      </trkpt>
      <trkpt lat="29.64742678217589855194091796875" lon="91.0263035260140895843505859375">
        <ele>3632</ele>
        <time>2026-10-06T23:04:32.000Z</time>
        <extensions>
          <ns3:TrackPointExtension>
            <ns3:hr>148</ns3:hr>
            <ns3:cad>95</ns3:cad>
          </ns3:TrackPointExtension>
        </extensions>
      </trkpt>
      <trkpt lat="29.6474270336329936981201171875" lon="91.02627041749656200408935546875">
        <ele>3632</ele>
        <time>2026-10-06T23:04:33.000Z</time>
        <extensions>
          <ns3:TrackPointExtension>
            <ns3:hr>148</ns3:hr>
            <ns3:cad>94</ns3:cad>
          </ns3:TrackPointExtension>
        </extensions>
      </trkpt>
      <trkpt lat="29.64743080548942089080810546875" lon="91.02623797953128814697265625">
        <ele>3632</ele>
        <time>2026-10-06T23:04:34.000Z</time>
        <extensions>
          <ns3:TrackPointExtension>
            <ns3:hr>148</ns3:hr>
            <ns3:cad>94</ns3:cad>
          </ns3:TrackPointExtension>
        </extensions>
      </trkpt>
      <trkpt lat="29.6474330686032772064208984375" lon="91.026216186583042144775390625">
        <ele>3632</ele>
        <time>2026-10-06T23:04:35.000Z</time>
        <extensions>
          <ns3:TrackPointExtension>
            <ns3:hr>147</ns3:hr>
            <ns3:cad>94</ns3:cad>
          </ns3:TrackPointExtension>
        </extensions>
      </trkpt>
      <trkpt lat="29.64743583463132381439208984375" lon="91.0261878557503223419189453125">
        <ele>3632</ele>
        <time>2026-10-06T23:04:36.000Z</time>
        <extensions>
          <ns3:TrackPointExtension>
            <ns3:hr>147</ns3:hr>
            <ns3:cad>94</ns3:cad>
          </ns3:TrackPointExtension>
        </extensions>
      </trkpt>
      <trkpt lat="29.64743868447840213775634765625" lon="91.0261635482311248779296875">
        <ele>3632</ele>
        <time>2026-10-06T23:04:37.000Z</time>
        <extensions>
          <ns3:TrackPointExtension>
            <ns3:hr>147</ns3:hr>
            <ns3:cad>94</ns3:cad>
          </ns3:TrackPointExtension>
        </extensions>
      </trkpt>
      <trkpt lat="29.64744019322097301483154296875" lon="91.02613530121743679046630859375">
        <ele>3632</ele>
        <time>2026-10-06T23:04:38.000Z</time>
        <extensions>
          <ns3:TrackPointExtension>
            <ns3:hr>147</ns3:hr>
            <ns3:cad>95</ns3:cad>
          </ns3:TrackPointExtension>
        </extensions>
      </trkpt>
      <trkpt lat="29.647440277040004730224609375" lon="91.0261087305843830108642578125">
        <ele>3632</ele>
        <time>2026-10-06T23:04:39.000Z</time>
        <extensions>
          <ns3:TrackPointExtension>
            <ns3:hr>147</ns3:hr>
            <ns3:cad>94</ns3:cad>
          </ns3:TrackPointExtension>
        </extensions>
      </trkpt>
      <trkpt lat="29.64744396507740020751953125" lon="91.02608107030391693115234375">
        <ele>3632</ele>
        <time>2026-10-06T23:04:40.000Z</time>
        <extensions>
          <ns3:TrackPointExtension>
            <ns3:hr>147</ns3:hr>
            <ns3:cad>94</ns3:cad>
          </ns3:TrackPointExtension>
        </extensions>
      </trkpt>
      <trkpt lat="29.64744740165770053863525390625" lon="91.02604628540575504302978515625">
        <ele>3632</ele>
        <time>2026-10-06T23:04:41.000Z</time>
        <extensions>
          <ns3:TrackPointExtension>
            <ns3:hr>148</ns3:hr>
            <ns3:cad>92</ns3:cad>
          </ns3:TrackPointExtension>
        </extensions>
      </trkpt>
      <trkpt lat="29.64744974859058856964111328125" lon="91.026015020906925201416015625">
        <ele>3632</ele>
        <time>2026-10-06T23:04:42.000Z</time>
        <extensions>
          <ns3:TrackPointExtension>
            <ns3:hr>148</ns3:hr>
            <ns3:cad>92</ns3:cad>
          </ns3:TrackPointExtension>
        </extensions>
      </trkpt>
      <trkpt lat="29.6474538557231426239013671875" lon="91.0259779728949069976806640625">
        <ele>3632</ele>
        <time>2026-10-06T23:04:43.000Z</time>
        <extensions>
          <ns3:TrackPointExtension>
            <ns3:hr>148</ns3:hr>
            <ns3:cad>92</ns3:cad>
          </ns3:TrackPointExtension>
        </extensions>
      </trkpt>
      <trkpt lat="29.64745469391345977783203125" lon="91.02594587020576000213623046875">
        <ele>3632</ele>
        <time>2026-10-06T23:04:44.000Z</time>
        <extensions>
          <ns3:TrackPointExtension>
            <ns3:hr>148</ns3:hr>
            <ns3:cad>92</ns3:cad>
          </ns3:TrackPointExtension>
        </extensions>
      </trkpt>
      <trkpt lat="29.647457040846347808837890625" lon="91.0259149409830570220947265625">
        <ele>3632</ele>
        <time>2026-10-06T23:04:45.000Z</time>
        <extensions>
          <ns3:TrackPointExtension>
            <ns3:hr>148</ns3:hr>
            <ns3:cad>92</ns3:cad>
          </ns3:TrackPointExtension>
        </extensions>
      </trkpt>
      <trkpt lat="29.64745896868407726287841796875" lon="91.0258857719600200653076171875">
        <ele>3632</ele>
        <time>2026-10-06T23:04:46.000Z</time>
        <extensions>
          <ns3:TrackPointExtension>
            <ns3:hr>148</ns3:hr>
            <ns3:cad>93</ns3:cad>
          </ns3:TrackPointExtension>
        </extensions>
      </trkpt>
      <trkpt lat="29.64745963923633098602294921875" lon="91.025854088366031646728515625">
        <ele>3632</ele>
        <time>2026-10-06T23:04:47.000Z</time>
        <extensions>
          <ns3:TrackPointExtension>
            <ns3:hr>148</ns3:hr>
            <ns3:cad>95</ns3:cad>
          </ns3:TrackPointExtension>
        </extensions>
      </trkpt>
      <trkpt lat="29.64745829813182353973388671875" lon="91.0258230753242969512939453125">
        <ele>3632</ele>
        <time>2026-10-06T23:04:48.000Z</time>
        <extensions>
          <ns3:TrackPointExtension>
            <ns3:hr>149</ns3:hr>
            <ns3:cad>95</ns3:cad>
          </ns3:TrackPointExtension>
        </extensions>
      </trkpt>
      <trkpt lat="29.64745980687439441680908203125" lon="91.02579382248222827911376953125">
        <ele>3632</ele>
        <time>2026-10-06T23:04:49.000Z</time>
        <extensions>
          <ns3:TrackPointExtension>
            <ns3:hr>149</ns3:hr>
            <ns3:cad>93</ns3:cad>
          </ns3:TrackPointExtension>
        </extensions>
      </trkpt>
      <trkpt lat="29.64746165089309215545654296875" lon="91.02575786411762237548828125">
        <ele>3632.199951171875</ele>
        <time>2026-10-06T23:04:50.000Z</time>
        <extensions>
          <ns3:TrackPointExtension>
            <ns3:hr>149</ns3:hr>
            <ns3:cad>93</ns3:cad>
          </ns3:TrackPointExtension>
        </extensions>
      </trkpt>
      <trkpt lat="29.647459723055362701416015625" lon="91.02572861127555370330810546875">
        <ele>3632.199951171875</ele>
        <time>2026-10-06T23:04:51.000Z</time>
        <extensions>
          <ns3:TrackPointExtension>
            <ns3:hr>149</ns3:hr>
            <ns3:cad>94</ns3:cad>
          </ns3:TrackPointExtension>
        </extensions>
      </trkpt>
      <trkpt lat="29.647460393607616424560546875" lon="91.02569240145385265350341796875">
        <ele>3632.199951171875</ele>
        <time>2026-10-06T23:04:52.000Z</time>
        <extensions>
          <ns3:TrackPointExtension>
            <ns3:hr>148</ns3:hr>
            <ns3:cad>94</ns3:cad>
          </ns3:TrackPointExtension>
        </extensions>
      </trkpt>
      <trkpt lat="29.64746047742664813995361328125" lon="91.025662980973720550537109375">
        <ele>3632.199951171875</ele>
        <time>2026-10-06T23:04:53.000Z</time>
        <extensions>
          <ns3:TrackPointExtension>
            <ns3:hr>149</ns3:hr>
            <ns3:cad>93</ns3:cad>
          </ns3:TrackPointExtension>
        </extensions>
      </trkpt>
      <trkpt lat="29.64746483601629734039306640625" lon="91.025628782808780670166015625">
        <ele>3632</ele>
        <time>2026-10-06T23:04:54.000Z</time>
        <extensions>
          <ns3:TrackPointExtension>
            <ns3:hr>149</ns3:hr>
            <ns3:cad>93</ns3:cad>
          </ns3:TrackPointExtension>
        </extensions>
      </trkpt>
      <trkpt lat="29.6474672667682170867919921875" lon="91.02559986524283885955810546875">
        <ele>3632</ele>
        <time>2026-10-06T23:04:55.000Z</time>
        <extensions>
          <ns3:TrackPointExtension>
            <ns3:hr>148</ns3:hr>
            <ns3:cad>94</ns3:cad>
          </ns3:TrackPointExtension>
        </extensions>
      </trkpt>
      <trkpt lat="29.64747020043432712554931640625" lon="91.02557153441011905670166015625">
        <ele>3632</ele>
        <time>2026-10-06T23:04:56.000Z</time>
        <extensions>
          <ns3:TrackPointExtension>
            <ns3:hr>149</ns3:hr>
            <ns3:cad>94</ns3:cad>
          </ns3:TrackPointExtension>
        </extensions>
      </trkpt>
      <trkpt lat="29.647473134100437164306640625" lon="91.0255387611687183380126953125">
        <ele>3632</ele>
        <time>2026-10-06T23:04:57.000Z</time>
        <extensions>
          <ns3:TrackPointExtension>
            <ns3:hr>149</ns3:hr>
            <ns3:cad>94</ns3:cad>
          </ns3:TrackPointExtension>
        </extensions>
      </trkpt>
      <trkpt lat="29.64747187681496143341064453125" lon="91.0255173034965991973876953125">
        <ele>3632.199951171875</ele>
        <time>2026-10-06T23:04:58.000Z</time>
        <extensions>
          <ns3:TrackPointExtension>
            <ns3:hr>148</ns3:hr>
            <ns3:cad>93</ns3:cad>
          </ns3:TrackPointExtension>
        </extensions>
      </trkpt>
      <trkpt lat="29.64747187681496143341064453125" lon="91.0254881344735622406005859375">
        <ele>3632.199951171875</ele>
        <time>2026-10-06T23:04:59.000Z</time>
        <extensions>
          <ns3:TrackPointExtension>
            <ns3:hr>149</ns3:hr>
            <ns3:cad>93</ns3:cad>
          </ns3:TrackPointExtension>
        </extensions>
      </trkpt>
      <trkpt lat="29.64747422374784946441650390625" lon="91.02546525187790393829345703125">
        <ele>3632.199951171875</ele>
        <time>2026-10-06T23:05:00.000Z</time>
        <extensions>
          <ns3:TrackPointExtension>
            <ns3:hr>149</ns3:hr>
            <ns3:cad>92</ns3:cad>
          </ns3:TrackPointExtension>
        </extensions>
      </trkpt>
      <trkpt lat="29.647477827966213226318359375" lon="91.025438345968723297119140625">
        <ele>3632.199951171875</ele>
        <time>2026-10-06T23:05:01.000Z</time>
        <extensions>
          <ns3:TrackPointExtension>
            <ns3:hr>148</ns3:hr>
            <ns3:cad>93</ns3:cad>
          </ns3:TrackPointExtension>
        </extensions>
      </trkpt>
      <trkpt lat="29.6474796719849109649658203125" lon="91.0254147090017795562744140625">
        <ele>3632.199951171875</ele>
        <time>2026-10-06T23:05:02.000Z</time>
        <extensions>
          <ns3:TrackPointExtension>
            <ns3:hr>148</ns3:hr>
            <ns3:cad>93</ns3:cad>
          </ns3:TrackPointExtension>
        </extensions>
      </trkpt>
      <trkpt lat="29.64748495258390903472900390625" lon="91.0253815166652202606201171875">
        <ele>3632.199951171875</ele>
        <time>2026-10-06T23:05:03.000Z</time>
        <extensions>
          <ns3:TrackPointExtension>
            <ns3:hr>148</ns3:hr>
            <ns3:cad>94</ns3:cad>
          </ns3:TrackPointExtension>
        </extensions>
      </trkpt>
      <trkpt lat="29.64748629368841648101806640625" lon="91.0253476537764072418212890625">
        <ele>3632.199951171875</ele>
        <time>2026-10-06T23:05:04.000Z</time>
        <extensions>
          <ns3:TrackPointExtension>
            <ns3:hr>148</ns3:hr>
            <ns3:cad>94</ns3:cad>
          </ns3:TrackPointExtension>
        </extensions>
      </trkpt>
      <trkpt lat="29.6474897302687168121337890625" lon="91.02532309480011463165283203125">
        <ele>3632.199951171875</ele>
        <time>2026-10-06T23:05:05.000Z</time>
        <extensions>
          <ns3:TrackPointExtension>
            <ns3:hr>149</ns3:hr>
            <ns3:cad>94</ns3:cad>
          </ns3:TrackPointExtension>
        </extensions>
      </trkpt>
      <trkpt lat="29.647491909563541412353515625" lon="91.02528889663517475128173828125">
        <ele>3632.199951171875</ele>
        <time>2026-10-06T23:05:06.000Z</time>
        <extensions>
          <ns3:TrackPointExtension>
            <ns3:hr>148</ns3:hr>
            <ns3:cad>93</ns3:cad>
          </ns3:TrackPointExtension>
        </extensions>
      </trkpt>
      <trkpt lat="29.6474920772016048431396484375" lon="91.02525955997407436370849609375">
        <ele>3632.199951171875</ele>
        <time>2026-10-06T23:05:07.000Z</time>
        <extensions>
          <ns3:TrackPointExtension>
            <ns3:hr>148</ns3:hr>
            <ns3:cad>93</ns3:cad>
          </ns3:TrackPointExtension>
        </extensions>
      </trkpt>
      <trkpt lat="29.6474917419254779815673828125" lon="91.0252296365797519683837890625">
        <ele>3632.199951171875</ele>
        <time>2026-10-06T23:05:08.000Z</time>
        <extensions>
          <ns3:TrackPointExtension>
            <ns3:hr>149</ns3:hr>
            <ns3:cad>93</ns3:cad>
          </ns3:TrackPointExtension>
        </extensions>
      </trkpt>
      <trkpt lat="29.64749501086771488189697265625" lon="91.025204323232173919677734375">
        <ele>3632.199951171875</ele>
        <time>2026-10-06T23:05:09.000Z</time>
        <extensions>
          <ns3:TrackPointExtension>
            <ns3:hr>148</ns3:hr>
            <ns3:cad>93</ns3:cad>
          </ns3:TrackPointExtension>
        </extensions>
      </trkpt>
      <trkpt lat="29.64749769307672977447509765625" lon="91.0251716338098049163818359375">
        <ele>3632.199951171875</ele>
        <time>2026-10-06T23:05:10.000Z</time>
        <extensions>
          <ns3:TrackPointExtension>
            <ns3:hr>148</ns3:hr>
            <ns3:cad>94</ns3:cad>
          </ns3:TrackPointExtension>
        </extensions>
      </trkpt>
      <trkpt lat="29.64749786071479320526123046875" lon="91.02514338679611682891845703125">
        <ele>3632.199951171875</ele>
        <time>2026-10-06T23:05:11.000Z</time>
        <extensions>
          <ns3:TrackPointExtension>
            <ns3:hr>149</ns3:hr>
            <ns3:cad>93</ns3:cad>
          </ns3:TrackPointExtension>
        </extensions>
      </trkpt>
      <trkpt lat="29.64750037528574466705322265625" lon="91.02511413395404815673828125">
        <ele>3632.199951171875</ele>
        <time>2026-10-06T23:05:12.000Z</time>
        <extensions>
          <ns3:TrackPointExtension>
            <ns3:hr>148</ns3:hr>
            <ns3:cad>94</ns3:cad>
          </ns3:TrackPointExtension>
        </extensions>
      </trkpt>
      <trkpt lat="29.64750004000961780548095703125" lon="91.025081612169742584228515625">
        <ele>3632.199951171875</ele>
        <time>2026-10-06T23:05:13.000Z</time>
        <extensions>
          <ns3:TrackPointExtension>
            <ns3:hr>148</ns3:hr>
            <ns3:cad>94</ns3:cad>
          </ns3:TrackPointExtension>
        </extensions>
      </trkpt>
      <trkpt lat="29.647501297295093536376953125" lon="91.025051437318325042724609375">
        <ele>3632.199951171875</ele>
        <time>2026-10-06T23:05:14.000Z</time>
        <extensions>
          <ns3:TrackPointExtension>
            <ns3:hr>149</ns3:hr>
            <ns3:cad>94</ns3:cad>
          </ns3:TrackPointExtension>
        </extensions>
      </trkpt>
      <trkpt lat="29.64750389568507671356201171875" lon="91.02502067573368549346923828125">
        <ele>3632.39990234375</ele>
        <time>2026-10-06T23:05:15.000Z</time>
        <extensions>
          <ns3:TrackPointExtension>
            <ns3:hr>148</ns3:hr>
            <ns3:cad>94</ns3:cad>
          </ns3:TrackPointExtension>
        </extensions>
      </trkpt>
      <trkpt lat="29.64750590734183788299560546875" lon="91.0249902494251728057861328125">
        <ele>3632.199951171875</ele>
        <time>2026-10-06T23:05:16.000Z</time>
        <extensions>
          <ns3:TrackPointExtension>
            <ns3:hr>148</ns3:hr>
            <ns3:cad>94</ns3:cad>
          </ns3:TrackPointExtension>
        </extensions>
      </trkpt>
      <trkpt lat="29.64751127175986766815185546875" lon="91.0249550454318523406982421875">
        <ele>3632.199951171875</ele>
        <time>2026-10-06T23:05:17.000Z</time>
        <extensions>
          <ns3:TrackPointExtension>
            <ns3:hr>149</ns3:hr>
            <ns3:cad>94</ns3:cad>
          </ns3:TrackPointExtension>
        </extensions>
      </trkpt>
      <trkpt lat="29.6475118584930896759033203125" lon="91.02492411620914936065673828125">
        <ele>3632.199951171875</ele>
        <time>2026-10-06T23:05:18.000Z</time>
        <extensions>
          <ns3:TrackPointExtension>
            <ns3:hr>148</ns3:hr>
            <ns3:cad>94</ns3:cad>
          </ns3:TrackPointExtension>
        </extensions>
      </trkpt>
      <trkpt lat="29.64751060120761394500732421875" lon="91.0248920135200023651123046875">
        <ele>3632.199951171875</ele>
        <time>2026-10-06T23:05:19.000Z</time>
        <extensions>
          <ns3:TrackPointExtension>
            <ns3:hr>148</ns3:hr>
            <ns3:cad>93</ns3:cad>
          </ns3:TrackPointExtension>
        </extensions>
      </trkpt>
      <trkpt lat="29.64751043356955051422119140625" lon="91.02486393414437770843505859375">
        <ele>3632.199951171875</ele>
        <time>2026-10-06T23:05:20.000Z</time>
        <extensions>
          <ns3:TrackPointExtension>
            <ns3:hr>147</ns3:hr>
            <ns3:cad>93</ns3:cad>
          </ns3:TrackPointExtension>
        </extensions>
      </trkpt>
      <trkpt lat="29.6475145407021045684814453125" lon="91.02483711205422878265380859375">
        <ele>3632.199951171875</ele>
        <time>2026-10-06T23:05:21.000Z</time>
        <extensions>
          <ns3:TrackPointExtension>
            <ns3:hr>147</ns3:hr>
            <ns3:cad>95</ns3:cad>
          </ns3:TrackPointExtension>
        </extensions>
      </trkpt>
      <trkpt lat="29.64751747436821460723876953125" lon="91.02480844594538211822509765625">
        <ele>3632.199951171875</ele>
        <time>2026-10-06T23:05:22.000Z</time>
        <extensions>
          <ns3:TrackPointExtension>
            <ns3:hr>147</ns3:hr>
            <ns3:cad>95</ns3:cad>
          </ns3:TrackPointExtension>
        </extensions>
      </trkpt>
      <trkpt lat="29.6475165523588657379150390625" lon="91.02478011511266231536865234375">
        <ele>3632.199951171875</ele>
        <time>2026-10-06T23:05:23.000Z</time>
        <extensions>
          <ns3:TrackPointExtension>
            <ns3:hr>148</ns3:hr>
            <ns3:cad>95</ns3:cad>
          </ns3:TrackPointExtension>
        </extensions>
      </trkpt>
      <trkpt lat="29.64752032421529293060302734375" lon="91.02474776096642017364501953125">
        <ele>3632.199951171875</ele>
        <time>2026-10-06T23:05:24.000Z</time>
        <extensions>
          <ns3:TrackPointExtension>
            <ns3:hr>147</ns3:hr>
            <ns3:cad>93</ns3:cad>
          </ns3:TrackPointExtension>
        </extensions>
      </trkpt>
      <trkpt lat="29.64751982130110263824462890625" lon="91.0247200168669223785400390625">
        <ele>3632.199951171875</ele>
        <time>2026-10-06T23:05:25.000Z</time>
        <extensions>
          <ns3:TrackPointExtension>
            <ns3:hr>147</ns3:hr>
            <ns3:cad>93</ns3:cad>
          </ns3:TrackPointExtension>
        </extensions>
      </trkpt>
      <trkpt lat="29.64752183295786380767822265625" lon="91.02468590252101421356201171875">
        <ele>3632.199951171875</ele>
        <time>2026-10-06T23:05:26.000Z</time>
        <extensions>
          <ns3:TrackPointExtension>
            <ns3:hr>147</ns3:hr>
            <ns3:cad>93</ns3:cad>
          </ns3:TrackPointExtension>
        </extensions>
      </trkpt>
      <trkpt lat="29.6475212462246417999267578125" lon="91.02465941570699214935302734375">
        <ele>3632.199951171875</ele>
        <time>2026-10-06T23:05:27.000Z</time>
        <extensions>
          <ns3:TrackPointExtension>
            <ns3:hr>147</ns3:hr>
            <ns3:cad>93</ns3:cad>
          </ns3:TrackPointExtension>
        </extensions>
      </trkpt>
      <trkpt lat="29.64752535335719585418701171875" lon="91.0246274806559085845947265625">
        <ele>3632.199951171875</ele>
        <time>2026-10-06T23:05:28.000Z</time>
        <extensions>
          <ns3:TrackPointExtension>
            <ns3:hr>147</ns3:hr>
            <ns3:cad>93</ns3:cad>
          </ns3:TrackPointExtension>
        </extensions>
      </trkpt>
      <trkpt lat="29.6475259400904178619384765625" lon="91.02459873072803020477294921875">
        <ele>3632.199951171875</ele>
        <time>2026-10-06T23:05:29.000Z</time>
        <extensions>
          <ns3:TrackPointExtension>
            <ns3:hr>147</ns3:hr>
            <ns3:cad>93</ns3:cad>
          </ns3:TrackPointExtension>
        </extensions>
      </trkpt>
      <trkpt lat="29.647525437176227569580078125" lon="91.02456964552402496337890625">
        <ele>3632.39990234375</ele>
        <time>2026-10-06T23:05:30.000Z</time>
        <extensions>
          <ns3:TrackPointExtension>
            <ns3:hr>147</ns3:hr>
            <ns3:cad>94</ns3:cad>
          </ns3:TrackPointExtension>
        </extensions>
      </trkpt>
      <trkpt lat="29.6475266106426715850830078125" lon="91.024535112082958221435546875">
        <ele>3632.199951171875</ele>
        <time>2026-10-06T23:05:31.000Z</time>
        <extensions>
          <ns3:TrackPointExtension>
            <ns3:hr>148</ns3:hr>
            <ns3:cad>94</ns3:cad>
          </ns3:TrackPointExtension>
        </extensions>
      </trkpt>
      <trkpt lat="29.6475262753665447235107421875" lon="91.0245084576308727264404296875">
        <ele>3632.199951171875</ele>
        <time>2026-10-06T23:05:32.000Z</time>
        <extensions>
          <ns3:TrackPointExtension>
            <ns3:hr>148</ns3:hr>
            <ns3:cad>94</ns3:cad>
          </ns3:TrackPointExtension>
        </extensions>
      </trkpt>
      <trkpt lat="29.64752870611846446990966796875" lon="91.0244799591600894927978515625">
        <ele>3632.199951171875</ele>
        <time>2026-10-06T23:05:33.000Z</time>
        <extensions>
          <ns3:TrackPointExtension>
            <ns3:hr>148</ns3:hr>
            <ns3:cad>95</ns3:cad>
          </ns3:TrackPointExtension>
        </extensions>
      </trkpt>
      <trkpt lat="29.64752920903265476226806640625" lon="91.0244494490325450897216796875">
        <ele>3632.199951171875</ele>
        <time>2026-10-06T23:05:34.000Z</time>
        <extensions>
          <ns3:TrackPointExtension>
            <ns3:hr>148</ns3:hr>
            <ns3:cad>95</ns3:cad>
          </ns3:TrackPointExtension>
        </extensions>
      </trkpt>
      <trkpt lat="29.64753440581262111663818359375" lon="91.02442371658980846405029296875">
        <ele>3632.199951171875</ele>
        <time>2026-10-06T23:05:35.000Z</time>
        <extensions>
          <ns3:TrackPointExtension>
            <ns3:hr>148</ns3:hr>
            <ns3:cad>94</ns3:cad>
          </ns3:TrackPointExtension>
        </extensions>
      </trkpt>
      <trkpt lat="29.647536836564540863037109375" lon="91.0243951342999935150146484375">
        <ele>3632.39990234375</ele>
        <time>2026-10-06T23:05:36.000Z</time>
        <extensions>
          <ns3:TrackPointExtension>
            <ns3:hr>148</ns3:hr>
            <ns3:cad>94</ns3:cad>
          </ns3:TrackPointExtension>
        </extensions>
      </trkpt>
      <trkpt lat="29.6475353278219699859619140625" lon="91.02436303161084651947021484375">
        <ele>3632.60009765625</ele>
        <time>2026-10-06T23:05:37.000Z</time>
        <extensions>
          <ns3:TrackPointExtension>
            <ns3:hr>148</ns3:hr>
            <ns3:cad>94</ns3:cad>
          </ns3:TrackPointExtension>
        </extensions>
      </trkpt>
      <trkpt lat="29.647537171840667724609375" lon="91.02432849816977977752685546875">
        <ele>3632.60009765625</ele>
        <time>2026-10-06T23:05:38.000Z</time>
        <extensions>
          <ns3:TrackPointExtension>
            <ns3:hr>148</ns3:hr>
            <ns3:cad>95</ns3:cad>
          </ns3:TrackPointExtension>
        </extensions>
      </trkpt>
      <trkpt lat="29.64753474108874797821044921875" lon="91.0243009217083454132080078125">
        <ele>3632.39990234375</ele>
        <time>2026-10-06T23:05:39.000Z</time>
        <extensions>
          <ns3:TrackPointExtension>
            <ns3:hr>148</ns3:hr>
            <ns3:cad>94</ns3:cad>
          </ns3:TrackPointExtension>
        </extensions>
      </trkpt>
      <trkpt lat="29.6475323103368282318115234375" lon="91.0242670588195323944091796875">
        <ele>3632.39990234375</ele>
        <time>2026-10-06T23:05:40.000Z</time>
        <extensions>
          <ns3:TrackPointExtension>
            <ns3:hr>148</ns3:hr>
            <ns3:cad>95</ns3:cad>
          </ns3:TrackPointExtension>
        </extensions>
      </trkpt>
      <trkpt lat="29.64753675274550914764404296875" lon="91.0242365486919879913330078125">
        <ele>3632.39990234375</ele>
        <time>2026-10-06T23:05:41.000Z</time>
        <extensions>
          <ns3:TrackPointExtension>
            <ns3:hr>148</ns3:hr>
            <ns3:cad>95</ns3:cad>
          </ns3:TrackPointExtension>
        </extensions>
      </trkpt>
      <trkpt lat="29.6475438773632049560546875" lon="91.0242046974599361419677734375">
        <ele>3632.39990234375</ele>
        <time>2026-10-06T23:05:42.000Z</time>
        <extensions>
          <ns3:TrackPointExtension>
            <ns3:hr>148</ns3:hr>
            <ns3:cad>95</ns3:cad>
          </ns3:TrackPointExtension>
        </extensions>
      </trkpt>
      <trkpt lat="29.64754865504801273345947265625" lon="91.02418030612170696258544921875">
        <ele>3632.39990234375</ele>
        <time>2026-10-06T23:05:43.000Z</time>
        <extensions>
          <ns3:TrackPointExtension>
            <ns3:hr>149</ns3:hr>
            <ns3:cad>95</ns3:cad>
          </ns3:TrackPointExtension>
        </extensions>
      </trkpt>
      <trkpt lat="29.64755184017121791839599609375" lon="91.0241547413170337677001953125">
        <ele>3632.39990234375</ele>
        <time>2026-10-06T23:05:44.000Z</time>
        <extensions>
          <ns3:TrackPointExtension>
            <ns3:hr>148</ns3:hr>
            <ns3:cad>93</ns3:cad>
          </ns3:TrackPointExtension>
        </extensions>
      </trkpt>
      <trkpt lat="29.647554270923137664794921875" lon="91.024126745760440826416015625">
        <ele>3632.60009765625</ele>
        <time>2026-10-06T23:05:45.000Z</time>
        <extensions>
          <ns3:TrackPointExtension>
            <ns3:hr>148</ns3:hr>
            <ns3:cad>93</ns3:cad>
          </ns3:TrackPointExtension>
        </extensions>
      </trkpt>
      <trkpt lat="29.6475500799715518951416015625" lon="91.02409766055643558502197265625">
        <ele>3632.60009765625</ele>
        <time>2026-10-06T23:05:46.000Z</time>
        <extensions>
          <ns3:TrackPointExtension>
            <ns3:hr>149</ns3:hr>
            <ns3:cad>93</ns3:cad>
          </ns3:TrackPointExtension>
        </extensions>
      </trkpt>
      <trkpt lat="29.6475504152476787567138671875" lon="91.02406832389533519744873046875">
        <ele>3632.60009765625</ele>
        <time>2026-10-06T23:05:47.000Z</time>
        <extensions>
          <ns3:TrackPointExtension>
            <ns3:hr>148</ns3:hr>
            <ns3:cad>94</ns3:cad>
          </ns3:TrackPointExtension>
        </extensions>
      </trkpt>
      <trkpt lat="29.64755259454250335693359375" lon="91.02404150180518627166748046875">
        <ele>3632.60009765625</ele>
        <time>2026-10-06T23:05:48.000Z</time>
        <extensions>
          <ns3:TrackPointExtension>
            <ns3:hr>148</ns3:hr>
            <ns3:cad>93</ns3:cad>
          </ns3:TrackPointExtension>
        </extensions>
      </trkpt>
      <trkpt lat="29.64755351655185222625732421875" lon="91.024010069668292999267578125">
        <ele>3632.60009765625</ele>
        <time>2026-10-06T23:05:49.000Z</time>
        <extensions>
          <ns3:TrackPointExtension>
            <ns3:hr>149</ns3:hr>
            <ns3:cad>92</ns3:cad>
          </ns3:TrackPointExtension>
        </extensions>
      </trkpt>
      <trkpt lat="29.6475546061992645263671875" lon="91.02398433722555637359619140625">
        <ele>3632.60009765625</ele>
        <time>2026-10-06T23:05:50.000Z</time>
        <extensions>
          <ns3:TrackPointExtension>
            <ns3:hr>148</ns3:hr>
            <ns3:cad>92</ns3:cad>
          </ns3:TrackPointExtension>
        </extensions>
      </trkpt>
      <trkpt lat="29.64755770750343799591064453125" lon="91.02395449765026569366455078125">
        <ele>3632.39990234375</ele>
        <time>2026-10-06T23:05:51.000Z</time>
        <extensions>
          <ns3:TrackPointExtension>
            <ns3:hr>148</ns3:hr>
            <ns3:cad>93</ns3:cad>
          </ns3:TrackPointExtension>
        </extensions>
      </trkpt>
      <trkpt lat="29.64755930006504058837890625" lon="91.0239265859127044677734375">
        <ele>3632.39990234375</ele>
        <time>2026-10-06T23:05:52.000Z</time>
        <extensions>
          <ns3:TrackPointExtension>
            <ns3:hr>149</ns3:hr>
            <ns3:cad>93</ns3:cad>
          </ns3:TrackPointExtension>
        </extensions>
      </trkpt>
      <trkpt lat="29.64755636639893054962158203125" lon="91.02390043437480926513671875">
        <ele>3632.39990234375</ele>
        <time>2026-10-06T23:05:53.000Z</time>
        <extensions>
          <ns3:TrackPointExtension>
            <ns3:hr>148</ns3:hr>
            <ns3:cad>93</ns3:cad>
          </ns3:TrackPointExtension>
        </extensions>
      </trkpt>
      <trkpt lat="29.6475621499121189117431640625" lon="91.02386648766696453094482421875">
        <ele>3632.39990234375</ele>
        <time>2026-10-06T23:05:54.000Z</time>
        <extensions>
          <ns3:TrackPointExtension>
            <ns3:hr>148</ns3:hr>
            <ns3:cad>94</ns3:cad>
          </ns3:TrackPointExtension>
        </extensions>
      </trkpt>
      <trkpt lat="29.6475624851882457733154296875" lon="91.0238405875861644744873046875">
        <ele>3632.39990234375</ele>
        <time>2026-10-06T23:05:55.000Z</time>
        <extensions>
          <ns3:TrackPointExtension>
            <ns3:hr>148</ns3:hr>
            <ns3:cad>94</ns3:cad>
          </ns3:TrackPointExtension>
        </extensions>
      </trkpt>
      <trkpt lat="29.647563993930816650390625" lon="91.02380747906863689422607421875">
        <ele>3632.60009765625</ele>
        <time>2026-10-06T23:05:56.000Z</time>
        <extensions>
          <ns3:TrackPointExtension>
            <ns3:hr>148</ns3:hr>
            <ns3:cad>95</ns3:cad>
          </ns3:TrackPointExtension>
        </extensions>
      </trkpt>
      <trkpt lat="29.6475648321211338043212890625" lon="91.02377705276012420654296875">
        <ele>3632.60009765625</ele>
        <time>2026-10-06T23:05:57.000Z</time>
        <extensions>
          <ns3:TrackPointExtension>
            <ns3:hr>148</ns3:hr>
            <ns3:cad>95</ns3:cad>
          </ns3:TrackPointExtension>
        </extensions>
      </trkpt>
      <trkpt lat="29.6475648321211338043212890625" lon="91.02377705276012420654296875">
        <ele>3632.60009765625</ele>
        <time>2026-10-06T23:05:58.000Z</time>
        <extensions>
          <ns3:TrackPointExtension>
            <ns3:hr>148</ns3:hr>
            <ns3:cad>95</ns3:cad>
          </ns3:TrackPointExtension>
        </extensions>
      </trkpt>
      <trkpt lat="29.64756843633949756622314453125" lon="91.02371024899184703826904296875">
        <ele>3632.60009765625</ele>
        <time>2026-10-06T23:05:59.000Z</time>
        <extensions>
          <ns3:TrackPointExtension>
            <ns3:hr>148</ns3:hr>
            <ns3:cad>95</ns3:cad>
          </ns3:TrackPointExtension>
        </extensions>
      </trkpt>
      <trkpt lat="29.6475705318152904510498046875" lon="91.02368049323558807373046875">
        <ele>3632.60009765625</ele>
        <time>2026-10-06T23:06:00.000Z</time>
        <extensions>
          <ns3:TrackPointExtension>
            <ns3:hr>147</ns3:hr>
            <ns3:cad>95</ns3:cad>
          </ns3:TrackPointExtension>
        </extensions>
      </trkpt>
      <trkpt lat="29.64757095091044902801513671875" lon="91.023647971451282501220703125">
        <ele>3632.60009765625</ele>
        <time>2026-10-06T23:06:01.000Z</time>
        <extensions>
          <ns3:TrackPointExtension>
            <ns3:hr>147</ns3:hr>
            <ns3:cad>94</ns3:cad>
          </ns3:TrackPointExtension>
        </extensions>
      </trkpt>
      <trkpt lat="29.64756843633949756622314453125" lon="91.02362257428467273712158203125">
        <ele>3632.60009765625</ele>
        <time>2026-10-06T23:06:02.000Z</time>
        <extensions>
          <ns3:TrackPointExtension>
            <ns3:hr>147</ns3:hr>
            <ns3:cad>94</ns3:cad>
          </ns3:TrackPointExtension>
        </extensions>
      </trkpt>
      <trkpt lat="29.6475675143301486968994140625" lon="91.02358820848166942596435546875">
        <ele>3632.60009765625</ele>
        <time>2026-10-06T23:06:03.000Z</time>
        <extensions>
          <ns3:TrackPointExtension>
            <ns3:hr>147</ns3:hr>
            <ns3:cad>94</ns3:cad>
          </ns3:TrackPointExtension>
        </extensions>
      </trkpt>
      <trkpt lat="29.64756776578724384307861328125" lon="91.02356289513409137725830078125">
        <ele>3632.60009765625</ele>
        <time>2026-10-06T23:06:04.000Z</time>
        <extensions>
          <ns3:TrackPointExtension>
            <ns3:hr>147</ns3:hr>
            <ns3:cad>94</ns3:cad>
          </ns3:TrackPointExtension>
        </extensions>
      </trkpt>
      <trkpt lat="29.64757262729108333587646484375" lon="91.0235317982733249664306640625">
        <ele>3632.60009765625</ele>
        <time>2026-10-06T23:06:05.000Z</time>
        <extensions>
          <ns3:TrackPointExtension>
            <ns3:hr>147</ns3:hr>
            <ns3:cad>94</ns3:cad>
          </ns3:TrackPointExtension>
        </extensions>
      </trkpt>
      <trkpt lat="29.6475802548229694366455078125" lon="91.0235056467354297637939453125">
        <ele>3632.60009765625</ele>
        <time>2026-10-06T23:06:06.000Z</time>
        <extensions>
          <ns3:TrackPointExtension>
            <ns3:hr>147</ns3:hr>
            <ns3:cad>92</ns3:cad>
          </ns3:TrackPointExtension>
        </extensions>
      </trkpt>
      <trkpt lat="29.6475866250693798065185546875" lon="91.0234751366078853607177734375">
        <ele>3632.60009765625</ele>
        <time>2026-10-06T23:06:07.000Z</time>
        <extensions>
          <ns3:TrackPointExtension>
            <ns3:hr>147</ns3:hr>
            <ns3:cad>92</ns3:cad>
          </ns3:TrackPointExtension>
        </extensions>
      </trkpt>
      <trkpt lat="29.64759123511612415313720703125" lon="91.02344336919486522674560546875">
        <ele>3632.60009765625</ele>
        <time>2026-10-06T23:06:08.000Z</time>
        <extensions>
          <ns3:TrackPointExtension>
            <ns3:hr>147</ns3:hr>
            <ns3:cad>92</ns3:cad>
          </ns3:TrackPointExtension>
        </extensions>
      </trkpt>
      <trkpt lat="29.6475926600396633148193359375" lon="91.02341805584728717803955078125">
        <ele>3632.60009765625</ele>
        <time>2026-10-06T23:06:09.000Z</time>
        <extensions>
          <ns3:TrackPointExtension>
            <ns3:hr>147</ns3:hr>
            <ns3:cad>93</ns3:cad>
          </ns3:TrackPointExtension>
        </extensions>
      </trkpt>
      <trkpt lat="29.64759089983999729156494140625" lon="91.0233866237103939056396484375">
        <ele>3632.60009765625</ele>
        <time>2026-10-06T23:06:10.000Z</time>
        <extensions>
          <ns3:TrackPointExtension>
            <ns3:hr>147</ns3:hr>
            <ns3:cad>93</ns3:cad>
          </ns3:TrackPointExtension>
        </extensions>
      </trkpt>
      <trkpt lat="29.647590480744838714599609375" lon="91.023356951773166656494140625">
        <ele>3632.39990234375</ele>
        <time>2026-10-06T23:06:11.000Z</time>
        <extensions>
          <ns3:TrackPointExtension>
            <ns3:hr>147</ns3:hr>
            <ns3:cad>94</ns3:cad>
          </ns3:TrackPointExtension>
        </extensions>
      </trkpt>
      <trkpt lat="29.6475923247635364532470703125" lon="91.0233232565224170684814453125">
        <ele>3632.39990234375</ele>
        <time>2026-10-06T23:06:12.000Z</time>
        <extensions>
          <ns3:TrackPointExtension>
            <ns3:hr>147</ns3:hr>
            <ns3:cad>94</ns3:cad>
          </ns3:TrackPointExtension>
        </extensions>
      </trkpt>
      <trkpt lat="29.64759525842964649200439453125" lon="91.023298613727092742919921875">
        <ele>3632.39990234375</ele>
        <time>2026-10-06T23:06:13.000Z</time>
        <extensions>
          <ns3:TrackPointExtension>
            <ns3:hr>147</ns3:hr>
            <ns3:cad>93</ns3:cad>
          </ns3:TrackPointExtension>
        </extensions>
      </trkpt>
      <trkpt lat="29.64759777300059795379638671875" lon="91.02326332591474056243896484375">
        <ele>3632.39990234375</ele>
        <time>2026-10-06T23:06:14.000Z</time>
        <extensions>
          <ns3:TrackPointExtension>
            <ns3:hr>147</ns3:hr>
            <ns3:cad>93</ns3:cad>
          </ns3:TrackPointExtension>
        </extensions>
      </trkpt>
      <trkpt lat="29.64759819209575653076171875" lon="91.0232327319681644439697265625">
        <ele>3632.60009765625</ele>
        <time>2026-10-06T23:06:15.000Z</time>
        <extensions>
          <ns3:TrackPointExtension>
            <ns3:hr>147</ns3:hr>
            <ns3:cad>94</ns3:cad>
          </ns3:TrackPointExtension>
        </extensions>
      </trkpt>
      <trkpt lat="29.64760095812380313873291015625" lon="91.0231995396316051483154296875">
        <ele>3632.60009765625</ele>
        <time>2026-10-06T23:06:16.000Z</time>
        <extensions>
          <ns3:TrackPointExtension>
            <ns3:hr>147</ns3:hr>
            <ns3:cad>94</ns3:cad>
          </ns3:TrackPointExtension>
        </extensions>
      </trkpt>
      <trkpt lat="29.6476030535995960235595703125" lon="91.02316643111407756805419921875">
        <ele>3632.60009765625</ele>
        <time>2026-10-06T23:06:17.000Z</time>
        <extensions>
          <ns3:TrackPointExtension>
            <ns3:hr>147</ns3:hr>
            <ns3:cad>93</ns3:cad>
          </ns3:TrackPointExtension>
        </extensions>
      </trkpt>
      <trkpt lat="29.64760749600827693939208984375" lon="91.0231381841003894805908203125">
        <ele>3632.60009765625</ele>
        <time>2026-10-06T23:06:18.000Z</time>
        <extensions>
          <ns3:TrackPointExtension>
            <ns3:hr>147</ns3:hr>
            <ns3:cad>93</ns3:cad>
          </ns3:TrackPointExtension>
        </extensions>
      </trkpt>
      <trkpt lat="29.64760900475084781646728515625" lon="91.0230999626219272613525390625">
        <ele>3632.60009765625</ele>
        <time>2026-10-06T23:06:19.000Z</time>
        <extensions>
          <ns3:TrackPointExtension>
            <ns3:hr>147</ns3:hr>
            <ns3:cad>94</ns3:cad>
          </ns3:TrackPointExtension>
        </extensions>
      </trkpt>
      <trkpt lat="29.6476067416369915008544921875" lon="91.023071967065334320068359375">
        <ele>3632.60009765625</ele>
        <time>2026-10-06T23:06:20.000Z</time>
        <extensions>
          <ns3:TrackPointExtension>
            <ns3:hr>147</ns3:hr>
            <ns3:cad>94</ns3:cad>
          </ns3:TrackPointExtension>
        </extensions>
      </trkpt>
      <trkpt lat="29.6476104296743869781494140625" lon="91.023036427795886993408203125">
        <ele>3632.60009765625</ele>
        <time>2026-10-06T23:06:21.000Z</time>
        <extensions>
          <ns3:TrackPointExtension>
            <ns3:hr>147</ns3:hr>
            <ns3:cad>94</ns3:cad>
          </ns3:TrackPointExtension>
        </extensions>
      </trkpt>
      <trkpt lat="29.647613279521465301513671875" lon="91.02300935424864292144775390625">
        <ele>3632.60009765625</ele>
        <time>2026-10-06T23:06:22.000Z</time>
        <extensions>
          <ns3:TrackPointExtension>
            <ns3:hr>147</ns3:hr>
            <ns3:cad>95</ns3:cad>
          </ns3:TrackPointExtension>
        </extensions>
      </trkpt>
      <trkpt lat="29.6476178057491779327392578125" lon="91.02298236452043056488037109375">
        <ele>3632.39990234375</ele>
        <time>2026-10-06T23:06:23.000Z</time>
        <extensions>
          <ns3:TrackPointExtension>
            <ns3:hr>147</ns3:hr>
            <ns3:cad>95</ns3:cad>
          </ns3:TrackPointExtension>
        </extensions>
      </trkpt>
      <trkpt lat="29.64762442745268344879150390625" lon="91.02295386604964733123779296875">
        <ele>3632.39990234375</ele>
        <time>2026-10-06T23:06:24.000Z</time>
        <extensions>
          <ns3:TrackPointExtension>
            <ns3:hr>147</ns3:hr>
            <ns3:cad>94</ns3:cad>
          </ns3:TrackPointExtension>
        </extensions>
      </trkpt>
      <trkpt lat="29.64762576855719089508056640625" lon="91.02292570285499095916748046875">
        <ele>3632.60009765625</ele>
        <time>2026-10-06T23:06:25.000Z</time>
        <extensions>
          <ns3:TrackPointExtension>
            <ns3:hr>147</ns3:hr>
            <ns3:cad>93</ns3:cad>
          </ns3:TrackPointExtension>
        </extensions>
      </trkpt>
      <trkpt lat="29.64763113297522068023681640625" lon="91.02289058268070220947265625">
        <ele>3632.60009765625</ele>
        <time>2026-10-06T23:06:26.000Z</time>
        <extensions>
          <ns3:TrackPointExtension>
            <ns3:hr>147</ns3:hr>
            <ns3:cad>93</ns3:cad>
          </ns3:TrackPointExtension>
        </extensions>
      </trkpt>
      <trkpt lat="29.64763180352747440338134765625" lon="91.02286434732377529144287109375">
        <ele>3632.60009765625</ele>
        <time>2026-10-06T23:06:27.000Z</time>
        <extensions>
          <ns3:TrackPointExtension>
            <ns3:hr>147</ns3:hr>
            <ns3:cad>94</ns3:cad>
          </ns3:TrackPointExtension>
        </extensions>
      </trkpt>
      <trkpt lat="29.64763884432613849639892578125" lon="91.0228330828249454498291015625">
        <ele>3632.60009765625</ele>
        <time>2026-10-06T23:06:28.000Z</time>
        <extensions>
          <ns3:TrackPointExtension>
            <ns3:hr>147</ns3:hr>
            <ns3:cad>94</ns3:cad>
          </ns3:TrackPointExtension>
        </extensions>
      </trkpt>
      <trkpt lat="29.64764135889708995819091796875" lon="91.02280600927770137786865234375">
        <ele>3632.60009765625</ele>
        <time>2026-10-06T23:06:29.000Z</time>
        <extensions>
          <ns3:TrackPointExtension>
            <ns3:hr>147</ns3:hr>
            <ns3:cad>94</ns3:cad>
          </ns3:TrackPointExtension>
        </extensions>
      </trkpt>
      <trkpt lat="29.64764571748673915863037109375" lon="91.022777594625949859619140625">
        <ele>3632.60009765625</ele>
        <time>2026-10-06T23:06:30.000Z</time>
        <extensions>
          <ns3:TrackPointExtension>
            <ns3:hr>146</ns3:hr>
            <ns3:cad>94</ns3:cad>
          </ns3:TrackPointExtension>
        </extensions>
      </trkpt>
      <trkpt lat="29.64765024371445178985595703125" lon="91.02274515666067600250244140625">
        <ele>3632.60009765625</ele>
        <time>2026-10-06T23:06:31.000Z</time>
        <extensions>
          <ns3:TrackPointExtension>
            <ns3:hr>147</ns3:hr>
            <ns3:cad>94</ns3:cad>
          </ns3:TrackPointExtension>
        </extensions>
      </trkpt>
      <trkpt lat="29.64764420874416828155517578125" lon="91.02271632291376590728759765625">
        <ele>3632.60009765625</ele>
        <time>2026-10-06T23:06:32.000Z</time>
        <extensions>
          <ns3:TrackPointExtension>
            <ns3:hr>147</ns3:hr>
            <ns3:cad>95</ns3:cad>
          </ns3:TrackPointExtension>
        </extensions>
      </trkpt>
      <trkpt lat="29.64763448573648929595947265625" lon="91.02268380112946033477783203125">
        <ele>3632.60009765625</ele>
        <time>2026-10-06T23:06:33.000Z</time>
        <extensions>
          <ns3:TrackPointExtension>
            <ns3:hr>147</ns3:hr>
            <ns3:cad>95</ns3:cad>
          </ns3:TrackPointExtension>
        </extensions>
      </trkpt>
      <trkpt lat="29.647626690566539764404296875" lon="91.02265915833413600921630859375">
        <ele>3632.60009765625</ele>
        <time>2026-10-06T23:06:34.000Z</time>
        <extensions>
          <ns3:TrackPointExtension>
            <ns3:hr>147</ns3:hr>
            <ns3:cad>94</ns3:cad>
          </ns3:TrackPointExtension>
        </extensions>
      </trkpt>
      <trkpt lat="29.6476100943982601165771484375" lon="91.022625379264354705810546875">
        <ele>3632.60009765625</ele>
        <time>2026-10-06T23:06:35.000Z</time>
        <extensions>
          <ns3:TrackPointExtension>
            <ns3:hr>147</ns3:hr>
            <ns3:cad>93</ns3:cad>
          </ns3:TrackPointExtension>
        </extensions>
      </trkpt>
      <trkpt lat="29.64759425260126590728759765625" lon="91.0226000659167766571044921875">
        <ele>3632.39990234375</ele>
        <time>2026-10-06T23:06:36.000Z</time>
        <extensions>
          <ns3:TrackPointExtension>
            <ns3:hr>148</ns3:hr>
            <ns3:cad>93</ns3:cad>
          </ns3:TrackPointExtension>
        </extensions>
      </trkpt>
      <trkpt lat="29.64757447130978107452392578125" lon="91.02256963960826396942138671875">
        <ele>3632.39990234375</ele>
        <time>2026-10-06T23:06:37.000Z</time>
        <extensions>
          <ns3:TrackPointExtension>
            <ns3:hr>148</ns3:hr>
            <ns3:cad>94</ns3:cad>
          </ns3:TrackPointExtension>
        </extensions>
      </trkpt>
      <trkpt lat="29.64755385182797908782958984375" lon="91.02254365570843219757080078125">
        <ele>3632.60009765625</ele>
        <time>2026-10-06T23:06:38.000Z</time>
        <extensions>
          <ns3:TrackPointExtension>
            <ns3:hr>148</ns3:hr>
            <ns3:cad>94</ns3:cad>
          </ns3:TrackPointExtension>
        </extensions>
      </trkpt>
      <trkpt lat="29.64753993786871433258056640625" lon="91.0225125588476657867431640625">
        <ele>3632.60009765625</ele>
        <time>2026-10-06T23:06:39.000Z</time>
        <extensions>
          <ns3:TrackPointExtension>
            <ns3:hr>147</ns3:hr>
            <ns3:cad>94</ns3:cad>
          </ns3:TrackPointExtension>
        </extensions>
      </trkpt>
      <trkpt lat="29.647527448832988739013671875" lon="91.02247945033013820648193359375">
        <ele>3632.60009765625</ele>
        <time>2026-10-06T23:06:40.000Z</time>
        <extensions>
          <ns3:TrackPointExtension>
            <ns3:hr>147</ns3:hr>
            <ns3:cad>94</ns3:cad>
          </ns3:TrackPointExtension>
        </extensions>
      </trkpt>
      <trkpt lat="29.647521078586578369140625" lon="91.0224522091448307037353515625">
        <ele>3632.60009765625</ele>
        <time>2026-10-06T23:06:41.000Z</time>
        <extensions>
          <ns3:TrackPointExtension>
            <ns3:hr>147</ns3:hr>
            <ns3:cad>95</ns3:cad>
          </ns3:TrackPointExtension>
        </extensions>
      </trkpt>
      <trkpt lat="29.6475170552730560302734375" lon="91.02241625078022480010986328125">
        <ele>3632.60009765625</ele>
        <time>2026-10-06T23:06:42.000Z</time>
        <extensions>
          <ns3:TrackPointExtension>
            <ns3:hr>147</ns3:hr>
            <ns3:cad>95</ns3:cad>
          </ns3:TrackPointExtension>
        </extensions>
      </trkpt>
      <trkpt lat="29.64751210995018482208251953125" lon="91.02238842286169528961181640625">
        <ele>3632.60009765625</ele>
        <time>2026-10-06T23:06:43.000Z</time>
        <extensions>
          <ns3:TrackPointExtension>
            <ns3:hr>147</ns3:hr>
            <ns3:cad>93</ns3:cad>
          </ns3:TrackPointExtension>
        </extensions>
      </trkpt>
      <trkpt lat="29.64750406332314014434814453125" lon="91.022355817258358001708984375">
        <ele>3632.60009765625</ele>
        <time>2026-10-06T23:06:44.000Z</time>
        <extensions>
          <ns3:TrackPointExtension>
            <ns3:hr>147</ns3:hr>
            <ns3:cad>93</ns3:cad>
          </ns3:TrackPointExtension>
        </extensions>
      </trkpt>
      <trkpt lat="29.64749350212514400482177734375" lon="91.0223294980823993682861328125">
        <ele>3632.60009765625</ele>
        <time>2026-10-06T23:06:45.000Z</time>
        <extensions>
          <ns3:TrackPointExtension>
            <ns3:hr>147</ns3:hr>
            <ns3:cad>93</ns3:cad>
          </ns3:TrackPointExtension>
        </extensions>
      </trkpt>
      <trkpt lat="29.6474793367087841033935546875" lon="91.0222999937832355499267578125">
        <ele>3632.39990234375</ele>
        <time>2026-10-06T23:06:46.000Z</time>
        <extensions>
          <ns3:TrackPointExtension>
            <ns3:hr>147</ns3:hr>
            <ns3:cad>93</ns3:cad>
          </ns3:TrackPointExtension>
        </extensions>
      </trkpt>
      <trkpt lat="29.647460393607616424560546875" lon="91.02227040566504001617431640625">
        <ele>3632.39990234375</ele>
        <time>2026-10-06T23:06:47.000Z</time>
        <extensions>
          <ns3:TrackPointExtension>
            <ns3:hr>147</ns3:hr>
            <ns3:cad>92</ns3:cad>
          </ns3:TrackPointExtension>
        </extensions>
      </trkpt>
      <trkpt lat="29.64744404889643192291259765625" lon="91.02224241010844707489013671875">
        <ele>3632.39990234375</ele>
        <time>2026-10-06T23:06:48.000Z</time>
        <extensions>
          <ns3:TrackPointExtension>
            <ns3:hr>147</ns3:hr>
            <ns3:cad>92</ns3:cad>
          </ns3:TrackPointExtension>
        </extensions>
      </trkpt>
      <trkpt lat="29.64741957373917102813720703125" lon="91.02221290580928325653076171875">
        <ele>3632.39990234375</ele>
        <time>2026-10-06T23:06:49.000Z</time>
        <extensions>
          <ns3:TrackPointExtension>
            <ns3:hr>147</ns3:hr>
            <ns3:cad>94</ns3:cad>
          </ns3:TrackPointExtension>
        </extensions>
      </trkpt>
      <trkpt lat="29.64740130119025707244873046875" lon="91.02219731546938419342041015625">
        <ele>3632.39990234375</ele>
        <time>2026-10-06T23:06:50.000Z</time>
        <extensions>
          <ns3:TrackPointExtension>
            <ns3:hr>148</ns3:hr>
            <ns3:cad>94</ns3:cad>
          </ns3:TrackPointExtension>
        </extensions>
      </trkpt>
      <trkpt lat="29.6473807655274868011474609375" lon="91.02218926884233951568603515625">
        <ele>3632.39990234375</ele>
        <time>2026-10-06T23:06:51.000Z</time>
        <extensions>
          <ns3:TrackPointExtension>
            <ns3:hr>148</ns3:hr>
            <ns3:cad>94</ns3:cad>
          </ns3:TrackPointExtension>
        </extensions>
      </trkpt>
      <trkpt lat="29.647358469665050506591796875" lon="91.0221859999001026153564453125">
        <ele>3632.60009765625</ele>
        <time>2026-10-06T23:06:52.000Z</time>
        <extensions>
          <ns3:TrackPointExtension>
            <ns3:hr>148</ns3:hr>
            <ns3:cad>94</ns3:cad>
          </ns3:TrackPointExtension>
        </extensions>
      </trkpt>
      <trkpt lat="29.6473298035562038421630859375" lon="91.022186838090419769287109375">
        <ele>3632.39990234375</ele>
        <time>2026-10-06T23:06:53.000Z</time>
        <extensions>
          <ns3:TrackPointExtension>
            <ns3:hr>148</ns3:hr>
            <ns3:cad>94</ns3:cad>
          </ns3:TrackPointExtension>
        </extensions>
      </trkpt>
      <trkpt lat="29.6473080106079578399658203125" lon="91.02218457497656345367431640625">
        <ele>3632.39990234375</ele>
        <time>2026-10-06T23:06:54.000Z</time>
        <extensions>
          <ns3:TrackPointExtension>
            <ns3:hr>148</ns3:hr>
            <ns3:cad>94</ns3:cad>
          </ns3:TrackPointExtension>
        </extensions>
      </trkpt>
      <trkpt lat="29.64728143997490406036376953125" lon="91.0221766121685504913330078125">
        <ele>3632.39990234375</ele>
        <time>2026-10-06T23:06:55.000Z</time>
        <extensions>
          <ns3:TrackPointExtension>
            <ns3:hr>148</ns3:hr>
            <ns3:cad>93</ns3:cad>
          </ns3:TrackPointExtension>
        </extensions>
      </trkpt>
      <trkpt lat="29.647260569036006927490234375" lon="91.02216714061796665191650390625">
        <ele>3632.39990234375</ele>
        <time>2026-10-06T23:06:56.000Z</time>
        <extensions>
          <ns3:TrackPointExtension>
            <ns3:hr>148</ns3:hr>
            <ns3:cad>91</ns3:cad>
          </ns3:TrackPointExtension>
        </extensions>
      </trkpt>
      <trkpt lat="29.6472369320690631866455078125" lon="91.0221625305712223052978515625">
        <ele>3632.39990234375</ele>
        <time>2026-10-06T23:06:57.000Z</time>
        <extensions>
          <ns3:TrackPointExtension>
            <ns3:hr>149</ns3:hr>
            <ns3:cad>91</ns3:cad>
          </ns3:TrackPointExtension>
        </extensions>
      </trkpt>
      <trkpt lat="29.64720952324569225311279296875" lon="91.02215909399092197418212890625">
        <ele>3632.39990234375</ele>
        <time>2026-10-06T23:06:58.000Z</time>
        <extensions>
          <ns3:TrackPointExtension>
            <ns3:hr>149</ns3:hr>
            <ns3:cad>91</ns3:cad>
          </ns3:TrackPointExtension>
        </extensions>
      </trkpt>
      <trkpt lat="29.64718756265938282012939453125" lon="91.02215926162898540496826171875">
        <ele>3632.199951171875</ele>
        <time>2026-10-06T23:06:59.000Z</time>
        <extensions>
          <ns3:TrackPointExtension>
            <ns3:hr>149</ns3:hr>
            <ns3:cad>92</ns3:cad>
          </ns3:TrackPointExtension>
        </extensions>
      </trkpt>
      <trkpt lat="29.64715772308409214019775390625" lon="91.02215792052447795867919921875">
        <ele>3632.199951171875</ele>
        <time>2026-10-06T23:07:00.000Z</time>
        <extensions>
          <ns3:TrackPointExtension>
            <ns3:hr>149</ns3:hr>
            <ns3:cad>92</ns3:cad>
          </ns3:TrackPointExtension>
        </extensions>
      </trkpt>
      <trkpt lat="29.64713660068809986114501953125" lon="91.0221544839441776275634765625">
        <ele>3632.199951171875</ele>
        <time>2026-10-06T23:07:01.000Z</time>
        <extensions>
          <ns3:TrackPointExtension>
            <ns3:hr>149</ns3:hr>
            <ns3:cad>92</ns3:cad>
          </ns3:TrackPointExtension>
        </extensions>
      </trkpt>
      <trkpt lat="29.64710734784603118896484375" lon="91.02214802987873554229736328125">
        <ele>3632.199951171875</ele>
        <time>2026-10-06T23:07:02.000Z</time>
        <extensions>
          <ns3:TrackPointExtension>
            <ns3:hr>148</ns3:hr>
            <ns3:cad>94</ns3:cad>
          </ns3:TrackPointExtension>
        </extensions>
      </trkpt>
      <trkpt lat="29.647083543241024017333984375" lon="91.0221434198319911956787109375">
        <ele>3632.199951171875</ele>
        <time>2026-10-06T23:07:03.000Z</time>
        <extensions>
          <ns3:TrackPointExtension>
            <ns3:hr>149</ns3:hr>
            <ns3:cad>94</ns3:cad>
          </ns3:TrackPointExtension>
        </extensions>
      </trkpt>
      <trkpt lat="29.64705915190279483795166015625" lon="91.02212925441563129425048828125">
        <ele>3632.199951171875</ele>
        <time>2026-10-06T23:07:04.000Z</time>
        <extensions>
          <ns3:TrackPointExtension>
            <ns3:hr>150</ns3:hr>
            <ns3:cad>94</ns3:cad>
          </ns3:TrackPointExtension>
        </extensions>
      </trkpt>
      <trkpt lat="29.64703098870813846588134765625" lon="91.022123135626316070556640625">
        <ele>3632.39990234375</ele>
        <time>2026-10-06T23:07:05.000Z</time>
        <extensions>
          <ns3:TrackPointExtension>
            <ns3:hr>150</ns3:hr>
            <ns3:cad>94</ns3:cad>
          </ns3:TrackPointExtension>
        </extensions>
      </trkpt>
      <trkpt lat="29.64700550772249698638916015625" lon="91.02212556637823581695556640625">
        <ele>3632.199951171875</ele>
        <time>2026-10-06T23:07:06.000Z</time>
        <extensions>
          <ns3:TrackPointExtension>
            <ns3:hr>150</ns3:hr>
            <ns3:cad>94</ns3:cad>
          </ns3:TrackPointExtension>
        </extensions>
      </trkpt>
      <trkpt lat="29.64697591960430145263671875" lon="91.0221202857792377471923828125">
        <ele>3632.199951171875</ele>
        <time>2026-10-06T23:07:07.000Z</time>
        <extensions>
          <ns3:TrackPointExtension>
            <ns3:hr>150</ns3:hr>
            <ns3:cad>94</ns3:cad>
          </ns3:TrackPointExtension>
        </extensions>
      </trkpt>
      <trkpt lat="29.64695337228477001190185546875" lon="91.022119112312793731689453125">
        <ele>3632.199951171875</ele>
        <time>2026-10-06T23:07:08.000Z</time>
        <extensions>
          <ns3:TrackPointExtension>
            <ns3:hr>150</ns3:hr>
            <ns3:cad>93</ns3:cad>
          </ns3:TrackPointExtension>
        </extensions>
      </trkpt>
      <trkpt lat="29.6469244547188282012939453125" lon="91.02211617864668369293212890625">
        <ele>3632.199951171875</ele>
        <time>2026-10-06T23:07:09.000Z</time>
        <extensions>
          <ns3:TrackPointExtension>
            <ns3:hr>150</ns3:hr>
            <ns3:cad>93</ns3:cad>
          </ns3:TrackPointExtension>
        </extensions>
      </trkpt>
      <trkpt lat="29.646903164684772491455078125" lon="91.02211131714284420013427734375">
        <ele>3632</ele>
        <time>2026-10-06T23:07:10.000Z</time>
        <extensions>
          <ns3:TrackPointExtension>
            <ns3:hr>150</ns3:hr>
            <ns3:cad>93</ns3:cad>
          </ns3:TrackPointExtension>
        </extensions>
      </trkpt>
      <trkpt lat="29.6468785218894481658935546875" lon="91.02209798991680145263671875">
        <ele>3632</ele>
        <time>2026-10-06T23:07:11.000Z</time>
        <extensions>
          <ns3:TrackPointExtension>
            <ns3:hr>150</ns3:hr>
            <ns3:cad>93</ns3:cad>
          </ns3:TrackPointExtension>
        </extensions>
      </trkpt>
      <trkpt lat="29.64685522019863128662109375" lon="91.02209958247840404510498046875">
        <ele>3632</ele>
        <time>2026-10-06T23:07:12.000Z</time>
        <extensions>
          <ns3:TrackPointExtension>
            <ns3:hr>149</ns3:hr>
            <ns3:cad>93</ns3:cad>
          </ns3:TrackPointExtension>
        </extensions>
      </trkpt>
      <trkpt lat="29.6468304097652435302734375" lon="91.02208969183266162872314453125">
        <ele>3632</ele>
        <time>2026-10-06T23:07:13.000Z</time>
        <extensions>
          <ns3:TrackPointExtension>
            <ns3:hr>149</ns3:hr>
            <ns3:cad>93</ns3:cad>
          </ns3:TrackPointExtension>
        </extensions>
      </trkpt>
      <trkpt lat="29.64680434204638004302978515625" lon="91.02208583615720272064208984375">
        <ele>3632</ele>
        <time>2026-10-06T23:07:14.000Z</time>
        <extensions>
          <ns3:TrackPointExtension>
            <ns3:hr>149</ns3:hr>
            <ns3:cad>93</ns3:cad>
          </ns3:TrackPointExtension>
        </extensions>
      </trkpt>
      <trkpt lat="29.6467822976410388946533203125" lon="91.02208399213850498199462890625">
        <ele>3632</ele>
        <time>2026-10-06T23:07:15.000Z</time>
        <extensions>
          <ns3:TrackPointExtension>
            <ns3:hr>149</ns3:hr>
            <ns3:cad>92</ns3:cad>
          </ns3:TrackPointExtension>
        </extensions>
      </trkpt>
      <trkpt lat="29.64675237424671649932861328125" lon="91.02208214811980724334716796875">
        <ele>3632</ele>
        <time>2026-10-06T23:07:16.000Z</time>
        <extensions>
          <ns3:TrackPointExtension>
            <ns3:hr>150</ns3:hr>
            <ns3:cad>92</ns3:cad>
          </ns3:TrackPointExtension>
        </extensions>
      </trkpt>
      <trkpt lat="29.64673041366040706634521484375" lon="91.0220780409872531890869140625">
        <ele>3632</ele>
        <time>2026-10-06T23:07:17.000Z</time>
        <extensions>
          <ns3:TrackPointExtension>
            <ns3:hr>150</ns3:hr>
            <ns3:cad>92</ns3:cad>
          </ns3:TrackPointExtension>
        </extensions>
      </trkpt>
      <trkpt lat="29.64669973589479923248291015625" lon="91.02207125164568424224853515625">
        <ele>3632</ele>
        <time>2026-10-06T23:07:18.000Z</time>
        <extensions>
          <ns3:TrackPointExtension>
            <ns3:hr>149</ns3:hr>
            <ns3:cad>94</ns3:cad>
          </ns3:TrackPointExtension>
        </extensions>
      </trkpt>
      <trkpt lat="29.6466760151088237762451171875" lon="91.022067479789257049560546875">
        <ele>3632</ele>
        <time>2026-10-06T23:07:19.000Z</time>
        <extensions>
          <ns3:TrackPointExtension>
            <ns3:hr>149</ns3:hr>
            <ns3:cad>94</ns3:cad>
          </ns3:TrackPointExtension>
        </extensions>
      </trkpt>
      <trkpt lat="29.64664936065673828125" lon="91.02205775678157806396484375">
        <ele>3632</ele>
        <time>2026-10-06T23:07:20.000Z</time>
        <extensions>
          <ns3:TrackPointExtension>
            <ns3:hr>149</ns3:hr>
            <ns3:cad>94</ns3:cad>
          </ns3:TrackPointExtension>
        </extensions>
      </trkpt>
      <trkpt lat="29.6466220356523990631103515625" lon="91.0220545716583728790283203125">
        <ele>3632</ele>
        <time>2026-10-06T23:07:21.000Z</time>
        <extensions>
          <ns3:TrackPointExtension>
            <ns3:hr>149</ns3:hr>
            <ns3:cad>94</ns3:cad>
          </ns3:TrackPointExtension>
        </extensions>
      </trkpt>
      <trkpt lat="29.6465975604951381683349609375" lon="91.02205373346805572509765625">
        <ele>3632</ele>
        <time>2026-10-06T23:07:22.000Z</time>
        <extensions>
          <ns3:TrackPointExtension>
            <ns3:hr>149</ns3:hr>
            <ns3:cad>95</ns3:cad>
          </ns3:TrackPointExtension>
        </extensions>
      </trkpt>
      <trkpt lat="29.64656579308211803436279296875" lon="91.022051386535167694091796875">
        <ele>3632</ele>
        <time>2026-10-06T23:07:23.000Z</time>
        <extensions>
          <ns3:TrackPointExtension>
            <ns3:hr>148</ns3:hr>
            <ns3:cad>95</ns3:cad>
          </ns3:TrackPointExtension>
        </extensions>
      </trkpt>
      <trkpt lat="29.646544754505157470703125" lon="91.0220478661358356475830078125">
        <ele>3632</ele>
        <time>2026-10-06T23:07:24.000Z</time>
        <extensions>
          <ns3:TrackPointExtension>
            <ns3:hr>148</ns3:hr>
            <ns3:cad>95</ns3:cad>
          </ns3:TrackPointExtension>
        </extensions>
      </trkpt>
      <trkpt lat="29.646514244377613067626953125" lon="91.02204434573650360107421875">
        <ele>3632</ele>
        <time>2026-10-06T23:07:25.000Z</time>
        <extensions>
          <ns3:TrackPointExtension>
            <ns3:hr>148</ns3:hr>
            <ns3:cad>95</ns3:cad>
          </ns3:TrackPointExtension>
        </extensions>
      </trkpt>
      <trkpt lat="29.64649152942001819610595703125" lon="91.02204895578324794769287109375">
        <ele>3632</ele>
        <time>2026-10-06T23:07:26.000Z</time>
        <extensions>
          <ns3:TrackPointExtension>
            <ns3:hr>148</ns3:hr>
            <ns3:cad>95</ns3:cad>
          </ns3:TrackPointExtension>
        </extensions>
      </trkpt>
      <trkpt lat="29.64646336622536182403564453125" lon="91.02204577066004276275634765625">
        <ele>3632</ele>
        <time>2026-10-06T23:07:27.000Z</time>
        <extensions>
          <ns3:TrackPointExtension>
            <ns3:hr>148</ns3:hr>
            <ns3:cad>94</ns3:cad>
          </ns3:TrackPointExtension>
        </extensions>
      </trkpt>
      <trkpt lat="29.64644006453454494476318359375" lon="91.02203956805169582366943359375">
        <ele>3631.800048828125</ele>
        <time>2026-10-06T23:07:28.000Z</time>
        <extensions>
          <ns3:TrackPointExtension>
            <ns3:hr>148</ns3:hr>
            <ns3:cad>93</ns3:cad>
          </ns3:TrackPointExtension>
        </extensions>
      </trkpt>
      <trkpt lat="29.64641802012920379638671875" lon="91.0220290906727313995361328125">
        <ele>3631.800048828125</ele>
        <time>2026-10-06T23:07:29.000Z</time>
        <extensions>
          <ns3:TrackPointExtension>
            <ns3:hr>149</ns3:hr>
            <ns3:cad>93</ns3:cad>
          </ns3:TrackPointExtension>
        </extensions>
      </trkpt>
      <trkpt lat="29.6463900245726108551025390625" lon="91.0220170207321643829345703125">
        <ele>3631.800048828125</ele>
        <time>2026-10-06T23:07:30.000Z</time>
        <extensions>
          <ns3:TrackPointExtension>
            <ns3:hr>148</ns3:hr>
            <ns3:cad>93</ns3:cad>
          </ns3:TrackPointExtension>
        </extensions>
      </trkpt>
      <trkpt lat="29.64636647142469882965087890625" lon="91.02200754918158054351806640625">
        <ele>3631.800048828125</ele>
        <time>2026-10-06T23:07:31.000Z</time>
        <extensions>
          <ns3:TrackPointExtension>
            <ns3:hr>148</ns3:hr>
            <ns3:cad>92</ns3:cad>
          </ns3:TrackPointExtension>
        </extensions>
      </trkpt>
      <trkpt lat="29.64633763767778873443603515625" lon="91.0220019333064556121826171875">
        <ele>3631.800048828125</ele>
        <time>2026-10-06T23:07:32.000Z</time>
        <extensions>
          <ns3:TrackPointExtension>
            <ns3:hr>148</ns3:hr>
            <ns3:cad>92</ns3:cad>
          </ns3:TrackPointExtension>
        </extensions>
      </trkpt>
      <trkpt lat="29.64631483890116214752197265625" lon="91.02199983783066272735595703125">
        <ele>3631.800048828125</ele>
        <time>2026-10-06T23:07:33.000Z</time>
        <extensions>
          <ns3:TrackPointExtension>
            <ns3:hr>148</ns3:hr>
            <ns3:cad>92</ns3:cad>
          </ns3:TrackPointExtension>
        </extensions>
      </trkpt>
      <trkpt lat="29.6462860889732837677001953125" lon="91.021993048489093780517578125">
        <ele>3631.800048828125</ele>
        <time>2026-10-06T23:07:34.000Z</time>
        <extensions>
          <ns3:TrackPointExtension>
            <ns3:hr>148</ns3:hr>
            <ns3:cad>95</ns3:cad>
          </ns3:TrackPointExtension>
        </extensions>
      </trkpt>
      <trkpt lat="29.64626111090183258056640625" lon="91.0219871811568737030029296875">
        <ele>3631.800048828125</ele>
        <time>2026-10-06T23:07:35.000Z</time>
        <extensions>
          <ns3:TrackPointExtension>
            <ns3:hr>148</ns3:hr>
            <ns3:cad>95</ns3:cad>
          </ns3:TrackPointExtension>
        </extensions>
      </trkpt>
      <trkpt lat="29.6462371386587619781494140625" lon="91.02198089472949504852294921875">
        <ele>3631.800048828125</ele>
        <time>2026-10-06T23:07:36.000Z</time>
        <extensions>
          <ns3:TrackPointExtension>
            <ns3:hr>148</ns3:hr>
            <ns3:cad>94</ns3:cad>
          </ns3:TrackPointExtension>
        </extensions>
      </trkpt>
      <trkpt lat="29.64620880782604217529296875" lon="91.02197519503533840179443359375">
        <ele>3631.800048828125</ele>
        <time>2026-10-06T23:07:37.000Z</time>
        <extensions>
          <ns3:TrackPointExtension>
            <ns3:hr>147</ns3:hr>
            <ns3:cad>94</ns3:cad>
          </ns3:TrackPointExtension>
        </extensions>
      </trkpt>
      <trkpt lat="29.6461866796016693115234375" lon="91.02196681313216686248779296875">
        <ele>3631.800048828125</ele>
        <time>2026-10-06T23:07:38.000Z</time>
        <extensions>
          <ns3:TrackPointExtension>
            <ns3:hr>148</ns3:hr>
            <ns3:cad>95</ns3:cad>
          </ns3:TrackPointExtension>
        </extensions>
      </trkpt>
      <trkpt lat="29.64615893550217151641845703125" lon="91.02195717394351959228515625">
        <ele>3631.800048828125</ele>
        <time>2026-10-06T23:07:39.000Z</time>
        <extensions>
          <ns3:TrackPointExtension>
            <ns3:hr>148</ns3:hr>
            <ns3:cad>95</ns3:cad>
          </ns3:TrackPointExtension>
        </extensions>
      </trkpt>
      <trkpt lat="29.646137394011020660400390625" lon="91.0219538211822509765625">
        <ele>3631.800048828125</ele>
        <time>2026-10-06T23:07:40.000Z</time>
        <extensions>
          <ns3:TrackPointExtension>
            <ns3:hr>148</ns3:hr>
            <ns3:cad>95</ns3:cad>
          </ns3:TrackPointExtension>
        </extensions>
      </trkpt>
      <trkpt lat="29.64610545895993709564208984375" lon="91.02194787003099918365478515625">
        <ele>3631.60009765625</ele>
        <time>2026-10-06T23:07:41.000Z</time>
        <extensions>
          <ns3:TrackPointExtension>
            <ns3:hr>148</ns3:hr>
            <ns3:cad>95</ns3:cad>
          </ns3:TrackPointExtension>
        </extensions>
      </trkpt>
      <trkpt lat="29.64608165435492992401123046875" lon="91.02194619365036487579345703125">
        <ele>3631.60009765625</ele>
        <time>2026-10-06T23:07:42.000Z</time>
        <extensions>
          <ns3:TrackPointExtension>
            <ns3:hr>148</ns3:hr>
            <ns3:cad>95</ns3:cad>
          </ns3:TrackPointExtension>
        </extensions>
      </trkpt>
      <trkpt lat="29.64605391025543212890625" lon="91.02194166742265224456787109375">
        <ele>3631.800048828125</ele>
        <time>2026-10-06T23:07:43.000Z</time>
        <extensions>
          <ns3:TrackPointExtension>
            <ns3:hr>148</ns3:hr>
            <ns3:cad>94</ns3:cad>
          </ns3:TrackPointExtension>
        </extensions>
      </trkpt>
      <trkpt lat="29.6460255794227123260498046875" lon="91.0219389013946056365966796875">
        <ele>3631.800048828125</ele>
        <time>2026-10-06T23:07:44.000Z</time>
        <extensions>
          <ns3:TrackPointExtension>
            <ns3:hr>148</ns3:hr>
            <ns3:cad>94</ns3:cad>
          </ns3:TrackPointExtension>
        </extensions>
      </trkpt>
      <trkpt lat="29.646000601351261138916015625" lon="91.021933369338512420654296875">
        <ele>3631.800048828125</ele>
        <time>2026-10-06T23:07:45.000Z</time>
        <extensions>
          <ns3:TrackPointExtension>
            <ns3:hr>148</ns3:hr>
            <ns3:cad>93</ns3:cad>
          </ns3:TrackPointExtension>
        </extensions>
      </trkpt>
      <trkpt lat="29.64596916921436786651611328125" lon="91.02192875929176807403564453125">
        <ele>3631.60009765625</ele>
        <time>2026-10-06T23:07:46.000Z</time>
        <extensions>
          <ns3:TrackPointExtension>
            <ns3:hr>148</ns3:hr>
            <ns3:cad>93</ns3:cad>
          </ns3:TrackPointExtension>
        </extensions>
      </trkpt>
      <trkpt lat="29.64594352059066295623779296875" lon="91.0219264961779117584228515625">
        <ele>3631.60009765625</ele>
        <time>2026-10-06T23:07:47.000Z</time>
        <extensions>
          <ns3:TrackPointExtension>
            <ns3:hr>148</ns3:hr>
            <ns3:cad>94</ns3:cad>
          </ns3:TrackPointExtension>
        </extensions>
      </trkpt>
      <trkpt lat="29.645912088453769683837890625" lon="91.0219177789986133575439453125">
        <ele>3631.60009765625</ele>
        <time>2026-10-06T23:07:48.000Z</time>
        <extensions>
          <ns3:TrackPointExtension>
            <ns3:hr>148</ns3:hr>
            <ns3:cad>94</ns3:cad>
          </ns3:TrackPointExtension>
        </extensions>
      </trkpt>
      <trkpt lat="29.6458876132965087890625" lon="91.0219107381999492645263671875">
        <ele>3631.39990234375</ele>
        <time>2026-10-06T23:07:49.000Z</time>
        <extensions>
          <ns3:TrackPointExtension>
            <ns3:hr>148</ns3:hr>
            <ns3:cad>94</ns3:cad>
          </ns3:TrackPointExtension>
        </extensions>
      </trkpt>
      <trkpt lat="29.6458609588444232940673828125" lon="91.0219013504683971405029296875">
        <ele>3631.60009765625</ele>
        <time>2026-10-06T23:07:50.000Z</time>
        <extensions>
          <ns3:TrackPointExtension>
            <ns3:hr>148</ns3:hr>
            <ns3:cad>94</ns3:cad>
          </ns3:TrackPointExtension>
        </extensions>
      </trkpt>
      <trkpt lat="29.64583732187747955322265625" lon="91.0218959860503673553466796875">
        <ele>3631.60009765625</ele>
        <time>2026-10-06T23:07:51.000Z</time>
        <extensions>
          <ns3:TrackPointExtension>
            <ns3:hr>148</ns3:hr>
            <ns3:cad>94</ns3:cad>
          </ns3:TrackPointExtension>
        </extensions>
      </trkpt>
      <trkpt lat="29.64581360109150409698486328125" lon="91.02188584394752979278564453125">
        <ele>3631.800048828125</ele>
        <time>2026-10-06T23:07:52.000Z</time>
        <extensions>
          <ns3:TrackPointExtension>
            <ns3:hr>149</ns3:hr>
            <ns3:cad>92</ns3:cad>
          </ns3:TrackPointExtension>
        </extensions>
      </trkpt>
      <trkpt lat="29.645788036286830902099609375" lon="91.02188031189143657684326171875">
        <ele>3631.800048828125</ele>
        <time>2026-10-06T23:07:53.000Z</time>
        <extensions>
          <ns3:TrackPointExtension>
            <ns3:hr>148</ns3:hr>
            <ns3:cad>92</ns3:cad>
          </ns3:TrackPointExtension>
        </extensions>
      </trkpt>
      <trkpt lat="29.64576481841504573822021484375" lon="91.02187595330178737640380859375">
        <ele>3631.800048828125</ele>
        <time>2026-10-06T23:07:54.000Z</time>
        <extensions>
          <ns3:TrackPointExtension>
            <ns3:hr>148</ns3:hr>
            <ns3:cad>92</ns3:cad>
          </ns3:TrackPointExtension>
        </extensions>
      </trkpt>
      <trkpt lat="29.64573481120169162750244140625" lon="91.02186857722699642181396484375">
        <ele>3631.800048828125</ele>
        <time>2026-10-06T23:07:55.000Z</time>
        <extensions>
          <ns3:TrackPointExtension>
            <ns3:hr>149</ns3:hr>
            <ns3:cad>94</ns3:cad>
          </ns3:TrackPointExtension>
        </extensions>
      </trkpt>
      <trkpt lat="29.6457120962440967559814453125" lon="91.02186555974185466766357421875">
        <ele>3631.800048828125</ele>
        <time>2026-10-06T23:07:56.000Z</time>
        <extensions>
          <ns3:TrackPointExtension>
            <ns3:hr>148</ns3:hr>
            <ns3:cad>94</ns3:cad>
          </ns3:TrackPointExtension>
        </extensions>
      </trkpt>
      <trkpt lat="29.64568351395428180694580078125" lon="91.02185483090579509735107421875">
        <ele>3631.60009765625</ele>
        <time>2026-10-06T23:07:57.000Z</time>
        <extensions>
          <ns3:TrackPointExtension>
            <ns3:hr>148</ns3:hr>
            <ns3:cad>94</ns3:cad>
          </ns3:TrackPointExtension>
        </extensions>
      </trkpt>
      <trkpt lat="29.64566138572990894317626953125" lon="91.021842844784259796142578125">
        <ele>3631.60009765625</ele>
        <time>2026-10-06T23:07:58.000Z</time>
        <extensions>
          <ns3:TrackPointExtension>
            <ns3:hr>148</ns3:hr>
            <ns3:cad>94</ns3:cad>
          </ns3:TrackPointExtension>
        </extensions>
      </trkpt>
      <trkpt lat="29.6456410177052021026611328125" lon="91.021835468709468841552734375">
        <ele>3631.60009765625</ele>
        <time>2026-10-06T23:07:59.000Z</time>
        <extensions>
          <ns3:TrackPointExtension>
            <ns3:hr>148</ns3:hr>
            <ns3:cad>93</ns3:cad>
          </ns3:TrackPointExtension>
        </extensions>
      </trkpt>
      <trkpt lat="29.6456141956150531768798828125" lon="91.0218282602727413177490234375">
        <ele>3631.60009765625</ele>
        <time>2026-10-06T23:08:00.000Z</time>
        <extensions>
          <ns3:TrackPointExtension>
            <ns3:hr>147</ns3:hr>
            <ns3:cad>93</ns3:cad>
          </ns3:TrackPointExtension>
        </extensions>
      </trkpt>
      <trkpt lat="29.64559684507548809051513671875" lon="91.0218192078173160552978515625">
        <ele>3631.800048828125</ele>
        <time>2026-10-06T23:08:01.000Z</time>
        <extensions>
          <ns3:TrackPointExtension>
            <ns3:hr>147</ns3:hr>
            <ns3:cad>93</ns3:cad>
          </ns3:TrackPointExtension>
        </extensions>
      </trkpt>
      <trkpt lat="29.6455679275095462799072265625" lon="91.02181099355220794677734375">
        <ele>3631.800048828125</ele>
        <time>2026-10-06T23:08:02.000Z</time>
        <extensions>
          <ns3:TrackPointExtension>
            <ns3:hr>148</ns3:hr>
            <ns3:cad>93</ns3:cad>
          </ns3:TrackPointExtension>
        </extensions>
      </trkpt>
      <trkpt lat="29.64554521255195140838623046875" lon="91.02180504240095615386962890625">
        <ele>3631.800048828125</ele>
        <time>2026-10-06T23:08:03.000Z</time>
        <extensions>
          <ns3:TrackPointExtension>
            <ns3:hr>148</ns3:hr>
            <ns3:cad>93</ns3:cad>
          </ns3:TrackPointExtension>
        </extensions>
      </trkpt>
      <trkpt lat="29.6455179713666439056396484375" lon="91.021797247231006622314453125">
        <ele>3631.800048828125</ele>
        <time>2026-10-06T23:08:04.000Z</time>
        <extensions>
          <ns3:TrackPointExtension>
            <ns3:hr>148</ns3:hr>
            <ns3:cad>93</ns3:cad>
          </ns3:TrackPointExtension>
        </extensions>
      </trkpt>
      <trkpt lat="29.645492322742938995361328125" lon="91.02178945206105709075927734375">
        <ele>3631.800048828125</ele>
        <time>2026-10-06T23:08:05.000Z</time>
        <extensions>
          <ns3:TrackPointExtension>
            <ns3:hr>148</ns3:hr>
            <ns3:cad>93</ns3:cad>
          </ns3:TrackPointExtension>
        </extensions>
      </trkpt>
      <trkpt lat="29.6454670093953609466552734375" lon="91.02177889086306095123291015625">
        <ele>3631.800048828125</ele>
        <time>2026-10-06T23:08:06.000Z</time>
        <extensions>
          <ns3:TrackPointExtension>
            <ns3:hr>148</ns3:hr>
            <ns3:cad>94</ns3:cad>
          </ns3:TrackPointExtension>
        </extensions>
      </trkpt>
      <trkpt lat="29.64543758891522884368896484375" lon="91.0217672400176525115966796875">
        <ele>3631.800048828125</ele>
        <time>2026-10-06T23:08:07.000Z</time>
        <extensions>
          <ns3:TrackPointExtension>
            <ns3:hr>148</ns3:hr>
            <ns3:cad>95</ns3:cad>
          </ns3:TrackPointExtension>
        </extensions>
      </trkpt>
      <trkpt lat="29.64541613124310970306396484375" lon="91.0217593610286712646484375">
        <ele>3631.800048828125</ele>
        <time>2026-10-06T23:08:08.000Z</time>
        <extensions>
          <ns3:TrackPointExtension>
            <ns3:hr>147</ns3:hr>
            <ns3:cad>95</ns3:cad>
          </ns3:TrackPointExtension>
        </extensions>
      </trkpt>
      <trkpt lat="29.64538805186748504638671875" lon="91.02175190113484859466552734375">
        <ele>3631.800048828125</ele>
        <time>2026-10-06T23:08:09.000Z</time>
        <extensions>
          <ns3:TrackPointExtension>
            <ns3:hr>147</ns3:hr>
            <ns3:cad>95</ns3:cad>
          </ns3:TrackPointExtension>
        </extensions>
      </trkpt>
      <trkpt lat="29.64536449871957302093505859375" lon="91.0217471234500408172607421875">
        <ele>3631.800048828125</ele>
        <time>2026-10-06T23:08:10.000Z</time>
        <extensions>
          <ns3:TrackPointExtension>
            <ns3:hr>147</ns3:hr>
            <ns3:cad>95</ns3:cad>
          </ns3:TrackPointExtension>
        </extensions>
      </trkpt>
      <trkpt lat="29.64533532969653606414794921875" lon="91.0217394120991230010986328125">
        <ele>3631.800048828125</ele>
        <time>2026-10-06T23:08:11.000Z</time>
        <extensions>
          <ns3:TrackPointExtension>
            <ns3:hr>147</ns3:hr>
            <ns3:cad>95</ns3:cad>
          </ns3:TrackPointExtension>
        </extensions>
      </trkpt>
      <trkpt lat="29.6453114412724971771240234375" lon="91.02173195220530033111572265625">
        <ele>3631.800048828125</ele>
        <time>2026-10-06T23:08:12.000Z</time>
        <extensions>
          <ns3:TrackPointExtension>
            <ns3:hr>148</ns3:hr>
            <ns3:cad>95</ns3:cad>
          </ns3:TrackPointExtension>
        </extensions>
      </trkpt>
      <trkpt lat="29.645288474857807159423828125" lon="91.0217249952256679534912109375">
        <ele>3631.800048828125</ele>
        <time>2026-10-06T23:08:13.000Z</time>
        <extensions>
          <ns3:TrackPointExtension>
            <ns3:hr>148</ns3:hr>
            <ns3:cad>95</ns3:cad>
          </ns3:TrackPointExtension>
        </extensions>
      </trkpt>
      <trkpt lat="29.6452581323683261871337890625" lon="91.02171518839895725250244140625">
        <ele>3631.800048828125</ele>
        <time>2026-10-06T23:08:14.000Z</time>
        <extensions>
          <ns3:TrackPointExtension>
            <ns3:hr>148</ns3:hr>
            <ns3:cad>95</ns3:cad>
          </ns3:TrackPointExtension>
        </extensions>
      </trkpt>
      <trkpt lat="29.645234830677509307861328125" lon="91.02170596830546855926513671875">
        <ele>3631.800048828125</ele>
        <time>2026-10-06T23:08:15.000Z</time>
        <extensions>
          <ns3:TrackPointExtension>
            <ns3:hr>148</ns3:hr>
            <ns3:cad>95</ns3:cad>
          </ns3:TrackPointExtension>
        </extensions>
      </trkpt>
      <trkpt lat="29.64520591311156749725341796875" lon="91.0216975025832653045654296875">
        <ele>3631.800048828125</ele>
        <time>2026-10-06T23:08:16.000Z</time>
        <extensions>
          <ns3:TrackPointExtension>
            <ns3:hr>148</ns3:hr>
            <ns3:cad>95</ns3:cad>
          </ns3:TrackPointExtension>
        </extensions>
      </trkpt>
      <trkpt lat="29.64518093504011631011962890625" lon="91.02169004268944263458251953125">
        <ele>3631.800048828125</ele>
        <time>2026-10-06T23:08:17.000Z</time>
        <extensions>
          <ns3:TrackPointExtension>
            <ns3:hr>148</ns3:hr>
            <ns3:cad>93</ns3:cad>
          </ns3:TrackPointExtension>
        </extensions>
      </trkpt>
      <trkpt lat="29.64515344239771366119384765625" lon="91.021677553653717041015625">
        <ele>3631.800048828125</ele>
        <time>2026-10-06T23:08:18.000Z</time>
        <extensions>
          <ns3:TrackPointExtension>
            <ns3:hr>148</ns3:hr>
            <ns3:cad>93</ns3:cad>
          </ns3:TrackPointExtension>
        </extensions>
      </trkpt>
      <trkpt lat="29.64512947015464305877685546875" lon="91.02166305296123027801513671875">
        <ele>3631.800048828125</ele>
        <time>2026-10-06T23:08:19.000Z</time>
        <extensions>
          <ns3:TrackPointExtension>
            <ns3:hr>147</ns3:hr>
            <ns3:cad>95</ns3:cad>
          </ns3:TrackPointExtension>
        </extensions>
      </trkpt>
      <trkpt lat="29.6451055817306041717529296875" lon="91.02164930664002895355224609375">
        <ele>3631.800048828125</ele>
        <time>2026-10-06T23:08:20.000Z</time>
        <extensions>
          <ns3:TrackPointExtension>
            <ns3:hr>148</ns3:hr>
            <ns3:cad>95</ns3:cad>
          </ns3:TrackPointExtension>
        </extensions>
      </trkpt>
      <trkpt lat="29.645076580345630645751953125" lon="91.0216415114700794219970703125">
        <ele>3631.800048828125</ele>
        <time>2026-10-06T23:08:21.000Z</time>
        <extensions>
          <ns3:TrackPointExtension>
            <ns3:hr>148</ns3:hr>
            <ns3:cad>95</ns3:cad>
          </ns3:TrackPointExtension>
        </extensions>
      </trkpt>
      <trkpt lat="29.64505302719771862030029296875" lon="91.02163958363234996795654296875">
        <ele>3631.800048828125</ele>
        <time>2026-10-06T23:08:22.000Z</time>
        <extensions>
          <ns3:TrackPointExtension>
            <ns3:hr>147</ns3:hr>
            <ns3:cad>95</ns3:cad>
          </ns3:TrackPointExtension>
        </extensions>
      </trkpt>
      <trkpt lat="29.6450204215943813323974609375" lon="91.02163237519562244415283203125">
        <ele>3631.800048828125</ele>
        <time>2026-10-06T23:08:23.000Z</time>
        <extensions>
          <ns3:TrackPointExtension>
            <ns3:hr>148</ns3:hr>
            <ns3:cad>94</ns3:cad>
          </ns3:TrackPointExtension>
        </extensions>
      </trkpt>
      <trkpt lat="29.64499720372259616851806640625" lon="91.0216281004250049591064453125">
        <ele>3631.800048828125</ele>
        <time>2026-10-06T23:08:24.000Z</time>
        <extensions>
          <ns3:TrackPointExtension>
            <ns3:hr>148</ns3:hr>
            <ns3:cad>95</ns3:cad>
          </ns3:TrackPointExtension>
        </extensions>
      </trkpt>
      <trkpt lat="29.64496836997568607330322265625" lon="91.02161812596023082733154296875">
        <ele>3632</ele>
        <time>2026-10-06T23:08:25.000Z</time>
        <extensions>
          <ns3:TrackPointExtension>
            <ns3:hr>148</ns3:hr>
            <ns3:cad>94</ns3:cad>
          </ns3:TrackPointExtension>
        </extensions>
      </trkpt>
      <trkpt lat="29.644942469894886016845703125" lon="91.0216103307902812957763671875">
        <ele>3632</ele>
        <time>2026-10-06T23:08:26.000Z</time>
        <extensions>
          <ns3:TrackPointExtension>
            <ns3:hr>148</ns3:hr>
            <ns3:cad>94</ns3:cad>
          </ns3:TrackPointExtension>
        </extensions>
      </trkpt>
      <trkpt lat="29.64491774328052997589111328125" lon="91.02159918285906314849853515625">
        <ele>3632</ele>
        <time>2026-10-06T23:08:27.000Z</time>
        <extensions>
          <ns3:TrackPointExtension>
            <ns3:hr>148</ns3:hr>
            <ns3:cad>94</ns3:cad>
          </ns3:TrackPointExtension>
        </extensions>
      </trkpt>
      <trkpt lat="29.6448869816958904266357421875" lon="91.02158828638494014739990234375">
        <ele>3631.800048828125</ele>
        <time>2026-10-06T23:08:28.000Z</time>
        <extensions>
          <ns3:TrackPointExtension>
            <ns3:hr>148</ns3:hr>
            <ns3:cad>93</ns3:cad>
          </ns3:TrackPointExtension>
        </extensions>
      </trkpt>
      <trkpt lat="29.64486342854797840118408203125" lon="91.0215828381478786468505859375">
        <ele>3631.800048828125</ele>
        <time>2026-10-06T23:08:29.000Z</time>
        <extensions>
          <ns3:TrackPointExtension>
            <ns3:hr>147</ns3:hr>
            <ns3:cad>93</ns3:cad>
          </ns3:TrackPointExtension>
        </extensions>
      </trkpt>
      <trkpt lat="29.64483308605849742889404296875" lon="91.021569930016994476318359375">
        <ele>3632</ele>
        <time>2026-10-06T23:08:30.000Z</time>
        <extensions>
          <ns3:TrackPointExtension>
            <ns3:hr>148</ns3:hr>
            <ns3:cad>94</ns3:cad>
          </ns3:TrackPointExtension>
        </extensions>
      </trkpt>
      <trkpt lat="29.6448102034628391265869140625" lon="91.02156213484704494476318359375">
        <ele>3632</ele>
        <time>2026-10-06T23:08:31.000Z</time>
        <extensions>
          <ns3:TrackPointExtension>
            <ns3:hr>148</ns3:hr>
            <ns3:cad>95</ns3:cad>
          </ns3:TrackPointExtension>
        </extensions>
      </trkpt>
      <trkpt lat="29.644782878458499908447265625" lon="91.0215528309345245361328125">
        <ele>3632</ele>
        <time>2026-10-06T23:08:32.000Z</time>
        <extensions>
          <ns3:TrackPointExtension>
            <ns3:hr>148</ns3:hr>
            <ns3:cad>95</ns3:cad>
          </ns3:TrackPointExtension>
        </extensions>
      </trkpt>
      <trkpt lat="29.64475731365382671356201171875" lon="91.02154822088778018951416015625">
        <ele>3632</ele>
        <time>2026-10-06T23:08:33.000Z</time>
        <extensions>
          <ns3:TrackPointExtension>
            <ns3:hr>148</ns3:hr>
            <ns3:cad>95</ns3:cad>
          </ns3:TrackPointExtension>
        </extensions>
      </trkpt>
      <trkpt lat="29.64473552070558071136474609375" lon="91.021544449031352996826171875">
        <ele>3632</ele>
        <time>2026-10-06T23:08:34.000Z</time>
        <extensions>
          <ns3:TrackPointExtension>
            <ns3:hr>148</ns3:hr>
            <ns3:cad>95</ns3:cad>
          </ns3:TrackPointExtension>
        </extensions>
      </trkpt>
      <trkpt lat="29.644708447158336639404296875" lon="91.0215352289378643035888671875">
        <ele>3632</ele>
        <time>2026-10-06T23:08:35.000Z</time>
        <extensions>
          <ns3:TrackPointExtension>
            <ns3:hr>149</ns3:hr>
            <ns3:cad>94</ns3:cad>
          </ns3:TrackPointExtension>
        </extensions>
      </trkpt>
      <trkpt lat="29.64468338526785373687744140625" lon="91.0215241648256778717041015625">
        <ele>3632</ele>
        <time>2026-10-06T23:08:36.000Z</time>
        <extensions>
          <ns3:TrackPointExtension>
            <ns3:hr>149</ns3:hr>
            <ns3:cad>95</ns3:cad>
          </ns3:TrackPointExtension>
        </extensions>
      </trkpt>
      <trkpt lat="29.64465639553964138031005859375" lon="91.0215084068477153778076171875">
        <ele>3632</ele>
        <time>2026-10-06T23:08:37.000Z</time>
        <extensions>
          <ns3:TrackPointExtension>
            <ns3:hr>149</ns3:hr>
            <ns3:cad>94</ns3:cad>
          </ns3:TrackPointExtension>
        </extensions>
      </trkpt>
      <trkpt lat="29.64463326148688793182373046875" lon="91.02149046957492828369140625">
        <ele>3632</ele>
        <time>2026-10-06T23:08:38.000Z</time>
        <extensions>
          <ns3:TrackPointExtension>
            <ns3:hr>149</ns3:hr>
            <ns3:cad>94</ns3:cad>
          </ns3:TrackPointExtension>
        </extensions>
      </trkpt>
      <trkpt lat="29.64460660703480243682861328125" lon="91.02146037854254245758056640625">
        <ele>3632</ele>
        <time>2026-10-06T23:08:39.000Z</time>
        <extensions>
          <ns3:TrackPointExtension>
            <ns3:hr>149</ns3:hr>
            <ns3:cad>94</ns3:cad>
          </ns3:TrackPointExtension>
        </extensions>
      </trkpt>
      <trkpt lat="29.6445852331817150115966796875" lon="91.02144353091716766357421875">
        <ele>3632</ele>
        <time>2026-10-06T23:08:40.000Z</time>
        <extensions>
          <ns3:TrackPointExtension>
            <ns3:hr>148</ns3:hr>
            <ns3:cad>94</ns3:cad>
          </ns3:TrackPointExtension>
        </extensions>
      </trkpt>
      <trkpt lat="29.64457157067954540252685546875" lon="91.0214155353605747222900390625">
        <ele>3632</ele>
        <time>2026-10-06T23:08:41.000Z</time>
        <extensions>
          <ns3:TrackPointExtension>
            <ns3:hr>149</ns3:hr>
            <ns3:cad>94</ns3:cad>
          </ns3:TrackPointExtension>
        </extensions>
      </trkpt>
      <trkpt lat="29.644567966461181640625" lon="91.02139080874621868133544921875">
        <ele>3632</ele>
        <time>2026-10-06T23:08:42.000Z</time>
        <extensions>
          <ns3:TrackPointExtension>
            <ns3:hr>149</ns3:hr>
            <ns3:cad>93</ns3:cad>
          </ns3:TrackPointExtension>
        </extensions>
      </trkpt>
      <trkpt lat="29.64456955902278423309326171875" lon="91.02136331610381603240966796875">
        <ele>3632</ele>
        <time>2026-10-06T23:08:43.000Z</time>
        <extensions>
          <ns3:TrackPointExtension>
            <ns3:hr>148</ns3:hr>
            <ns3:cad>93</ns3:cad>
          </ns3:TrackPointExtension>
        </extensions>
      </trkpt>
      <trkpt lat="29.6445701457560062408447265625" lon="91.02134387008845806121826171875">
        <ele>3632.199951171875</ele>
        <time>2026-10-06T23:08:44.000Z</time>
        <extensions>
          <ns3:TrackPointExtension>
            <ns3:hr>149</ns3:hr>
            <ns3:cad>93</ns3:cad>
          </ns3:TrackPointExtension>
        </extensions>
      </trkpt>
      <trkpt lat="29.64457131922245025634765625" lon="91.0213119350373744964599609375">
        <ele>3632.199951171875</ele>
        <time>2026-10-06T23:08:45.000Z</time>
        <extensions>
          <ns3:TrackPointExtension>
            <ns3:hr>149</ns3:hr>
            <ns3:cad>91</ns3:cad>
          </ns3:TrackPointExtension>
        </extensions>
      </trkpt>
      <trkpt lat="29.6445698104798793792724609375" lon="91.02129123173654079437255859375">
        <ele>3632.199951171875</ele>
        <time>2026-10-06T23:08:46.000Z</time>
        <extensions>
          <ns3:TrackPointExtension>
            <ns3:hr>149</ns3:hr>
            <ns3:cad>90</ns3:cad>
          </ns3:TrackPointExtension>
        </extensions>
      </trkpt>
      <trkpt lat="29.64457022957503795623779296875" lon="91.02125938050448894500732421875">
        <ele>3632.199951171875</ele>
        <time>2026-10-06T23:08:47.000Z</time>
        <extensions>
          <ns3:TrackPointExtension>
            <ns3:hr>148</ns3:hr>
            <ns3:cad>90</ns3:cad>
          </ns3:TrackPointExtension>
        </extensions>
      </trkpt>
      <trkpt lat="29.6445607580244541168212890625" lon="91.0212388448417186737060546875">
        <ele>3632.199951171875</ele>
        <time>2026-10-06T23:08:48.000Z</time>
        <extensions>
          <ns3:TrackPointExtension>
            <ns3:hr>149</ns3:hr>
            <ns3:cad>90</ns3:cad>
          </ns3:TrackPointExtension>
        </extensions>
      </trkpt>
      <trkpt lat="29.644532762467861175537109375" lon="91.0212229192256927490234375">
        <ele>3632.199951171875</ele>
        <time>2026-10-06T23:08:49.000Z</time>
        <extensions>
          <ns3:TrackPointExtension>
            <ns3:hr>148</ns3:hr>
            <ns3:cad>89</ns3:cad>
          </ns3:TrackPointExtension>
        </extensions>
      </trkpt>
      <trkpt lat="29.64450300671160221099853515625" lon="91.0212096758186817169189453125">
        <ele>3632</ele>
        <time>2026-10-06T23:08:50.000Z</time>
        <extensions>
          <ns3:TrackPointExtension>
            <ns3:hr>148</ns3:hr>
            <ns3:cad>89</ns3:cad>
          </ns3:TrackPointExtension>
        </extensions>
      </trkpt>
      <trkpt lat="29.64447249658405780792236328125" lon="91.02120204828679561614990234375">
        <ele>3632</ele>
        <time>2026-10-06T23:08:51.000Z</time>
        <extensions>
          <ns3:TrackPointExtension>
            <ns3:hr>148</ns3:hr>
            <ns3:cad>89</ns3:cad>
          </ns3:TrackPointExtension>
        </extensions>
      </trkpt>
      <trkpt lat="29.6444457583129405975341796875" lon="91.02119718678295612335205078125">
        <ele>3632</ele>
        <time>2026-10-06T23:08:52.000Z</time>
        <extensions>
          <ns3:TrackPointExtension>
            <ns3:hr>148</ns3:hr>
            <ns3:cad>89</ns3:cad>
          </ns3:TrackPointExtension>
        </extensions>
      </trkpt>
      <trkpt lat="29.64441549964249134063720703125" lon="91.02118293754756450653076171875">
        <ele>3632</ele>
        <time>2026-10-06T23:08:53.000Z</time>
        <extensions>
          <ns3:TrackPointExtension>
            <ns3:hr>148</ns3:hr>
            <ns3:cad>90</ns3:cad>
          </ns3:TrackPointExtension>
        </extensions>
      </trkpt>
      <trkpt lat="29.64438767172396183013916015625" lon="91.0211751423776149749755859375">
        <ele>3632</ele>
        <time>2026-10-06T23:08:54.000Z</time>
        <extensions>
          <ns3:TrackPointExtension>
            <ns3:hr>148</ns3:hr>
            <ns3:cad>90</ns3:cad>
          </ns3:TrackPointExtension>
        </extensions>
      </trkpt>
      <trkpt lat="29.64436353184282779693603515625" lon="91.02117220871150493621826171875">
        <ele>3632.199951171875</ele>
        <time>2026-10-06T23:08:55.000Z</time>
        <extensions>
          <ns3:TrackPointExtension>
            <ns3:hr>148</ns3:hr>
            <ns3:cad>90</ns3:cad>
          </ns3:TrackPointExtension>
        </extensions>
      </trkpt>
      <trkpt lat="29.64433805085718631744384765625" lon="91.021164245903491973876953125">
        <ele>3632.199951171875</ele>
        <time>2026-10-06T23:08:56.000Z</time>
        <extensions>
          <ns3:TrackPointExtension>
            <ns3:hr>148</ns3:hr>
            <ns3:cad>92</ns3:cad>
          </ns3:TrackPointExtension>
        </extensions>
      </trkpt>
      <trkpt lat="29.64431290514767169952392578125" lon="91.02116097696125507354736328125">
        <ele>3632.199951171875</ele>
        <time>2026-10-06T23:08:57.000Z</time>
        <extensions>
          <ns3:TrackPointExtension>
            <ns3:hr>148</ns3:hr>
            <ns3:cad>92</ns3:cad>
          </ns3:TrackPointExtension>
        </extensions>
      </trkpt>
      <trkpt lat="29.64429505169391632080078125" lon="91.02115678600966930389404296875">
        <ele>3632.39990234375</ele>
        <time>2026-10-06T23:08:58.000Z</time>
        <extensions>
          <ns3:TrackPointExtension>
            <ns3:hr>148</ns3:hr>
            <ns3:cad>91</ns3:cad>
          </ns3:TrackPointExtension>
        </extensions>
      </trkpt>
      <trkpt lat="29.64426554739475250244140625" lon="91.0211687721312046051025390625">
        <ele>3632.39990234375</ele>
        <time>2026-10-06T23:08:59.000Z</time>
        <extensions>
          <ns3:TrackPointExtension>
            <ns3:hr>148</ns3:hr>
            <ns3:cad>91</ns3:cad>
          </ns3:TrackPointExtension>
        </extensions>
      </trkpt>
      <trkpt lat="29.64425356127321720123291015625" lon="91.0211637429893016815185546875">
        <ele>3632.60009765625</ele>
        <time>2026-10-06T23:09:00.000Z</time>
        <extensions>
          <ns3:TrackPointExtension>
            <ns3:hr>147</ns3:hr>
            <ns3:cad>91</ns3:cad>
          </ns3:TrackPointExtension>
        </extensions>
      </trkpt>
      <trkpt lat="29.644253142178058624267578125" lon="91.02115913294255733489990234375">
        <ele>3632.800048828125</ele>
        <time>2026-10-06T23:09:01.000Z</time>
        <extensions>
          <ns3:TrackPointExtension>
            <ns3:hr>148</ns3:hr>
            <ns3:cad>91</ns3:cad>
          </ns3:TrackPointExtension>
        </extensions>
      </trkpt>
      <trkpt lat="29.64425674639642238616943359375" lon="91.02116248570382595062255859375">
        <ele>3633</ele>
        <time>2026-10-06T23:09:02.000Z</time>
        <extensions>
          <ns3:TrackPointExtension>
            <ns3:hr>148</ns3:hr>
            <ns3:cad>91</ns3:cad>
          </ns3:TrackPointExtension>
        </extensions>
      </trkpt>
    </trkseg>
  </trk>
</gpx>
